build-app	Set up job	锘?026-04-14T01:09:50.3218149Z Current runner version: '2.333.1'
build-app	Set up job	2026-04-14T01:09:50.3265381Z ##[group]Runner Image Provisioner
build-app	Set up job	2026-04-14T01:09:50.3266673Z Hosted Compute Agent
build-app	Set up job	2026-04-14T01:09:50.3267516Z Version: 20260213.493
build-app	Set up job	2026-04-14T01:09:50.3268369Z Commit: 5c115507f6dd24b8de37d8bbe0bb4509d0cc0fa3
build-app	Set up job	2026-04-14T01:09:50.3269574Z Build Date: 2026-02-13T00:28:41Z
build-app	Set up job	2026-04-14T01:09:50.3270593Z Worker ID: {4e2f1170-7216-414f-b8b7-2f969451f31a}
build-app	Set up job	2026-04-14T01:09:50.3271723Z Azure Region: northcentralus
build-app	Set up job	2026-04-14T01:09:50.3272673Z ##[endgroup]
build-app	Set up job	2026-04-14T01:09:50.3274816Z ##[group]Operating System
build-app	Set up job	2026-04-14T01:09:50.3275845Z Microsoft Windows Server 2025
build-app	Set up job	2026-04-14T01:09:50.3276796Z 10.0.26100
build-app	Set up job	2026-04-14T01:09:50.3277957Z Datacenter
build-app	Set up job	2026-04-14T01:09:50.3279230Z ##[endgroup]
build-app	Set up job	2026-04-14T01:09:50.3280118Z ##[group]Runner Image
build-app	Set up job	2026-04-14T01:09:50.3280948Z Image: windows-2025
build-app	Set up job	2026-04-14T01:09:50.3281824Z Version: 20260405.77.1
build-app	Set up job	2026-04-14T01:09:50.3283606Z Included Software: https://github.com/actions/runner-images/blob/win25/20260405.77/images/windows/Windows2025-Readme.md
build-app	Set up job	2026-04-14T01:09:50.3286875Z Image Release: https://github.com/actions/runner-images/releases/tag/win25%2F20260405.77
build-app	Set up job	2026-04-14T01:09:50.3288345Z ##[endgroup]
build-app	Set up job	2026-04-14T01:09:50.3289979Z ##[group]GITHUB_TOKEN Permissions
build-app	Set up job	2026-04-14T01:09:50.3292890Z Contents: write
build-app	Set up job	2026-04-14T01:09:50.3293672Z Metadata: read
build-app	Set up job	2026-04-14T01:09:50.3294435Z ##[endgroup]
build-app	Set up job	2026-04-14T01:09:50.3297399Z Secret source: Actions
build-app	Set up job	2026-04-14T01:09:50.3298866Z Prepare workflow directory
build-app	Set up job	2026-04-14T01:09:50.3742504Z Prepare all required actions
build-app	Set up job	2026-04-14T01:09:50.3782079Z Getting action download info
build-app	Set up job	2026-04-14T01:09:50.7950094Z Download action repository 'actions/checkout@v4' (SHA:34e114876b0b11c390a56381ad16ebd13914f8d5)
build-app	Set up job	2026-04-14T01:09:50.9184879Z Download action repository 'actions/setup-python@v5' (SHA:a26af69be951a213d495a4c3e4e4022e16d87065)
build-app	Set up job	2026-04-14T01:09:51.0669498Z Download action repository 'ilammy/msvc-dev-cmd@v1' (SHA:0b201ec74fa43914dc39ae48a89fd1d8cb592756)
build-app	Set up job	2026-04-14T01:09:51.4394116Z Download action repository 'jurplel/install-qt-action@v3' (SHA:b7840a6733f49e2a39c4355260d2375063d39b61)
build-app	Set up job	2026-04-14T01:09:53.9240844Z Download action repository 'actions/cache@v4' (SHA:0057852bfaa89a56745cba8c7296529d2fc39830)
build-app	Set up job	2026-04-14T01:09:54.0549041Z Download action repository 'softprops/action-gh-release@v2' (SHA:3bb12739c298aeb8a4eeaf626c5b8d85266b0e65)
build-app	Set up job	2026-04-14T01:09:54.3745440Z Download action repository 'actions/upload-artifact@v4' (SHA:ea165f8d65b6e75b540449e92b4886f43607fa02)
build-app	Set up job	2026-04-14T01:09:54.7223254Z Complete job name: build-app
build-app	Checkout Robo 3T	锘?026-04-14T01:09:54.8889904Z ##[group]Run actions/checkout@v4
build-app	Checkout Robo 3T	2026-04-14T01:09:54.8890724Z with:
build-app	Checkout Robo 3T	2026-04-14T01:09:54.8890973Z   repository: engigu/robomongo
build-app	Checkout Robo 3T	2026-04-14T01:09:54.8891505Z   token: ***
build-app	Checkout Robo 3T	2026-04-14T01:09:54.8891713Z   ssh-strict: true
build-app	Checkout Robo 3T	2026-04-14T01:09:54.8891919Z   ssh-user: git
build-app	Checkout Robo 3T	2026-04-14T01:09:54.8892137Z   persist-credentials: true
build-app	Checkout Robo 3T	2026-04-14T01:09:54.8892407Z   clean: true
build-app	Checkout Robo 3T	2026-04-14T01:09:54.8892622Z   sparse-checkout-cone-mode: true
build-app	Checkout Robo 3T	2026-04-14T01:09:54.8892904Z   fetch-depth: 1
build-app	Checkout Robo 3T	2026-04-14T01:09:54.8893099Z   fetch-tags: false
build-app	Checkout Robo 3T	2026-04-14T01:09:54.8893315Z   show-progress: true
build-app	Checkout Robo 3T	2026-04-14T01:09:54.8893525Z   lfs: false
build-app	Checkout Robo 3T	2026-04-14T01:09:54.8893715Z   submodules: false
build-app	Checkout Robo 3T	2026-04-14T01:09:54.8893915Z   set-safe-directory: true
build-app	Checkout Robo 3T	2026-04-14T01:09:54.8894367Z ##[endgroup]
build-app	Checkout Robo 3T	2026-04-14T01:09:55.0579902Z Syncing repository: engigu/robomongo
build-app	Checkout Robo 3T	2026-04-14T01:09:55.0581337Z ##[group]Getting Git version info
build-app	Checkout Robo 3T	2026-04-14T01:09:55.0581696Z Working directory is 'D:\a\robomongo\robomongo'
build-app	Checkout Robo 3T	2026-04-14T01:09:55.1578691Z [command]"C:\Program Files\Git\bin\git.exe" version
build-app	Checkout Robo 3T	2026-04-14T01:09:55.4379639Z git version 2.53.0.windows.2
build-app	Checkout Robo 3T	2026-04-14T01:09:55.4438717Z ##[endgroup]
build-app	Checkout Robo 3T	2026-04-14T01:09:55.4465799Z Temporarily overriding HOME='D:\a\_temp\6502cf55-3a4e-42d0-bcb3-6a931240e041' before making global git config changes
build-app	Checkout Robo 3T	2026-04-14T01:09:55.4467262Z Adding repository directory to the temporary git global config as a safe directory
build-app	Checkout Robo 3T	2026-04-14T01:09:55.4481413Z [command]"C:\Program Files\Git\bin\git.exe" config --global --add safe.directory D:\a\robomongo\robomongo
build-app	Checkout Robo 3T	2026-04-14T01:09:55.5011294Z Deleting the contents of 'D:\a\robomongo\robomongo'
build-app	Checkout Robo 3T	2026-04-14T01:09:55.5018035Z ##[group]Initializing the repository
build-app	Checkout Robo 3T	2026-04-14T01:09:55.5028744Z [command]"C:\Program Files\Git\bin\git.exe" init D:\a\robomongo\robomongo
build-app	Checkout Robo 3T	2026-04-14T01:09:55.5809364Z Initialized empty Git repository in D:/a/robomongo/robomongo/.git/
build-app	Checkout Robo 3T	2026-04-14T01:09:55.5859814Z [command]"C:\Program Files\Git\bin\git.exe" remote add origin https://github.com/engigu/robomongo
build-app	Checkout Robo 3T	2026-04-14T01:09:55.6362378Z ##[endgroup]
build-app	Checkout Robo 3T	2026-04-14T01:09:55.6362898Z ##[group]Disabling automatic garbage collection
build-app	Checkout Robo 3T	2026-04-14T01:09:55.6373421Z [command]"C:\Program Files\Git\bin\git.exe" config --local gc.auto 0
build-app	Checkout Robo 3T	2026-04-14T01:09:55.6685511Z ##[endgroup]
build-app	Checkout Robo 3T	2026-04-14T01:09:55.6686021Z ##[group]Setting up auth
build-app	Checkout Robo 3T	2026-04-14T01:09:55.6699979Z [command]"C:\Program Files\Git\bin\git.exe" config --local --name-only --get-regexp core\.sshCommand
build-app	Checkout Robo 3T	2026-04-14T01:09:55.7026481Z [command]"C:\Program Files\Git\bin\git.exe" submodule foreach --recursive "sh -c \"git config --local --name-only --get-regexp 'core\.sshCommand' && git config --local --unset-all 'core.sshCommand' || :\""
build-app	Checkout Robo 3T	2026-04-14T01:09:56.9295759Z [command]"C:\Program Files\Git\bin\git.exe" config --local --name-only --get-regexp http\.https\:\/\/github\.com\/\.extraheader
build-app	Checkout Robo 3T	2026-04-14T01:09:56.9596977Z [command]"C:\Program Files\Git\bin\git.exe" submodule foreach --recursive "sh -c \"git config --local --name-only --get-regexp 'http\.https\:\/\/github\.com\/\.extraheader' && git config --local --unset-all 'http.https://github.com/.extraheader' || :\""
build-app	Checkout Robo 3T	2026-04-14T01:09:57.4863079Z [command]"C:\Program Files\Git\bin\git.exe" config --local --name-only --get-regexp ^includeIf\.gitdir:
build-app	Checkout Robo 3T	2026-04-14T01:09:57.5165696Z [command]"C:\Program Files\Git\bin\git.exe" submodule foreach --recursive "git config --local --show-origin --name-only --get-regexp remote.origin.url"
build-app	Checkout Robo 3T	2026-04-14T01:09:58.0421492Z [command]"C:\Program Files\Git\bin\git.exe" config --local http.https://github.com/.extraheader "AUTHORIZATION: basic ***"
build-app	Checkout Robo 3T	2026-04-14T01:09:58.0725411Z ##[endgroup]
build-app	Checkout Robo 3T	2026-04-14T01:09:58.0726315Z ##[group]Fetching the repository
build-app	Checkout Robo 3T	2026-04-14T01:09:58.0739828Z [command]"C:\Program Files\Git\bin\git.exe" -c protocol.version=2 fetch --no-tags --prune --no-recurse-submodules --depth=1 origin +26a32aa0f7c6c656873621e0eb94b68155780191:refs/remotes/origin/master
build-app	Checkout Robo 3T	2026-04-14T01:09:59.4288431Z From https://github.com/engigu/robomongo
build-app	Checkout Robo 3T	2026-04-14T01:09:59.4289169Z  * [new ref]         26a32aa0f7c6c656873621e0eb94b68155780191 -> origin/master
build-app	Checkout Robo 3T	2026-04-14T01:09:59.4619801Z ##[endgroup]
build-app	Checkout Robo 3T	2026-04-14T01:09:59.4620414Z ##[group]Determining the checkout info
build-app	Checkout Robo 3T	2026-04-14T01:09:59.4623072Z ##[endgroup]
build-app	Checkout Robo 3T	2026-04-14T01:09:59.4634692Z [command]"C:\Program Files\Git\bin\git.exe" sparse-checkout disable
build-app	Checkout Robo 3T	2026-04-14T01:09:59.5066791Z [command]"C:\Program Files\Git\bin\git.exe" config --local --unset-all extensions.worktreeConfig
build-app	Checkout Robo 3T	2026-04-14T01:09:59.5369984Z ##[group]Checking out the ref
build-app	Checkout Robo 3T	2026-04-14T01:09:59.5380812Z [command]"C:\Program Files\Git\bin\git.exe" checkout --progress --force -B master refs/remotes/origin/master
build-app	Checkout Robo 3T	2026-04-14T01:10:00.2534749Z Reset branch 'master'
build-app	Checkout Robo 3T	2026-04-14T01:10:00.2600679Z branch 'master' set up to track 'origin/master'.
build-app	Checkout Robo 3T	2026-04-14T01:10:00.2660959Z ##[endgroup]
build-app	Checkout Robo 3T	2026-04-14T01:10:00.3065855Z [command]"C:\Program Files\Git\bin\git.exe" log -1 --format=%H
build-app	Checkout Robo 3T	2026-04-14T01:10:00.3335133Z 26a32aa0f7c6c656873621e0eb94b68155780191
build-app	Checkout Robo Shell	锘?026-04-14T01:10:00.4153303Z ##[group]Run actions/checkout@v4
build-app	Checkout Robo Shell	2026-04-14T01:10:00.4153624Z with:
build-app	Checkout Robo Shell	2026-04-14T01:10:00.4153819Z   repository: paralect/robomongo-shell
build-app	Checkout Robo Shell	2026-04-14T01:10:00.4154086Z   ref: roboshell-v4.2
build-app	Checkout Robo Shell	2026-04-14T01:10:00.4154263Z   path: robo-shell
build-app	Checkout Robo Shell	2026-04-14T01:10:00.4154567Z   token: ***
build-app	Checkout Robo Shell	2026-04-14T01:10:00.4154722Z   ssh-strict: true
build-app	Checkout Robo Shell	2026-04-14T01:10:00.4154910Z   ssh-user: git
build-app	Checkout Robo Shell	2026-04-14T01:10:00.4155107Z   persist-credentials: true
build-app	Checkout Robo Shell	2026-04-14T01:10:00.4155999Z   clean: true
build-app	Checkout Robo Shell	2026-04-14T01:10:00.4156169Z   sparse-checkout-cone-mode: true
build-app	Checkout Robo Shell	2026-04-14T01:10:00.4156392Z   fetch-depth: 1
build-app	Checkout Robo Shell	2026-04-14T01:10:00.4156556Z   fetch-tags: false
build-app	Checkout Robo Shell	2026-04-14T01:10:00.4156724Z   show-progress: true
build-app	Checkout Robo Shell	2026-04-14T01:10:00.4156895Z   lfs: false
build-app	Checkout Robo Shell	2026-04-14T01:10:00.4157033Z   submodules: false
build-app	Checkout Robo Shell	2026-04-14T01:10:00.4157199Z   set-safe-directory: true
build-app	Checkout Robo Shell	2026-04-14T01:10:00.4157380Z ##[endgroup]
build-app	Checkout Robo Shell	2026-04-14T01:10:00.5602439Z Syncing repository: paralect/robomongo-shell
build-app	Checkout Robo Shell	2026-04-14T01:10:00.5614317Z ##[group]Getting Git version info
build-app	Checkout Robo Shell	2026-04-14T01:10:00.5615166Z Working directory is 'D:\a\robomongo\robomongo\robo-shell'
build-app	Checkout Robo Shell	2026-04-14T01:10:00.6586895Z [command]"C:\Program Files\Git\bin\git.exe" version
build-app	Checkout Robo Shell	2026-04-14T01:10:00.6863585Z git version 2.53.0.windows.2
build-app	Checkout Robo Shell	2026-04-14T01:10:00.6916844Z ##[endgroup]
build-app	Checkout Robo Shell	2026-04-14T01:10:00.6936620Z Temporarily overriding HOME='D:\a\_temp\32e90092-96d5-46b2-9a38-e1686ba135fc' before making global git config changes
build-app	Checkout Robo Shell	2026-04-14T01:10:00.6937366Z Adding repository directory to the temporary git global config as a safe directory
build-app	Checkout Robo Shell	2026-04-14T01:10:00.6948384Z [command]"C:\Program Files\Git\bin\git.exe" config --global --add safe.directory D:\a\robomongo\robomongo\robo-shell
build-app	Checkout Robo Shell	2026-04-14T01:10:00.7254009Z ##[group]Initializing the repository
build-app	Checkout Robo Shell	2026-04-14T01:10:00.7264869Z [command]"C:\Program Files\Git\bin\git.exe" init D:\a\robomongo\robomongo\robo-shell
build-app	Checkout Robo Shell	2026-04-14T01:10:00.7609167Z Initialized empty Git repository in D:/a/robomongo/robomongo/robo-shell/.git/
build-app	Checkout Robo Shell	2026-04-14T01:10:00.7651658Z [command]"C:\Program Files\Git\bin\git.exe" remote add origin https://github.com/paralect/robomongo-shell
build-app	Checkout Robo Shell	2026-04-14T01:10:00.7963446Z ##[endgroup]
build-app	Checkout Robo Shell	2026-04-14T01:10:00.7964054Z ##[group]Disabling automatic garbage collection
build-app	Checkout Robo Shell	2026-04-14T01:10:00.7975581Z [command]"C:\Program Files\Git\bin\git.exe" config --local gc.auto 0
build-app	Checkout Robo Shell	2026-04-14T01:10:00.8312974Z ##[endgroup]
build-app	Checkout Robo Shell	2026-04-14T01:10:00.8313579Z ##[group]Setting up auth
build-app	Checkout Robo Shell	2026-04-14T01:10:00.8333901Z [command]"C:\Program Files\Git\bin\git.exe" config --local --name-only --get-regexp core\.sshCommand
build-app	Checkout Robo Shell	2026-04-14T01:10:00.8676951Z [command]"C:\Program Files\Git\bin\git.exe" submodule foreach --recursive "sh -c \"git config --local --name-only --get-regexp 'core\.sshCommand' && git config --local --unset-all 'core.sshCommand' || :\""
build-app	Checkout Robo Shell	2026-04-14T01:10:01.4341864Z [command]"C:\Program Files\Git\bin\git.exe" config --local --name-only --get-regexp http\.https\:\/\/github\.com\/\.extraheader
build-app	Checkout Robo Shell	2026-04-14T01:10:01.4678313Z [command]"C:\Program Files\Git\bin\git.exe" submodule foreach --recursive "sh -c \"git config --local --name-only --get-regexp 'http\.https\:\/\/github\.com\/\.extraheader' && git config --local --unset-all 'http.https://github.com/.extraheader' || :\""
build-app	Checkout Robo Shell	2026-04-14T01:10:02.0433058Z [command]"C:\Program Files\Git\bin\git.exe" config --local --name-only --get-regexp ^includeIf\.gitdir:
build-app	Checkout Robo Shell	2026-04-14T01:10:02.0729554Z [command]"C:\Program Files\Git\bin\git.exe" submodule foreach --recursive "git config --local --show-origin --name-only --get-regexp remote.origin.url"
build-app	Checkout Robo Shell	2026-04-14T01:10:02.5880150Z [command]"C:\Program Files\Git\bin\git.exe" config --local http.https://github.com/.extraheader "AUTHORIZATION: basic ***"
build-app	Checkout Robo Shell	2026-04-14T01:10:02.6183311Z ##[endgroup]
build-app	Checkout Robo Shell	2026-04-14T01:10:02.6184223Z ##[group]Fetching the repository
build-app	Checkout Robo Shell	2026-04-14T01:10:02.6196766Z [command]"C:\Program Files\Git\bin\git.exe" -c protocol.version=2 fetch --no-tags --prune --no-recurse-submodules --depth=1 origin +refs/heads/roboshell-v4.2*:refs/remotes/origin/roboshell-v4.2* +refs/tags/roboshell-v4.2*:refs/tags/roboshell-v4.2*
build-app	Checkout Robo Shell	2026-04-14T01:10:12.9555872Z From https://github.com/paralect/robomongo-shell
build-app	Checkout Robo Shell	2026-04-14T01:10:12.9556441Z  * [new branch]        roboshell-v4.2 -> origin/roboshell-v4.2
build-app	Checkout Robo Shell	2026-04-14T01:10:12.9796381Z ##[endgroup]
build-app	Checkout Robo Shell	2026-04-14T01:10:12.9797191Z ##[group]Determining the checkout info
build-app	Checkout Robo Shell	2026-04-14T01:10:12.9811590Z [command]"C:\Program Files\Git\bin\git.exe" branch --list --remote origin/roboshell-v4.2
build-app	Checkout Robo Shell	2026-04-14T01:10:13.0086270Z   origin/roboshell-v4.2
build-app	Checkout Robo Shell	2026-04-14T01:10:13.0120228Z ##[endgroup]
build-app	Checkout Robo Shell	2026-04-14T01:10:13.0137528Z [command]"C:\Program Files\Git\bin\git.exe" sparse-checkout disable
build-app	Checkout Robo Shell	2026-04-14T01:10:13.0486715Z [command]"C:\Program Files\Git\bin\git.exe" config --local --unset-all extensions.worktreeConfig
build-app	Checkout Robo Shell	2026-04-14T01:10:13.0786616Z ##[group]Checking out the ref
build-app	Checkout Robo Shell	2026-04-14T01:10:13.0798313Z [command]"C:\Program Files\Git\bin\git.exe" checkout --progress --force -B roboshell-v4.2 refs/remotes/origin/roboshell-v4.2
build-app	Checkout Robo Shell	2026-04-14T01:10:14.1569562Z Updating files:  17% (4191/23424)
build-app	Checkout Robo Shell	2026-04-14T01:10:14.4151729Z Updating files:  18% (4217/23424)
build-app	Checkout Robo Shell	2026-04-14T01:10:14.4813472Z Updating files:  19% (4451/23424)
build-app	Checkout Robo Shell	2026-04-14T01:10:14.5472883Z Updating files:  20% (4685/23424)
build-app	Checkout Robo Shell	2026-04-14T01:10:14.6092212Z Updating files:  21% (4920/23424)
build-app	Checkout Robo Shell	2026-04-14T01:10:14.6715411Z Updating files:  22% (5154/23424)
build-app	Checkout Robo Shell	2026-04-14T01:10:14.7358690Z Updating files:  23% (5388/23424)
build-app	Checkout Robo Shell	2026-04-14T01:10:14.8019773Z Updating files:  24% (5622/23424)
build-app	Checkout Robo Shell	2026-04-14T01:10:14.8712160Z Updating files:  25% (5856/23424)
build-app	Checkout Robo Shell	2026-04-14T01:10:14.9406087Z Updating files:  26% (6091/23424)
build-app	Checkout Robo Shell	2026-04-14T01:10:15.0048002Z Updating files:  27% (6325/23424)
build-app	Checkout Robo Shell	2026-04-14T01:10:15.0680279Z Updating files:  28% (6559/23424)
build-app	Checkout Robo Shell	2026-04-14T01:10:15.1280591Z Updating files:  29% (6793/23424)
build-app	Checkout Robo Shell	2026-04-14T01:10:15.1629343Z Updating files:  30% (7028/23424)
build-app	Checkout Robo Shell	2026-04-14T01:10:15.1952197Z Updating files:  30% (7149/23424)
build-app	Checkout Robo Shell	2026-04-14T01:10:15.2567039Z Updating files:  31% (7262/23424)
build-app	Checkout Robo Shell	2026-04-14T01:10:15.3268749Z Updating files:  32% (7496/23424)
build-app	Checkout Robo Shell	2026-04-14T01:10:15.3991570Z Updating files:  33% (7730/23424)
build-app	Checkout Robo Shell	2026-04-14T01:10:15.4657188Z Updating files:  34% (7965/23424)
build-app	Checkout Robo Shell	2026-04-14T01:10:15.5260943Z Updating files:  35% (8199/23424)
build-app	Checkout Robo Shell	2026-04-14T01:10:15.7758324Z Updating files:  36% (8433/23424)
build-app	Checkout Robo Shell	2026-04-14T01:10:15.8297781Z Updating files:  37% (8667/23424)
build-app	Checkout Robo Shell	2026-04-14T01:10:15.8965072Z Updating files:  38% (8902/23424)
build-app	Checkout Robo Shell	2026-04-14T01:10:15.9627815Z Updating files:  39% (9136/23424)
build-app	Checkout Robo Shell	2026-04-14T01:10:16.0790366Z Updating files:  40% (9370/23424)
build-app	Checkout Robo Shell	2026-04-14T01:10:16.1770230Z Updating files:  41% (9604/23424)
build-app	Checkout Robo Shell	2026-04-14T01:10:16.1908407Z Updating files:  41% (9790/23424)
build-app	Checkout Robo Shell	2026-04-14T01:10:16.2512971Z Updating files:  42% (9839/23424)
build-app	Checkout Robo Shell	2026-04-14T01:10:16.3100745Z Updating files:  43% (10073/23424)
build-app	Checkout Robo Shell	2026-04-14T01:10:16.3691777Z Updating files:  44% (10307/23424)
build-app	Checkout Robo Shell	2026-04-14T01:10:16.4299255Z Updating files:  45% (10541/23424)
build-app	Checkout Robo Shell	2026-04-14T01:10:16.4866550Z Updating files:  46% (10776/23424)
build-app	Checkout Robo Shell	2026-04-14T01:10:16.5471029Z Updating files:  47% (11010/23424)
build-app	Checkout Robo Shell	2026-04-14T01:10:16.6308409Z Updating files:  48% (11244/23424)
build-app	Checkout Robo Shell	2026-04-14T01:10:16.7717494Z Updating files:  49% (11478/23424)
build-app	Checkout Robo Shell	2026-04-14T01:10:16.8582995Z Updating files:  50% (11712/23424)
build-app	Checkout Robo Shell	2026-04-14T01:10:17.0767826Z Updating files:  51% (11947/23424)
build-app	Checkout Robo Shell	2026-04-14T01:10:17.1240702Z Updating files:  52% (12181/23424)
build-app	Checkout Robo Shell	2026-04-14T01:10:17.1705735Z Updating files:  53% (12415/23424)
build-app	Checkout Robo Shell	2026-04-14T01:10:17.1787577Z Updating files:  54% (12649/23424)
build-app	Checkout Robo Shell	2026-04-14T01:10:17.2342274Z Updating files:  54% (12679/23424)
build-app	Checkout Robo Shell	2026-04-14T01:10:17.2932360Z Updating files:  55% (12884/23424)
build-app	Checkout Robo Shell	2026-04-14T01:10:17.3504797Z Updating files:  56% (13118/23424)
build-app	Checkout Robo Shell	2026-04-14T01:10:17.4042749Z Updating files:  57% (13352/23424)
build-app	Checkout Robo Shell	2026-04-14T01:10:17.4558111Z Updating files:  58% (13586/23424)
build-app	Checkout Robo Shell	2026-04-14T01:10:17.5141241Z Updating files:  59% (13821/23424)
build-app	Checkout Robo Shell	2026-04-14T01:10:17.5735281Z Updating files:  60% (14055/23424)
build-app	Checkout Robo Shell	2026-04-14T01:10:17.6307871Z Updating files:  61% (14289/23424)
build-app	Checkout Robo Shell	2026-04-14T01:10:17.6923464Z Updating files:  62% (14523/23424)
build-app	Checkout Robo Shell	2026-04-14T01:10:17.7549879Z Updating files:  63% (14758/23424)
build-app	Checkout Robo Shell	2026-04-14T01:10:17.8142745Z Updating files:  64% (14992/23424)
build-app	Checkout Robo Shell	2026-04-14T01:10:17.8751356Z Updating files:  65% (15226/23424)
build-app	Checkout Robo Shell	2026-04-14T01:10:17.9287481Z Updating files:  66% (15460/23424)
build-app	Checkout Robo Shell	2026-04-14T01:10:17.9781388Z Updating files:  67% (15695/23424)
build-app	Checkout Robo Shell	2026-04-14T01:10:18.0387580Z Updating files:  68% (15929/23424)
build-app	Checkout Robo Shell	2026-04-14T01:10:18.0939592Z Updating files:  69% (16163/23424)
build-app	Checkout Robo Shell	2026-04-14T01:10:18.1581419Z Updating files:  70% (16397/23424)
build-app	Checkout Robo Shell	2026-04-14T01:10:18.1882228Z Updating files:  71% (16632/23424)
build-app	Checkout Robo Shell	2026-04-14T01:10:18.2144049Z Updating files:  71% (16764/23424)
build-app	Checkout Robo Shell	2026-04-14T01:10:18.2733389Z Updating files:  72% (16866/23424)
build-app	Checkout Robo Shell	2026-04-14T01:10:18.5783006Z Updating files:  73% (17100/23424)
build-app	Checkout Robo Shell	2026-04-14T01:10:18.6388511Z Updating files:  74% (17334/23424)
build-app	Checkout Robo Shell	2026-04-14T01:10:18.7147396Z Updating files:  75% (17568/23424)
build-app	Checkout Robo Shell	2026-04-14T01:10:18.7833215Z Updating files:  76% (17803/23424)
build-app	Checkout Robo Shell	2026-04-14T01:10:18.8512302Z Updating files:  77% (18037/23424)
build-app	Checkout Robo Shell	2026-04-14T01:10:18.9286471Z Updating files:  78% (18271/23424)
build-app	Checkout Robo Shell	2026-04-14T01:10:19.0026956Z Updating files:  79% (18505/23424)
build-app	Checkout Robo Shell	2026-04-14T01:10:19.1098946Z Updating files:  80% (18740/23424)
build-app	Checkout Robo Shell	2026-04-14T01:10:19.1801448Z Updating files:  81% (18974/23424)
build-app	Checkout Robo Shell	2026-04-14T01:10:19.1902723Z Updating files:  82% (19208/23424)
build-app	Checkout Robo Shell	2026-04-14T01:10:19.2477987Z Updating files:  82% (19249/23424)
build-app	Checkout Robo Shell	2026-04-14T01:10:19.3382141Z Updating files:  83% (19442/23424)
build-app	Checkout Robo Shell	2026-04-14T01:10:19.4155289Z Updating files:  84% (19677/23424)
build-app	Checkout Robo Shell	2026-04-14T01:10:19.5086881Z Updating files:  85% (19911/23424)
build-app	Checkout Robo Shell	2026-04-14T01:10:19.5774114Z Updating files:  86% (20145/23424)
build-app	Checkout Robo Shell	2026-04-14T01:10:19.6386825Z Updating files:  87% (20379/23424)
build-app	Checkout Robo Shell	2026-04-14T01:10:19.6884710Z Updating files:  88% (20614/23424)
build-app	Checkout Robo Shell	2026-04-14T01:10:19.9118160Z Updating files:  89% (20848/23424)
build-app	Checkout Robo Shell	2026-04-14T01:10:19.9771946Z Updating files:  90% (21082/23424)
build-app	Checkout Robo Shell	2026-04-14T01:10:20.1022271Z Updating files:  91% (21316/23424)
build-app	Checkout Robo Shell	2026-04-14T01:10:20.1582843Z Updating files:  92% (21551/23424)
build-app	Checkout Robo Shell	2026-04-14T01:10:20.1912945Z Updating files:  93% (21785/23424)
build-app	Checkout Robo Shell	2026-04-14T01:10:20.2322258Z Updating files:  93% (21894/23424)
build-app	Checkout Robo Shell	2026-04-14T01:10:20.2998753Z Updating files:  94% (22019/23424)
build-app	Checkout Robo Shell	2026-04-14T01:10:20.3616357Z Updating files:  95% (22253/23424)
build-app	Checkout Robo Shell	2026-04-14T01:10:20.4243716Z Updating files:  96% (22488/23424)
build-app	Checkout Robo Shell	2026-04-14T01:10:20.4798376Z Updating files:  97% (22722/23424)
build-app	Checkout Robo Shell	2026-04-14T01:10:20.5455026Z Updating files:  98% (22956/23424)
build-app	Checkout Robo Shell	2026-04-14T01:10:20.6165832Z Updating files:  99% (23190/23424)
build-app	Checkout Robo Shell	2026-04-14T01:10:20.6166198Z Updating files: 100% (23424/23424)
build-app	Checkout Robo Shell	2026-04-14T01:10:20.6166433Z Updating files: 100% (23424/23424), done.
build-app	Checkout Robo Shell	2026-04-14T01:10:20.6572450Z Switched to a new branch 'roboshell-v4.2'
build-app	Checkout Robo Shell	2026-04-14T01:10:20.6589090Z branch 'roboshell-v4.2' set up to track 'origin/roboshell-v4.2'.
build-app	Checkout Robo Shell	2026-04-14T01:10:20.6738064Z ##[endgroup]
build-app	Checkout Robo Shell	2026-04-14T01:10:20.7097438Z [command]"C:\Program Files\Git\bin\git.exe" log -1 --format=%H
build-app	Checkout Robo Shell	2026-04-14T01:10:20.7378893Z 6cdb6abcd43f9dba8f198d1e98deda432b894d7f
build-app	Setup Python	锘?026-04-14T01:10:20.7789909Z ##[group]Run actions/setup-python@v5
build-app	Setup Python	2026-04-14T01:10:20.7790229Z with:
build-app	Setup Python	2026-04-14T01:10:20.7790386Z   python-version: 3.10
build-app	Setup Python	2026-04-14T01:10:20.7790635Z   check-latest: false
build-app	Setup Python	2026-04-14T01:10:20.7790954Z   token: ***
build-app	Setup Python	2026-04-14T01:10:20.7791119Z   update-environment: true
build-app	Setup Python	2026-04-14T01:10:20.7791326Z   allow-prereleases: false
build-app	Setup Python	2026-04-14T01:10:20.7791526Z   freethreaded: false
build-app	Setup Python	2026-04-14T01:10:20.7791698Z ##[endgroup]
build-app	Setup Python	2026-04-14T01:10:21.0132065Z ##[group]Installed versions
build-app	Setup Python	2026-04-14T01:10:21.0403560Z Successfully set up CPython (3.10.11)
build-app	Setup Python	2026-04-14T01:10:21.0404325Z ##[endgroup]
build-app	Install MSVC v141 Toolset Component	锘?026-04-14T01:10:21.0866080Z ##[group]Run $vsInstaller = "C:\Program Files (x86)\Microsoft Visual Studio\Installer\vs_installer.exe"
build-app	Install MSVC v141 Toolset Component	2026-04-14T01:10:21.0867646Z [36;1m$vsInstaller = "C:\Program Files (x86)\Microsoft Visual Studio\Installer\vs_installer.exe"[0m
build-app	Install MSVC v141 Toolset Component	2026-04-14T01:10:21.0878435Z [36;1m$process = Start-Process -FilePath $vsInstaller -ArgumentList "modify --installPath ""C:\Program Files\Microsoft Visual Studio\2022\Enterprise"" --add Microsoft.VisualStudio.Component.VC.v141.x86.x64 --add Microsoft.VisualStudio.Component.VC.v141.ATL --add Microsoft.VisualStudio.Component.VC.v141.MFC --quiet --norestart" -PassThru[0m
build-app	Install MSVC v141 Toolset Component	2026-04-14T01:10:21.0886030Z [36;1mwhile (!$process.HasExited) { Start-Sleep -Seconds 30 }[0m
build-app	Install MSVC v141 Toolset Component	2026-04-14T01:10:21.2003446Z shell: C:\Windows\System32\WindowsPowerShell\v1.0\powershell.EXE -command ". '{0}'"
build-app	Install MSVC v141 Toolset Component	2026-04-14T01:10:21.2004757Z env:
build-app	Install MSVC v141 Toolset Component	2026-04-14T01:10:21.2005023Z   pythonLocation: C:\hostedtoolcache\windows\Python\3.10.11\x64
build-app	Install MSVC v141 Toolset Component	2026-04-14T01:10:21.2005491Z   PKG_CONFIG_PATH: C:\hostedtoolcache\windows\Python\3.10.11\x64/lib/pkgconfig
build-app	Install MSVC v141 Toolset Component	2026-04-14T01:10:21.2005994Z   Python_ROOT_DIR: C:\hostedtoolcache\windows\Python\3.10.11\x64
build-app	Install MSVC v141 Toolset Component	2026-04-14T01:10:21.2006382Z   Python2_ROOT_DIR: C:\hostedtoolcache\windows\Python\3.10.11\x64
build-app	Install MSVC v141 Toolset Component	2026-04-14T01:10:21.2006764Z   Python3_ROOT_DIR: C:\hostedtoolcache\windows\Python\3.10.11\x64
build-app	Install MSVC v141 Toolset Component	2026-04-14T01:10:21.2007059Z ##[endgroup]
build-app	Setup MSVC (v141 Toolset)	锘?026-04-14T01:13:51.7256214Z ##[group]Run ilammy/msvc-dev-cmd@v1
build-app	Setup MSVC (v141 Toolset)	2026-04-14T01:13:51.7256519Z with:
build-app	Setup MSVC (v141 Toolset)	2026-04-14T01:13:51.7256681Z   toolset: 14.1
build-app	Setup MSVC (v141 Toolset)	2026-04-14T01:13:51.7256832Z   arch: x64
build-app	Setup MSVC (v141 Toolset)	2026-04-14T01:13:51.7256975Z env:
build-app	Setup MSVC (v141 Toolset)	2026-04-14T01:13:51.7257201Z   pythonLocation: C:\hostedtoolcache\windows\Python\3.10.11\x64
build-app	Setup MSVC (v141 Toolset)	2026-04-14T01:13:51.7257645Z   PKG_CONFIG_PATH: C:\hostedtoolcache\windows\Python\3.10.11\x64/lib/pkgconfig
build-app	Setup MSVC (v141 Toolset)	2026-04-14T01:13:51.7258083Z   Python_ROOT_DIR: C:\hostedtoolcache\windows\Python\3.10.11\x64
build-app	Setup MSVC (v141 Toolset)	2026-04-14T01:13:51.7258454Z   Python2_ROOT_DIR: C:\hostedtoolcache\windows\Python\3.10.11\x64
build-app	Setup MSVC (v141 Toolset)	2026-04-14T01:13:51.7258820Z   Python3_ROOT_DIR: C:\hostedtoolcache\windows\Python\3.10.11\x64
build-app	Setup MSVC (v141 Toolset)	2026-04-14T01:13:51.7259099Z ##[endgroup]
build-app	Setup MSVC (v141 Toolset)	2026-04-14T01:13:52.1984645Z Found with vswhere: C:\Program Files\Microsoft Visual Studio\2022\Enterprise\VC\Auxiliary\Build\vcvarsall.bat
build-app	Setup MSVC (v141 Toolset)	2026-04-14T01:14:04.4009315Z ##[group]Environment variables
build-app	Setup MSVC (v141 Toolset)	2026-04-14T01:14:04.4009823Z Setting CommandPromptType
build-app	Setup MSVC (v141 Toolset)	2026-04-14T01:14:04.4023227Z Setting DevEnvDir
build-app	Setup MSVC (v141 Toolset)	2026-04-14T01:14:04.4027866Z Setting ExtensionSdkDir
build-app	Setup MSVC (v141 Toolset)	2026-04-14T01:14:04.4031040Z Setting EXTERNAL_INCLUDE
build-app	Setup MSVC (v141 Toolset)	2026-04-14T01:14:04.4036393Z Setting Framework40Version
build-app	Setup MSVC (v141 Toolset)	2026-04-14T01:14:04.4039549Z Setting FrameworkDir
build-app	Setup MSVC (v141 Toolset)	2026-04-14T01:14:04.4043016Z Setting FrameworkDir64
build-app	Setup MSVC (v141 Toolset)	2026-04-14T01:14:04.4047676Z Setting FrameworkVersion
build-app	Setup MSVC (v141 Toolset)	2026-04-14T01:14:04.4051205Z Setting FrameworkVersion64
build-app	Setup MSVC (v141 Toolset)	2026-04-14T01:14:04.4055065Z Setting FSHARPINSTALLDIR
build-app	Setup MSVC (v141 Toolset)	2026-04-14T01:14:04.4059190Z Setting HTMLHelpDir
build-app	Setup MSVC (v141 Toolset)	2026-04-14T01:14:04.4062353Z Setting INCLUDE
build-app	Setup MSVC (v141 Toolset)	2026-04-14T01:14:04.4067734Z Setting is_x64_arch
build-app	Setup MSVC (v141 Toolset)	2026-04-14T01:14:04.4072079Z Setting LIB
build-app	Setup MSVC (v141 Toolset)	2026-04-14T01:14:04.4074890Z Setting LIBPATH
build-app	Setup MSVC (v141 Toolset)	2026-04-14T01:14:04.4077631Z Setting NETFXSDKDir
build-app	Setup MSVC (v141 Toolset)	2026-04-14T01:14:04.4080144Z Setting Path
build-app	Setup MSVC (v141 Toolset)	2026-04-14T01:14:04.4090165Z Setting Platform
build-app	Setup MSVC (v141 Toolset)	2026-04-14T01:14:04.4093104Z Setting UCRTVersion
build-app	Setup MSVC (v141 Toolset)	2026-04-14T01:14:04.4095442Z Setting UniversalCRTSdkDir
build-app	Setup MSVC (v141 Toolset)	2026-04-14T01:14:04.4097824Z Setting VCIDEInstallDir
build-app	Setup MSVC (v141 Toolset)	2026-04-14T01:14:04.4100147Z Setting VCINSTALLDIR
build-app	Setup MSVC (v141 Toolset)	2026-04-14T01:14:04.4103870Z Setting VCPKG_ROOT
build-app	Setup MSVC (v141 Toolset)	2026-04-14T01:14:04.4106445Z Setting VCToolsInstallDir
build-app	Setup MSVC (v141 Toolset)	2026-04-14T01:14:04.4109206Z Setting VCToolsRedistDir
build-app	Setup MSVC (v141 Toolset)	2026-04-14T01:14:04.4111632Z Setting VCToolsVersion
build-app	Setup MSVC (v141 Toolset)	2026-04-14T01:14:04.4113776Z Setting VisualStudioVersion
build-app	Setup MSVC (v141 Toolset)	2026-04-14T01:14:04.4116040Z Setting VS170COMNTOOLS
build-app	Setup MSVC (v141 Toolset)	2026-04-14T01:14:04.4118251Z Setting VSCMD_ARG_app_plat
build-app	Setup MSVC (v141 Toolset)	2026-04-14T01:14:04.4120425Z Setting VSCMD_ARG_HOST_ARCH
build-app	Setup MSVC (v141 Toolset)	2026-04-14T01:14:04.4122587Z Setting VSCMD_ARG_TGT_ARCH
build-app	Setup MSVC (v141 Toolset)	2026-04-14T01:14:04.4125069Z Setting VSCMD_ARG_VCVARS_VER
build-app	Setup MSVC (v141 Toolset)	2026-04-14T01:14:04.4127349Z Setting VSCMD_VER
build-app	Setup MSVC (v141 Toolset)	2026-04-14T01:14:04.4130168Z Setting VSINSTALLDIR
build-app	Setup MSVC (v141 Toolset)	2026-04-14T01:14:04.4132319Z Setting VSSDK150INSTALL
build-app	Setup MSVC (v141 Toolset)	2026-04-14T01:14:04.4134744Z Setting VSSDKINSTALL
build-app	Setup MSVC (v141 Toolset)	2026-04-14T01:14:04.4136940Z Setting WindowsLibPath
build-app	Setup MSVC (v141 Toolset)	2026-04-14T01:14:04.4139434Z Setting WindowsSdkBinPath
build-app	Setup MSVC (v141 Toolset)	2026-04-14T01:14:04.4141735Z Setting WindowsSdkDir
build-app	Setup MSVC (v141 Toolset)	2026-04-14T01:14:04.4146939Z Setting WindowsSDKLibVersion
build-app	Setup MSVC (v141 Toolset)	2026-04-14T01:14:04.4152318Z Setting WindowsSdkVerBinPath
build-app	Setup MSVC (v141 Toolset)	2026-04-14T01:14:04.4154471Z Setting WindowsSDKVersion
build-app	Setup MSVC (v141 Toolset)	2026-04-14T01:14:04.4159547Z Setting WindowsSDK_ExecutablePath_x64
build-app	Setup MSVC (v141 Toolset)	2026-04-14T01:14:04.4167672Z Setting WindowsSDK_ExecutablePath_x86
build-app	Setup MSVC (v141 Toolset)	2026-04-14T01:14:04.4169749Z Setting __DOTNET_ADD_64BIT
build-app	Setup MSVC (v141 Toolset)	2026-04-14T01:14:04.4172137Z Setting __DOTNET_PREFERRED_BITNESS
build-app	Setup MSVC (v141 Toolset)	2026-04-14T01:14:04.4178134Z Setting __VSCMD_PREINIT_PATH
build-app	Setup MSVC (v141 Toolset)	2026-04-14T01:14:04.4185208Z ##[endgroup]
build-app	Setup MSVC (v141 Toolset)	2026-04-14T01:14:04.4185871Z Configured Developer Command Prompt
build-app	Install Qt	锘?026-04-14T01:14:04.4440269Z ##[group]Run jurplel/install-qt-action/action@v3
build-app	Install Qt	2026-04-14T01:14:04.4440710Z with:
build-app	Install Qt	2026-04-14T01:14:04.4440902Z   version: 5.15.2
build-app	Install Qt	2026-04-14T01:14:04.4441135Z   host: windows
build-app	Install Qt	2026-04-14T01:14:04.4441331Z   target: desktop
build-app	Install Qt	2026-04-14T01:14:04.4441558Z   arch: win64_msvc2019_64
build-app	Install Qt	2026-04-14T01:14:04.4441793Z   modules: qtcharts qtwebengine
build-app	Install Qt	2026-04-14T01:14:04.4442062Z   install-deps: true
build-app	Install Qt	2026-04-14T01:14:04.4442266Z   cache: false
build-app	Install Qt	2026-04-14T01:14:04.4442512Z   cache-key-prefix: install-qt-action
build-app	Install Qt	2026-04-14T01:14:04.4442789Z   add-tools-to-path: true
build-app	Install Qt	2026-04-14T01:14:04.4443036Z   set-env: true
build-app	Install Qt	2026-04-14T01:14:04.4443278Z   no-qt-binaries: false
build-app	Install Qt	2026-04-14T01:14:04.4443494Z   tools-only: false
build-app	Install Qt	2026-04-14T01:14:04.4443728Z   aqtversion: ==3.1.*
build-app	Install Qt	2026-04-14T01:14:04.4444361Z   py7zrversion: ==0.20.*
build-app	Install Qt	2026-04-14T01:14:04.4444684Z   source: false
build-app	Install Qt	2026-04-14T01:14:04.4444884Z   documentation: false
build-app	Install Qt	2026-04-14T01:14:04.4445122Z   examples: false
build-app	Install Qt	2026-04-14T01:14:04.4445319Z env:
build-app	Install Qt	2026-04-14T01:14:04.4445658Z   pythonLocation: C:\hostedtoolcache\windows\Python\3.10.11\x64
build-app	Install Qt	2026-04-14T01:14:04.4446146Z   PKG_CONFIG_PATH: C:\hostedtoolcache\windows\Python\3.10.11\x64/lib/pkgconfig
build-app	Install Qt	2026-04-14T01:14:04.4446619Z   Python_ROOT_DIR: C:\hostedtoolcache\windows\Python\3.10.11\x64
build-app	Install Qt	2026-04-14T01:14:04.4447064Z   Python2_ROOT_DIR: C:\hostedtoolcache\windows\Python\3.10.11\x64
build-app	Install Qt	2026-04-14T01:14:04.4447513Z   Python3_ROOT_DIR: C:\hostedtoolcache\windows\Python\3.10.11\x64
build-app	Install Qt	2026-04-14T01:14:04.4447852Z   CommandPromptType: Native
build-app	Install Qt	2026-04-14T01:14:04.4448252Z   DevEnvDir: C:\Program Files\Microsoft Visual Studio\2022\Enterprise\Common7\IDE\
build-app	Install Qt	2026-04-14T01:14:04.4448789Z   ExtensionSdkDir: C:\Program Files (x86)\Microsoft SDKs\Windows Kits\10\ExtensionSDKs
build-app	Install Qt	2026-04-14T01:14:04.4451215Z   EXTERNAL_INCLUDE: C:\Program Files\Microsoft Visual Studio\2022\Enterprise\VC\Tools\MSVC\14.16.27023\include;C:\Program Files\Microsoft Visual Studio\2022\Enterprise\VC\Tools\MSVC\14.16.27023\ATLMFC\include;C:\Program Files\Microsoft Visual Studio\2022\Enterprise\VC\Auxiliary\VS\include;C:\Program Files (x86)\Windows Kits\10\include\10.0.26100.0\ucrt;C:\Program Files (x86)\Windows Kits\10\\include\10.0.26100.0\\um;C:\Program Files (x86)\Windows Kits\10\\include\10.0.26100.0\\shared;C:\Program Files (x86)\Windows Kits\10\\include\10.0.26100.0\\winrt;C:\Program Files (x86)\Windows Kits\10\\include\10.0.26100.0\\cppwinrt;C:\Program Files (x86)\Windows Kits\NETFXSDK\4.8\include\um
build-app	Install Qt	2026-04-14T01:14:04.4453514Z   Framework40Version: v4.0
build-app	Install Qt	2026-04-14T01:14:04.4453822Z   FrameworkDir: C:\Windows\Microsoft.NET\Framework64\
build-app	Install Qt	2026-04-14T01:14:04.4454202Z   FrameworkDir64: C:\Windows\Microsoft.NET\Framework64\
build-app	Install Qt	2026-04-14T01:14:04.4454509Z   FrameworkVersion: v4.0.30319
build-app	Install Qt	2026-04-14T01:14:04.4454781Z   FrameworkVersion64: v4.0.30319
build-app	Install Qt	2026-04-14T01:14:04.4455314Z   FSHARPINSTALLDIR: C:\Program Files\Microsoft Visual Studio\2022\Enterprise\Common7\IDE\CommonExtensions\Microsoft\FSharp\Tools
build-app	Install Qt	2026-04-14T01:14:04.4455960Z   HTMLHelpDir: C:\Program Files (x86)\HTML Help Workshop
build-app	Install Qt	2026-04-14T01:14:04.4458229Z   INCLUDE: C:\Program Files\Microsoft Visual Studio\2022\Enterprise\VC\Tools\MSVC\14.16.27023\include;C:\Program Files\Microsoft Visual Studio\2022\Enterprise\VC\Tools\MSVC\14.16.27023\ATLMFC\include;C:\Program Files\Microsoft Visual Studio\2022\Enterprise\VC\Auxiliary\VS\include;C:\Program Files (x86)\Windows Kits\10\include\10.0.26100.0\ucrt;C:\Program Files (x86)\Windows Kits\10\\include\10.0.26100.0\\um;C:\Program Files (x86)\Windows Kits\10\\include\10.0.26100.0\\shared;C:\Program Files (x86)\Windows Kits\10\\include\10.0.26100.0\\winrt;C:\Program Files (x86)\Windows Kits\10\\include\10.0.26100.0\\cppwinrt;C:\Program Files (x86)\Windows Kits\NETFXSDK\4.8\include\um
build-app	Install Qt	2026-04-14T01:14:04.4460464Z   is_x64_arch: true
build-app	Install Qt	2026-04-14T01:14:04.4462097Z   LIB: C:\Program Files\Microsoft Visual Studio\2022\Enterprise\VC\Tools\MSVC\14.16.27023\ATLMFC\lib\x64;C:\Program Files\Microsoft Visual Studio\2022\Enterprise\VC\Tools\MSVC\14.16.27023\lib\x64;C:\Program Files (x86)\Windows Kits\NETFXSDK\4.8\lib\um\x64;C:\Program Files (x86)\Windows Kits\10\lib\10.0.26100.0\ucrt\x64;C:\Program Files (x86)\Windows Kits\10\\lib\10.0.26100.0\\um\x64
build-app	Install Qt	2026-04-14T01:14:04.4467474Z   LIBPATH: C:\Program Files\Microsoft Visual Studio\2022\Enterprise\VC\Tools\MSVC\14.16.27023\ATLMFC\lib\x64;C:\Program Files\Microsoft Visual Studio\2022\Enterprise\VC\Tools\MSVC\14.16.27023\lib\x64;C:\Program Files\Microsoft Visual Studio\2022\Enterprise\VC\Tools\MSVC\14.16.27023\lib\x86\store\references;C:\Program Files (x86)\Windows Kits\10\UnionMetadata\10.0.26100.0;C:\Program Files (x86)\Windows Kits\10\References\10.0.26100.0;C:\Windows\Microsoft.NET\Framework64\v4.0.30319
build-app	Install Qt	2026-04-14T01:14:04.4469238Z   NETFXSDKDir: C:\Program Files (x86)\Windows Kits\NETFXSDK\4.8\
build-app	Install Qt	2026-04-14T01:14:04.4484825Z   Path: C:\Program Files\Microsoft Visual Studio\2022\Enterprise\VC\Tools\MSVC\14.16.27023\bin\HostX64\x64;C:\Program Files\Microsoft Visual Studio\2022\Enterprise\Common7\IDE\VC\VCPackages;C:\Program Files\Microsoft Visual Studio\2022\Enterprise\Common7\IDE\CommonExtensions\Microsoft\TestWindow;C:\Program Files\Microsoft Visual Studio\2022\Enterprise\Common7\IDE\CommonExtensions\Microsoft\TeamFoundation\Team Explorer;C:\Program Files\Microsoft Visual Studio\2022\Enterprise\MSBuild\Current\bin\Roslyn;C:\Program Files (x86)\Microsoft SDKs\Windows\v10.0A\bin\NETFX 4.8 Tools\x64\;C:\Program Files (x86)\HTML Help Workshop;C:\Program Files\Microsoft Visual Studio\2022\Enterprise\Common7\IDE\CommonExtensions\Microsoft\FSharp\Tools;C:\Program Files\Microsoft Visual Studio\2022\Enterprise\Team Tools\DiagnosticsHub\Collector;C:\Program Files\Microsoft Visual Studio\2022\Enterprise\Common7\IDE\Extensions\Microsoft\CodeCoverage.Console;C:\Program Files\Microsoft Visual Studio\2022\Enterprise\VC\Tools\Llvm\x64\bin;C:\Program Files (x86)\Windows Kits\10\bin\10.0.26100.0\\x64;C:\Program Files (x86)\Windows Kits\10\bin\\x64;C:\Program Files\Microsoft Visual Studio\2022\Enterprise\\MSBuild\Current\Bin\amd64;C:\Windows\Microsoft.NET\Framework64\v4.0.30319;C:\Program Files\Microsoft Visual Studio\2022\Enterprise\Common7\IDE\;C:\Program Files\Microsoft Visual Studio\2022\Enterprise\Common7\Tools\;C:\Users\runneradmin\AppData\Roaming\Python\Python310\Scripts;C:\hostedtoolcache\windows\Python\3.10.11\x64\Scripts;C:\hostedtoolcache\windows\Python\3.10.11\x64;C:\Program Files\MongoDB\Server\7.0\bin;C:\vcpkg;C:\tools\zstd;C:\hostedtoolcache\windows\stack\3.9.3\x64;C:\cabal\bin;C:\\ghcup\bin;C:\mingw64\bin;C:\Program Files\dotnet;C:\Program Files\MySQL\MySQL Server 8.0\bin;C:\Program Files\R\R-4.5.3\bin\x64;C:\SeleniumWebDrivers\GeckoDriver;C:\SeleniumWebDrivers\EdgeDriver\;C:\SeleniumWebDrivers\ChromeDriver;C:\Program Files (x86)\sbt\bin;C:\Program Files (x86)\GitHub CLI;C:\Program Files\Git\bin;C:\Program Files (x86)\pipx_bin;C:\npm\prefix;C:\hostedtoolcache\windows\go\1.24.13\x64\bin;C:\hostedtoolcache\windows\Python\3.12.10\x64\Scripts;C:\hostedtoolcache\windows\Python\3.12.10\x64;C:\hostedtoolcache\windows\Ruby\3.3.11\x64\bin;C:\Program Files\OpenSSL\bin;C:\tools\kotlinc\bin;C:\hostedtoolcache\windows\Java_Temurin-Hotspot_jdk\17.0.18-8\x64\bin;C:\Program Files\ImageMagick-7.1.2-Q16-HDRI;C:\Program Files\Microsoft SDKs\Azure\CLI2\wbin;C:\ProgramData\kind;C:\ProgramData\Chocolatey\bin;C:\Windows\system32;C:\Windows;C:\Windows\System32\Wbem;C:\Windows\System32\WindowsPowerShell\v1.0\;C:\Windows\System32\OpenSSH\;C:\Program Files\PowerShell\7\;C:\Program Files\Microsoft\Web Platform Installer\;C:\Program Files\Microsoft SQL Server\Client SDK\ODBC\170\Tools\Binn\;C:\Program Files\Microsoft SQL Server\150\Tools\Binn\;C:\Program Files\dotnet\;C:\Program Files (x86)\Windows Kits\10\Windows Performance Toolkit\;C:\Program Files (x86)\WiX Toolset v3.14\bin;C:\Program Files\Microsoft SQL Server\130\DTS\Binn\;C:\Program Files\Microsoft SQL Server\140\DTS\Binn\;C:\Program Files\Microsoft SQL Server\150\DTS\Binn\;C:\Program Files\Microsoft SQL Server\160\DTS\Binn\;C:\Program Files\Microsoft SQL Server\170\DTS\Binn\;C:\ProgramData\chocolatey\lib\pulumi\tools\Pulumi\bin;C:\Program Files\CMake\bin;C:\Strawberry\c\bin;C:\Strawberry\perl\site\bin;C:\Strawberry\perl\bin;C:\ProgramData\chocolatey\lib\maven\apache-maven-3.9.14\bin;C:\Program Files\Microsoft Service Fabric\bin\Fabric\Fabric.Code;C:\Program Files\Microsoft SDKs\Service Fabric\Tools\ServiceFabricLocalClusterManager;C:\Program Files\nodejs\;C:\Program Files\Git\cmd;C:\Program Files\Git\mingw64\bin;C:\Program Files\Git\usr\bin;C:\Program Files\GitHub CLI\;c:\tools\php;C:\Program Files\Amazon\AWSCLIV2\;C:\Program Files\Amazon\SessionManagerPlugin\bin\;C:\Program Files\Amazon\AWSSAMCLI\bin\;C:\Program Files\Microsoft SQL Server\130\Tools\Binn\;C:\Program Files\mongosh\;C:\Program Files\LLVM\bin;C:\Program Files (x86)\LLVM\bin;C:\Users\runneradmin\.dotnet\tools;C:\Users\runneradmin\.cargo\bin;C:\Users\runneradmin\AppData\Local\Microsoft\WindowsApps;C:\Program Files (x86)\Microsoft Visual Studio\Installer;C:\Program Files\Microsoft Visual Studio\2022\Enterprise\Common7\IDE\CommonExtensions\Microsoft\CMake\CMake\bin;C:\Program Files\Microsoft Visual Studio\2022\Enterprise\Common7\IDE\CommonExtensions\Microsoft\CMake\Ninja;C:\Program Files\Microsoft Visual Studio\2022\Enterprise\Common7\IDE\VC\Linux\bin\ConnectionManagerExe;C:\Program Files\Microsoft Visual Studio\2022\Enterprise\VC\vcpkg
build-app	Install Qt	2026-04-14T01:14:04.4500963Z   Platform: x64
build-app	Install Qt	2026-04-14T01:14:04.4501172Z   UCRTVersion: 10.0.26100.0
build-app	Install Qt	2026-04-14T01:14:04.4501510Z   UniversalCRTSdkDir: C:\Program Files (x86)\Windows Kits\10\
build-app	Install Qt	2026-04-14T01:14:04.4502330Z   VCIDEInstallDir: C:\Program Files\Microsoft Visual Studio\2022\Enterprise\Common7\IDE\VC\
build-app	Install Qt	2026-04-14T01:14:04.4502994Z   VCINSTALLDIR: C:\Program Files\Microsoft Visual Studio\2022\Enterprise\VC\
build-app	Install Qt	2026-04-14T01:14:04.4503550Z   VCPKG_ROOT: C:\Program Files\Microsoft Visual Studio\2022\Enterprise\VC\vcpkg
build-app	Install Qt	2026-04-14T01:14:04.4504141Z   VCToolsInstallDir: C:\Program Files\Microsoft Visual Studio\2022\Enterprise\VC\Tools\MSVC\14.16.27023\
build-app	Install Qt	2026-04-14T01:14:04.4504835Z   VCToolsRedistDir: C:\Program Files\Microsoft Visual Studio\2022\Enterprise\VC\Redist\MSVC\14.44.35112\
build-app	Install Qt	2026-04-14T01:14:04.4505342Z   VCToolsVersion: 14.16.27023
build-app	Install Qt	2026-04-14T01:14:04.4505588Z   VisualStudioVersion: 17.0
build-app	Install Qt	2026-04-14T01:14:04.4505998Z   VS170COMNTOOLS: C:\Program Files\Microsoft Visual Studio\2022\Enterprise\Common7\Tools\
build-app	Install Qt	2026-04-14T01:14:04.4506422Z   VSCMD_ARG_app_plat: Desktop
build-app	Install Qt	2026-04-14T01:14:04.4506677Z   VSCMD_ARG_HOST_ARCH: x64
build-app	Install Qt	2026-04-14T01:14:04.4506932Z   VSCMD_ARG_TGT_ARCH: x64
build-app	Install Qt	2026-04-14T01:14:04.4507155Z   VSCMD_ARG_VCVARS_VER: 14.1
build-app	Install Qt	2026-04-14T01:14:04.4507426Z   VSCMD_VER: 17.14.29
build-app	Install Qt	2026-04-14T01:14:04.4507732Z   VSINSTALLDIR: C:\Program Files\Microsoft Visual Studio\2022\Enterprise\
build-app	Install Qt	2026-04-14T01:14:04.4508248Z   VSSDK150INSTALL: C:\Program Files\Microsoft Visual Studio\2022\Enterprise\VSSDK
build-app	Install Qt	2026-04-14T01:14:04.4508750Z   VSSDKINSTALL: C:\Program Files\Microsoft Visual Studio\2022\Enterprise\VSSDK
build-app	Install Qt	2026-04-14T01:14:04.4509477Z   WindowsLibPath: C:\Program Files (x86)\Windows Kits\10\UnionMetadata\10.0.26100.0;C:\Program Files (x86)\Windows Kits\10\References\10.0.26100.0
build-app	Install Qt	2026-04-14T01:14:04.4510177Z   WindowsSdkBinPath: C:\Program Files (x86)\Windows Kits\10\bin\
build-app	Install Qt	2026-04-14T01:14:04.4510570Z   WindowsSdkDir: C:\Program Files (x86)\Windows Kits\10\
build-app	Install Qt	2026-04-14T01:14:04.4510911Z   WindowsSDKLibVersion: 10.0.26100.0\
build-app	Install Qt	2026-04-14T01:14:04.4511285Z   WindowsSdkVerBinPath: C:\Program Files (x86)\Windows Kits\10\bin\10.0.26100.0\
build-app	Install Qt	2026-04-14T01:14:04.4511705Z   WindowsSDKVersion: 10.0.26100.0\
build-app	Install Qt	2026-04-14T01:14:04.4512185Z   WindowsSDK_ExecutablePath_x64: C:\Program Files (x86)\Microsoft SDKs\Windows\v10.0A\bin\NETFX 4.8 Tools\x64\
build-app	Install Qt	2026-04-14T01:14:04.4512860Z   WindowsSDK_ExecutablePath_x86: C:\Program Files (x86)\Microsoft SDKs\Windows\v10.0A\bin\NETFX 4.8 Tools\
build-app	Install Qt	2026-04-14T01:14:04.4513347Z   __DOTNET_ADD_64BIT: 1
build-app	Install Qt	2026-04-14T01:14:04.4514197Z   __DOTNET_PREFERRED_BITNESS: 64
build-app	Install Qt	2026-04-14T01:14:04.4523921Z   __VSCMD_PREINIT_PATH: C:\Users\runneradmin\AppData\Roaming\Python\Python310\Scripts;C:\hostedtoolcache\windows\Python\3.10.11\x64\Scripts;C:\hostedtoolcache\windows\Python\3.10.11\x64;C:\Program Files\MongoDB\Server\7.0\bin;C:\vcpkg;C:\tools\zstd;C:\hostedtoolcache\windows\stack\3.9.3\x64;C:\cabal\bin;C:\\ghcup\bin;C:\mingw64\bin;C:\Program Files\dotnet;C:\Program Files\MySQL\MySQL Server 8.0\bin;C:\Program Files\R\R-4.5.3\bin\x64;C:\SeleniumWebDrivers\GeckoDriver;C:\SeleniumWebDrivers\EdgeDriver\;C:\SeleniumWebDrivers\ChromeDriver;C:\Program Files (x86)\sbt\bin;C:\Program Files (x86)\GitHub CLI;C:\Program Files\Git\bin;C:\Program Files (x86)\pipx_bin;C:\npm\prefix;C:\hostedtoolcache\windows\go\1.24.13\x64\bin;C:\hostedtoolcache\windows\Python\3.12.10\x64\Scripts;C:\hostedtoolcache\windows\Python\3.12.10\x64;C:\hostedtoolcache\windows\Ruby\3.3.11\x64\bin;C:\Program Files\OpenSSL\bin;C:\tools\kotlinc\bin;C:\hostedtoolcache\windows\Java_Temurin-Hotspot_jdk\17.0.18-8\x64\bin;C:\Program Files\ImageMagick-7.1.2-Q16-HDRI;C:\Program Files\Microsoft SDKs\Azure\CLI2\wbin;C:\ProgramData\kind;C:\ProgramData\Chocolatey\bin;C:\Windows\system32;C:\Windows;C:\Windows\System32\Wbem;C:\Windows\System32\WindowsPowerShell\v1.0\;C:\Windows\System32\OpenSSH\;C:\Program Files\PowerShell\7\;C:\Program Files\Microsoft\Web Platform Installer\;C:\Program Files\Microsoft SQL Server\Client SDK\ODBC\170\Tools\Binn\;C:\Program Files\Microsoft SQL Server\150\Tools\Binn\;C:\Program Files\dotnet\;C:\Program Files (x86)\Windows Kits\10\Windows Performance Toolkit\;C:\Program Files (x86)\WiX Toolset v3.14\bin;C:\Program Files\Microsoft SQL Server\130\DTS\Binn\;C:\Program Files\Microsoft SQL Server\140\DTS\Binn\;C:\Program Files\Microsoft SQL Server\150\DTS\Binn\;C:\Program Files\Microsoft SQL Server\160\DTS\Binn\;C:\Program Files\Microsoft SQL Server\170\DTS\Binn\;C:\ProgramData\chocolatey\lib\pulumi\tools\Pulumi\bin;C:\Program Files\CMake\bin;C:\Strawberry\c\bin;C:\Strawberry\perl\site\bin;C:\Strawberry\perl\bin;C:\ProgramData\chocolatey\lib\maven\apache-maven-3.9.14\bin;C:\Program Files\Microsoft Service Fabric\bin\Fabric\Fabric.Code;C:\Program Files\Microsoft SDKs\Service Fabric\Tools\ServiceFabricLocalClusterManager;C:\Program Files\nodejs\;C:\Program Files\Git\cmd;C:\Program Files\Git\mingw64\bin;C:\Program Files\Git\usr\bin;C:\Program Files\GitHub CLI\;c:\tools\php;C:\Program Files (x86)\sbt\bin;C:\Program Files\Amazon\AWSCLIV2\;C:\Program Files\Amazon\SessionManagerPlugin\bin\;C:\Program Files\Amazon\AWSSAMCLI\bin\;C:\Program Files\Microsoft SQL Server\130\Tools\Binn\;C:\Program Files\mongosh\;C:\Program Files\LLVM\bin;C:\Program Files (x86)\LLVM\bin;C:\Users\runneradmin\.dotnet\tools;C:\Users\runneradmin\.cargo\bin;C:\Users\runneradmin\AppData\Local\Microsoft\WindowsApps;C:\Program Files (x86)\Microsoft Visual Studio\Installer
build-app	Install Qt	2026-04-14T01:14:04.4533652Z ##[endgroup]
build-app	Install Qt	2026-04-14T01:14:04.8381330Z Unexpected error attempting to determine if executable file exists 'C:\Users\runneradmin\AppData\Local\Microsoft\WindowsApps\python.EXE': Error: EACCES: permission denied, stat 'C:\Users\runneradmin\AppData\Local\Microsoft\WindowsApps\python.EXE'
build-app	Install Qt	2026-04-14T01:14:04.8466782Z [command]C:\hostedtoolcache\windows\Python\3.10.11\x64\python.exe -m pip install setuptools wheel py7zr==0.20.*
build-app	Install Qt	2026-04-14T01:14:07.7872782Z Requirement already satisfied: setuptools in c:\hostedtoolcache\windows\python\3.10.11\x64\lib\site-packages (65.5.0)
build-app	Install Qt	2026-04-14T01:14:07.9067684Z Collecting wheel
build-app	Install Qt	2026-04-14T01:14:07.9422709Z   Downloading wheel-0.46.3-py3-none-any.whl.metadata (2.4 kB)
build-app	Install Qt	2026-04-14T01:14:08.0415303Z Collecting py7zr==0.20.*
build-app	Install Qt	2026-04-14T01:14:08.0524152Z   Downloading py7zr-0.20.8-py3-none-any.whl.metadata (16 kB)
build-app	Install Qt	2026-04-14T01:14:08.1269169Z Collecting texttable (from py7zr==0.20.*)
build-app	Install Qt	2026-04-14T01:14:08.1376753Z   Downloading texttable-1.7.0-py2.py3-none-any.whl.metadata (9.8 kB)
build-app	Install Qt	2026-04-14T01:14:08.2988937Z Collecting pycryptodomex>=3.16.0 (from py7zr==0.20.*)
build-app	Install Qt	2026-04-14T01:14:08.3048023Z   Downloading pycryptodomex-3.23.0-cp37-abi3-win_amd64.whl.metadata (3.5 kB)
build-app	Install Qt	2026-04-14T01:14:08.4641597Z Collecting pyzstd>=0.15.9 (from py7zr==0.20.*)
build-app	Install Qt	2026-04-14T01:14:08.4771631Z   Downloading pyzstd-0.19.1-py3-none-any.whl.metadata (2.6 kB)
build-app	Install Qt	2026-04-14T01:14:08.6204486Z Collecting pyppmd<1.2.0,>=1.1.0 (from py7zr==0.20.*)
build-app	Install Qt	2026-04-14T01:14:08.6337305Z   Downloading pyppmd-1.1.1-cp310-cp310-win_amd64.whl.metadata (5.6 kB)
build-app	Install Qt	2026-04-14T01:14:08.7213284Z Collecting pybcj<1.1.0,>=1.0.0 (from py7zr==0.20.*)
build-app	Install Qt	2026-04-14T01:14:08.7478475Z   Downloading pybcj-1.0.7-cp310-cp310-win_amd64.whl.metadata (4.0 kB)
build-app	Install Qt	2026-04-14T01:14:08.8260129Z Collecting multivolumefile>=0.2.3 (from py7zr==0.20.*)
build-app	Install Qt	2026-04-14T01:14:08.8317073Z   Downloading multivolumefile-0.2.3-py3-none-any.whl.metadata (6.3 kB)
build-app	Install Qt	2026-04-14T01:14:08.9092284Z Collecting inflate64<1.1.0,>=1.0.0 (from py7zr==0.20.*)
build-app	Install Qt	2026-04-14T01:14:08.9231366Z   Downloading inflate64-1.0.4-cp310-cp310-win_amd64.whl.metadata (4.5 kB)
build-app	Install Qt	2026-04-14T01:14:09.0171001Z Collecting brotli>=1.1.0 (from py7zr==0.20.*)
build-app	Install Qt	2026-04-14T01:14:09.0306943Z   Downloading brotli-1.2.0-cp310-cp310-win_amd64.whl.metadata (6.3 kB)
build-app	Install Qt	2026-04-14T01:14:09.1635395Z Collecting psutil (from py7zr==0.20.*)
build-app	Install Qt	2026-04-14T01:14:09.1765304Z   Downloading psutil-7.2.2-cp37-abi3-win_amd64.whl.metadata (22 kB)
build-app	Install Qt	2026-04-14T01:14:09.2690432Z Collecting packaging>=24.0 (from wheel)
build-app	Install Qt	2026-04-14T01:14:09.2742257Z   Downloading packaging-26.0-py3-none-any.whl.metadata (3.3 kB)
build-app	Install Qt	2026-04-14T01:14:09.3903865Z Collecting backports-zstd>=1.0.0 (from pyzstd>=0.15.9->py7zr==0.20.*)
build-app	Install Qt	2026-04-14T01:14:09.4035192Z   Downloading backports_zstd-1.3.0-cp310-cp310-win_amd64.whl.metadata (7.1 kB)
build-app	Install Qt	2026-04-14T01:14:09.4607954Z Collecting typing-extensions>=4.13.2 (from pyzstd>=0.15.9->py7zr==0.20.*)
build-app	Install Qt	2026-04-14T01:14:09.4652887Z   Downloading typing_extensions-4.15.0-py3-none-any.whl.metadata (3.3 kB)
build-app	Install Qt	2026-04-14T01:14:09.4913067Z Downloading py7zr-0.20.8-py3-none-any.whl (67 kB)
build-app	Install Qt	2026-04-14T01:14:09.5181010Z Downloading inflate64-1.0.4-cp310-cp310-win_amd64.whl (35 kB)
build-app	Install Qt	2026-04-14T01:14:09.5390290Z Downloading pybcj-1.0.7-cp310-cp310-win_amd64.whl (24 kB)
build-app	Install Qt	2026-04-14T01:14:09.5644191Z Downloading pyppmd-1.1.1-cp310-cp310-win_amd64.whl (46 kB)
build-app	Install Qt	2026-04-14T01:14:09.5885903Z Downloading wheel-0.46.3-py3-none-any.whl (30 kB)
build-app	Install Qt	2026-04-14T01:14:09.6088702Z Downloading brotli-1.2.0-cp310-cp310-win_amd64.whl (369 kB)
build-app	Install Qt	2026-04-14T01:14:09.6374096Z Downloading multivolumefile-0.2.3-py3-none-any.whl (17 kB)
build-app	Install Qt	2026-04-14T01:14:09.6646051Z Downloading packaging-26.0-py3-none-any.whl (74 kB)
build-app	Install Qt	2026-04-14T01:14:09.6935814Z Downloading pycryptodomex-3.23.0-cp37-abi3-win_amd64.whl (1.8 MB)
build-app	Install Qt	2026-04-14T01:14:09.7389436Z    ---------------------------------------- 1.8/1.8 MB 48.2 MB/s  0:00:00
build-app	Install Qt	2026-04-14T01:14:09.7459754Z Downloading pyzstd-0.19.1-py3-none-any.whl (23 kB)
build-app	Install Qt	2026-04-14T01:14:09.7833575Z Downloading backports_zstd-1.3.0-cp310-cp310-win_amd64.whl (313 kB)
build-app	Install Qt	2026-04-14T01:14:09.8057032Z Downloading typing_extensions-4.15.0-py3-none-any.whl (44 kB)
build-app	Install Qt	2026-04-14T01:14:09.8215336Z Downloading psutil-7.2.2-cp37-abi3-win_amd64.whl (137 kB)
build-app	Install Qt	2026-04-14T01:14:09.8421617Z Downloading texttable-1.7.0-py2.py3-none-any.whl (10 kB)
build-app	Install Qt	2026-04-14T01:14:09.9449846Z Installing collected packages: texttable, brotli, typing-extensions, pyppmd, pycryptodomex, pybcj, psutil, packaging, multivolumefile, inflate64, backports-zstd, wheel, pyzstd, py7zr
build-app	Install Qt	2026-04-14T01:14:12.1441993Z 
build-app	Install Qt	2026-04-14T01:14:12.1517307Z Successfully installed backports-zstd-1.3.0 brotli-1.2.0 inflate64-1.0.4 multivolumefile-0.2.3 packaging-26.0 psutil-7.2.2 py7zr-0.20.8 pybcj-1.0.7 pycryptodomex-3.23.0 pyppmd-1.1.1 pyzstd-0.19.1 texttable-1.7.0 typing-extensions-4.15.0 wheel-0.46.3
build-app	Install Qt	2026-04-14T01:14:12.4426373Z Unexpected error attempting to determine if executable file exists 'C:\Users\runneradmin\AppData\Local\Microsoft\WindowsApps\python.EXE': Error: EACCES: permission denied, stat 'C:\Users\runneradmin\AppData\Local\Microsoft\WindowsApps\python.EXE'
build-app	Install Qt	2026-04-14T01:14:12.4501471Z [command]C:\hostedtoolcache\windows\Python\3.10.11\x64\python.exe -m pip install aqtinstall==3.1.*
build-app	Install Qt	2026-04-14T01:14:13.5417517Z Collecting aqtinstall==3.1.*
build-app	Install Qt	2026-04-14T01:14:13.5780071Z   Downloading aqtinstall-3.1.21-py3-none-any.whl.metadata (11 kB)
build-app	Install Qt	2026-04-14T01:14:13.6119033Z Collecting bs4 (from aqtinstall==3.1.*)
build-app	Install Qt	2026-04-14T01:14:13.6211317Z   Downloading bs4-0.0.2-py2.py3-none-any.whl.metadata (411 bytes)
build-app	Install Qt	2026-04-14T01:14:13.6521187Z Collecting defusedxml (from aqtinstall==3.1.*)
build-app	Install Qt	2026-04-14T01:14:13.6577085Z   Downloading defusedxml-0.7.1-py2.py3-none-any.whl.metadata (32 kB)
build-app	Install Qt	2026-04-14T01:14:13.7014714Z Collecting humanize (from aqtinstall==3.1.*)
build-app	Install Qt	2026-04-14T01:14:13.7158346Z   Downloading humanize-4.15.0-py3-none-any.whl.metadata (7.8 kB)
build-app	Install Qt	2026-04-14T01:14:13.7500896Z Collecting patch>=1.16 (from aqtinstall==3.1.*)
build-app	Install Qt	2026-04-14T01:14:13.7584284Z   Downloading patch-1.16.zip (12 kB)
build-app	Install Qt	2026-04-14T01:14:13.7788149Z   Installing build dependencies: started
build-app	Install Qt	2026-04-14T01:14:16.0380179Z   Installing build dependencies: finished with status 'done'
build-app	Install Qt	2026-04-14T01:14:16.0398697Z   Getting requirements to build wheel: started
build-app	Install Qt	2026-04-14T01:14:16.5604183Z   Getting requirements to build wheel: finished with status 'done'
build-app	Install Qt	2026-04-14T01:14:16.5636626Z   Preparing metadata (pyproject.toml): started
build-app	Install Qt	2026-04-14T01:14:16.8494969Z   Preparing metadata (pyproject.toml): finished with status 'done'
build-app	Install Qt	2026-04-14T01:14:16.9001996Z Collecting py7zr>=0.22.0 (from aqtinstall==3.1.*)
build-app	Install Qt	2026-04-14T01:14:16.9154331Z   Downloading py7zr-1.1.0-py3-none-any.whl.metadata (17 kB)
build-app	Install Qt	2026-04-14T01:14:16.9683231Z Collecting requests>=2.31.0 (from aqtinstall==3.1.*)
build-app	Install Qt	2026-04-14T01:14:16.9745781Z   Downloading requests-2.33.1-py3-none-any.whl.metadata (4.8 kB)
build-app	Install Qt	2026-04-14T01:14:17.0098004Z Collecting semantic-version (from aqtinstall==3.1.*)
build-app	Install Qt	2026-04-14T01:14:17.0147980Z   Downloading semantic_version-2.10.0-py2.py3-none-any.whl.metadata (9.7 kB)
build-app	Install Qt	2026-04-14T01:14:17.0311646Z Requirement already satisfied: texttable in c:\hostedtoolcache\windows\python\3.10.11\x64\lib\site-packages (from aqtinstall==3.1.*) (1.7.0)
build-app	Install Qt	2026-04-14T01:14:17.0328491Z Requirement already satisfied: pycryptodomex>=3.20.0 in c:\hostedtoolcache\windows\python\3.10.11\x64\lib\site-packages (from py7zr>=0.22.0->aqtinstall==3.1.*) (3.23.0)
build-app	Install Qt	2026-04-14T01:14:17.0337031Z Requirement already satisfied: brotli>=1.2.0 in c:\hostedtoolcache\windows\python\3.10.11\x64\lib\site-packages (from py7zr>=0.22.0->aqtinstall==3.1.*) (1.2.0)
build-app	Install Qt	2026-04-14T01:14:17.0343576Z Requirement already satisfied: psutil in c:\hostedtoolcache\windows\python\3.10.11\x64\lib\site-packages (from py7zr>=0.22.0->aqtinstall==3.1.*) (7.2.2)
build-app	Install Qt	2026-04-14T01:14:17.0351134Z Requirement already satisfied: backports.zstd>=1.0.0 in c:\hostedtoolcache\windows\python\3.10.11\x64\lib\site-packages (from py7zr>=0.22.0->aqtinstall==3.1.*) (1.3.0)
build-app	Install Qt	2026-04-14T01:14:17.1223471Z Collecting pyppmd>=1.3.1 (from py7zr>=0.22.0->aqtinstall==3.1.*)
build-app	Install Qt	2026-04-14T01:14:17.1324380Z   Downloading pyppmd-1.3.1-cp310-cp310-win_amd64.whl.metadata (5.6 kB)
build-app	Install Qt	2026-04-14T01:14:17.1511226Z Requirement already satisfied: pybcj>=1.0.6 in c:\hostedtoolcache\windows\python\3.10.11\x64\lib\site-packages (from py7zr>=0.22.0->aqtinstall==3.1.*) (1.0.7)
build-app	Install Qt	2026-04-14T01:14:17.1517076Z Requirement already satisfied: multivolumefile>=0.2.3 in c:\hostedtoolcache\windows\python\3.10.11\x64\lib\site-packages (from py7zr>=0.22.0->aqtinstall==3.1.*) (0.2.3)
build-app	Install Qt	2026-04-14T01:14:17.1523754Z Requirement already satisfied: inflate64>=1.0.4 in c:\hostedtoolcache\windows\python\3.10.11\x64\lib\site-packages (from py7zr>=0.22.0->aqtinstall==3.1.*) (1.0.4)
build-app	Install Qt	2026-04-14T01:14:17.2916319Z Collecting charset_normalizer<4,>=2 (from requests>=2.31.0->aqtinstall==3.1.*)
build-app	Install Qt	2026-04-14T01:14:17.3330877Z   Downloading charset_normalizer-3.4.7-cp310-cp310-win_amd64.whl.metadata (41 kB)
build-app	Install Qt	2026-04-14T01:14:17.3736081Z Collecting idna<4,>=2.5 (from requests>=2.31.0->aqtinstall==3.1.*)
build-app	Install Qt	2026-04-14T01:14:17.3790834Z   Downloading idna-3.11-py3-none-any.whl.metadata (8.4 kB)
build-app	Install Qt	2026-04-14T01:14:17.4305846Z Collecting urllib3<3,>=1.26 (from requests>=2.31.0->aqtinstall==3.1.*)
build-app	Install Qt	2026-04-14T01:14:17.4360809Z   Downloading urllib3-2.6.3-py3-none-any.whl.metadata (6.9 kB)
build-app	Install Qt	2026-04-14T01:14:17.4786723Z Collecting certifi>=2023.5.7 (from requests>=2.31.0->aqtinstall==3.1.*)
build-app	Install Qt	2026-04-14T01:14:17.4838663Z   Downloading certifi-2026.2.25-py3-none-any.whl.metadata (2.5 kB)
build-app	Install Qt	2026-04-14T01:14:17.5288848Z Collecting beautifulsoup4 (from bs4->aqtinstall==3.1.*)
build-app	Install Qt	2026-04-14T01:14:17.5339077Z   Downloading beautifulsoup4-4.14.3-py3-none-any.whl.metadata (3.8 kB)
build-app	Install Qt	2026-04-14T01:14:17.5785287Z Collecting soupsieve>=1.6.1 (from beautifulsoup4->bs4->aqtinstall==3.1.*)
build-app	Install Qt	2026-04-14T01:14:17.5843905Z   Downloading soupsieve-2.8.3-py3-none-any.whl.metadata (4.6 kB)
build-app	Install Qt	2026-04-14T01:14:17.5984479Z Requirement already satisfied: typing-extensions>=4.0.0 in c:\hostedtoolcache\windows\python\3.10.11\x64\lib\site-packages (from beautifulsoup4->bs4->aqtinstall==3.1.*) (4.15.0)
build-app	Install Qt	2026-04-14T01:14:17.6154609Z Downloading aqtinstall-3.1.21-py3-none-any.whl (59 kB)
build-app	Install Qt	2026-04-14T01:14:17.6344551Z Downloading py7zr-1.1.0-py3-none-any.whl (71 kB)
build-app	Install Qt	2026-04-14T01:14:17.6556693Z Downloading pyppmd-1.3.1-cp310-cp310-win_amd64.whl (46 kB)
build-app	Install Qt	2026-04-14T01:14:17.6732975Z Downloading requests-2.33.1-py3-none-any.whl (64 kB)
build-app	Install Qt	2026-04-14T01:14:17.6947984Z Downloading charset_normalizer-3.4.7-cp310-cp310-win_amd64.whl (159 kB)
build-app	Install Qt	2026-04-14T01:14:17.7125623Z Downloading idna-3.11-py3-none-any.whl (71 kB)
build-app	Install Qt	2026-04-14T01:14:17.7413340Z Downloading urllib3-2.6.3-py3-none-any.whl (131 kB)
build-app	Install Qt	2026-04-14T01:14:17.7611504Z Downloading certifi-2026.2.25-py3-none-any.whl (153 kB)
build-app	Install Qt	2026-04-14T01:14:17.7802104Z Downloading bs4-0.0.2-py2.py3-none-any.whl (1.2 kB)
build-app	Install Qt	2026-04-14T01:14:17.7981060Z Downloading beautifulsoup4-4.14.3-py3-none-any.whl (107 kB)
build-app	Install Qt	2026-04-14T01:14:17.8294096Z Downloading soupsieve-2.8.3-py3-none-any.whl (37 kB)
build-app	Install Qt	2026-04-14T01:14:17.8506970Z Downloading defusedxml-0.7.1-py2.py3-none-any.whl (25 kB)
build-app	Install Qt	2026-04-14T01:14:17.8695269Z Downloading humanize-4.15.0-py3-none-any.whl (132 kB)
build-app	Install Qt	2026-04-14T01:14:17.8904797Z Downloading semantic_version-2.10.0-py2.py3-none-any.whl (15 kB)
build-app	Install Qt	2026-04-14T01:14:17.9457461Z Building wheels for collected packages: patch
build-app	Install Qt	2026-04-14T01:14:17.9492801Z   Building wheel for patch (pyproject.toml): started
build-app	Install Qt	2026-04-14T01:14:18.2904554Z   Building wheel for patch (pyproject.toml): finished with status 'done'
build-app	Install Qt	2026-04-14T01:14:18.2925370Z   Created wheel for patch: filename=patch-1.16-py3-none-any.whl size=12422 sha256=2bd25b1c569259e063b0ec6c607343e6a140dbc2643a9312c0ef3fa031b863e8
build-app	Install Qt	2026-04-14T01:14:18.2928206Z   Stored in directory: c:\users\runneradmin\appdata\local\pip\cache\wheels\9e\0b\47\01a46968b6646ca3efa32e23ed436e0c819aca97ec2c136573
build-app	Install Qt	2026-04-14T01:14:18.2952556Z Successfully built patch
build-app	Install Qt	2026-04-14T01:14:18.3400039Z Installing collected packages: patch, urllib3, soupsieve, semantic-version, pyppmd, idna, humanize, defusedxml, charset_normalizer, certifi, requests, py7zr, beautifulsoup4, bs4, aqtinstall
build-app	Install Qt	2026-04-14T01:14:18.5880156Z   Attempting uninstall: pyppmd
build-app	Install Qt	2026-04-14T01:14:18.5888255Z     Found existing installation: pyppmd 1.1.1
build-app	Install Qt	2026-04-14T01:14:18.5939635Z     Uninstalling pyppmd-1.1.1:
build-app	Install Qt	2026-04-14T01:14:18.5976822Z       Successfully uninstalled pyppmd-1.1.1
build-app	Install Qt	2026-04-14T01:14:19.0946205Z   Attempting uninstall: py7zr
build-app	Install Qt	2026-04-14T01:14:19.0955963Z     Found existing installation: py7zr 0.20.8
build-app	Install Qt	2026-04-14T01:14:19.1030728Z     Uninstalling py7zr-0.20.8:
build-app	Install Qt	2026-04-14T01:14:19.1075284Z       Successfully uninstalled py7zr-0.20.8
build-app	Install Qt	2026-04-14T01:14:19.3895112Z 
build-app	Install Qt	2026-04-14T01:14:19.4023333Z Successfully installed aqtinstall-3.1.21 beautifulsoup4-4.14.3 bs4-0.0.2 certifi-2026.2.25 charset_normalizer-3.4.7 defusedxml-0.7.1 humanize-4.15.0 idna-3.11 patch-1.16 py7zr-1.1.0 pyppmd-1.3.1 requests-2.33.1 semantic-version-2.10.0 soupsieve-2.8.3 urllib3-2.6.3
build-app	Install Qt	2026-04-14T01:14:19.7217085Z Unexpected error attempting to determine if executable file exists 'C:\Users\runneradmin\AppData\Local\Microsoft\WindowsApps\python.EXE': Error: EACCES: permission denied, stat 'C:\Users\runneradmin\AppData\Local\Microsoft\WindowsApps\python.EXE'
build-app	Install Qt	2026-04-14T01:14:19.7304375Z [command]C:\hostedtoolcache\windows\Python\3.10.11\x64\python.exe -m aqt install-qt windows desktop 5.15.2 win64_msvc2019_64 --outputdir D:\a\robomongo/Qt --modules qtcharts qtwebengine
build-app	Install Qt	2026-04-14T01:14:20.5922930Z INFO    : aqtinstall(aqt) v3.1.21 on Python 3.10.11 [CPython MSC v.1929 64 bit (AMD64)]
build-app	Install Qt	2026-04-14T01:14:22.8062850Z INFO    : Downloading qtcharts...
build-app	Install Qt	2026-04-14T01:14:22.8259851Z INFO    : Downloading qttranslations...
build-app	Install Qt	2026-04-14T01:14:22.8264333Z INFO    : Downloading qtactiveqt...
build-app	Install Qt	2026-04-14T01:14:22.8347456Z INFO    : Downloading qtbase...
build-app	Install Qt	2026-04-14T01:14:23.2892842Z INFO    : Redirected: qt.mirror.constant.com
build-app	Install Qt	2026-04-14T01:14:23.3004771Z INFO    : Redirected: qt.mirror.constant.com
build-app	Install Qt	2026-04-14T01:14:23.3146639Z INFO    : Redirected: qt.mirror.constant.com
build-app	Install Qt	2026-04-14T01:14:23.3149275Z INFO    : Redirected: qt.mirror.constant.com
build-app	Install Qt	2026-04-14T01:14:23.8906440Z INFO    : Finished installation of qtactiveqt-Windows-Windows_10-MSVC2019-Windows-Windows_10-X86_64.7z in 1.55716270
build-app	Install Qt	2026-04-14T01:14:23.9398439Z INFO    : Finished installation of qttranslations-Windows-Windows_10-MSVC2019-Windows-Windows_10-X86_64.7z in 1.60605850
build-app	Install Qt	2026-04-14T01:14:23.9496099Z INFO    : Finished installation of qtcharts-Windows-Windows_10-MSVC2019-Windows-Windows_10-X86_64.7z in 1.62891360
build-app	Install Qt	2026-04-14T01:14:24.3855523Z INFO    : Downloading qtmultimedia...
build-app	Install Qt	2026-04-14T01:14:24.4262535Z INFO    : Downloading qtwebengine...
build-app	Install Qt	2026-04-14T01:14:24.4420514Z INFO    : Downloading qtgraphicaleffects...
build-app	Install Qt	2026-04-14T01:14:24.8709174Z INFO    : Redirected: qt.mirror.constant.com
build-app	Install Qt	2026-04-14T01:14:24.9096332Z INFO    : Redirected: qt.mirror.constant.com
build-app	Install Qt	2026-04-14T01:14:24.9160761Z INFO    : Redirected: qt.mirror.constant.com
build-app	Install Qt	2026-04-14T01:14:25.1785595Z INFO    : Finished installation of qtgraphicaleffects-Windows-Windows_10-MSVC2019-Windows-Windows_10-X86_64.7z in 1.22962410
build-app	Install Qt	2026-04-14T01:14:25.5114552Z INFO    : Finished installation of qtmultimedia-Windows-Windows_10-MSVC2019-Windows-Windows_10-X86_64.7z in 1.61092430
build-app	Install Qt	2026-04-14T01:14:25.6810998Z INFO    : Downloading qtsvg...
build-app	Install Qt	2026-04-14T01:14:25.9875641Z INFO    : Downloading qtwinextras...
build-app	Install Qt	2026-04-14T01:14:26.1790971Z INFO    : Redirected: qt.mirror.constant.com
build-app	Install Qt	2026-04-14T01:14:26.4618725Z INFO    : Redirected: qt.mirror.constant.com
build-app	Install Qt	2026-04-14T01:14:26.4641722Z INFO    : Finished installation of qtsvg-Windows-Windows_10-MSVC2019-Windows-Windows_10-X86_64.7z in 1.27393570
build-app	Install Qt	2026-04-14T01:14:26.7382438Z INFO    : Finished installation of qtwinextras-Windows-Windows_10-MSVC2019-Windows-Windows_10-X86_64.7z in 1.21660940
build-app	Install Qt	2026-04-14T01:14:26.9591354Z INFO    : Downloading qtdeclarative...
build-app	Install Qt	2026-04-14T01:14:27.2325972Z INFO    : Downloading qtimageformats...
build-app	Install Qt	2026-04-14T01:14:27.4264552Z INFO    : Redirected: qt.mirror.constant.com
build-app	Install Qt	2026-04-14T01:14:27.7023449Z INFO    : Redirected: qt.mirror.constant.com
build-app	Install Qt	2026-04-14T01:14:28.0604289Z INFO    : Finished installation of qtimageformats-Windows-Windows_10-MSVC2019-Windows-Windows_10-X86_64.7z in 1.30936710
build-app	Install Qt	2026-04-14T01:14:28.5646033Z INFO    : Downloading qttools...
build-app	Install Qt	2026-04-14T01:14:28.8173711Z INFO    : Finished installation of qtbase-Windows-Windows_10-MSVC2019-Windows-Windows_10-X86_64.7z in 6.49337890
build-app	Install Qt	2026-04-14T01:14:29.0490288Z INFO    : Redirected: qt.mirror.constant.com
build-app	Install Qt	2026-04-14T01:14:29.2936382Z INFO    : Finished installation of qtdeclarative-Windows-Windows_10-MSVC2019-Windows-Windows_10-X86_64.7z in 2.82012420
build-app	Install Qt	2026-04-14T01:14:29.3131224Z INFO    : Downloading qtconnectivity...
build-app	Install Qt	2026-04-14T01:14:29.7722679Z INFO    : Downloading qtsensors...
build-app	Install Qt	2026-04-14T01:14:29.7865286Z INFO    : Redirected: qt.mirror.constant.com
build-app	Install Qt	2026-04-14T01:14:30.2500182Z INFO    : Finished installation of qtconnectivity-Windows-Windows_10-MSVC2019-Windows-Windows_10-X86_64.7z in 1.41684080
build-app	Install Qt	2026-04-14T01:14:30.2541129Z INFO    : Redirected: qt.mirror.constant.com
build-app	Install Qt	2026-04-14T01:14:30.5831937Z INFO    : Finished installation of qtsensors-Windows-Windows_10-MSVC2019-Windows-Windows_10-X86_64.7z in 1.27848640
build-app	Install Qt	2026-04-14T01:14:30.7410453Z INFO    : Downloading qtwebchannel...
build-app	Install Qt	2026-04-14T01:14:31.0651923Z INFO    : Downloading qtwebsockets...
build-app	Install Qt	2026-04-14T01:14:31.2115909Z INFO    : Redirected: qt.mirror.constant.com
build-app	Install Qt	2026-04-14T01:14:31.4414901Z INFO    : Finished installation of qtwebchannel-Windows-Windows_10-MSVC2019-Windows-Windows_10-X86_64.7z in 1.17941730
build-app	Install Qt	2026-04-14T01:14:31.4537174Z INFO    : Finished installation of qttools-Windows-Windows_10-MSVC2019-Windows-Windows_10-X86_64.7z in 3.38560390
build-app	Install Qt	2026-04-14T01:14:31.5586282Z INFO    : Redirected: qt.mirror.constant.com
build-app	Install Qt	2026-04-14T01:14:31.7894102Z INFO    : Finished installation of qtwebsockets-Windows-Windows_10-MSVC2019-Windows-Windows_10-X86_64.7z in 1.19590670
build-app	Install Qt	2026-04-14T01:14:31.9253052Z INFO    : Downloading qtxmlpatterns...
build-app	Install Qt	2026-04-14T01:14:31.9328753Z INFO    : Downloading qtlocation...
build-app	Install Qt	2026-04-14T01:14:32.2752151Z INFO    : Downloading qtserialport...
build-app	Install Qt	2026-04-14T01:14:32.3887048Z INFO    : Redirected: qt.mirror.constant.com
build-app	Install Qt	2026-04-14T01:14:32.4247899Z INFO    : Redirected: qt.mirror.constant.com
build-app	Install Qt	2026-04-14T01:14:32.7544592Z INFO    : Redirected: qt.mirror.constant.com
build-app	Install Qt	2026-04-14T01:14:32.9742089Z INFO    : Finished installation of qtserialport-Windows-Windows_10-MSVC2019-Windows-Windows_10-X86_64.7z in 1.16550050
build-app	Install Qt	2026-04-14T01:14:33.1180683Z INFO    : Finished installation of qtxmlpatterns-Windows-Windows_10-MSVC2019-Windows-Windows_10-X86_64.7z in 1.65444590
build-app	Install Qt	2026-04-14T01:14:33.2104053Z INFO    : Finished installation of qtlocation-Windows-Windows_10-MSVC2019-Windows-Windows_10-X86_64.7z in 1.76056200
build-app	Install Qt	2026-04-14T01:14:33.4446788Z INFO    : Downloading qtquickcontrols...
build-app	Install Qt	2026-04-14T01:14:33.6035865Z INFO    : Downloading qtquickcontrols2...
build-app	Install Qt	2026-04-14T01:14:33.6892153Z INFO    : Downloading qtwebview...
build-app	Install Qt	2026-04-14T01:14:33.9116686Z INFO    : Redirected: qt.mirror.constant.com
build-app	Install Qt	2026-04-14T01:14:34.0335972Z INFO    : Finished installation of qtwebengine-Windows-Windows_10-MSVC2019-Windows-Windows_10-X86_64.7z in 10.07429460
build-app	Install Qt	2026-04-14T01:14:34.0668074Z INFO    : Redirected: qt.mirror.constant.com
build-app	Install Qt	2026-04-14T01:14:34.1508880Z INFO    : Redirected: qt.mirror.constant.com
build-app	Install Qt	2026-04-14T01:14:34.3813435Z INFO    : Finished installation of qtwebview-Windows-Windows_10-MSVC2019-Windows-Windows_10-X86_64.7z in 1.15610350
build-app	Install Qt	2026-04-14T01:14:34.4563531Z INFO    : Finished installation of qtquickcontrols-Windows-Windows_10-MSVC2019-Windows-Windows_10-X86_64.7z in 1.48176650
build-app	Install Qt	2026-04-14T01:14:34.5336596Z INFO    : Downloading qtscxml...
build-app	Install Qt	2026-04-14T01:14:34.8630846Z INFO    : Finished installation of qtquickcontrols2-Windows-Windows_10-MSVC2019-Windows-Windows_10-X86_64.7z in 1.73106950
build-app	Install Qt	2026-04-14T01:14:34.8862086Z INFO    : Downloading qtserialbus...
build-app	Install Qt	2026-04-14T01:14:35.0078337Z INFO    : Redirected: qt.mirror.constant.com
build-app	Install Qt	2026-04-14T01:14:35.3363614Z INFO    : Downloading qt3d...
build-app	Install Qt	2026-04-14T01:14:35.3374713Z INFO    : Finished installation of qtscxml-Windows-Windows_10-MSVC2019-Windows-Windows_10-X86_64.7z in 1.29076190
build-app	Install Qt	2026-04-14T01:14:35.3580034Z INFO    : Redirected: qt.mirror.constant.com
build-app	Install Qt	2026-04-14T01:14:35.3758121Z INFO    : Downloading qtspeech...
build-app	Install Qt	2026-04-14T01:14:35.7349387Z INFO    : Finished installation of qtserialbus-Windows-Windows_10-MSVC2019-Windows-Windows_10-X86_64.7z in 1.34481480
build-app	Install Qt	2026-04-14T01:14:35.8109341Z INFO    : Redirected: qt.mirror.constant.com
build-app	Install Qt	2026-04-14T01:14:35.8176131Z INFO    : Downloading qtgamepad...
build-app	Install Qt	2026-04-14T01:14:35.8379619Z INFO    : Redirected: qt.mirror.constant.com
build-app	Install Qt	2026-04-14T01:14:36.0473241Z INFO    : Finished installation of qtspeech-Windows-Windows_10-MSVC2019-Windows-Windows_10-X86_64.7z in 1.15778890
build-app	Install Qt	2026-04-14T01:14:36.2354455Z INFO    : Downloading d3dcompiler_47...
build-app	Install Qt	2026-04-14T01:14:36.2946399Z INFO    : Redirected: qt.mirror.constant.com
build-app	Install Qt	2026-04-14T01:14:36.5166595Z INFO    : Downloading qtremoteobjects...
build-app	Install Qt	2026-04-14T01:14:36.5313044Z INFO    : Finished installation of qtgamepad-Windows-Windows_10-MSVC2019-Windows-Windows_10-X86_64.7z in 1.18637680
build-app	Install Qt	2026-04-14T01:14:36.7231063Z INFO    : Redirected: qt.mirror.constant.com
build-app	Install Qt	2026-04-14T01:14:36.9913660Z INFO    : Redirected: qt.mirror.constant.com
build-app	Install Qt	2026-04-14T01:14:37.1233185Z INFO    : Finished installation of d3dcompiler_47-x64.7z in 1.37903050
build-app	Install Qt	2026-04-14T01:14:37.2951443Z INFO    : Finished installation of qt3d-Windows-Windows_10-MSVC2019-Windows-Windows_10-X86_64.7z in 2.42042330
build-app	Install Qt	2026-04-14T01:14:37.3434308Z INFO    : Finished installation of qtremoteobjects-Windows-Windows_10-MSVC2019-Windows-Windows_10-X86_64.7z in 1.29068050
build-app	Install Qt	2026-04-14T01:14:37.5997993Z INFO    : Downloading opengl32sw...
build-app	Install Qt	2026-04-14T01:14:38.0593981Z INFO    : Redirected: qt.mirror.constant.com
build-app	Install Qt	2026-04-14T01:14:38.7610800Z INFO    : Finished installation of opengl32sw-64-mesa_12_0_rc2.7z in 1.63017830
build-app	Install Qt	2026-04-14T01:14:38.8611673Z INFO    : Patching D:\a\robomongo\Qt\5.15.2\msvc2019_64\bin\qmake.exe
build-app	Install Qt	2026-04-14T01:14:38.8681715Z INFO    : Patching D:\a\robomongo\Qt\5.15.2\msvc2019_64\lib\libEGL.prl
build-app	Install Qt	2026-04-14T01:14:38.8687882Z INFO    : Patching D:\a\robomongo\Qt\5.15.2\msvc2019_64\lib\libEGLd.prl
build-app	Install Qt	2026-04-14T01:14:38.8693340Z INFO    : Patching D:\a\robomongo\Qt\5.15.2\msvc2019_64\lib\libGLESv2.prl
build-app	Install Qt	2026-04-14T01:14:38.8698877Z INFO    : Patching D:\a\robomongo\Qt\5.15.2\msvc2019_64\lib\libGLESv2d.prl
build-app	Install Qt	2026-04-14T01:14:38.8704352Z INFO    : Patching D:\a\robomongo\Qt\5.15.2\msvc2019_64\lib\Qt53DAnimation.prl
build-app	Install Qt	2026-04-14T01:14:38.8710482Z INFO    : Patching D:\a\robomongo\Qt\5.15.2\msvc2019_64\lib\Qt53DAnimationd.prl
build-app	Install Qt	2026-04-14T01:14:38.8715482Z INFO    : Patching D:\a\robomongo\Qt\5.15.2\msvc2019_64\lib\Qt53DCore.prl
build-app	Install Qt	2026-04-14T01:14:38.8720797Z INFO    : Patching D:\a\robomongo\Qt\5.15.2\msvc2019_64\lib\Qt53DCored.prl
build-app	Install Qt	2026-04-14T01:14:38.8726260Z INFO    : Patching D:\a\robomongo\Qt\5.15.2\msvc2019_64\lib\Qt53DExtras.prl
build-app	Install Qt	2026-04-14T01:14:38.8732581Z INFO    : Patching D:\a\robomongo\Qt\5.15.2\msvc2019_64\lib\Qt53DExtrasd.prl
build-app	Install Qt	2026-04-14T01:14:38.8737944Z INFO    : Patching D:\a\robomongo\Qt\5.15.2\msvc2019_64\lib\Qt53DInput.prl
build-app	Install Qt	2026-04-14T01:14:38.8743658Z INFO    : Patching D:\a\robomongo\Qt\5.15.2\msvc2019_64\lib\Qt53DInputd.prl
build-app	Install Qt	2026-04-14T01:14:38.8749630Z INFO    : Patching D:\a\robomongo\Qt\5.15.2\msvc2019_64\lib\Qt53DLogic.prl
build-app	Install Qt	2026-04-14T01:14:38.8754737Z INFO    : Patching D:\a\robomongo\Qt\5.15.2\msvc2019_64\lib\Qt53DLogicd.prl
build-app	Install Qt	2026-04-14T01:14:38.8759874Z INFO    : Patching D:\a\robomongo\Qt\5.15.2\msvc2019_64\lib\Qt53DQuick.prl
build-app	Install Qt	2026-04-14T01:14:38.8765450Z INFO    : Patching D:\a\robomongo\Qt\5.15.2\msvc2019_64\lib\Qt53DQuickAnimation.prl
build-app	Install Qt	2026-04-14T01:14:38.8771198Z INFO    : Patching D:\a\robomongo\Qt\5.15.2\msvc2019_64\lib\Qt53DQuickAnimationd.prl
build-app	Install Qt	2026-04-14T01:14:38.8776651Z INFO    : Patching D:\a\robomongo\Qt\5.15.2\msvc2019_64\lib\Qt53DQuickd.prl
build-app	Install Qt	2026-04-14T01:14:38.8782227Z INFO    : Patching D:\a\robomongo\Qt\5.15.2\msvc2019_64\lib\Qt53DQuickExtras.prl
build-app	Install Qt	2026-04-14T01:14:38.8788027Z INFO    : Patching D:\a\robomongo\Qt\5.15.2\msvc2019_64\lib\Qt53DQuickExtrasd.prl
build-app	Install Qt	2026-04-14T01:14:38.8793485Z INFO    : Patching D:\a\robomongo\Qt\5.15.2\msvc2019_64\lib\Qt53DQuickInput.prl
build-app	Install Qt	2026-04-14T01:14:38.8798575Z INFO    : Patching D:\a\robomongo\Qt\5.15.2\msvc2019_64\lib\Qt53DQuickInputd.prl
build-app	Install Qt	2026-04-14T01:14:38.8803890Z INFO    : Patching D:\a\robomongo\Qt\5.15.2\msvc2019_64\lib\Qt53DQuickRender.prl
build-app	Install Qt	2026-04-14T01:14:38.8809710Z INFO    : Patching D:\a\robomongo\Qt\5.15.2\msvc2019_64\lib\Qt53DQuickRenderd.prl
build-app	Install Qt	2026-04-14T01:14:38.8815120Z INFO    : Patching D:\a\robomongo\Qt\5.15.2\msvc2019_64\lib\Qt53DQuickScene2D.prl
build-app	Install Qt	2026-04-14T01:14:38.8820293Z INFO    : Patching D:\a\robomongo\Qt\5.15.2\msvc2019_64\lib\Qt53DQuickScene2Dd.prl
build-app	Install Qt	2026-04-14T01:14:38.8825988Z INFO    : Patching D:\a\robomongo\Qt\5.15.2\msvc2019_64\lib\Qt53DRender.prl
build-app	Install Qt	2026-04-14T01:14:38.8831528Z INFO    : Patching D:\a\robomongo\Qt\5.15.2\msvc2019_64\lib\Qt53DRenderd.prl
build-app	Install Qt	2026-04-14T01:14:38.8837217Z INFO    : Patching D:\a\robomongo\Qt\5.15.2\msvc2019_64\lib\Qt5AccessibilitySupport.prl
build-app	Install Qt	2026-04-14T01:14:38.8842698Z INFO    : Patching D:\a\robomongo\Qt\5.15.2\msvc2019_64\lib\Qt5AccessibilitySupportd.prl
build-app	Install Qt	2026-04-14T01:14:38.8848254Z INFO    : Patching D:\a\robomongo\Qt\5.15.2\msvc2019_64\lib\Qt5AxBase.prl
build-app	Install Qt	2026-04-14T01:14:38.8853810Z INFO    : Patching D:\a\robomongo\Qt\5.15.2\msvc2019_64\lib\Qt5AxBased.prl
build-app	Install Qt	2026-04-14T01:14:38.8858958Z INFO    : Patching D:\a\robomongo\Qt\5.15.2\msvc2019_64\lib\Qt5AxContainer.prl
build-app	Install Qt	2026-04-14T01:14:38.8864427Z INFO    : Patching D:\a\robomongo\Qt\5.15.2\msvc2019_64\lib\Qt5AxContainerd.prl
build-app	Install Qt	2026-04-14T01:14:38.8870058Z INFO    : Patching D:\a\robomongo\Qt\5.15.2\msvc2019_64\lib\Qt5AxServer.prl
build-app	Install Qt	2026-04-14T01:14:38.8875316Z INFO    : Patching D:\a\robomongo\Qt\5.15.2\msvc2019_64\lib\Qt5AxServerd.prl
build-app	Install Qt	2026-04-14T01:14:38.8880549Z INFO    : Patching D:\a\robomongo\Qt\5.15.2\msvc2019_64\lib\Qt5Bluetooth.prl
build-app	Install Qt	2026-04-14T01:14:38.8885982Z INFO    : Patching D:\a\robomongo\Qt\5.15.2\msvc2019_64\lib\Qt5Bluetoothd.prl
build-app	Install Qt	2026-04-14T01:14:38.8891753Z INFO    : Patching D:\a\robomongo\Qt\5.15.2\msvc2019_64\lib\Qt5Bootstrap.prl
build-app	Install Qt	2026-04-14T01:14:38.8897049Z INFO    : Patching D:\a\robomongo\Qt\5.15.2\msvc2019_64\lib\Qt5Charts.prl
build-app	Install Qt	2026-04-14T01:14:38.8902178Z INFO    : Patching D:\a\robomongo\Qt\5.15.2\msvc2019_64\lib\Qt5Chartsd.prl
build-app	Install Qt	2026-04-14T01:14:38.8907926Z INFO    : Patching D:\a\robomongo\Qt\5.15.2\msvc2019_64\lib\Qt5Concurrent.prl
build-app	Install Qt	2026-04-14T01:14:38.8913725Z INFO    : Patching D:\a\robomongo\Qt\5.15.2\msvc2019_64\lib\Qt5Concurrentd.prl
build-app	Install Qt	2026-04-14T01:14:38.8918329Z INFO    : Patching D:\a\robomongo\Qt\5.15.2\msvc2019_64\lib\Qt5Core.prl
build-app	Install Qt	2026-04-14T01:14:38.8924153Z INFO    : Patching D:\a\robomongo\Qt\5.15.2\msvc2019_64\lib\Qt5Cored.prl
build-app	Install Qt	2026-04-14T01:14:38.8929818Z INFO    : Patching D:\a\robomongo\Qt\5.15.2\msvc2019_64\lib\Qt5DBus.prl
build-app	Install Qt	2026-04-14T01:14:38.8934983Z INFO    : Patching D:\a\robomongo\Qt\5.15.2\msvc2019_64\lib\Qt5DBusd.prl
build-app	Install Qt	2026-04-14T01:14:38.8940228Z INFO    : Patching D:\a\robomongo\Qt\5.15.2\msvc2019_64\lib\Qt5Designer.prl
build-app	Install Qt	2026-04-14T01:14:38.8946263Z INFO    : Patching D:\a\robomongo\Qt\5.15.2\msvc2019_64\lib\Qt5DesignerComponents.prl
build-app	Install Qt	2026-04-14T01:14:38.8950962Z INFO    : Patching D:\a\robomongo\Qt\5.15.2\msvc2019_64\lib\Qt5DesignerComponentsd.prl
build-app	Install Qt	2026-04-14T01:14:38.8955932Z INFO    : Patching D:\a\robomongo\Qt\5.15.2\msvc2019_64\lib\Qt5Designerd.prl
build-app	Install Qt	2026-04-14T01:14:38.8960629Z INFO    : Patching D:\a\robomongo\Qt\5.15.2\msvc2019_64\lib\Qt5DeviceDiscoverySupport.prl
build-app	Install Qt	2026-04-14T01:14:38.8966410Z INFO    : Patching D:\a\robomongo\Qt\5.15.2\msvc2019_64\lib\Qt5DeviceDiscoverySupportd.prl
build-app	Install Qt	2026-04-14T01:14:38.8971129Z INFO    : Patching D:\a\robomongo\Qt\5.15.2\msvc2019_64\lib\Qt5EdidSupport.prl
build-app	Install Qt	2026-04-14T01:14:38.8976350Z INFO    : Patching D:\a\robomongo\Qt\5.15.2\msvc2019_64\lib\Qt5EdidSupportd.prl
build-app	Install Qt	2026-04-14T01:14:38.8981419Z INFO    : Patching D:\a\robomongo\Qt\5.15.2\msvc2019_64\lib\Qt5EglSupport.prl
build-app	Install Qt	2026-04-14T01:14:38.8987200Z INFO    : Patching D:\a\robomongo\Qt\5.15.2\msvc2019_64\lib\Qt5EglSupportd.prl
build-app	Install Qt	2026-04-14T01:14:38.8992020Z INFO    : Patching D:\a\robomongo\Qt\5.15.2\msvc2019_64\lib\Qt5EventDispatcherSupport.prl
build-app	Install Qt	2026-04-14T01:14:38.8997549Z INFO    : Patching D:\a\robomongo\Qt\5.15.2\msvc2019_64\lib\Qt5EventDispatcherSupportd.prl
build-app	Install Qt	2026-04-14T01:14:38.9002391Z INFO    : Patching D:\a\robomongo\Qt\5.15.2\msvc2019_64\lib\Qt5FbSupport.prl
build-app	Install Qt	2026-04-14T01:14:38.9007731Z INFO    : Patching D:\a\robomongo\Qt\5.15.2\msvc2019_64\lib\Qt5FbSupportd.prl
build-app	Install Qt	2026-04-14T01:14:38.9012479Z INFO    : Patching D:\a\robomongo\Qt\5.15.2\msvc2019_64\lib\Qt5FontDatabaseSupport.prl
build-app	Install Qt	2026-04-14T01:14:38.9017782Z INFO    : Patching D:\a\robomongo\Qt\5.15.2\msvc2019_64\lib\Qt5FontDatabaseSupportd.prl
build-app	Install Qt	2026-04-14T01:14:38.9022821Z INFO    : Patching D:\a\robomongo\Qt\5.15.2\msvc2019_64\lib\Qt5Gamepad.prl
build-app	Install Qt	2026-04-14T01:14:38.9028403Z INFO    : Patching D:\a\robomongo\Qt\5.15.2\msvc2019_64\lib\Qt5Gamepadd.prl
build-app	Install Qt	2026-04-14T01:14:38.9033523Z INFO    : Patching D:\a\robomongo\Qt\5.15.2\msvc2019_64\lib\Qt5Gui.prl
build-app	Install Qt	2026-04-14T01:14:38.9038884Z INFO    : Patching D:\a\robomongo\Qt\5.15.2\msvc2019_64\lib\Qt5Guid.prl
build-app	Install Qt	2026-04-14T01:14:38.9043788Z INFO    : Patching D:\a\robomongo\Qt\5.15.2\msvc2019_64\lib\Qt5Help.prl
build-app	Install Qt	2026-04-14T01:14:38.9049178Z INFO    : Patching D:\a\robomongo\Qt\5.15.2\msvc2019_64\lib\Qt5Helpd.prl
build-app	Install Qt	2026-04-14T01:14:38.9053924Z INFO    : Patching D:\a\robomongo\Qt\5.15.2\msvc2019_64\lib\Qt5Location.prl
build-app	Install Qt	2026-04-14T01:14:38.9058957Z INFO    : Patching D:\a\robomongo\Qt\5.15.2\msvc2019_64\lib\Qt5Locationd.prl
build-app	Install Qt	2026-04-14T01:14:38.9064898Z INFO    : Patching D:\a\robomongo\Qt\5.15.2\msvc2019_64\lib\Qt5Multimedia.prl
build-app	Install Qt	2026-04-14T01:14:38.9069668Z INFO    : Patching D:\a\robomongo\Qt\5.15.2\msvc2019_64\lib\Qt5Multimediad.prl
build-app	Install Qt	2026-04-14T01:14:38.9074726Z INFO    : Patching D:\a\robomongo\Qt\5.15.2\msvc2019_64\lib\Qt5MultimediaQuick.prl
build-app	Install Qt	2026-04-14T01:14:38.9079874Z INFO    : Patching D:\a\robomongo\Qt\5.15.2\msvc2019_64\lib\Qt5MultimediaQuickd.prl
build-app	Install Qt	2026-04-14T01:14:38.9085374Z INFO    : Patching D:\a\robomongo\Qt\5.15.2\msvc2019_64\lib\Qt5MultimediaWidgets.prl
build-app	Install Qt	2026-04-14T01:14:38.9090670Z INFO    : Patching D:\a\robomongo\Qt\5.15.2\msvc2019_64\lib\Qt5MultimediaWidgetsd.prl
build-app	Install Qt	2026-04-14T01:14:38.9095723Z INFO    : Patching D:\a\robomongo\Qt\5.15.2\msvc2019_64\lib\Qt5Network.prl
build-app	Install Qt	2026-04-14T01:14:38.9100642Z INFO    : Patching D:\a\robomongo\Qt\5.15.2\msvc2019_64\lib\Qt5Networkd.prl
build-app	Install Qt	2026-04-14T01:14:38.9105826Z INFO    : Patching D:\a\robomongo\Qt\5.15.2\msvc2019_64\lib\Qt5Nfc.prl
build-app	Install Qt	2026-04-14T01:14:38.9111149Z INFO    : Patching D:\a\robomongo\Qt\5.15.2\msvc2019_64\lib\Qt5Nfcd.prl
build-app	Install Qt	2026-04-14T01:14:38.9115839Z INFO    : Patching D:\a\robomongo\Qt\5.15.2\msvc2019_64\lib\Qt5OpenGL.prl
build-app	Install Qt	2026-04-14T01:14:38.9120885Z INFO    : Patching D:\a\robomongo\Qt\5.15.2\msvc2019_64\lib\Qt5OpenGLd.prl
build-app	Install Qt	2026-04-14T01:14:38.9126428Z INFO    : Patching D:\a\robomongo\Qt\5.15.2\msvc2019_64\lib\Qt5OpenGLExtensions.prl
build-app	Install Qt	2026-04-14T01:14:38.9131637Z INFO    : Patching D:\a\robomongo\Qt\5.15.2\msvc2019_64\lib\Qt5OpenGLExtensionsd.prl
build-app	Install Qt	2026-04-14T01:14:38.9136636Z INFO    : Patching D:\a\robomongo\Qt\5.15.2\msvc2019_64\lib\Qt5PacketProtocol.prl
build-app	Install Qt	2026-04-14T01:14:38.9141562Z INFO    : Patching D:\a\robomongo\Qt\5.15.2\msvc2019_64\lib\Qt5PacketProtocold.prl
build-app	Install Qt	2026-04-14T01:14:38.9147040Z INFO    : Patching D:\a\robomongo\Qt\5.15.2\msvc2019_64\lib\Qt5Pdf.prl
build-app	Install Qt	2026-04-14T01:14:38.9152173Z INFO    : Patching D:\a\robomongo\Qt\5.15.2\msvc2019_64\lib\Qt5Pdfd.prl
build-app	Install Qt	2026-04-14T01:14:38.9156931Z INFO    : Patching D:\a\robomongo\Qt\5.15.2\msvc2019_64\lib\Qt5PdfWidgets.prl
build-app	Install Qt	2026-04-14T01:14:38.9161968Z INFO    : Patching D:\a\robomongo\Qt\5.15.2\msvc2019_64\lib\Qt5PdfWidgetsd.prl
build-app	Install Qt	2026-04-14T01:14:38.9167804Z INFO    : Patching D:\a\robomongo\Qt\5.15.2\msvc2019_64\lib\Qt5PlatformCompositorSupport.prl
build-app	Install Qt	2026-04-14T01:14:38.9173395Z INFO    : Patching D:\a\robomongo\Qt\5.15.2\msvc2019_64\lib\Qt5PlatformCompositorSupportd.prl
build-app	Install Qt	2026-04-14T01:14:38.9178284Z INFO    : Patching D:\a\robomongo\Qt\5.15.2\msvc2019_64\lib\Qt5Positioning.prl
build-app	Install Qt	2026-04-14T01:14:38.9183526Z INFO    : Patching D:\a\robomongo\Qt\5.15.2\msvc2019_64\lib\Qt5Positioningd.prl
build-app	Install Qt	2026-04-14T01:14:38.9188426Z INFO    : Patching D:\a\robomongo\Qt\5.15.2\msvc2019_64\lib\Qt5PositioningQuick.prl
build-app	Install Qt	2026-04-14T01:14:38.9193145Z INFO    : Patching D:\a\robomongo\Qt\5.15.2\msvc2019_64\lib\Qt5PositioningQuickd.prl
build-app	Install Qt	2026-04-14T01:14:38.9198374Z INFO    : Patching D:\a\robomongo\Qt\5.15.2\msvc2019_64\lib\Qt5PrintSupport.prl
build-app	Install Qt	2026-04-14T01:14:38.9204488Z INFO    : Patching D:\a\robomongo\Qt\5.15.2\msvc2019_64\lib\Qt5PrintSupportd.prl
build-app	Install Qt	2026-04-14T01:14:38.9209010Z INFO    : Patching D:\a\robomongo\Qt\5.15.2\msvc2019_64\lib\Qt5Qml.prl
build-app	Install Qt	2026-04-14T01:14:38.9214023Z INFO    : Patching D:\a\robomongo\Qt\5.15.2\msvc2019_64\lib\Qt5Qmld.prl
build-app	Install Qt	2026-04-14T01:14:38.9219361Z INFO    : Patching D:\a\robomongo\Qt\5.15.2\msvc2019_64\lib\Qt5QmlDebug.prl
build-app	Install Qt	2026-04-14T01:14:38.9224915Z INFO    : Patching D:\a\robomongo\Qt\5.15.2\msvc2019_64\lib\Qt5QmlDebugd.prl
build-app	Install Qt	2026-04-14T01:14:38.9230185Z INFO    : Patching D:\a\robomongo\Qt\5.15.2\msvc2019_64\lib\Qt5QmlDevTools.prl
build-app	Install Qt	2026-04-14T01:14:38.9235183Z INFO    : Patching D:\a\robomongo\Qt\5.15.2\msvc2019_64\lib\Qt5QmlModels.prl
build-app	Install Qt	2026-04-14T01:14:38.9240292Z INFO    : Patching D:\a\robomongo\Qt\5.15.2\msvc2019_64\lib\Qt5QmlModelsd.prl
build-app	Install Qt	2026-04-14T01:14:38.9246477Z INFO    : Patching D:\a\robomongo\Qt\5.15.2\msvc2019_64\lib\Qt5QmlWorkerScript.prl
build-app	Install Qt	2026-04-14T01:14:38.9252070Z INFO    : Patching D:\a\robomongo\Qt\5.15.2\msvc2019_64\lib\Qt5QmlWorkerScriptd.prl
build-app	Install Qt	2026-04-14T01:14:38.9257338Z INFO    : Patching D:\a\robomongo\Qt\5.15.2\msvc2019_64\lib\Qt5Quick.prl
build-app	Install Qt	2026-04-14T01:14:38.9262879Z INFO    : Patching D:\a\robomongo\Qt\5.15.2\msvc2019_64\lib\Qt5QuickControls2.prl
build-app	Install Qt	2026-04-14T01:14:38.9268756Z INFO    : Patching D:\a\robomongo\Qt\5.15.2\msvc2019_64\lib\Qt5QuickControls2d.prl
build-app	Install Qt	2026-04-14T01:14:38.9273319Z INFO    : Patching D:\a\robomongo\Qt\5.15.2\msvc2019_64\lib\Qt5Quickd.prl
build-app	Install Qt	2026-04-14T01:14:38.9278674Z INFO    : Patching D:\a\robomongo\Qt\5.15.2\msvc2019_64\lib\Qt5QuickParticles.prl
build-app	Install Qt	2026-04-14T01:14:38.9283953Z INFO    : Patching D:\a\robomongo\Qt\5.15.2\msvc2019_64\lib\Qt5QuickParticlesd.prl
build-app	Install Qt	2026-04-14T01:14:38.9288974Z INFO    : Patching D:\a\robomongo\Qt\5.15.2\msvc2019_64\lib\Qt5QuickShapes.prl
build-app	Install Qt	2026-04-14T01:14:38.9294540Z INFO    : Patching D:\a\robomongo\Qt\5.15.2\msvc2019_64\lib\Qt5QuickShapesd.prl
build-app	Install Qt	2026-04-14T01:14:38.9300471Z INFO    : Patching D:\a\robomongo\Qt\5.15.2\msvc2019_64\lib\Qt5QuickTemplates2.prl
build-app	Install Qt	2026-04-14T01:14:38.9305326Z INFO    : Patching D:\a\robomongo\Qt\5.15.2\msvc2019_64\lib\Qt5QuickTemplates2d.prl
build-app	Install Qt	2026-04-14T01:14:38.9310498Z INFO    : Patching D:\a\robomongo\Qt\5.15.2\msvc2019_64\lib\Qt5QuickTest.prl
build-app	Install Qt	2026-04-14T01:14:38.9315608Z INFO    : Patching D:\a\robomongo\Qt\5.15.2\msvc2019_64\lib\Qt5QuickTestd.prl
build-app	Install Qt	2026-04-14T01:14:38.9321087Z INFO    : Patching D:\a\robomongo\Qt\5.15.2\msvc2019_64\lib\Qt5QuickWidgets.prl
build-app	Install Qt	2026-04-14T01:14:38.9326575Z INFO    : Patching D:\a\robomongo\Qt\5.15.2\msvc2019_64\lib\Qt5QuickWidgetsd.prl
build-app	Install Qt	2026-04-14T01:14:38.9331671Z INFO    : Patching D:\a\robomongo\Qt\5.15.2\msvc2019_64\lib\Qt5RemoteObjects.prl
build-app	Install Qt	2026-04-14T01:14:38.9337031Z INFO    : Patching D:\a\robomongo\Qt\5.15.2\msvc2019_64\lib\Qt5RemoteObjectsd.prl
build-app	Install Qt	2026-04-14T01:14:38.9342333Z INFO    : Patching D:\a\robomongo\Qt\5.15.2\msvc2019_64\lib\Qt5Scxml.prl
build-app	Install Qt	2026-04-14T01:14:38.9347339Z INFO    : Patching D:\a\robomongo\Qt\5.15.2\msvc2019_64\lib\Qt5Scxmld.prl
build-app	Install Qt	2026-04-14T01:14:38.9353069Z INFO    : Patching D:\a\robomongo\Qt\5.15.2\msvc2019_64\lib\Qt5Sensors.prl
build-app	Install Qt	2026-04-14T01:14:38.9358433Z INFO    : Patching D:\a\robomongo\Qt\5.15.2\msvc2019_64\lib\Qt5Sensorsd.prl
build-app	Install Qt	2026-04-14T01:14:38.9363563Z INFO    : Patching D:\a\robomongo\Qt\5.15.2\msvc2019_64\lib\Qt5SerialBus.prl
build-app	Install Qt	2026-04-14T01:14:38.9368864Z INFO    : Patching D:\a\robomongo\Qt\5.15.2\msvc2019_64\lib\Qt5SerialBusd.prl
build-app	Install Qt	2026-04-14T01:14:38.9373795Z INFO    : Patching D:\a\robomongo\Qt\5.15.2\msvc2019_64\lib\Qt5SerialPort.prl
build-app	Install Qt	2026-04-14T01:14:38.9379165Z INFO    : Patching D:\a\robomongo\Qt\5.15.2\msvc2019_64\lib\Qt5SerialPortd.prl
build-app	Install Qt	2026-04-14T01:14:38.9384852Z INFO    : Patching D:\a\robomongo\Qt\5.15.2\msvc2019_64\lib\Qt5Sql.prl
build-app	Install Qt	2026-04-14T01:14:38.9389986Z INFO    : Patching D:\a\robomongo\Qt\5.15.2\msvc2019_64\lib\Qt5Sqld.prl
build-app	Install Qt	2026-04-14T01:14:38.9395020Z INFO    : Patching D:\a\robomongo\Qt\5.15.2\msvc2019_64\lib\Qt5Svg.prl
build-app	Install Qt	2026-04-14T01:14:38.9400809Z INFO    : Patching D:\a\robomongo\Qt\5.15.2\msvc2019_64\lib\Qt5Svgd.prl
build-app	Install Qt	2026-04-14T01:14:38.9405896Z INFO    : Patching D:\a\robomongo\Qt\5.15.2\msvc2019_64\lib\Qt5Test.prl
build-app	Install Qt	2026-04-14T01:14:38.9410929Z INFO    : Patching D:\a\robomongo\Qt\5.15.2\msvc2019_64\lib\Qt5Testd.prl
build-app	Install Qt	2026-04-14T01:14:38.9415927Z INFO    : Patching D:\a\robomongo\Qt\5.15.2\msvc2019_64\lib\Qt5TextToSpeech.prl
build-app	Install Qt	2026-04-14T01:14:38.9421490Z INFO    : Patching D:\a\robomongo\Qt\5.15.2\msvc2019_64\lib\Qt5TextToSpeechd.prl
build-app	Install Qt	2026-04-14T01:14:38.9426293Z INFO    : Patching D:\a\robomongo\Qt\5.15.2\msvc2019_64\lib\Qt5ThemeSupport.prl
build-app	Install Qt	2026-04-14T01:14:38.9431618Z INFO    : Patching D:\a\robomongo\Qt\5.15.2\msvc2019_64\lib\Qt5ThemeSupportd.prl
build-app	Install Qt	2026-04-14T01:14:38.9436893Z INFO    : Patching D:\a\robomongo\Qt\5.15.2\msvc2019_64\lib\Qt5UiTools.prl
build-app	Install Qt	2026-04-14T01:14:38.9441520Z INFO    : Patching D:\a\robomongo\Qt\5.15.2\msvc2019_64\lib\Qt5UiToolsd.prl
build-app	Install Qt	2026-04-14T01:14:38.9447263Z INFO    : Patching D:\a\robomongo\Qt\5.15.2\msvc2019_64\lib\Qt5VulkanSupport.prl
build-app	Install Qt	2026-04-14T01:14:38.9452372Z INFO    : Patching D:\a\robomongo\Qt\5.15.2\msvc2019_64\lib\Qt5VulkanSupportd.prl
build-app	Install Qt	2026-04-14T01:14:38.9457402Z INFO    : Patching D:\a\robomongo\Qt\5.15.2\msvc2019_64\lib\Qt5WebChannel.prl
build-app	Install Qt	2026-04-14T01:14:38.9463049Z INFO    : Patching D:\a\robomongo\Qt\5.15.2\msvc2019_64\lib\Qt5WebChanneld.prl
build-app	Install Qt	2026-04-14T01:14:38.9467844Z INFO    : Patching D:\a\robomongo\Qt\5.15.2\msvc2019_64\lib\Qt5WebEngine.prl
build-app	Install Qt	2026-04-14T01:14:38.9473001Z INFO    : Patching D:\a\robomongo\Qt\5.15.2\msvc2019_64\lib\Qt5WebEngineCore.prl
build-app	Install Qt	2026-04-14T01:14:38.9478731Z INFO    : Patching D:\a\robomongo\Qt\5.15.2\msvc2019_64\lib\Qt5WebEngineCored.prl
build-app	Install Qt	2026-04-14T01:14:38.9484546Z INFO    : Patching D:\a\robomongo\Qt\5.15.2\msvc2019_64\lib\Qt5WebEngined.prl
build-app	Install Qt	2026-04-14T01:14:38.9490117Z INFO    : Patching D:\a\robomongo\Qt\5.15.2\msvc2019_64\lib\Qt5WebEngineWidgets.prl
build-app	Install Qt	2026-04-14T01:14:38.9495428Z INFO    : Patching D:\a\robomongo\Qt\5.15.2\msvc2019_64\lib\Qt5WebEngineWidgetsd.prl
build-app	Install Qt	2026-04-14T01:14:38.9500411Z INFO    : Patching D:\a\robomongo\Qt\5.15.2\msvc2019_64\lib\Qt5WebSockets.prl
build-app	Install Qt	2026-04-14T01:14:38.9506471Z INFO    : Patching D:\a\robomongo\Qt\5.15.2\msvc2019_64\lib\Qt5WebSocketsd.prl
build-app	Install Qt	2026-04-14T01:14:38.9511922Z INFO    : Patching D:\a\robomongo\Qt\5.15.2\msvc2019_64\lib\Qt5WebView.prl
build-app	Install Qt	2026-04-14T01:14:38.9516767Z INFO    : Patching D:\a\robomongo\Qt\5.15.2\msvc2019_64\lib\Qt5WebViewd.prl
build-app	Install Qt	2026-04-14T01:14:38.9521797Z INFO    : Patching D:\a\robomongo\Qt\5.15.2\msvc2019_64\lib\Qt5Widgets.prl
build-app	Install Qt	2026-04-14T01:14:38.9526843Z INFO    : Patching D:\a\robomongo\Qt\5.15.2\msvc2019_64\lib\Qt5Widgetsd.prl
build-app	Install Qt	2026-04-14T01:14:38.9532328Z INFO    : Patching D:\a\robomongo\Qt\5.15.2\msvc2019_64\lib\Qt5WindowsUIAutomationSupport.prl
build-app	Install Qt	2026-04-14T01:14:38.9537625Z INFO    : Patching D:\a\robomongo\Qt\5.15.2\msvc2019_64\lib\Qt5WindowsUIAutomationSupportd.prl
build-app	Install Qt	2026-04-14T01:14:38.9543653Z INFO    : Patching D:\a\robomongo\Qt\5.15.2\msvc2019_64\lib\Qt5WinExtras.prl
build-app	Install Qt	2026-04-14T01:14:38.9548767Z INFO    : Patching D:\a\robomongo\Qt\5.15.2\msvc2019_64\lib\Qt5WinExtrasd.prl
build-app	Install Qt	2026-04-14T01:14:38.9553652Z INFO    : Patching D:\a\robomongo\Qt\5.15.2\msvc2019_64\lib\Qt5Xml.prl
build-app	Install Qt	2026-04-14T01:14:38.9559148Z INFO    : Patching D:\a\robomongo\Qt\5.15.2\msvc2019_64\lib\Qt5Xmld.prl
build-app	Install Qt	2026-04-14T01:14:38.9564398Z INFO    : Patching D:\a\robomongo\Qt\5.15.2\msvc2019_64\lib\Qt5XmlPatterns.prl
build-app	Install Qt	2026-04-14T01:14:38.9569628Z INFO    : Patching D:\a\robomongo\Qt\5.15.2\msvc2019_64\lib\Qt5XmlPatternsd.prl
build-app	Install Qt	2026-04-14T01:14:38.9575105Z INFO    : Patching D:\a\robomongo\Qt\5.15.2\msvc2019_64\lib\qtfreetype.prl
build-app	Install Qt	2026-04-14T01:14:38.9580435Z INFO    : Patching D:\a\robomongo\Qt\5.15.2\msvc2019_64\lib\qtfreetyped.prl
build-app	Install Qt	2026-04-14T01:14:38.9585340Z INFO    : Patching D:\a\robomongo\Qt\5.15.2\msvc2019_64\lib\qtlibpng.prl
build-app	Install Qt	2026-04-14T01:14:38.9590215Z INFO    : Patching D:\a\robomongo\Qt\5.15.2\msvc2019_64\lib\qtlibpngd.prl
build-app	Install Qt	2026-04-14T01:14:38.9595285Z INFO    : Patching D:\a\robomongo\Qt\5.15.2\msvc2019_64\lib\qtmain.prl
build-app	Install Qt	2026-04-14T01:14:38.9600443Z INFO    : Patching D:\a\robomongo\Qt\5.15.2\msvc2019_64\lib\qtmaind.prl
build-app	Install Qt	2026-04-14T01:14:38.9608694Z INFO    : Finished installation
build-app	Install Qt	2026-04-14T01:14:38.9609605Z INFO    : Time elapsed: 18.36890310 second
build-app	Cache Robo Shell (Restoring from Cloud)	锘?026-04-14T01:14:39.0300287Z ##[group]Run actions/cache@v4
build-app	Cache Robo Shell (Restoring from Cloud)	2026-04-14T01:14:39.0300597Z with:
build-app	Cache Robo Shell (Restoring from Cloud)	2026-04-14T01:14:39.0300768Z   path: robo-shell/build
build-app	Cache Robo Shell (Restoring from Cloud)	2026-04-14T01:14:39.0300999Z   key: Windows-robo-shell-v141-stable
build-app	Cache Robo Shell (Restoring from Cloud)	2026-04-14T01:14:39.0301281Z   restore-keys: Windows-robo-shell-v141-
build-app	Cache Robo Shell (Restoring from Cloud)	
build-app	Cache Robo Shell (Restoring from Cloud)	2026-04-14T01:14:39.0301547Z   fail-on-cache-miss: false
build-app	Cache Robo Shell (Restoring from Cloud)	2026-04-14T01:14:39.0301757Z   enableCrossOsArchive: false
build-app	Cache Robo Shell (Restoring from Cloud)	2026-04-14T01:14:39.0301964Z   lookup-only: false
build-app	Cache Robo Shell (Restoring from Cloud)	2026-04-14T01:14:39.0302412Z   save-always: false
build-app	Cache Robo Shell (Restoring from Cloud)	2026-04-14T01:14:39.0302575Z env:
build-app	Cache Robo Shell (Restoring from Cloud)	2026-04-14T01:14:39.0302799Z   pythonLocation: C:\hostedtoolcache\windows\Python\3.10.11\x64
build-app	Cache Robo Shell (Restoring from Cloud)	2026-04-14T01:14:39.0303254Z   PKG_CONFIG_PATH: C:\hostedtoolcache\windows\Python\3.10.11\x64/lib/pkgconfig
build-app	Cache Robo Shell (Restoring from Cloud)	2026-04-14T01:14:39.0303691Z   Python_ROOT_DIR: C:\hostedtoolcache\windows\Python\3.10.11\x64
build-app	Cache Robo Shell (Restoring from Cloud)	2026-04-14T01:14:39.0304066Z   Python2_ROOT_DIR: C:\hostedtoolcache\windows\Python\3.10.11\x64
build-app	Cache Robo Shell (Restoring from Cloud)	2026-04-14T01:14:39.0304436Z   Python3_ROOT_DIR: C:\hostedtoolcache\windows\Python\3.10.11\x64
build-app	Cache Robo Shell (Restoring from Cloud)	2026-04-14T01:14:39.0304767Z   CommandPromptType: Native
build-app	Cache Robo Shell (Restoring from Cloud)	2026-04-14T01:14:39.0305096Z   DevEnvDir: C:\Program Files\Microsoft Visual Studio\2022\Enterprise\Common7\IDE\
build-app	Cache Robo Shell (Restoring from Cloud)	2026-04-14T01:14:39.0305584Z   ExtensionSdkDir: C:\Program Files (x86)\Microsoft SDKs\Windows Kits\10\ExtensionSDKs
build-app	Cache Robo Shell (Restoring from Cloud)	2026-04-14T01:14:39.0307951Z   EXTERNAL_INCLUDE: C:\Program Files\Microsoft Visual Studio\2022\Enterprise\VC\Tools\MSVC\14.16.27023\include;C:\Program Files\Microsoft Visual Studio\2022\Enterprise\VC\Tools\MSVC\14.16.27023\ATLMFC\include;C:\Program Files\Microsoft Visual Studio\2022\Enterprise\VC\Auxiliary\VS\include;C:\Program Files (x86)\Windows Kits\10\include\10.0.26100.0\ucrt;C:\Program Files (x86)\Windows Kits\10\\include\10.0.26100.0\\um;C:\Program Files (x86)\Windows Kits\10\\include\10.0.26100.0\\shared;C:\Program Files (x86)\Windows Kits\10\\include\10.0.26100.0\\winrt;C:\Program Files (x86)\Windows Kits\10\\include\10.0.26100.0\\cppwinrt;C:\Program Files (x86)\Windows Kits\NETFXSDK\4.8\include\um
build-app	Cache Robo Shell (Restoring from Cloud)	2026-04-14T01:14:39.0310223Z   Framework40Version: v4.0
build-app	Cache Robo Shell (Restoring from Cloud)	2026-04-14T01:14:39.0310479Z   FrameworkDir: C:\Windows\Microsoft.NET\Framework64\
build-app	Cache Robo Shell (Restoring from Cloud)	2026-04-14T01:14:39.0310795Z   FrameworkDir64: C:\Windows\Microsoft.NET\Framework64\
build-app	Cache Robo Shell (Restoring from Cloud)	2026-04-14T01:14:39.0311072Z   FrameworkVersion: v4.0.30319
build-app	Cache Robo Shell (Restoring from Cloud)	2026-04-14T01:14:39.0311274Z   FrameworkVersion64: v4.0.30319
build-app	Cache Robo Shell (Restoring from Cloud)	2026-04-14T01:14:39.0311783Z   FSHARPINSTALLDIR: C:\Program Files\Microsoft Visual Studio\2022\Enterprise\Common7\IDE\CommonExtensions\Microsoft\FSharp\Tools
build-app	Cache Robo Shell (Restoring from Cloud)	2026-04-14T01:14:39.0312364Z   HTMLHelpDir: C:\Program Files (x86)\HTML Help Workshop
build-app	Cache Robo Shell (Restoring from Cloud)	2026-04-14T01:14:39.0315005Z   INCLUDE: C:\Program Files\Microsoft Visual Studio\2022\Enterprise\VC\Tools\MSVC\14.16.27023\include;C:\Program Files\Microsoft Visual Studio\2022\Enterprise\VC\Tools\MSVC\14.16.27023\ATLMFC\include;C:\Program Files\Microsoft Visual Studio\2022\Enterprise\VC\Auxiliary\VS\include;C:\Program Files (x86)\Windows Kits\10\include\10.0.26100.0\ucrt;C:\Program Files (x86)\Windows Kits\10\\include\10.0.26100.0\\um;C:\Program Files (x86)\Windows Kits\10\\include\10.0.26100.0\\shared;C:\Program Files (x86)\Windows Kits\10\\include\10.0.26100.0\\winrt;C:\Program Files (x86)\Windows Kits\10\\include\10.0.26100.0\\cppwinrt;C:\Program Files (x86)\Windows Kits\NETFXSDK\4.8\include\um
build-app	Cache Robo Shell (Restoring from Cloud)	2026-04-14T01:14:39.0317348Z   is_x64_arch: true
build-app	Cache Robo Shell (Restoring from Cloud)	2026-04-14T01:14:39.0318581Z   LIB: C:\Program Files\Microsoft Visual Studio\2022\Enterprise\VC\Tools\MSVC\14.16.27023\ATLMFC\lib\x64;C:\Program Files\Microsoft Visual Studio\2022\Enterprise\VC\Tools\MSVC\14.16.27023\lib\x64;C:\Program Files (x86)\Windows Kits\NETFXSDK\4.8\lib\um\x64;C:\Program Files (x86)\Windows Kits\10\lib\10.0.26100.0\ucrt\x64;C:\Program Files (x86)\Windows Kits\10\\lib\10.0.26100.0\\um\x64
build-app	Cache Robo Shell (Restoring from Cloud)	2026-04-14T01:14:39.0321254Z   LIBPATH: C:\Program Files\Microsoft Visual Studio\2022\Enterprise\VC\Tools\MSVC\14.16.27023\ATLMFC\lib\x64;C:\Program Files\Microsoft Visual Studio\2022\Enterprise\VC\Tools\MSVC\14.16.27023\lib\x64;C:\Program Files\Microsoft Visual Studio\2022\Enterprise\VC\Tools\MSVC\14.16.27023\lib\x86\store\references;C:\Program Files (x86)\Windows Kits\10\UnionMetadata\10.0.26100.0;C:\Program Files (x86)\Windows Kits\10\References\10.0.26100.0;C:\Windows\Microsoft.NET\Framework64\v4.0.30319
build-app	Cache Robo Shell (Restoring from Cloud)	2026-04-14T01:14:39.0325087Z   NETFXSDKDir: C:\Program Files (x86)\Windows Kits\NETFXSDK\4.8\
build-app	Cache Robo Shell (Restoring from Cloud)	2026-04-14T01:14:39.0340765Z   Path: C:\Program Files\Microsoft Visual Studio\2022\Enterprise\VC\Tools\MSVC\14.16.27023\bin\HostX64\x64;C:\Program Files\Microsoft Visual Studio\2022\Enterprise\Common7\IDE\VC\VCPackages;C:\Program Files\Microsoft Visual Studio\2022\Enterprise\Common7\IDE\CommonExtensions\Microsoft\TestWindow;C:\Program Files\Microsoft Visual Studio\2022\Enterprise\Common7\IDE\CommonExtensions\Microsoft\TeamFoundation\Team Explorer;C:\Program Files\Microsoft Visual Studio\2022\Enterprise\MSBuild\Current\bin\Roslyn;C:\Program Files (x86)\Microsoft SDKs\Windows\v10.0A\bin\NETFX 4.8 Tools\x64\;C:\Program Files (x86)\HTML Help Workshop;C:\Program Files\Microsoft Visual Studio\2022\Enterprise\Common7\IDE\CommonExtensions\Microsoft\FSharp\Tools;C:\Program Files\Microsoft Visual Studio\2022\Enterprise\Team Tools\DiagnosticsHub\Collector;C:\Program Files\Microsoft Visual Studio\2022\Enterprise\Common7\IDE\Extensions\Microsoft\CodeCoverage.Console;C:\Program Files\Microsoft Visual Studio\2022\Enterprise\VC\Tools\Llvm\x64\bin;C:\Program Files (x86)\Windows Kits\10\bin\10.0.26100.0\\x64;C:\Program Files (x86)\Windows Kits\10\bin\\x64;C:\Program Files\Microsoft Visual Studio\2022\Enterprise\\MSBuild\Current\Bin\amd64;C:\Windows\Microsoft.NET\Framework64\v4.0.30319;C:\Program Files\Microsoft Visual Studio\2022\Enterprise\Common7\IDE\;C:\Program Files\Microsoft Visual Studio\2022\Enterprise\Common7\Tools\;C:\Users\runneradmin\AppData\Roaming\Python\Python310\Scripts;C:\hostedtoolcache\windows\Python\3.10.11\x64\Scripts;C:\hostedtoolcache\windows\Python\3.10.11\x64;C:\Program Files\MongoDB\Server\7.0\bin;C:\vcpkg;C:\tools\zstd;C:\hostedtoolcache\windows\stack\3.9.3\x64;C:\cabal\bin;C:\\ghcup\bin;C:\mingw64\bin;C:\Program Files\dotnet;C:\Program Files\MySQL\MySQL Server 8.0\bin;C:\Program Files\R\R-4.5.3\bin\x64;C:\SeleniumWebDrivers\GeckoDriver;C:\SeleniumWebDrivers\EdgeDriver\;C:\SeleniumWebDrivers\ChromeDriver;C:\Program Files (x86)\sbt\bin;C:\Program Files (x86)\GitHub CLI;C:\Program Files\Git\bin;C:\Program Files (x86)\pipx_bin;C:\npm\prefix;C:\hostedtoolcache\windows\go\1.24.13\x64\bin;C:\hostedtoolcache\windows\Python\3.12.10\x64\Scripts;C:\hostedtoolcache\windows\Python\3.12.10\x64;C:\hostedtoolcache\windows\Ruby\3.3.11\x64\bin;C:\Program Files\OpenSSL\bin;C:\tools\kotlinc\bin;C:\hostedtoolcache\windows\Java_Temurin-Hotspot_jdk\17.0.18-8\x64\bin;C:\Program Files\ImageMagick-7.1.2-Q16-HDRI;C:\Program Files\Microsoft SDKs\Azure\CLI2\wbin;C:\ProgramData\kind;C:\ProgramData\Chocolatey\bin;C:\Windows\system32;C:\Windows;C:\Windows\System32\Wbem;C:\Windows\System32\WindowsPowerShell\v1.0\;C:\Windows\System32\OpenSSH\;C:\Program Files\PowerShell\7\;C:\Program Files\Microsoft\Web Platform Installer\;C:\Program Files\Microsoft SQL Server\Client SDK\ODBC\170\Tools\Binn\;C:\Program Files\Microsoft SQL Server\150\Tools\Binn\;C:\Program Files\dotnet\;C:\Program Files (x86)\Windows Kits\10\Windows Performance Toolkit\;C:\Program Files (x86)\WiX Toolset v3.14\bin;C:\Program Files\Microsoft SQL Server\130\DTS\Binn\;C:\Program Files\Microsoft SQL Server\140\DTS\Binn\;C:\Program Files\Microsoft SQL Server\150\DTS\Binn\;C:\Program Files\Microsoft SQL Server\160\DTS\Binn\;C:\Program Files\Microsoft SQL Server\170\DTS\Binn\;C:\ProgramData\chocolatey\lib\pulumi\tools\Pulumi\bin;C:\Program Files\CMake\bin;C:\Strawberry\c\bin;C:\Strawberry\perl\site\bin;C:\Strawberry\perl\bin;C:\ProgramData\chocolatey\lib\maven\apache-maven-3.9.14\bin;C:\Program Files\Microsoft Service Fabric\bin\Fabric\Fabric.Code;C:\Program Files\Microsoft SDKs\Service Fabric\Tools\ServiceFabricLocalClusterManager;C:\Program Files\nodejs\;C:\Program Files\Git\cmd;C:\Program Files\Git\mingw64\bin;C:\Program Files\Git\usr\bin;C:\Program Files\GitHub CLI\;c:\tools\php;C:\Program Files\Amazon\AWSCLIV2\;C:\Program Files\Amazon\SessionManagerPlugin\bin\;C:\Program Files\Amazon\AWSSAMCLI\bin\;C:\Program Files\Microsoft SQL Server\130\Tools\Binn\;C:\Program Files\mongosh\;C:\Program Files\LLVM\bin;C:\Program Files (x86)\LLVM\bin;C:\Users\runneradmin\.dotnet\tools;C:\Users\runneradmin\.cargo\bin;C:\Users\runneradmin\AppData\Local\Microsoft\WindowsApps;C:\Program Files (x86)\Microsoft Visual Studio\Installer;C:\Program Files\Microsoft Visual Studio\2022\Enterprise\Common7\IDE\CommonExtensions\Microsoft\CMake\CMake\bin;C:\Program Files\Microsoft Visual Studio\2022\Enterprise\Common7\IDE\CommonExtensions\Microsoft\CMake\Ninja;C:\Program Files\Microsoft Visual Studio\2022\Enterprise\Common7\IDE\VC\Linux\bin\ConnectionManagerExe;C:\Program Files\Microsoft Visual Studio\2022\Enterprise\VC\vcpkg
build-app	Cache Robo Shell (Restoring from Cloud)	2026-04-14T01:14:39.0357296Z   Platform: x64
build-app	Cache Robo Shell (Restoring from Cloud)	2026-04-14T01:14:39.0357461Z   UCRTVersion: 10.0.26100.0
build-app	Cache Robo Shell (Restoring from Cloud)	2026-04-14T01:14:39.0357729Z   UniversalCRTSdkDir: C:\Program Files (x86)\Windows Kits\10\
build-app	Cache Robo Shell (Restoring from Cloud)	2026-04-14T01:14:39.0358191Z   VCIDEInstallDir: C:\Program Files\Microsoft Visual Studio\2022\Enterprise\Common7\IDE\VC\
build-app	Cache Robo Shell (Restoring from Cloud)	2026-04-14T01:14:39.0358692Z   VCINSTALLDIR: C:\Program Files\Microsoft Visual Studio\2022\Enterprise\VC\
build-app	Cache Robo Shell (Restoring from Cloud)	2026-04-14T01:14:39.0359142Z   VCPKG_ROOT: C:\Program Files\Microsoft Visual Studio\2022\Enterprise\VC\vcpkg
build-app	Cache Robo Shell (Restoring from Cloud)	2026-04-14T01:14:39.0359675Z   VCToolsInstallDir: C:\Program Files\Microsoft Visual Studio\2022\Enterprise\VC\Tools\MSVC\14.16.27023\
build-app	Cache Robo Shell (Restoring from Cloud)	2026-04-14T01:14:39.0360304Z   VCToolsRedistDir: C:\Program Files\Microsoft Visual Studio\2022\Enterprise\VC\Redist\MSVC\14.44.35112\
build-app	Cache Robo Shell (Restoring from Cloud)	2026-04-14T01:14:39.0360734Z   VCToolsVersion: 14.16.27023
build-app	Cache Robo Shell (Restoring from Cloud)	2026-04-14T01:14:39.0360927Z   VisualStudioVersion: 17.0
build-app	Cache Robo Shell (Restoring from Cloud)	2026-04-14T01:14:39.0361260Z   VS170COMNTOOLS: C:\Program Files\Microsoft Visual Studio\2022\Enterprise\Common7\Tools\
build-app	Cache Robo Shell (Restoring from Cloud)	2026-04-14T01:14:39.0361636Z   VSCMD_ARG_app_plat: Desktop
build-app	Cache Robo Shell (Restoring from Cloud)	2026-04-14T01:14:39.0361828Z   VSCMD_ARG_HOST_ARCH: x64
build-app	Cache Robo Shell (Restoring from Cloud)	2026-04-14T01:14:39.0362007Z   VSCMD_ARG_TGT_ARCH: x64
build-app	Cache Robo Shell (Restoring from Cloud)	2026-04-14T01:14:39.0362189Z   VSCMD_ARG_VCVARS_VER: 14.1
build-app	Cache Robo Shell (Restoring from Cloud)	2026-04-14T01:14:39.0362368Z   VSCMD_VER: 17.14.29
build-app	Cache Robo Shell (Restoring from Cloud)	2026-04-14T01:14:39.0362632Z   VSINSTALLDIR: C:\Program Files\Microsoft Visual Studio\2022\Enterprise\
build-app	Cache Robo Shell (Restoring from Cloud)	2026-04-14T01:14:39.0363082Z   VSSDK150INSTALL: C:\Program Files\Microsoft Visual Studio\2022\Enterprise\VSSDK
build-app	Cache Robo Shell (Restoring from Cloud)	2026-04-14T01:14:39.0363538Z   VSSDKINSTALL: C:\Program Files\Microsoft Visual Studio\2022\Enterprise\VSSDK
build-app	Cache Robo Shell (Restoring from Cloud)	2026-04-14T01:14:39.0364195Z   WindowsLibPath: C:\Program Files (x86)\Windows Kits\10\UnionMetadata\10.0.26100.0;C:\Program Files (x86)\Windows Kits\10\References\10.0.26100.0
build-app	Cache Robo Shell (Restoring from Cloud)	2026-04-14T01:14:39.0364825Z   WindowsSdkBinPath: C:\Program Files (x86)\Windows Kits\10\bin\
build-app	Cache Robo Shell (Restoring from Cloud)	2026-04-14T01:14:39.0365214Z   WindowsSdkDir: C:\Program Files (x86)\Windows Kits\10\
build-app	Cache Robo Shell (Restoring from Cloud)	2026-04-14T01:14:39.0365489Z   WindowsSDKLibVersion: 10.0.26100.0\
build-app	Cache Robo Shell (Restoring from Cloud)	2026-04-14T01:14:39.0365816Z   WindowsSdkVerBinPath: C:\Program Files (x86)\Windows Kits\10\bin\10.0.26100.0\
build-app	Cache Robo Shell (Restoring from Cloud)	2026-04-14T01:14:39.0366164Z   WindowsSDKVersion: 10.0.26100.0\
build-app	Cache Robo Shell (Restoring from Cloud)	2026-04-14T01:14:39.0366577Z   WindowsSDK_ExecutablePath_x64: C:\Program Files (x86)\Microsoft SDKs\Windows\v10.0A\bin\NETFX 4.8 Tools\x64\
build-app	Cache Robo Shell (Restoring from Cloud)	2026-04-14T01:14:39.0367210Z   WindowsSDK_ExecutablePath_x86: C:\Program Files (x86)\Microsoft SDKs\Windows\v10.0A\bin\NETFX 4.8 Tools\
build-app	Cache Robo Shell (Restoring from Cloud)	2026-04-14T01:14:39.0367627Z   __DOTNET_ADD_64BIT: 1
build-app	Cache Robo Shell (Restoring from Cloud)	2026-04-14T01:14:39.0367798Z   __DOTNET_PREFERRED_BITNESS: 64
build-app	Cache Robo Shell (Restoring from Cloud)	2026-04-14T01:14:39.0377414Z   __VSCMD_PREINIT_PATH: C:\Users\runneradmin\AppData\Roaming\Python\Python310\Scripts;C:\hostedtoolcache\windows\Python\3.10.11\x64\Scripts;C:\hostedtoolcache\windows\Python\3.10.11\x64;C:\Program Files\MongoDB\Server\7.0\bin;C:\vcpkg;C:\tools\zstd;C:\hostedtoolcache\windows\stack\3.9.3\x64;C:\cabal\bin;C:\\ghcup\bin;C:\mingw64\bin;C:\Program Files\dotnet;C:\Program Files\MySQL\MySQL Server 8.0\bin;C:\Program Files\R\R-4.5.3\bin\x64;C:\SeleniumWebDrivers\GeckoDriver;C:\SeleniumWebDrivers\EdgeDriver\;C:\SeleniumWebDrivers\ChromeDriver;C:\Program Files (x86)\sbt\bin;C:\Program Files (x86)\GitHub CLI;C:\Program Files\Git\bin;C:\Program Files (x86)\pipx_bin;C:\npm\prefix;C:\hostedtoolcache\windows\go\1.24.13\x64\bin;C:\hostedtoolcache\windows\Python\3.12.10\x64\Scripts;C:\hostedtoolcache\windows\Python\3.12.10\x64;C:\hostedtoolcache\windows\Ruby\3.3.11\x64\bin;C:\Program Files\OpenSSL\bin;C:\tools\kotlinc\bin;C:\hostedtoolcache\windows\Java_Temurin-Hotspot_jdk\17.0.18-8\x64\bin;C:\Program Files\ImageMagick-7.1.2-Q16-HDRI;C:\Program Files\Microsoft SDKs\Azure\CLI2\wbin;C:\ProgramData\kind;C:\ProgramData\Chocolatey\bin;C:\Windows\system32;C:\Windows;C:\Windows\System32\Wbem;C:\Windows\System32\WindowsPowerShell\v1.0\;C:\Windows\System32\OpenSSH\;C:\Program Files\PowerShell\7\;C:\Program Files\Microsoft\Web Platform Installer\;C:\Program Files\Microsoft SQL Server\Client SDK\ODBC\170\Tools\Binn\;C:\Program Files\Microsoft SQL Server\150\Tools\Binn\;C:\Program Files\dotnet\;C:\Program Files (x86)\Windows Kits\10\Windows Performance Toolkit\;C:\Program Files (x86)\WiX Toolset v3.14\bin;C:\Program Files\Microsoft SQL Server\130\DTS\Binn\;C:\Program Files\Microsoft SQL Server\140\DTS\Binn\;C:\Program Files\Microsoft SQL Server\150\DTS\Binn\;C:\Program Files\Microsoft SQL Server\160\DTS\Binn\;C:\Program Files\Microsoft SQL Server\170\DTS\Binn\;C:\ProgramData\chocolatey\lib\pulumi\tools\Pulumi\bin;C:\Program Files\CMake\bin;C:\Strawberry\c\bin;C:\Strawberry\perl\site\bin;C:\Strawberry\perl\bin;C:\ProgramData\chocolatey\lib\maven\apache-maven-3.9.14\bin;C:\Program Files\Microsoft Service Fabric\bin\Fabric\Fabric.Code;C:\Program Files\Microsoft SDKs\Service Fabric\Tools\ServiceFabricLocalClusterManager;C:\Program Files\nodejs\;C:\Program Files\Git\cmd;C:\Program Files\Git\mingw64\bin;C:\Program Files\Git\usr\bin;C:\Program Files\GitHub CLI\;c:\tools\php;C:\Program Files (x86)\sbt\bin;C:\Program Files\Amazon\AWSCLIV2\;C:\Program Files\Amazon\SessionManagerPlugin\bin\;C:\Program Files\Amazon\AWSSAMCLI\bin\;C:\Program Files\Microsoft SQL Server\130\Tools\Binn\;C:\Program Files\mongosh\;C:\Program Files\LLVM\bin;C:\Program Files (x86)\LLVM\bin;C:\Users\runneradmin\.dotnet\tools;C:\Users\runneradmin\.cargo\bin;C:\Users\runneradmin\AppData\Local\Microsoft\WindowsApps;C:\Program Files (x86)\Microsoft Visual Studio\Installer
build-app	Cache Robo Shell (Restoring from Cloud)	2026-04-14T01:14:39.0387189Z   Qt5_Dir: D:\a\robomongo\Qt\5.15.2\msvc2019_64
build-app	Cache Robo Shell (Restoring from Cloud)	2026-04-14T01:14:39.0387490Z   QT_PLUGIN_PATH: D:\a\robomongo\Qt\5.15.2\msvc2019_64\plugins
build-app	Cache Robo Shell (Restoring from Cloud)	2026-04-14T01:14:39.0387820Z   QML2_IMPORT_PATH: D:\a\robomongo\Qt\5.15.2\msvc2019_64\qml
build-app	Cache Robo Shell (Restoring from Cloud)	2026-04-14T01:14:39.0388084Z ##[endgroup]
build-app	Cache Robo Shell (Restoring from Cloud)	2026-04-14T01:14:39.5422021Z Cache hit for: Windows-robo-shell-v141-stable
build-app	Cache Robo Shell (Restoring from Cloud)	2026-04-14T01:14:40.7390662Z Received 134217728 of 552152559 (24.3%), 118.1 MBs/sec
build-app	Cache Robo Shell (Restoring from Cloud)	2026-04-14T01:14:41.7427463Z Received 268435456 of 552152559 (48.6%), 122.7 MBs/sec
build-app	Cache Robo Shell (Restoring from Cloud)	2026-04-14T01:14:42.7855866Z Received 419430400 of 552152559 (76.0%), 128.0 MBs/sec
build-app	Cache Robo Shell (Restoring from Cloud)	2026-04-14T01:14:43.5405267Z Received 552152559 of 552152559 (100.0%), 135.5 MBs/sec
build-app	Cache Robo Shell (Restoring from Cloud)	2026-04-14T01:14:43.5412801Z Cache Size: ~527 MB (552152559 B)
build-app	Cache Robo Shell (Restoring from Cloud)	2026-04-14T01:14:43.5476194Z [command]"C:\Program Files\Git\usr\bin\tar.exe" -xf D:/a/_temp/a02eebe0-d8a8-4de5-8a71-e202a32d1c28/cache.tzst -P -C D:/a/robomongo/robomongo --force-local --use-compress-program "zstd -d"
build-app	Cache Robo Shell (Restoring from Cloud)	2026-04-14T01:14:49.1320150Z Cache restored successfully
build-app	Cache Robo Shell (Restoring from Cloud)	2026-04-14T01:14:49.1884174Z Cache restored from key: Windows-robo-shell-v141-stable
build-app	Install OpenSSL	锘?026-04-14T01:14:49.2259262Z ##[group]Run choco install openssl --version=1.1.1.2100 -y --no-progress
build-app	Install OpenSSL	2026-04-14T01:14:49.2259907Z [36;1mchoco install openssl --version=1.1.1.2100 -y --no-progress[0m
build-app	Install OpenSSL	2026-04-14T01:14:49.2331106Z shell: C:\Program Files\PowerShell\7\pwsh.EXE -command ". '{0}'"
build-app	Install OpenSSL	2026-04-14T01:14:49.2331441Z env:
build-app	Install OpenSSL	2026-04-14T01:14:49.2331687Z   pythonLocation: C:\hostedtoolcache\windows\Python\3.10.11\x64
build-app	Install OpenSSL	2026-04-14T01:14:49.2332120Z   PKG_CONFIG_PATH: C:\hostedtoolcache\windows\Python\3.10.11\x64/lib/pkgconfig
build-app	Install OpenSSL	2026-04-14T01:14:49.2332538Z   Python_ROOT_DIR: C:\hostedtoolcache\windows\Python\3.10.11\x64
build-app	Install OpenSSL	2026-04-14T01:14:49.2332916Z   Python2_ROOT_DIR: C:\hostedtoolcache\windows\Python\3.10.11\x64
build-app	Install OpenSSL	2026-04-14T01:14:49.2333287Z   Python3_ROOT_DIR: C:\hostedtoolcache\windows\Python\3.10.11\x64
build-app	Install OpenSSL	2026-04-14T01:14:49.2333594Z   CommandPromptType: Native
build-app	Install OpenSSL	2026-04-14T01:14:49.2333918Z   DevEnvDir: C:\Program Files\Microsoft Visual Studio\2022\Enterprise\Common7\IDE\
build-app	Install OpenSSL	2026-04-14T01:14:49.2334418Z   ExtensionSdkDir: C:\Program Files (x86)\Microsoft SDKs\Windows Kits\10\ExtensionSDKs
build-app	Install OpenSSL	2026-04-14T01:14:49.2336813Z   EXTERNAL_INCLUDE: C:\Program Files\Microsoft Visual Studio\2022\Enterprise\VC\Tools\MSVC\14.16.27023\include;C:\Program Files\Microsoft Visual Studio\2022\Enterprise\VC\Tools\MSVC\14.16.27023\ATLMFC\include;C:\Program Files\Microsoft Visual Studio\2022\Enterprise\VC\Auxiliary\VS\include;C:\Program Files (x86)\Windows Kits\10\include\10.0.26100.0\ucrt;C:\Program Files (x86)\Windows Kits\10\\include\10.0.26100.0\\um;C:\Program Files (x86)\Windows Kits\10\\include\10.0.26100.0\\shared;C:\Program Files (x86)\Windows Kits\10\\include\10.0.26100.0\\winrt;C:\Program Files (x86)\Windows Kits\10\\include\10.0.26100.0\\cppwinrt;C:\Program Files (x86)\Windows Kits\NETFXSDK\4.8\include\um
build-app	Install OpenSSL	2026-04-14T01:14:49.2340070Z   Framework40Version: v4.0
build-app	Install OpenSSL	2026-04-14T01:14:49.2340334Z   FrameworkDir: C:\Windows\Microsoft.NET\Framework64\
build-app	Install OpenSSL	2026-04-14T01:14:49.2340649Z   FrameworkDir64: C:\Windows\Microsoft.NET\Framework64\
build-app	Install OpenSSL	2026-04-14T01:14:49.2341188Z   FrameworkVersion: v4.0.30319
build-app	Install OpenSSL	2026-04-14T01:14:49.2341448Z   FrameworkVersion64: v4.0.30319
build-app	Install OpenSSL	2026-04-14T01:14:49.2341973Z   FSHARPINSTALLDIR: C:\Program Files\Microsoft Visual Studio\2022\Enterprise\Common7\IDE\CommonExtensions\Microsoft\FSharp\Tools
build-app	Install OpenSSL	2026-04-14T01:14:49.2342678Z   HTMLHelpDir: C:\Program Files (x86)\HTML Help Workshop
build-app	Install OpenSSL	2026-04-14T01:14:49.2344897Z   INCLUDE: C:\Program Files\Microsoft Visual Studio\2022\Enterprise\VC\Tools\MSVC\14.16.27023\include;C:\Program Files\Microsoft Visual Studio\2022\Enterprise\VC\Tools\MSVC\14.16.27023\ATLMFC\include;C:\Program Files\Microsoft Visual Studio\2022\Enterprise\VC\Auxiliary\VS\include;C:\Program Files (x86)\Windows Kits\10\include\10.0.26100.0\ucrt;C:\Program Files (x86)\Windows Kits\10\\include\10.0.26100.0\\um;C:\Program Files (x86)\Windows Kits\10\\include\10.0.26100.0\\shared;C:\Program Files (x86)\Windows Kits\10\\include\10.0.26100.0\\winrt;C:\Program Files (x86)\Windows Kits\10\\include\10.0.26100.0\\cppwinrt;C:\Program Files (x86)\Windows Kits\NETFXSDK\4.8\include\um
build-app	Install OpenSSL	2026-04-14T01:14:49.2347114Z   is_x64_arch: true
build-app	Install OpenSSL	2026-04-14T01:14:49.2348334Z   LIB: C:\Program Files\Microsoft Visual Studio\2022\Enterprise\VC\Tools\MSVC\14.16.27023\ATLMFC\lib\x64;C:\Program Files\Microsoft Visual Studio\2022\Enterprise\VC\Tools\MSVC\14.16.27023\lib\x64;C:\Program Files (x86)\Windows Kits\NETFXSDK\4.8\lib\um\x64;C:\Program Files (x86)\Windows Kits\10\lib\10.0.26100.0\ucrt\x64;C:\Program Files (x86)\Windows Kits\10\\lib\10.0.26100.0\\um\x64
build-app	Install OpenSSL	2026-04-14T01:14:49.2351116Z   LIBPATH: C:\Program Files\Microsoft Visual Studio\2022\Enterprise\VC\Tools\MSVC\14.16.27023\ATLMFC\lib\x64;C:\Program Files\Microsoft Visual Studio\2022\Enterprise\VC\Tools\MSVC\14.16.27023\lib\x64;C:\Program Files\Microsoft Visual Studio\2022\Enterprise\VC\Tools\MSVC\14.16.27023\lib\x86\store\references;C:\Program Files (x86)\Windows Kits\10\UnionMetadata\10.0.26100.0;C:\Program Files (x86)\Windows Kits\10\References\10.0.26100.0;C:\Windows\Microsoft.NET\Framework64\v4.0.30319
build-app	Install OpenSSL	2026-04-14T01:14:49.2357181Z   NETFXSDKDir: C:\Program Files (x86)\Windows Kits\NETFXSDK\4.8\
build-app	Install OpenSSL	2026-04-14T01:14:49.2380076Z   Path: C:\Program Files\Microsoft Visual Studio\2022\Enterprise\VC\Tools\MSVC\14.16.27023\bin\HostX64\x64;C:\Program Files\Microsoft Visual Studio\2022\Enterprise\Common7\IDE\VC\VCPackages;C:\Program Files\Microsoft Visual Studio\2022\Enterprise\Common7\IDE\CommonExtensions\Microsoft\TestWindow;C:\Program Files\Microsoft Visual Studio\2022\Enterprise\Common7\IDE\CommonExtensions\Microsoft\TeamFoundation\Team Explorer;C:\Program Files\Microsoft Visual Studio\2022\Enterprise\MSBuild\Current\bin\Roslyn;C:\Program Files (x86)\Microsoft SDKs\Windows\v10.0A\bin\NETFX 4.8 Tools\x64\;C:\Program Files (x86)\HTML Help Workshop;C:\Program Files\Microsoft Visual Studio\2022\Enterprise\Common7\IDE\CommonExtensions\Microsoft\FSharp\Tools;C:\Program Files\Microsoft Visual Studio\2022\Enterprise\Team Tools\DiagnosticsHub\Collector;C:\Program Files\Microsoft Visual Studio\2022\Enterprise\Common7\IDE\Extensions\Microsoft\CodeCoverage.Console;C:\Program Files\Microsoft Visual Studio\2022\Enterprise\VC\Tools\Llvm\x64\bin;C:\Program Files (x86)\Windows Kits\10\bin\10.0.26100.0\\x64;C:\Program Files (x86)\Windows Kits\10\bin\\x64;C:\Program Files\Microsoft Visual Studio\2022\Enterprise\\MSBuild\Current\Bin\amd64;C:\Windows\Microsoft.NET\Framework64\v4.0.30319;C:\Program Files\Microsoft Visual Studio\2022\Enterprise\Common7\IDE\;C:\Program Files\Microsoft Visual Studio\2022\Enterprise\Common7\Tools\;C:\Users\runneradmin\AppData\Roaming\Python\Python310\Scripts;C:\hostedtoolcache\windows\Python\3.10.11\x64\Scripts;C:\hostedtoolcache\windows\Python\3.10.11\x64;C:\Program Files\MongoDB\Server\7.0\bin;C:\vcpkg;C:\tools\zstd;C:\hostedtoolcache\windows\stack\3.9.3\x64;C:\cabal\bin;C:\\ghcup\bin;C:\mingw64\bin;C:\Program Files\dotnet;C:\Program Files\MySQL\MySQL Server 8.0\bin;C:\Program Files\R\R-4.5.3\bin\x64;C:\SeleniumWebDrivers\GeckoDriver;C:\SeleniumWebDrivers\EdgeDriver\;C:\SeleniumWebDrivers\ChromeDriver;C:\Program Files (x86)\sbt\bin;C:\Program Files (x86)\GitHub CLI;C:\Program Files\Git\bin;C:\Program Files (x86)\pipx_bin;C:\npm\prefix;C:\hostedtoolcache\windows\go\1.24.13\x64\bin;C:\hostedtoolcache\windows\Python\3.12.10\x64\Scripts;C:\hostedtoolcache\windows\Python\3.12.10\x64;C:\hostedtoolcache\windows\Ruby\3.3.11\x64\bin;C:\Program Files\OpenSSL\bin;C:\tools\kotlinc\bin;C:\hostedtoolcache\windows\Java_Temurin-Hotspot_jdk\17.0.18-8\x64\bin;C:\Program Files\ImageMagick-7.1.2-Q16-HDRI;C:\Program Files\Microsoft SDKs\Azure\CLI2\wbin;C:\ProgramData\kind;C:\ProgramData\Chocolatey\bin;C:\Windows\system32;C:\Windows;C:\Windows\System32\Wbem;C:\Windows\System32\WindowsPowerShell\v1.0\;C:\Windows\System32\OpenSSH\;C:\Program Files\PowerShell\7\;C:\Program Files\Microsoft\Web Platform Installer\;C:\Program Files\Microsoft SQL Server\Client SDK\ODBC\170\Tools\Binn\;C:\Program Files\Microsoft SQL Server\150\Tools\Binn\;C:\Program Files\dotnet\;C:\Program Files (x86)\Windows Kits\10\Windows Performance Toolkit\;C:\Program Files (x86)\WiX Toolset v3.14\bin;C:\Program Files\Microsoft SQL Server\130\DTS\Binn\;C:\Program Files\Microsoft SQL Server\140\DTS\Binn\;C:\Program Files\Microsoft SQL Server\150\DTS\Binn\;C:\Program Files\Microsoft SQL Server\160\DTS\Binn\;C:\Program Files\Microsoft SQL Server\170\DTS\Binn\;C:\ProgramData\chocolatey\lib\pulumi\tools\Pulumi\bin;C:\Program Files\CMake\bin;C:\Strawberry\c\bin;C:\Strawberry\perl\site\bin;C:\Strawberry\perl\bin;C:\ProgramData\chocolatey\lib\maven\apache-maven-3.9.14\bin;C:\Program Files\Microsoft Service Fabric\bin\Fabric\Fabric.Code;C:\Program Files\Microsoft SDKs\Service Fabric\Tools\ServiceFabricLocalClusterManager;C:\Program Files\nodejs\;C:\Program Files\Git\cmd;C:\Program Files\Git\mingw64\bin;C:\Program Files\Git\usr\bin;C:\Program Files\GitHub CLI\;c:\tools\php;C:\Program Files\Amazon\AWSCLIV2\;C:\Program Files\Amazon\SessionManagerPlugin\bin\;C:\Program Files\Amazon\AWSSAMCLI\bin\;C:\Program Files\Microsoft SQL Server\130\Tools\Binn\;C:\Program Files\mongosh\;C:\Program Files\LLVM\bin;C:\Program Files (x86)\LLVM\bin;C:\Users\runneradmin\.dotnet\tools;C:\Users\runneradmin\.cargo\bin;C:\Users\runneradmin\AppData\Local\Microsoft\WindowsApps;C:\Program Files (x86)\Microsoft Visual Studio\Installer;C:\Program Files\Microsoft Visual Studio\2022\Enterprise\Common7\IDE\CommonExtensions\Microsoft\CMake\CMake\bin;C:\Program Files\Microsoft Visual Studio\2022\Enterprise\Common7\IDE\CommonExtensions\Microsoft\CMake\Ninja;C:\Program Files\Microsoft Visual Studio\2022\Enterprise\Common7\IDE\VC\Linux\bin\ConnectionManagerExe;C:\Program Files\Microsoft Visual Studio\2022\Enterprise\VC\vcpkg
build-app	Install OpenSSL	2026-04-14T01:14:49.2397194Z   Platform: x64
build-app	Install OpenSSL	2026-04-14T01:14:49.2397372Z   UCRTVersion: 10.0.26100.0
build-app	Install OpenSSL	2026-04-14T01:14:49.2397642Z   UniversalCRTSdkDir: C:\Program Files (x86)\Windows Kits\10\
build-app	Install OpenSSL	2026-04-14T01:14:49.2398105Z   VCIDEInstallDir: C:\Program Files\Microsoft Visual Studio\2022\Enterprise\Common7\IDE\VC\
build-app	Install OpenSSL	2026-04-14T01:14:49.2398615Z   VCINSTALLDIR: C:\Program Files\Microsoft Visual Studio\2022\Enterprise\VC\
build-app	Install OpenSSL	2026-04-14T01:14:49.2399078Z   VCPKG_ROOT: C:\Program Files\Microsoft Visual Studio\2022\Enterprise\VC\vcpkg
build-app	Install OpenSSL	2026-04-14T01:14:49.2399736Z   VCToolsInstallDir: C:\Program Files\Microsoft Visual Studio\2022\Enterprise\VC\Tools\MSVC\14.16.27023\
build-app	Install OpenSSL	2026-04-14T01:14:49.2400370Z   VCToolsRedistDir: C:\Program Files\Microsoft Visual Studio\2022\Enterprise\VC\Redist\MSVC\14.44.35112\
build-app	Install OpenSSL	2026-04-14T01:14:49.2400807Z   VCToolsVersion: 14.16.27023
build-app	Install OpenSSL	2026-04-14T01:14:49.2401011Z   VisualStudioVersion: 17.0
build-app	Install OpenSSL	2026-04-14T01:14:49.2401356Z   VS170COMNTOOLS: C:\Program Files\Microsoft Visual Studio\2022\Enterprise\Common7\Tools\
build-app	Install OpenSSL	2026-04-14T01:14:49.2401746Z   VSCMD_ARG_app_plat: Desktop
build-app	Install OpenSSL	2026-04-14T01:14:49.2401948Z   VSCMD_ARG_HOST_ARCH: x64
build-app	Install OpenSSL	2026-04-14T01:14:49.2402132Z   VSCMD_ARG_TGT_ARCH: x64
build-app	Install OpenSSL	2026-04-14T01:14:49.2402314Z   VSCMD_ARG_VCVARS_VER: 14.1
build-app	Install OpenSSL	2026-04-14T01:14:49.2402498Z   VSCMD_VER: 17.14.29
build-app	Install OpenSSL	2026-04-14T01:14:49.2402769Z   VSINSTALLDIR: C:\Program Files\Microsoft Visual Studio\2022\Enterprise\
build-app	Install OpenSSL	2026-04-14T01:14:49.2403251Z   VSSDK150INSTALL: C:\Program Files\Microsoft Visual Studio\2022\Enterprise\VSSDK
build-app	Install OpenSSL	2026-04-14T01:14:49.2403725Z   VSSDKINSTALL: C:\Program Files\Microsoft Visual Studio\2022\Enterprise\VSSDK
build-app	Install OpenSSL	2026-04-14T01:14:49.2404393Z   WindowsLibPath: C:\Program Files (x86)\Windows Kits\10\UnionMetadata\10.0.26100.0;C:\Program Files (x86)\Windows Kits\10\References\10.0.26100.0
build-app	Install OpenSSL	2026-04-14T01:14:49.2405021Z   WindowsSdkBinPath: C:\Program Files (x86)\Windows Kits\10\bin\
build-app	Install OpenSSL	2026-04-14T01:14:49.2405381Z   WindowsSdkDir: C:\Program Files (x86)\Windows Kits\10\
build-app	Install OpenSSL	2026-04-14T01:14:49.2405663Z   WindowsSDKLibVersion: 10.0.26100.0\
build-app	Install OpenSSL	2026-04-14T01:14:49.2416344Z   WindowsSdkVerBinPath: C:\Program Files (x86)\Windows Kits\10\bin\10.0.26100.0\
build-app	Install OpenSSL	2026-04-14T01:14:49.2417156Z   WindowsSDKVersion: 10.0.26100.0\
build-app	Install OpenSSL	2026-04-14T01:14:49.2417781Z   WindowsSDK_ExecutablePath_x64: C:\Program Files (x86)\Microsoft SDKs\Windows\v10.0A\bin\NETFX 4.8 Tools\x64\
build-app	Install OpenSSL	2026-04-14T01:14:49.2418894Z   WindowsSDK_ExecutablePath_x86: C:\Program Files (x86)\Microsoft SDKs\Windows\v10.0A\bin\NETFX 4.8 Tools\
build-app	Install OpenSSL	2026-04-14T01:14:49.2419369Z   __DOTNET_ADD_64BIT: 1
build-app	Install OpenSSL	2026-04-14T01:14:49.2419567Z   __DOTNET_PREFERRED_BITNESS: 64
build-app	Install OpenSSL	2026-04-14T01:14:49.2429322Z   __VSCMD_PREINIT_PATH: C:\Users\runneradmin\AppData\Roaming\Python\Python310\Scripts;C:\hostedtoolcache\windows\Python\3.10.11\x64\Scripts;C:\hostedtoolcache\windows\Python\3.10.11\x64;C:\Program Files\MongoDB\Server\7.0\bin;C:\vcpkg;C:\tools\zstd;C:\hostedtoolcache\windows\stack\3.9.3\x64;C:\cabal\bin;C:\\ghcup\bin;C:\mingw64\bin;C:\Program Files\dotnet;C:\Program Files\MySQL\MySQL Server 8.0\bin;C:\Program Files\R\R-4.5.3\bin\x64;C:\SeleniumWebDrivers\GeckoDriver;C:\SeleniumWebDrivers\EdgeDriver\;C:\SeleniumWebDrivers\ChromeDriver;C:\Program Files (x86)\sbt\bin;C:\Program Files (x86)\GitHub CLI;C:\Program Files\Git\bin;C:\Program Files (x86)\pipx_bin;C:\npm\prefix;C:\hostedtoolcache\windows\go\1.24.13\x64\bin;C:\hostedtoolcache\windows\Python\3.12.10\x64\Scripts;C:\hostedtoolcache\windows\Python\3.12.10\x64;C:\hostedtoolcache\windows\Ruby\3.3.11\x64\bin;C:\Program Files\OpenSSL\bin;C:\tools\kotlinc\bin;C:\hostedtoolcache\windows\Java_Temurin-Hotspot_jdk\17.0.18-8\x64\bin;C:\Program Files\ImageMagick-7.1.2-Q16-HDRI;C:\Program Files\Microsoft SDKs\Azure\CLI2\wbin;C:\ProgramData\kind;C:\ProgramData\Chocolatey\bin;C:\Windows\system32;C:\Windows;C:\Windows\System32\Wbem;C:\Windows\System32\WindowsPowerShell\v1.0\;C:\Windows\System32\OpenSSH\;C:\Program Files\PowerShell\7\;C:\Program Files\Microsoft\Web Platform Installer\;C:\Program Files\Microsoft SQL Server\Client SDK\ODBC\170\Tools\Binn\;C:\Program Files\Microsoft SQL Server\150\Tools\Binn\;C:\Program Files\dotnet\;C:\Program Files (x86)\Windows Kits\10\Windows Performance Toolkit\;C:\Program Files (x86)\WiX Toolset v3.14\bin;C:\Program Files\Microsoft SQL Server\130\DTS\Binn\;C:\Program Files\Microsoft SQL Server\140\DTS\Binn\;C:\Program Files\Microsoft SQL Server\150\DTS\Binn\;C:\Program Files\Microsoft SQL Server\160\DTS\Binn\;C:\Program Files\Microsoft SQL Server\170\DTS\Binn\;C:\ProgramData\chocolatey\lib\pulumi\tools\Pulumi\bin;C:\Program Files\CMake\bin;C:\Strawberry\c\bin;C:\Strawberry\perl\site\bin;C:\Strawberry\perl\bin;C:\ProgramData\chocolatey\lib\maven\apache-maven-3.9.14\bin;C:\Program Files\Microsoft Service Fabric\bin\Fabric\Fabric.Code;C:\Program Files\Microsoft SDKs\Service Fabric\Tools\ServiceFabricLocalClusterManager;C:\Program Files\nodejs\;C:\Program Files\Git\cmd;C:\Program Files\Git\mingw64\bin;C:\Program Files\Git\usr\bin;C:\Program Files\GitHub CLI\;c:\tools\php;C:\Program Files (x86)\sbt\bin;C:\Program Files\Amazon\AWSCLIV2\;C:\Program Files\Amazon\SessionManagerPlugin\bin\;C:\Program Files\Amazon\AWSSAMCLI\bin\;C:\Program Files\Microsoft SQL Server\130\Tools\Binn\;C:\Program Files\mongosh\;C:\Program Files\LLVM\bin;C:\Program Files (x86)\LLVM\bin;C:\Users\runneradmin\.dotnet\tools;C:\Users\runneradmin\.cargo\bin;C:\Users\runneradmin\AppData\Local\Microsoft\WindowsApps;C:\Program Files (x86)\Microsoft Visual Studio\Installer
build-app	Install OpenSSL	2026-04-14T01:14:49.2439939Z   Qt5_Dir: D:\a\robomongo\Qt\5.15.2\msvc2019_64
build-app	Install OpenSSL	2026-04-14T01:14:49.2440272Z   QT_PLUGIN_PATH: D:\a\robomongo\Qt\5.15.2\msvc2019_64\plugins
build-app	Install OpenSSL	2026-04-14T01:14:49.2440622Z   QML2_IMPORT_PATH: D:\a\robomongo\Qt\5.15.2\msvc2019_64\qml
build-app	Install OpenSSL	2026-04-14T01:14:49.2440900Z ##[endgroup]
build-app	Install OpenSSL	2026-04-14T01:14:57.5090009Z Chocolatey v2.7.1
build-app	Install OpenSSL	2026-04-14T01:14:57.7455474Z Installing the following packages:
build-app	Install OpenSSL	2026-04-14T01:14:57.7463437Z openssl
build-app	Install OpenSSL	2026-04-14T01:14:57.7467656Z By installing, you accept licenses for the packages.
build-app	Install OpenSSL	2026-04-14T01:15:06.0499224Z Downloading package from source 'https://community.chocolatey.org/api/v2/'
build-app	Install OpenSSL	2026-04-14T01:15:06.4242597Z 
build-app	Install OpenSSL	2026-04-14T01:15:06.4243145Z vcredist2015 v14.0.24215.20170201 [Approved]
build-app	Install OpenSSL	2026-04-14T01:15:06.4479587Z vcredist2015 package files install completed. Performing other installation steps.
build-app	Install OpenSSL	2026-04-14T01:15:06.7032924Z  The install of vcredist2015 was successful.
build-app	Install OpenSSL	2026-04-14T01:15:06.7036165Z   Deployed to 'C:\ProgramData\chocolatey\lib\vcredist2015'
build-app	Install OpenSSL	2026-04-14T01:15:06.7109362Z Downloading package from source 'https://community.chocolatey.org/api/v2/'
build-app	Install OpenSSL	2026-04-14T01:15:08.7410917Z 
build-app	Install OpenSSL	2026-04-14T01:15:08.7411438Z openssl v1.1.1.2100 [Approved]
build-app	Install OpenSSL	2026-04-14T01:15:08.7628035Z openssl package files install completed. Performing other installation steps.
build-app	Install OpenSSL	2026-04-14T01:15:10.1336514Z Installing 64-bit openssl...
build-app	Install OpenSSL	2026-04-14T01:15:40.8943714Z openssl has been installed.
build-app	Install OpenSSL	2026-04-14T01:15:41.3896947Z WARNING: No registry key found based on  'OpenSSL-Win'
build-app	Install OpenSSL	2026-04-14T01:15:49.2470576Z PATH environment variable does not have \bin in it. Adding...
build-app	Install OpenSSL	2026-04-14T01:15:49.4238948Z WARNING: OPENSSL_CONF has been set to \bin\openssl.cfg
build-app	Install OpenSSL	2026-04-14T01:15:49.5615560Z   openssl can be automatically uninstalled.
build-app	Install OpenSSL	2026-04-14T01:15:49.5647161Z Environment Vars (like PATH) have changed. Close/reopen your shell to
build-app	Install OpenSSL	2026-04-14T01:15:49.5647763Z  see the changes (or in powershell/cmd.exe just type `refreshenv`).
build-app	Install OpenSSL	2026-04-14T01:15:50.2740288Z  The install of openssl was successful.
build-app	Install OpenSSL	2026-04-14T01:15:50.2760116Z   Deployed to 'C:\Program Files\OpenSSL\'
build-app	Install OpenSSL	2026-04-14T01:15:50.3054927Z 
build-app	Install OpenSSL	2026-04-14T01:15:50.3055302Z Chocolatey installed 2/2 packages. 
build-app	Install OpenSSL	2026-04-14T01:15:50.3055938Z  See the log for details (C:\ProgramData\chocolatey\logs\chocolatey.log).
build-app	Locate OpenSSL	锘?026-04-14T01:15:50.5273957Z ##[group]Run :: 浼樺厛灏濊瘯 Choco 榛樿璺緞锛屽惁鍒欏叏鐩樻悳绱?build-app	Locate OpenSSL	2026-04-14T01:15:50.5274333Z [36;1m:: 浼樺厛灏濊瘯 Choco 榛樿璺緞锛屽惁鍒欏叏鐩樻悳绱?[0m
build-app	Locate OpenSSL	2026-04-14T01:15:50.5274650Z [36;1mset OPENSSL_REAL_PATH=C:\Program Files\OpenSSL[0m
build-app	Locate OpenSSL	2026-04-14T01:15:50.5275043Z [36;1mif not exist "%OPENSSL_REAL_PATH%\bin\libcrypto-1_1-x64.dll" ([0m
build-app	Locate OpenSSL	2026-04-14T01:15:50.5275503Z [36;1m  dir "C:\Program Files\OpenSSL*" /s /b | findstr /i "libcrypto-1_1-x64.dll"[0m
build-app	Locate OpenSSL	2026-04-14T01:15:50.5275945Z [36;1m  set OPENSSL_REAL_PATH=C:\Program Files\OpenSSL-Win64[0m
build-app	Locate OpenSSL	2026-04-14T01:15:50.5276229Z [36;1m)[0m
build-app	Locate OpenSSL	2026-04-14T01:15:50.5276456Z [36;1mif not exist "C:\Program Files\OpenSSL-Win64" ([0m
build-app	Locate OpenSSL	2026-04-14T01:15:50.5276907Z [36;1m   if not exist "C:\Program Files\OpenSSL" set OPENSSL_REAL_PATH=C:\OpenSSL-Win64[0m
build-app	Locate OpenSSL	2026-04-14T01:15:50.5277338Z [36;1m)[0m
build-app	Locate OpenSSL	2026-04-14T01:15:50.5277782Z [36;1mecho OPENSSL_PATH=%OPENSSL_REAL_PATH%>>%GITHUB_ENV%[0m
build-app	Locate OpenSSL	2026-04-14T01:15:50.5310014Z shell: C:\Windows\system32\cmd.EXE /D /E:ON /V:OFF /S /C "CALL "{0}""
build-app	Locate OpenSSL	2026-04-14T01:15:50.5310389Z env:
build-app	Locate OpenSSL	2026-04-14T01:15:50.5310638Z   pythonLocation: C:\hostedtoolcache\windows\Python\3.10.11\x64
build-app	Locate OpenSSL	2026-04-14T01:15:50.5311086Z   PKG_CONFIG_PATH: C:\hostedtoolcache\windows\Python\3.10.11\x64/lib/pkgconfig
build-app	Locate OpenSSL	2026-04-14T01:15:50.5311526Z   Python_ROOT_DIR: C:\hostedtoolcache\windows\Python\3.10.11\x64
build-app	Locate OpenSSL	2026-04-14T01:15:50.5311918Z   Python2_ROOT_DIR: C:\hostedtoolcache\windows\Python\3.10.11\x64
build-app	Locate OpenSSL	2026-04-14T01:15:50.5312301Z   Python3_ROOT_DIR: C:\hostedtoolcache\windows\Python\3.10.11\x64
build-app	Locate OpenSSL	2026-04-14T01:15:50.5312613Z   CommandPromptType: Native
build-app	Locate OpenSSL	2026-04-14T01:15:50.5312940Z   DevEnvDir: C:\Program Files\Microsoft Visual Studio\2022\Enterprise\Common7\IDE\
build-app	Locate OpenSSL	2026-04-14T01:15:50.5313452Z   ExtensionSdkDir: C:\Program Files (x86)\Microsoft SDKs\Windows Kits\10\ExtensionSDKs
build-app	Locate OpenSSL	2026-04-14T01:15:50.5315978Z   EXTERNAL_INCLUDE: C:\Program Files\Microsoft Visual Studio\2022\Enterprise\VC\Tools\MSVC\14.16.27023\include;C:\Program Files\Microsoft Visual Studio\2022\Enterprise\VC\Tools\MSVC\14.16.27023\ATLMFC\include;C:\Program Files\Microsoft Visual Studio\2022\Enterprise\VC\Auxiliary\VS\include;C:\Program Files (x86)\Windows Kits\10\include\10.0.26100.0\ucrt;C:\Program Files (x86)\Windows Kits\10\\include\10.0.26100.0\\um;C:\Program Files (x86)\Windows Kits\10\\include\10.0.26100.0\\shared;C:\Program Files (x86)\Windows Kits\10\\include\10.0.26100.0\\winrt;C:\Program Files (x86)\Windows Kits\10\\include\10.0.26100.0\\cppwinrt;C:\Program Files (x86)\Windows Kits\NETFXSDK\4.8\include\um
build-app	Locate OpenSSL	2026-04-14T01:15:50.5318745Z   Framework40Version: v4.0
build-app	Locate OpenSSL	2026-04-14T01:15:50.5319001Z   FrameworkDir: C:\Windows\Microsoft.NET\Framework64\
build-app	Locate OpenSSL	2026-04-14T01:15:50.5319331Z   FrameworkDir64: C:\Windows\Microsoft.NET\Framework64\
build-app	Locate OpenSSL	2026-04-14T01:15:50.5319612Z   FrameworkVersion: v4.0.30319
build-app	Locate OpenSSL	2026-04-14T01:15:50.5319825Z   FrameworkVersion64: v4.0.30319
build-app	Locate OpenSSL	2026-04-14T01:15:50.5320353Z   FSHARPINSTALLDIR: C:\Program Files\Microsoft Visual Studio\2022\Enterprise\Common7\IDE\CommonExtensions\Microsoft\FSharp\Tools
build-app	Locate OpenSSL	2026-04-14T01:15:50.5320958Z   HTMLHelpDir: C:\Program Files (x86)\HTML Help Workshop
build-app	Locate OpenSSL	2026-04-14T01:15:50.5323927Z   INCLUDE: C:\Program Files\Microsoft Visual Studio\2022\Enterprise\VC\Tools\MSVC\14.16.27023\include;C:\Program Files\Microsoft Visual Studio\2022\Enterprise\VC\Tools\MSVC\14.16.27023\ATLMFC\include;C:\Program Files\Microsoft Visual Studio\2022\Enterprise\VC\Auxiliary\VS\include;C:\Program Files (x86)\Windows Kits\10\include\10.0.26100.0\ucrt;C:\Program Files (x86)\Windows Kits\10\\include\10.0.26100.0\\um;C:\Program Files (x86)\Windows Kits\10\\include\10.0.26100.0\\shared;C:\Program Files (x86)\Windows Kits\10\\include\10.0.26100.0\\winrt;C:\Program Files (x86)\Windows Kits\10\\include\10.0.26100.0\\cppwinrt;C:\Program Files (x86)\Windows Kits\NETFXSDK\4.8\include\um
build-app	Locate OpenSSL	2026-04-14T01:15:50.5326506Z   is_x64_arch: true
build-app	Locate OpenSSL	2026-04-14T01:15:50.5327794Z   LIB: C:\Program Files\Microsoft Visual Studio\2022\Enterprise\VC\Tools\MSVC\14.16.27023\ATLMFC\lib\x64;C:\Program Files\Microsoft Visual Studio\2022\Enterprise\VC\Tools\MSVC\14.16.27023\lib\x64;C:\Program Files (x86)\Windows Kits\NETFXSDK\4.8\lib\um\x64;C:\Program Files (x86)\Windows Kits\10\lib\10.0.26100.0\ucrt\x64;C:\Program Files (x86)\Windows Kits\10\\lib\10.0.26100.0\\um\x64
build-app	Locate OpenSSL	2026-04-14T01:15:50.5332260Z   LIBPATH: C:\Program Files\Microsoft Visual Studio\2022\Enterprise\VC\Tools\MSVC\14.16.27023\ATLMFC\lib\x64;C:\Program Files\Microsoft Visual Studio\2022\Enterprise\VC\Tools\MSVC\14.16.27023\lib\x64;C:\Program Files\Microsoft Visual Studio\2022\Enterprise\VC\Tools\MSVC\14.16.27023\lib\x86\store\references;C:\Program Files (x86)\Windows Kits\10\UnionMetadata\10.0.26100.0;C:\Program Files (x86)\Windows Kits\10\References\10.0.26100.0;C:\Windows\Microsoft.NET\Framework64\v4.0.30319
build-app	Locate OpenSSL	2026-04-14T01:15:50.5334071Z   NETFXSDKDir: C:\Program Files (x86)\Windows Kits\NETFXSDK\4.8\
build-app	Locate OpenSSL	2026-04-14T01:15:50.5350761Z   Path: C:\Program Files\Microsoft Visual Studio\2022\Enterprise\VC\Tools\MSVC\14.16.27023\bin\HostX64\x64;C:\Program Files\Microsoft Visual Studio\2022\Enterprise\Common7\IDE\VC\VCPackages;C:\Program Files\Microsoft Visual Studio\2022\Enterprise\Common7\IDE\CommonExtensions\Microsoft\TestWindow;C:\Program Files\Microsoft Visual Studio\2022\Enterprise\Common7\IDE\CommonExtensions\Microsoft\TeamFoundation\Team Explorer;C:\Program Files\Microsoft Visual Studio\2022\Enterprise\MSBuild\Current\bin\Roslyn;C:\Program Files (x86)\Microsoft SDKs\Windows\v10.0A\bin\NETFX 4.8 Tools\x64\;C:\Program Files (x86)\HTML Help Workshop;C:\Program Files\Microsoft Visual Studio\2022\Enterprise\Common7\IDE\CommonExtensions\Microsoft\FSharp\Tools;C:\Program Files\Microsoft Visual Studio\2022\Enterprise\Team Tools\DiagnosticsHub\Collector;C:\Program Files\Microsoft Visual Studio\2022\Enterprise\Common7\IDE\Extensions\Microsoft\CodeCoverage.Console;C:\Program Files\Microsoft Visual Studio\2022\Enterprise\VC\Tools\Llvm\x64\bin;C:\Program Files (x86)\Windows Kits\10\bin\10.0.26100.0\\x64;C:\Program Files (x86)\Windows Kits\10\bin\\x64;C:\Program Files\Microsoft Visual Studio\2022\Enterprise\\MSBuild\Current\Bin\amd64;C:\Windows\Microsoft.NET\Framework64\v4.0.30319;C:\Program Files\Microsoft Visual Studio\2022\Enterprise\Common7\IDE\;C:\Program Files\Microsoft Visual Studio\2022\Enterprise\Common7\Tools\;C:\Users\runneradmin\AppData\Roaming\Python\Python310\Scripts;C:\hostedtoolcache\windows\Python\3.10.11\x64\Scripts;C:\hostedtoolcache\windows\Python\3.10.11\x64;C:\Program Files\MongoDB\Server\7.0\bin;C:\vcpkg;C:\tools\zstd;C:\hostedtoolcache\windows\stack\3.9.3\x64;C:\cabal\bin;C:\\ghcup\bin;C:\mingw64\bin;C:\Program Files\dotnet;C:\Program Files\MySQL\MySQL Server 8.0\bin;C:\Program Files\R\R-4.5.3\bin\x64;C:\SeleniumWebDrivers\GeckoDriver;C:\SeleniumWebDrivers\EdgeDriver\;C:\SeleniumWebDrivers\ChromeDriver;C:\Program Files (x86)\sbt\bin;C:\Program Files (x86)\GitHub CLI;C:\Program Files\Git\bin;C:\Program Files (x86)\pipx_bin;C:\npm\prefix;C:\hostedtoolcache\windows\go\1.24.13\x64\bin;C:\hostedtoolcache\windows\Python\3.12.10\x64\Scripts;C:\hostedtoolcache\windows\Python\3.12.10\x64;C:\hostedtoolcache\windows\Ruby\3.3.11\x64\bin;C:\Program Files\OpenSSL\bin;C:\tools\kotlinc\bin;C:\hostedtoolcache\windows\Java_Temurin-Hotspot_jdk\17.0.18-8\x64\bin;C:\Program Files\ImageMagick-7.1.2-Q16-HDRI;C:\Program Files\Microsoft SDKs\Azure\CLI2\wbin;C:\ProgramData\kind;C:\ProgramData\Chocolatey\bin;C:\Windows\system32;C:\Windows;C:\Windows\System32\Wbem;C:\Windows\System32\WindowsPowerShell\v1.0\;C:\Windows\System32\OpenSSH\;C:\Program Files\PowerShell\7\;C:\Program Files\Microsoft\Web Platform Installer\;C:\Program Files\Microsoft SQL Server\Client SDK\ODBC\170\Tools\Binn\;C:\Program Files\Microsoft SQL Server\150\Tools\Binn\;C:\Program Files\dotnet\;C:\Program Files (x86)\Windows Kits\10\Windows Performance Toolkit\;C:\Program Files (x86)\WiX Toolset v3.14\bin;C:\Program Files\Microsoft SQL Server\130\DTS\Binn\;C:\Program Files\Microsoft SQL Server\140\DTS\Binn\;C:\Program Files\Microsoft SQL Server\150\DTS\Binn\;C:\Program Files\Microsoft SQL Server\160\DTS\Binn\;C:\Program Files\Microsoft SQL Server\170\DTS\Binn\;C:\ProgramData\chocolatey\lib\pulumi\tools\Pulumi\bin;C:\Program Files\CMake\bin;C:\Strawberry\c\bin;C:\Strawberry\perl\site\bin;C:\Strawberry\perl\bin;C:\ProgramData\chocolatey\lib\maven\apache-maven-3.9.14\bin;C:\Program Files\Microsoft Service Fabric\bin\Fabric\Fabric.Code;C:\Program Files\Microsoft SDKs\Service Fabric\Tools\ServiceFabricLocalClusterManager;C:\Program Files\nodejs\;C:\Program Files\Git\cmd;C:\Program Files\Git\mingw64\bin;C:\Program Files\Git\usr\bin;C:\Program Files\GitHub CLI\;c:\tools\php;C:\Program Files\Amazon\AWSCLIV2\;C:\Program Files\Amazon\SessionManagerPlugin\bin\;C:\Program Files\Amazon\AWSSAMCLI\bin\;C:\Program Files\Microsoft SQL Server\130\Tools\Binn\;C:\Program Files\mongosh\;C:\Program Files\LLVM\bin;C:\Program Files (x86)\LLVM\bin;C:\Users\runneradmin\.dotnet\tools;C:\Users\runneradmin\.cargo\bin;C:\Users\runneradmin\AppData\Local\Microsoft\WindowsApps;C:\Program Files (x86)\Microsoft Visual Studio\Installer;C:\Program Files\Microsoft Visual Studio\2022\Enterprise\Common7\IDE\CommonExtensions\Microsoft\CMake\CMake\bin;C:\Program Files\Microsoft Visual Studio\2022\Enterprise\Common7\IDE\CommonExtensions\Microsoft\CMake\Ninja;C:\Program Files\Microsoft Visual Studio\2022\Enterprise\Common7\IDE\VC\Linux\bin\ConnectionManagerExe;C:\Program Files\Microsoft Visual Studio\2022\Enterprise\VC\vcpkg
build-app	Locate OpenSSL	2026-04-14T01:15:50.5368988Z   Platform: x64
build-app	Locate OpenSSL	2026-04-14T01:15:50.5369166Z   UCRTVersion: 10.0.26100.0
build-app	Locate OpenSSL	2026-04-14T01:15:50.5369440Z   UniversalCRTSdkDir: C:\Program Files (x86)\Windows Kits\10\
build-app	Locate OpenSSL	2026-04-14T01:15:50.5369919Z   VCIDEInstallDir: C:\Program Files\Microsoft Visual Studio\2022\Enterprise\Common7\IDE\VC\
build-app	Locate OpenSSL	2026-04-14T01:15:50.5370447Z   VCINSTALLDIR: C:\Program Files\Microsoft Visual Studio\2022\Enterprise\VC\
build-app	Locate OpenSSL	2026-04-14T01:15:50.5370918Z   VCPKG_ROOT: C:\Program Files\Microsoft Visual Studio\2022\Enterprise\VC\vcpkg
build-app	Locate OpenSSL	2026-04-14T01:15:50.5371488Z   VCToolsInstallDir: C:\Program Files\Microsoft Visual Studio\2022\Enterprise\VC\Tools\MSVC\14.16.27023\
build-app	Locate OpenSSL	2026-04-14T01:15:50.5372151Z   VCToolsRedistDir: C:\Program Files\Microsoft Visual Studio\2022\Enterprise\VC\Redist\MSVC\14.44.35112\
build-app	Locate OpenSSL	2026-04-14T01:15:50.5372608Z   VCToolsVersion: 14.16.27023
build-app	Locate OpenSSL	2026-04-14T01:15:50.5372815Z   VisualStudioVersion: 17.0
build-app	Locate OpenSSL	2026-04-14T01:15:50.5373170Z   VS170COMNTOOLS: C:\Program Files\Microsoft Visual Studio\2022\Enterprise\Common7\Tools\
build-app	Locate OpenSSL	2026-04-14T01:15:50.5373579Z   VSCMD_ARG_app_plat: Desktop
build-app	Locate OpenSSL	2026-04-14T01:15:50.5373779Z   VSCMD_ARG_HOST_ARCH: x64
build-app	Locate OpenSSL	2026-04-14T01:15:50.5373963Z   VSCMD_ARG_TGT_ARCH: x64
build-app	Locate OpenSSL	2026-04-14T01:15:50.5374144Z   VSCMD_ARG_VCVARS_VER: 14.1
build-app	Locate OpenSSL	2026-04-14T01:15:50.5374338Z   VSCMD_VER: 17.14.29
build-app	Locate OpenSSL	2026-04-14T01:15:50.5374613Z   VSINSTALLDIR: C:\Program Files\Microsoft Visual Studio\2022\Enterprise\
build-app	Locate OpenSSL	2026-04-14T01:15:50.5375080Z   VSSDK150INSTALL: C:\Program Files\Microsoft Visual Studio\2022\Enterprise\VSSDK
build-app	Locate OpenSSL	2026-04-14T01:15:50.5375567Z   VSSDKINSTALL: C:\Program Files\Microsoft Visual Studio\2022\Enterprise\VSSDK
build-app	Locate OpenSSL	2026-04-14T01:15:50.5376258Z   WindowsLibPath: C:\Program Files (x86)\Windows Kits\10\UnionMetadata\10.0.26100.0;C:\Program Files (x86)\Windows Kits\10\References\10.0.26100.0
build-app	Locate OpenSSL	2026-04-14T01:15:50.5376916Z   WindowsSdkBinPath: C:\Program Files (x86)\Windows Kits\10\bin\
build-app	Locate OpenSSL	2026-04-14T01:15:50.5377319Z   WindowsSdkDir: C:\Program Files (x86)\Windows Kits\10\
build-app	Locate OpenSSL	2026-04-14T01:15:50.5377603Z   WindowsSDKLibVersion: 10.0.26100.0\
build-app	Locate OpenSSL	2026-04-14T01:15:50.5377946Z   WindowsSdkVerBinPath: C:\Program Files (x86)\Windows Kits\10\bin\10.0.26100.0\
build-app	Locate OpenSSL	2026-04-14T01:15:50.5378309Z   WindowsSDKVersion: 10.0.26100.0\
build-app	Locate OpenSSL	2026-04-14T01:15:50.5378747Z   WindowsSDK_ExecutablePath_x64: C:\Program Files (x86)\Microsoft SDKs\Windows\v10.0A\bin\NETFX 4.8 Tools\x64\
build-app	Locate OpenSSL	2026-04-14T01:15:50.5379411Z   WindowsSDK_ExecutablePath_x86: C:\Program Files (x86)\Microsoft SDKs\Windows\v10.0A\bin\NETFX 4.8 Tools\
build-app	Locate OpenSSL	2026-04-14T01:15:50.5379852Z   __DOTNET_ADD_64BIT: 1
build-app	Locate OpenSSL	2026-04-14T01:15:50.5380038Z   __DOTNET_PREFERRED_BITNESS: 64
build-app	Locate OpenSSL	2026-04-14T01:15:50.5390273Z   __VSCMD_PREINIT_PATH: C:\Users\runneradmin\AppData\Roaming\Python\Python310\Scripts;C:\hostedtoolcache\windows\Python\3.10.11\x64\Scripts;C:\hostedtoolcache\windows\Python\3.10.11\x64;C:\Program Files\MongoDB\Server\7.0\bin;C:\vcpkg;C:\tools\zstd;C:\hostedtoolcache\windows\stack\3.9.3\x64;C:\cabal\bin;C:\\ghcup\bin;C:\mingw64\bin;C:\Program Files\dotnet;C:\Program Files\MySQL\MySQL Server 8.0\bin;C:\Program Files\R\R-4.5.3\bin\x64;C:\SeleniumWebDrivers\GeckoDriver;C:\SeleniumWebDrivers\EdgeDriver\;C:\SeleniumWebDrivers\ChromeDriver;C:\Program Files (x86)\sbt\bin;C:\Program Files (x86)\GitHub CLI;C:\Program Files\Git\bin;C:\Program Files (x86)\pipx_bin;C:\npm\prefix;C:\hostedtoolcache\windows\go\1.24.13\x64\bin;C:\hostedtoolcache\windows\Python\3.12.10\x64\Scripts;C:\hostedtoolcache\windows\Python\3.12.10\x64;C:\hostedtoolcache\windows\Ruby\3.3.11\x64\bin;C:\Program Files\OpenSSL\bin;C:\tools\kotlinc\bin;C:\hostedtoolcache\windows\Java_Temurin-Hotspot_jdk\17.0.18-8\x64\bin;C:\Program Files\ImageMagick-7.1.2-Q16-HDRI;C:\Program Files\Microsoft SDKs\Azure\CLI2\wbin;C:\ProgramData\kind;C:\ProgramData\Chocolatey\bin;C:\Windows\system32;C:\Windows;C:\Windows\System32\Wbem;C:\Windows\System32\WindowsPowerShell\v1.0\;C:\Windows\System32\OpenSSH\;C:\Program Files\PowerShell\7\;C:\Program Files\Microsoft\Web Platform Installer\;C:\Program Files\Microsoft SQL Server\Client SDK\ODBC\170\Tools\Binn\;C:\Program Files\Microsoft SQL Server\150\Tools\Binn\;C:\Program Files\dotnet\;C:\Program Files (x86)\Windows Kits\10\Windows Performance Toolkit\;C:\Program Files (x86)\WiX Toolset v3.14\bin;C:\Program Files\Microsoft SQL Server\130\DTS\Binn\;C:\Program Files\Microsoft SQL Server\140\DTS\Binn\;C:\Program Files\Microsoft SQL Server\150\DTS\Binn\;C:\Program Files\Microsoft SQL Server\160\DTS\Binn\;C:\Program Files\Microsoft SQL Server\170\DTS\Binn\;C:\ProgramData\chocolatey\lib\pulumi\tools\Pulumi\bin;C:\Program Files\CMake\bin;C:\Strawberry\c\bin;C:\Strawberry\perl\site\bin;C:\Strawberry\perl\bin;C:\ProgramData\chocolatey\lib\maven\apache-maven-3.9.14\bin;C:\Program Files\Microsoft Service Fabric\bin\Fabric\Fabric.Code;C:\Program Files\Microsoft SDKs\Service Fabric\Tools\ServiceFabricLocalClusterManager;C:\Program Files\nodejs\;C:\Program Files\Git\cmd;C:\Program Files\Git\mingw64\bin;C:\Program Files\Git\usr\bin;C:\Program Files\GitHub CLI\;c:\tools\php;C:\Program Files (x86)\sbt\bin;C:\Program Files\Amazon\AWSCLIV2\;C:\Program Files\Amazon\SessionManagerPlugin\bin\;C:\Program Files\Amazon\AWSSAMCLI\bin\;C:\Program Files\Microsoft SQL Server\130\Tools\Binn\;C:\Program Files\mongosh\;C:\Program Files\LLVM\bin;C:\Program Files (x86)\LLVM\bin;C:\Users\runneradmin\.dotnet\tools;C:\Users\runneradmin\.cargo\bin;C:\Users\runneradmin\AppData\Local\Microsoft\WindowsApps;C:\Program Files (x86)\Microsoft Visual Studio\Installer
build-app	Locate OpenSSL	2026-04-14T01:15:50.5400857Z   Qt5_Dir: D:\a\robomongo\Qt\5.15.2\msvc2019_64
build-app	Locate OpenSSL	2026-04-14T01:15:50.5401183Z   QT_PLUGIN_PATH: D:\a\robomongo\Qt\5.15.2\msvc2019_64\plugins
build-app	Locate OpenSSL	2026-04-14T01:15:50.5401531Z   QML2_IMPORT_PATH: D:\a\robomongo\Qt\5.15.2\msvc2019_64\qml
build-app	Locate OpenSSL	2026-04-14T01:15:50.5401809Z ##[endgroup]
build-app	Configure and Build Robo 3T	锘?026-04-14T01:15:50.5735405Z ##[group]Run subst S: "D:\a\robomongo\robomongo\robo-shell"
build-app	Configure and Build Robo 3T	2026-04-14T01:15:50.5735902Z [36;1msubst S: "D:\a\robomongo\robomongo\robo-shell"[0m
build-app	Configure and Build Robo 3T	2026-04-14T01:15:50.5736215Z [36;1msubst R: "D:\a\robomongo\robomongo"[0m
build-app	Configure and Build Robo 3T	2026-04-14T01:15:50.5736464Z [36;1mmkdir D:\b[0m
build-app	Configure and Build Robo 3T	2026-04-14T01:15:50.5736644Z [36;1mmkdir D:\dist[0m
build-app	Configure and Build Robo 3T	2026-04-14T01:15:50.5736818Z [36;1mcd /d D:\b[0m
build-app	Configure and Build Robo 3T	2026-04-14T01:15:50.5736983Z [36;1mcmake -G Ninja ^[0m
build-app	Configure and Build Robo 3T	2026-04-14T01:15:50.5737218Z [36;1m  -DCMAKE_BUILD_TYPE=Release ^[0m
build-app	Configure and Build Robo 3T	2026-04-14T01:15:50.5737562Z [36;1m  -DCMAKE_PREFIX_PATH="D:\a\robomongo\Qt\5.15.2\msvc2019_64" ^[0m
build-app	Configure and Build Robo 3T	2026-04-14T01:15:50.5737901Z [36;1m  -DMongoDB_DIR="S:" ^[0m
build-app	Configure and Build Robo 3T	2026-04-14T01:15:50.5738155Z [36;1m  -DOpenSSL_DIR="C:\Program Files\OpenSSL" ^[0m
build-app	Configure and Build Robo 3T	2026-04-14T01:15:50.5738484Z [36;1m  -DCMAKE_RUNTIME_OUTPUT_DIRECTORY="D:\dist" ^[0m
build-app	Configure and Build Robo 3T	2026-04-14T01:15:50.5738800Z [36;1m  -DCMAKE_LIBRARY_OUTPUT_DIRECTORY="D:\dist" ^[0m
build-app	Configure and Build Robo 3T	2026-04-14T01:15:50.5739051Z [36;1m  R:[0m
build-app	Configure and Build Robo 3T	2026-04-14T01:15:50.5739203Z [36;1mninja -v[0m
build-app	Configure and Build Robo 3T	2026-04-14T01:15:50.5770563Z shell: C:\Windows\system32\cmd.EXE /D /E:ON /V:OFF /S /C "CALL "{0}""
build-app	Configure and Build Robo 3T	2026-04-14T01:15:50.5770896Z env:
build-app	Configure and Build Robo 3T	2026-04-14T01:15:50.5771142Z   pythonLocation: C:\hostedtoolcache\windows\Python\3.10.11\x64
build-app	Configure and Build Robo 3T	2026-04-14T01:15:50.5771581Z   PKG_CONFIG_PATH: C:\hostedtoolcache\windows\Python\3.10.11\x64/lib/pkgconfig
build-app	Configure and Build Robo 3T	2026-04-14T01:15:50.5772014Z   Python_ROOT_DIR: C:\hostedtoolcache\windows\Python\3.10.11\x64
build-app	Configure and Build Robo 3T	2026-04-14T01:15:50.5772403Z   Python2_ROOT_DIR: C:\hostedtoolcache\windows\Python\3.10.11\x64
build-app	Configure and Build Robo 3T	2026-04-14T01:15:50.5772801Z   Python3_ROOT_DIR: C:\hostedtoolcache\windows\Python\3.10.11\x64
build-app	Configure and Build Robo 3T	2026-04-14T01:15:50.5773112Z   CommandPromptType: Native
build-app	Configure and Build Robo 3T	2026-04-14T01:15:50.5773443Z   DevEnvDir: C:\Program Files\Microsoft Visual Studio\2022\Enterprise\Common7\IDE\
build-app	Configure and Build Robo 3T	2026-04-14T01:15:50.5774119Z   ExtensionSdkDir: C:\Program Files (x86)\Microsoft SDKs\Windows Kits\10\ExtensionSDKs
build-app	Configure and Build Robo 3T	2026-04-14T01:15:50.5776603Z   EXTERNAL_INCLUDE: C:\Program Files\Microsoft Visual Studio\2022\Enterprise\VC\Tools\MSVC\14.16.27023\include;C:\Program Files\Microsoft Visual Studio\2022\Enterprise\VC\Tools\MSVC\14.16.27023\ATLMFC\include;C:\Program Files\Microsoft Visual Studio\2022\Enterprise\VC\Auxiliary\VS\include;C:\Program Files (x86)\Windows Kits\10\include\10.0.26100.0\ucrt;C:\Program Files (x86)\Windows Kits\10\\include\10.0.26100.0\\um;C:\Program Files (x86)\Windows Kits\10\\include\10.0.26100.0\\shared;C:\Program Files (x86)\Windows Kits\10\\include\10.0.26100.0\\winrt;C:\Program Files (x86)\Windows Kits\10\\include\10.0.26100.0\\cppwinrt;C:\Program Files (x86)\Windows Kits\NETFXSDK\4.8\include\um
build-app	Configure and Build Robo 3T	2026-04-14T01:15:50.5779624Z   Framework40Version: v4.0
build-app	Configure and Build Robo 3T	2026-04-14T01:15:50.5779976Z   FrameworkDir: C:\Windows\Microsoft.NET\Framework64\
build-app	Configure and Build Robo 3T	2026-04-14T01:15:50.5780784Z   FrameworkDir64: C:\Windows\Microsoft.NET\Framework64\
build-app	Configure and Build Robo 3T	2026-04-14T01:15:50.5781073Z   FrameworkVersion: v4.0.30319
build-app	Configure and Build Robo 3T	2026-04-14T01:15:50.5781289Z   FrameworkVersion64: v4.0.30319
build-app	Configure and Build Robo 3T	2026-04-14T01:15:50.5781818Z   FSHARPINSTALLDIR: C:\Program Files\Microsoft Visual Studio\2022\Enterprise\Common7\IDE\CommonExtensions\Microsoft\FSharp\Tools
build-app	Configure and Build Robo 3T	2026-04-14T01:15:50.5782438Z   HTMLHelpDir: C:\Program Files (x86)\HTML Help Workshop
build-app	Configure and Build Robo 3T	2026-04-14T01:15:50.5784766Z   INCLUDE: C:\Program Files\Microsoft Visual Studio\2022\Enterprise\VC\Tools\MSVC\14.16.27023\include;C:\Program Files\Microsoft Visual Studio\2022\Enterprise\VC\Tools\MSVC\14.16.27023\ATLMFC\include;C:\Program Files\Microsoft Visual Studio\2022\Enterprise\VC\Auxiliary\VS\include;C:\Program Files (x86)\Windows Kits\10\include\10.0.26100.0\ucrt;C:\Program Files (x86)\Windows Kits\10\\include\10.0.26100.0\\um;C:\Program Files (x86)\Windows Kits\10\\include\10.0.26100.0\\shared;C:\Program Files (x86)\Windows Kits\10\\include\10.0.26100.0\\winrt;C:\Program Files (x86)\Windows Kits\10\\include\10.0.26100.0\\cppwinrt;C:\Program Files (x86)\Windows Kits\NETFXSDK\4.8\include\um
build-app	Configure and Build Robo 3T	2026-04-14T01:15:50.5787049Z   is_x64_arch: true
build-app	Configure and Build Robo 3T	2026-04-14T01:15:50.5788303Z   LIB: C:\Program Files\Microsoft Visual Studio\2022\Enterprise\VC\Tools\MSVC\14.16.27023\ATLMFC\lib\x64;C:\Program Files\Microsoft Visual Studio\2022\Enterprise\VC\Tools\MSVC\14.16.27023\lib\x64;C:\Program Files (x86)\Windows Kits\NETFXSDK\4.8\lib\um\x64;C:\Program Files (x86)\Windows Kits\10\lib\10.0.26100.0\ucrt\x64;C:\Program Files (x86)\Windows Kits\10\\lib\10.0.26100.0\\um\x64
build-app	Configure and Build Robo 3T	2026-04-14T01:15:50.5793215Z   LIBPATH: C:\Program Files\Microsoft Visual Studio\2022\Enterprise\VC\Tools\MSVC\14.16.27023\ATLMFC\lib\x64;C:\Program Files\Microsoft Visual Studio\2022\Enterprise\VC\Tools\MSVC\14.16.27023\lib\x64;C:\Program Files\Microsoft Visual Studio\2022\Enterprise\VC\Tools\MSVC\14.16.27023\lib\x86\store\references;C:\Program Files (x86)\Windows Kits\10\UnionMetadata\10.0.26100.0;C:\Program Files (x86)\Windows Kits\10\References\10.0.26100.0;C:\Windows\Microsoft.NET\Framework64\v4.0.30319
build-app	Configure and Build Robo 3T	2026-04-14T01:15:50.5795006Z   NETFXSDKDir: C:\Program Files (x86)\Windows Kits\NETFXSDK\4.8\
build-app	Configure and Build Robo 3T	2026-04-14T01:15:50.5811202Z   Path: C:\Program Files\Microsoft Visual Studio\2022\Enterprise\VC\Tools\MSVC\14.16.27023\bin\HostX64\x64;C:\Program Files\Microsoft Visual Studio\2022\Enterprise\Common7\IDE\VC\VCPackages;C:\Program Files\Microsoft Visual Studio\2022\Enterprise\Common7\IDE\CommonExtensions\Microsoft\TestWindow;C:\Program Files\Microsoft Visual Studio\2022\Enterprise\Common7\IDE\CommonExtensions\Microsoft\TeamFoundation\Team Explorer;C:\Program Files\Microsoft Visual Studio\2022\Enterprise\MSBuild\Current\bin\Roslyn;C:\Program Files (x86)\Microsoft SDKs\Windows\v10.0A\bin\NETFX 4.8 Tools\x64\;C:\Program Files (x86)\HTML Help Workshop;C:\Program Files\Microsoft Visual Studio\2022\Enterprise\Common7\IDE\CommonExtensions\Microsoft\FSharp\Tools;C:\Program Files\Microsoft Visual Studio\2022\Enterprise\Team Tools\DiagnosticsHub\Collector;C:\Program Files\Microsoft Visual Studio\2022\Enterprise\Common7\IDE\Extensions\Microsoft\CodeCoverage.Console;C:\Program Files\Microsoft Visual Studio\2022\Enterprise\VC\Tools\Llvm\x64\bin;C:\Program Files (x86)\Windows Kits\10\bin\10.0.26100.0\\x64;C:\Program Files (x86)\Windows Kits\10\bin\\x64;C:\Program Files\Microsoft Visual Studio\2022\Enterprise\\MSBuild\Current\Bin\amd64;C:\Windows\Microsoft.NET\Framework64\v4.0.30319;C:\Program Files\Microsoft Visual Studio\2022\Enterprise\Common7\IDE\;C:\Program Files\Microsoft Visual Studio\2022\Enterprise\Common7\Tools\;C:\Users\runneradmin\AppData\Roaming\Python\Python310\Scripts;C:\hostedtoolcache\windows\Python\3.10.11\x64\Scripts;C:\hostedtoolcache\windows\Python\3.10.11\x64;C:\Program Files\MongoDB\Server\7.0\bin;C:\vcpkg;C:\tools\zstd;C:\hostedtoolcache\windows\stack\3.9.3\x64;C:\cabal\bin;C:\\ghcup\bin;C:\mingw64\bin;C:\Program Files\dotnet;C:\Program Files\MySQL\MySQL Server 8.0\bin;C:\Program Files\R\R-4.5.3\bin\x64;C:\SeleniumWebDrivers\GeckoDriver;C:\SeleniumWebDrivers\EdgeDriver\;C:\SeleniumWebDrivers\ChromeDriver;C:\Program Files (x86)\sbt\bin;C:\Program Files (x86)\GitHub CLI;C:\Program Files\Git\bin;C:\Program Files (x86)\pipx_bin;C:\npm\prefix;C:\hostedtoolcache\windows\go\1.24.13\x64\bin;C:\hostedtoolcache\windows\Python\3.12.10\x64\Scripts;C:\hostedtoolcache\windows\Python\3.12.10\x64;C:\hostedtoolcache\windows\Ruby\3.3.11\x64\bin;C:\Program Files\OpenSSL\bin;C:\tools\kotlinc\bin;C:\hostedtoolcache\windows\Java_Temurin-Hotspot_jdk\17.0.18-8\x64\bin;C:\Program Files\ImageMagick-7.1.2-Q16-HDRI;C:\Program Files\Microsoft SDKs\Azure\CLI2\wbin;C:\ProgramData\kind;C:\ProgramData\Chocolatey\bin;C:\Windows\system32;C:\Windows;C:\Windows\System32\Wbem;C:\Windows\System32\WindowsPowerShell\v1.0\;C:\Windows\System32\OpenSSH\;C:\Program Files\PowerShell\7\;C:\Program Files\Microsoft\Web Platform Installer\;C:\Program Files\Microsoft SQL Server\Client SDK\ODBC\170\Tools\Binn\;C:\Program Files\Microsoft SQL Server\150\Tools\Binn\;C:\Program Files\dotnet\;C:\Program Files (x86)\Windows Kits\10\Windows Performance Toolkit\;C:\Program Files (x86)\WiX Toolset v3.14\bin;C:\Program Files\Microsoft SQL Server\130\DTS\Binn\;C:\Program Files\Microsoft SQL Server\140\DTS\Binn\;C:\Program Files\Microsoft SQL Server\150\DTS\Binn\;C:\Program Files\Microsoft SQL Server\160\DTS\Binn\;C:\Program Files\Microsoft SQL Server\170\DTS\Binn\;C:\ProgramData\chocolatey\lib\pulumi\tools\Pulumi\bin;C:\Program Files\CMake\bin;C:\Strawberry\c\bin;C:\Strawberry\perl\site\bin;C:\Strawberry\perl\bin;C:\ProgramData\chocolatey\lib\maven\apache-maven-3.9.14\bin;C:\Program Files\Microsoft Service Fabric\bin\Fabric\Fabric.Code;C:\Program Files\Microsoft SDKs\Service Fabric\Tools\ServiceFabricLocalClusterManager;C:\Program Files\nodejs\;C:\Program Files\Git\cmd;C:\Program Files\Git\mingw64\bin;C:\Program Files\Git\usr\bin;C:\Program Files\GitHub CLI\;c:\tools\php;C:\Program Files\Amazon\AWSCLIV2\;C:\Program Files\Amazon\SessionManagerPlugin\bin\;C:\Program Files\Amazon\AWSSAMCLI\bin\;C:\Program Files\Microsoft SQL Server\130\Tools\Binn\;C:\Program Files\mongosh\;C:\Program Files\LLVM\bin;C:\Program Files (x86)\LLVM\bin;C:\Users\runneradmin\.dotnet\tools;C:\Users\runneradmin\.cargo\bin;C:\Users\runneradmin\AppData\Local\Microsoft\WindowsApps;C:\Program Files (x86)\Microsoft Visual Studio\Installer;C:\Program Files\Microsoft Visual Studio\2022\Enterprise\Common7\IDE\CommonExtensions\Microsoft\CMake\CMake\bin;C:\Program Files\Microsoft Visual Studio\2022\Enterprise\Common7\IDE\CommonExtensions\Microsoft\CMake\Ninja;C:\Program Files\Microsoft Visual Studio\2022\Enterprise\Common7\IDE\VC\Linux\bin\ConnectionManagerExe;C:\Program Files\Microsoft Visual Studio\2022\Enterprise\VC\vcpkg
build-app	Configure and Build Robo 3T	2026-04-14T01:15:50.5828573Z   Platform: x64
build-app	Configure and Build Robo 3T	2026-04-14T01:15:50.5828746Z   UCRTVersion: 10.0.26100.0
build-app	Configure and Build Robo 3T	2026-04-14T01:15:50.5829022Z   UniversalCRTSdkDir: C:\Program Files (x86)\Windows Kits\10\
build-app	Configure and Build Robo 3T	2026-04-14T01:15:50.5829482Z   VCIDEInstallDir: C:\Program Files\Microsoft Visual Studio\2022\Enterprise\Common7\IDE\VC\
build-app	Configure and Build Robo 3T	2026-04-14T01:15:50.5830128Z   VCINSTALLDIR: C:\Program Files\Microsoft Visual Studio\2022\Enterprise\VC\
build-app	Configure and Build Robo 3T	2026-04-14T01:15:50.5830590Z   VCPKG_ROOT: C:\Program Files\Microsoft Visual Studio\2022\Enterprise\VC\vcpkg
build-app	Configure and Build Robo 3T	2026-04-14T01:15:50.5831152Z   VCToolsInstallDir: C:\Program Files\Microsoft Visual Studio\2022\Enterprise\VC\Tools\MSVC\14.16.27023\
build-app	Configure and Build Robo 3T	2026-04-14T01:15:50.5831800Z   VCToolsRedistDir: C:\Program Files\Microsoft Visual Studio\2022\Enterprise\VC\Redist\MSVC\14.44.35112\
build-app	Configure and Build Robo 3T	2026-04-14T01:15:50.5832244Z   VCToolsVersion: 14.16.27023
build-app	Configure and Build Robo 3T	2026-04-14T01:15:50.5832455Z   VisualStudioVersion: 17.0
build-app	Configure and Build Robo 3T	2026-04-14T01:15:50.5832808Z   VS170COMNTOOLS: C:\Program Files\Microsoft Visual Studio\2022\Enterprise\Common7\Tools\
build-app	Configure and Build Robo 3T	2026-04-14T01:15:50.5833210Z   VSCMD_ARG_app_plat: Desktop
build-app	Configure and Build Robo 3T	2026-04-14T01:15:50.5833415Z   VSCMD_ARG_HOST_ARCH: x64
build-app	Configure and Build Robo 3T	2026-04-14T01:15:50.5833602Z   VSCMD_ARG_TGT_ARCH: x64
build-app	Configure and Build Robo 3T	2026-04-14T01:15:50.5833782Z   VSCMD_ARG_VCVARS_VER: 14.1
build-app	Configure and Build Robo 3T	2026-04-14T01:15:50.5833969Z   VSCMD_VER: 17.14.29
build-app	Configure and Build Robo 3T	2026-04-14T01:15:50.5834253Z   VSINSTALLDIR: C:\Program Files\Microsoft Visual Studio\2022\Enterprise\
build-app	Configure and Build Robo 3T	2026-04-14T01:15:50.5834714Z   VSSDK150INSTALL: C:\Program Files\Microsoft Visual Studio\2022\Enterprise\VSSDK
build-app	Configure and Build Robo 3T	2026-04-14T01:15:50.5835193Z   VSSDKINSTALL: C:\Program Files\Microsoft Visual Studio\2022\Enterprise\VSSDK
build-app	Configure and Build Robo 3T	2026-04-14T01:15:50.5835883Z   WindowsLibPath: C:\Program Files (x86)\Windows Kits\10\UnionMetadata\10.0.26100.0;C:\Program Files (x86)\Windows Kits\10\References\10.0.26100.0
build-app	Configure and Build Robo 3T	2026-04-14T01:15:50.5836537Z   WindowsSdkBinPath: C:\Program Files (x86)\Windows Kits\10\bin\
build-app	Configure and Build Robo 3T	2026-04-14T01:15:50.5836892Z   WindowsSdkDir: C:\Program Files (x86)\Windows Kits\10\
build-app	Configure and Build Robo 3T	2026-04-14T01:15:50.5837180Z   WindowsSDKLibVersion: 10.0.26100.0\
build-app	Configure and Build Robo 3T	2026-04-14T01:15:50.5837527Z   WindowsSdkVerBinPath: C:\Program Files (x86)\Windows Kits\10\bin\10.0.26100.0\
build-app	Configure and Build Robo 3T	2026-04-14T01:15:50.5837890Z   WindowsSDKVersion: 10.0.26100.0\
build-app	Configure and Build Robo 3T	2026-04-14T01:15:50.5838327Z   WindowsSDK_ExecutablePath_x64: C:\Program Files (x86)\Microsoft SDKs\Windows\v10.0A\bin\NETFX 4.8 Tools\x64\
build-app	Configure and Build Robo 3T	2026-04-14T01:15:50.5838992Z   WindowsSDK_ExecutablePath_x86: C:\Program Files (x86)\Microsoft SDKs\Windows\v10.0A\bin\NETFX 4.8 Tools\
build-app	Configure and Build Robo 3T	2026-04-14T01:15:50.5839434Z   __DOTNET_ADD_64BIT: 1
build-app	Configure and Build Robo 3T	2026-04-14T01:15:50.5839702Z   __DOTNET_PREFERRED_BITNESS: 64
build-app	Configure and Build Robo 3T	2026-04-14T01:15:50.5849678Z   __VSCMD_PREINIT_PATH: C:\Users\runneradmin\AppData\Roaming\Python\Python310\Scripts;C:\hostedtoolcache\windows\Python\3.10.11\x64\Scripts;C:\hostedtoolcache\windows\Python\3.10.11\x64;C:\Program Files\MongoDB\Server\7.0\bin;C:\vcpkg;C:\tools\zstd;C:\hostedtoolcache\windows\stack\3.9.3\x64;C:\cabal\bin;C:\\ghcup\bin;C:\mingw64\bin;C:\Program Files\dotnet;C:\Program Files\MySQL\MySQL Server 8.0\bin;C:\Program Files\R\R-4.5.3\bin\x64;C:\SeleniumWebDrivers\GeckoDriver;C:\SeleniumWebDrivers\EdgeDriver\;C:\SeleniumWebDrivers\ChromeDriver;C:\Program Files (x86)\sbt\bin;C:\Program Files (x86)\GitHub CLI;C:\Program Files\Git\bin;C:\Program Files (x86)\pipx_bin;C:\npm\prefix;C:\hostedtoolcache\windows\go\1.24.13\x64\bin;C:\hostedtoolcache\windows\Python\3.12.10\x64\Scripts;C:\hostedtoolcache\windows\Python\3.12.10\x64;C:\hostedtoolcache\windows\Ruby\3.3.11\x64\bin;C:\Program Files\OpenSSL\bin;C:\tools\kotlinc\bin;C:\hostedtoolcache\windows\Java_Temurin-Hotspot_jdk\17.0.18-8\x64\bin;C:\Program Files\ImageMagick-7.1.2-Q16-HDRI;C:\Program Files\Microsoft SDKs\Azure\CLI2\wbin;C:\ProgramData\kind;C:\ProgramData\Chocolatey\bin;C:\Windows\system32;C:\Windows;C:\Windows\System32\Wbem;C:\Windows\System32\WindowsPowerShell\v1.0\;C:\Windows\System32\OpenSSH\;C:\Program Files\PowerShell\7\;C:\Program Files\Microsoft\Web Platform Installer\;C:\Program Files\Microsoft SQL Server\Client SDK\ODBC\170\Tools\Binn\;C:\Program Files\Microsoft SQL Server\150\Tools\Binn\;C:\Program Files\dotnet\;C:\Program Files (x86)\Windows Kits\10\Windows Performance Toolkit\;C:\Program Files (x86)\WiX Toolset v3.14\bin;C:\Program Files\Microsoft SQL Server\130\DTS\Binn\;C:\Program Files\Microsoft SQL Server\140\DTS\Binn\;C:\Program Files\Microsoft SQL Server\150\DTS\Binn\;C:\Program Files\Microsoft SQL Server\160\DTS\Binn\;C:\Program Files\Microsoft SQL Server\170\DTS\Binn\;C:\ProgramData\chocolatey\lib\pulumi\tools\Pulumi\bin;C:\Program Files\CMake\bin;C:\Strawberry\c\bin;C:\Strawberry\perl\site\bin;C:\Strawberry\perl\bin;C:\ProgramData\chocolatey\lib\maven\apache-maven-3.9.14\bin;C:\Program Files\Microsoft Service Fabric\bin\Fabric\Fabric.Code;C:\Program Files\Microsoft SDKs\Service Fabric\Tools\ServiceFabricLocalClusterManager;C:\Program Files\nodejs\;C:\Program Files\Git\cmd;C:\Program Files\Git\mingw64\bin;C:\Program Files\Git\usr\bin;C:\Program Files\GitHub CLI\;c:\tools\php;C:\Program Files (x86)\sbt\bin;C:\Program Files\Amazon\AWSCLIV2\;C:\Program Files\Amazon\SessionManagerPlugin\bin\;C:\Program Files\Amazon\AWSSAMCLI\bin\;C:\Program Files\Microsoft SQL Server\130\Tools\Binn\;C:\Program Files\mongosh\;C:\Program Files\LLVM\bin;C:\Program Files (x86)\LLVM\bin;C:\Users\runneradmin\.dotnet\tools;C:\Users\runneradmin\.cargo\bin;C:\Users\runneradmin\AppData\Local\Microsoft\WindowsApps;C:\Program Files (x86)\Microsoft Visual Studio\Installer
build-app	Configure and Build Robo 3T	2026-04-14T01:15:50.5859698Z   Qt5_Dir: D:\a\robomongo\Qt\5.15.2\msvc2019_64
build-app	Configure and Build Robo 3T	2026-04-14T01:15:50.5860014Z   QT_PLUGIN_PATH: D:\a\robomongo\Qt\5.15.2\msvc2019_64\plugins
build-app	Configure and Build Robo 3T	2026-04-14T01:15:50.5860367Z   QML2_IMPORT_PATH: D:\a\robomongo\Qt\5.15.2\msvc2019_64\qml
build-app	Configure and Build Robo 3T	2026-04-14T01:15:50.5860667Z   OPENSSL_PATH: C:\Program Files\OpenSSL
build-app	Configure and Build Robo 3T	2026-04-14T01:15:50.5861192Z ##[endgroup]
build-app	Configure and Build Robo 3T	2026-04-14T01:15:51.2333321Z CMake Deprecation Warning at CMakeLists.txt:1 (cmake_minimum_required):
build-app	Configure and Build Robo 3T	2026-04-14T01:15:51.2334284Z   Compatibility with CMake < 3.10 will be removed from a future version of
build-app	Configure and Build Robo 3T	2026-04-14T01:15:51.2334773Z   CMake.
build-app	Configure and Build Robo 3T	2026-04-14T01:15:51.2334874Z 
build-app	Configure and Build Robo 3T	2026-04-14T01:15:51.2335097Z   Update the VERSION argument <min> value.  Or, use the <min>...<max> syntax
build-app	Configure and Build Robo 3T	2026-04-14T01:15:51.2335672Z   to tell CMake that the project requires at least <min> but has been updated
build-app	Configure and Build Robo 3T	2026-04-14T01:15:51.2336160Z   to work with policies introduced by <max> or earlier.
build-app	Configure and Build Robo 3T	2026-04-14T01:15:51.2336446Z 
build-app	Configure and Build Robo 3T	2026-04-14T01:15:51.2336452Z 
build-app	Configure and Build Robo 3T	2026-04-14T01:15:53.4248398Z -- The C compiler identification is MSVC 19.16.27054.0
build-app	Configure and Build Robo 3T	2026-04-14T01:15:53.6543188Z -- The CXX compiler identification is MSVC 19.16.27054.0
build-app	Configure and Build Robo 3T	2026-04-14T01:15:53.8051823Z -- Detecting C compiler ABI info
build-app	Configure and Build Robo 3T	2026-04-14T01:15:55.7186108Z -- Detecting C compiler ABI info - done
build-app	Configure and Build Robo 3T	2026-04-14T01:15:55.7319786Z -- Check for working C compiler: C:/Program Files/Microsoft Visual Studio/2022/Enterprise/VC/Tools/MSVC/14.16.27023/bin/HostX64/x64/cl.exe - skipped
build-app	Configure and Build Robo 3T	2026-04-14T01:15:55.7410028Z -- Detecting C compile features
build-app	Configure and Build Robo 3T	2026-04-14T01:15:55.7503116Z -- Detecting C compile features - done
build-app	Configure and Build Robo 3T	2026-04-14T01:15:55.7781497Z -- Detecting CXX compiler ABI info
build-app	Configure and Build Robo 3T	2026-04-14T01:15:56.6078819Z -- Detecting CXX compiler ABI info - done
build-app	Configure and Build Robo 3T	2026-04-14T01:15:56.6207743Z -- Check for working CXX compiler: C:/Program Files/Microsoft Visual Studio/2022/Enterprise/VC/Tools/MSVC/14.16.27023/bin/HostX64/x64/cl.exe - skipped
build-app	Configure and Build Robo 3T	2026-04-14T01:15:56.6211934Z -- Detecting CXX compile features
build-app	Configure and Build Robo 3T	2026-04-14T01:15:56.6220448Z -- Detecting CXX compile features - done
build-app	Configure and Build Robo 3T	2026-04-14T01:15:57.0130903Z -- Performing Test CMAKE_HAVE_LIBC_PTHREAD
build-app	Configure and Build Robo 3T	2026-04-14T01:15:57.7845577Z -- Performing Test CMAKE_HAVE_LIBC_PTHREAD - Failed
build-app	Configure and Build Robo 3T	2026-04-14T01:15:57.7846350Z -- Looking for pthread_create in pthreads
build-app	Configure and Build Robo 3T	2026-04-14T01:15:58.1107361Z -- Looking for pthread_create in pthreads - not found
build-app	Configure and Build Robo 3T	2026-04-14T01:15:58.1108511Z -- Looking for pthread_create in pthread
build-app	Configure and Build Robo 3T	2026-04-14T01:15:58.4285741Z -- Looking for pthread_create in pthread - not found
build-app	Configure and Build Robo 3T	2026-04-14T01:15:58.4462264Z -- Found Threads: TRUE
build-app	Configure and Build Robo 3T	2026-04-14T01:15:58.5950177Z fatal: No names found, cannot describe anything.
build-app	Configure and Build Robo 3T	2026-04-14T01:15:58.6003245Z -- Found MongoDB: S: (found version "")
build-app	Configure and Build Robo 3T	2026-04-14T01:15:58.6479790Z -- Looking for include file unistd.h
build-app	Configure and Build Robo 3T	2026-04-14T01:15:58.9290355Z -- Looking for include file unistd.h - not found
build-app	Configure and Build Robo 3T	2026-04-14T01:15:58.9292023Z -- Looking for include file inttypes.h
build-app	Configure and Build Robo 3T	2026-04-14T01:15:59.7822781Z -- Looking for include file inttypes.h - found
build-app	Configure and Build Robo 3T	2026-04-14T01:15:59.7826294Z -- Looking for include file stdlib.h
build-app	Configure and Build Robo 3T	2026-04-14T01:16:00.6900790Z -- Looking for include file stdlib.h - found
build-app	Configure and Build Robo 3T	2026-04-14T01:16:00.6902611Z -- Looking for include file sys/select.h
build-app	Configure and Build Robo 3T	2026-04-14T01:16:00.9511137Z -- Looking for include file sys/select.h - not found
build-app	Configure and Build Robo 3T	2026-04-14T01:16:00.9512842Z -- Looking for include file sys/uio.h
build-app	Configure and Build Robo 3T	2026-04-14T01:16:01.2090273Z -- Looking for include file sys/uio.h - not found
build-app	Configure and Build Robo 3T	2026-04-14T01:16:01.2092450Z -- Looking for include file sys/socket.h
build-app	Configure and Build Robo 3T	2026-04-14T01:16:01.4627394Z -- Looking for include file sys/socket.h - not found
build-app	Configure and Build Robo 3T	2026-04-14T01:16:01.4628945Z -- Looking for include file sys/ioctl.h
build-app	Configure and Build Robo 3T	2026-04-14T01:16:01.7181998Z -- Looking for include file sys/ioctl.h - not found
build-app	Configure and Build Robo 3T	2026-04-14T01:16:01.7183807Z -- Looking for include file sys/time.h
build-app	Configure and Build Robo 3T	2026-04-14T01:16:01.9703128Z -- Looking for include file sys/time.h - not found
build-app	Configure and Build Robo 3T	2026-04-14T01:16:01.9705477Z -- Looking for include file sys/un.h
build-app	Configure and Build Robo 3T	2026-04-14T01:16:02.2428240Z -- Looking for include file sys/un.h - not found
build-app	Configure and Build Robo 3T	2026-04-14T01:16:02.2429730Z -- Looking for include file windows.h
build-app	Configure and Build Robo 3T	2026-04-14T01:16:05.1208924Z -- Looking for include file windows.h - found
build-app	Configure and Build Robo 3T	2026-04-14T01:16:05.1210735Z -- Looking for include file ws2tcpip.h
build-app	Configure and Build Robo 3T	2026-04-14T01:16:06.2196067Z -- Looking for include file ws2tcpip.h - found
build-app	Configure and Build Robo 3T	2026-04-14T01:16:06.2199008Z -- Looking for include file winsock2.h
build-app	Configure and Build Robo 3T	2026-04-14T01:16:07.3779407Z -- Looking for include file winsock2.h - found
build-app	Configure and Build Robo 3T	2026-04-14T01:16:07.3782403Z -- Looking for sys/types.h
build-app	Configure and Build Robo 3T	2026-04-14T01:16:08.1708496Z -- Looking for sys/types.h - found
build-app	Configure and Build Robo 3T	2026-04-14T01:16:08.1710292Z -- Looking for stdint.h
build-app	Configure and Build Robo 3T	2026-04-14T01:16:09.3422162Z -- Looking for stdint.h - found
build-app	Configure and Build Robo 3T	2026-04-14T01:16:09.3424323Z -- Looking for stddef.h
build-app	Configure and Build Robo 3T	2026-04-14T01:16:10.1547316Z -- Looking for stddef.h - found
build-app	Configure and Build Robo 3T	2026-04-14T01:16:10.1547989Z -- Check size of long long
build-app	Configure and Build Robo 3T	2026-04-14T01:16:10.9640739Z -- Check size of long long - done
build-app	Configure and Build Robo 3T	2026-04-14T01:16:10.9643797Z -- Looking for gettimeofday
build-app	Configure and Build Robo 3T	2026-04-14T01:16:11.3706788Z -- Looking for gettimeofday - not found
build-app	Configure and Build Robo 3T	2026-04-14T01:16:11.3709027Z -- Looking for strtoll
build-app	Configure and Build Robo 3T	2026-04-14T01:16:12.1004203Z -- Looking for strtoll - found
build-app	Configure and Build Robo 3T	2026-04-14T01:16:12.1006733Z -- Looking for snprintf
build-app	Configure and Build Robo 3T	2026-04-14T01:16:12.9447977Z -- Looking for snprintf - found
build-app	Configure and Build Robo 3T	2026-04-14T01:16:12.9449231Z -- Looking for poll
build-app	Configure and Build Robo 3T	2026-04-14T01:16:13.3399849Z -- Looking for poll - not found
build-app	Configure and Build Robo 3T	2026-04-14T01:16:13.3400262Z -- Looking for socket
build-app	Configure and Build Robo 3T	2026-04-14T01:16:13.7307270Z -- Looking for socket - not found
build-app	Configure and Build Robo 3T	2026-04-14T01:16:13.7307890Z -- Looking for socket in socket
build-app	Configure and Build Robo 3T	2026-04-14T01:16:14.0461778Z -- Looking for socket in socket - not found
build-app	Configure and Build Robo 3T	2026-04-14T01:16:14.0462397Z -- Looking for socket in ws2_32
build-app	Configure and Build Robo 3T	2026-04-14T01:16:14.8956560Z -- Looking for socket in ws2_32 - found
build-app	Configure and Build Robo 3T	2026-04-14T01:16:14.8957527Z -- Looking for select
build-app	Configure and Build Robo 3T	2026-04-14T01:16:15.2867935Z -- Looking for select - not found
build-app	Configure and Build Robo 3T	2026-04-14T01:16:15.2868421Z -- Looking for select in ws2_32
build-app	Configure and Build Robo 3T	2026-04-14T01:16:16.1022807Z -- Looking for select in ws2_32 - found
build-app	Configure and Build Robo 3T	2026-04-14T01:16:16.1024185Z -- Looking for inet_addr
build-app	Configure and Build Robo 3T	2026-04-14T01:16:16.4884300Z -- Looking for inet_addr - not found
build-app	Configure and Build Robo 3T	2026-04-14T01:16:16.4886125Z -- Looking for inet_addr in nsl
build-app	Configure and Build Robo 3T	2026-04-14T01:16:16.8137773Z -- Looking for inet_addr in nsl - not found
build-app	Configure and Build Robo 3T	2026-04-14T01:16:16.8138187Z -- Looking for inet_addr in ws2_32
build-app	Configure and Build Robo 3T	2026-04-14T01:16:17.6174773Z -- Looking for inet_addr in ws2_32 - found
build-app	Configure and Build Robo 3T	2026-04-14T01:16:17.6176653Z -- Performing Test HAVE_O_NONBLOCK
build-app	Configure and Build Robo 3T	2026-04-14T01:16:17.8941392Z -- Performing Test HAVE_O_NONBLOCK - Failed
build-app	Configure and Build Robo 3T	2026-04-14T01:16:17.8943239Z -- Performing Test HAVE_FIONBIO
build-app	Configure and Build Robo 3T	2026-04-14T01:16:18.1679548Z -- Performing Test HAVE_FIONBIO - Failed
build-app	Configure and Build Robo 3T	2026-04-14T01:16:18.1681057Z -- Performing Test HAVE_IOCTLSOCKET
build-app	Configure and Build Robo 3T	2026-04-14T01:16:19.1000522Z -- Performing Test HAVE_IOCTLSOCKET - Success
build-app	Configure and Build Robo 3T	2026-04-14T01:16:19.1038394Z -- Looking for include file arpa/inet.h
build-app	Configure and Build Robo 3T	2026-04-14T01:16:19.3753221Z -- Looking for include file arpa/inet.h - not found
build-app	Configure and Build Robo 3T	2026-04-14T01:16:19.3754820Z -- Looking for include file netinet/in.h
build-app	Configure and Build Robo 3T	2026-04-14T01:16:19.6261308Z -- Looking for include file netinet/in.h - not found
build-app	Configure and Build Robo 3T	2026-04-14T01:16:19.6264438Z -- Looking for strcasecmp
build-app	Configure and Build Robo 3T	2026-04-14T01:16:19.8963137Z -- Looking for strcasecmp - not found
build-app	Configure and Build Robo 3T	2026-04-14T01:16:19.8965740Z -- Looking for _stricmp
build-app	Configure and Build Robo 3T	2026-04-14T01:16:20.6927850Z -- Looking for _stricmp - found
build-app	Configure and Build Robo 3T	2026-04-14T01:16:20.6931597Z -- Looking for _snprintf
build-app	Configure and Build Robo 3T	2026-04-14T01:16:21.4552842Z -- Looking for _snprintf - found
build-app	Configure and Build Robo 3T	2026-04-14T01:16:21.4555524Z -- Looking for __func__
build-app	Configure and Build Robo 3T	2026-04-14T01:16:22.1839449Z -- Looking for __func__ - found
build-app	Configure and Build Robo 3T	2026-04-14T01:16:22.1842041Z -- Looking for __FUNCTION__
build-app	Configure and Build Robo 3T	2026-04-14T01:16:22.9611318Z -- Looking for __FUNCTION__ - found
build-app	Configure and Build Robo 3T	2026-04-14T01:16:22.9729738Z CMake Deprecation Warning at src/third-party/googletest-1.8.1/CMakeLists.txt:1 (cmake_minimum_required):
build-app	Configure and Build Robo 3T	2026-04-14T01:16:22.9730985Z   Compatibility with CMake < 3.10 will be removed from a future version of
build-app	Configure and Build Robo 3T	2026-04-14T01:16:22.9731713Z   CMake.
build-app	Configure and Build Robo 3T	2026-04-14T01:16:22.9731931Z 
build-app	Configure and Build Robo 3T	2026-04-14T01:16:22.9732277Z   Update the VERSION argument <min> value.  Or, use the <min>...<max> syntax
build-app	Configure and Build Robo 3T	2026-04-14T01:16:22.9733439Z   to tell CMake that the project requires at least <min> but has been updated
build-app	Configure and Build Robo 3T	2026-04-14T01:16:22.9734635Z   to work with policies introduced by <max> or earlier.
build-app	Configure and Build Robo 3T	2026-04-14T01:16:22.9735060Z 
build-app	Configure and Build Robo 3T	2026-04-14T01:16:22.9735073Z 
build-app	Configure and Build Robo 3T	2026-04-14T01:16:22.9845106Z CMake Deprecation Warning at src/third-party/googletest-1.8.1/googlemock/CMakeLists.txt:42 (cmake_minimum_required):
build-app	Configure and Build Robo 3T	2026-04-14T01:16:22.9845914Z   Compatibility with CMake < 3.10 will be removed from a future version of
build-app	Configure and Build Robo 3T	2026-04-14T01:16:22.9846502Z   CMake.
build-app	Configure and Build Robo 3T	2026-04-14T01:16:22.9846668Z 
build-app	Configure and Build Robo 3T	2026-04-14T01:16:22.9846942Z   Update the VERSION argument <min> value.  Or, use the <min>...<max> syntax
build-app	Configure and Build Robo 3T	2026-04-14T01:16:22.9847425Z   to tell CMake that the project requires at least <min> but has been updated
build-app	Configure and Build Robo 3T	2026-04-14T01:16:22.9847825Z   to work with policies introduced by <max> or earlier.
build-app	Configure and Build Robo 3T	2026-04-14T01:16:22.9848143Z 
build-app	Configure and Build Robo 3T	2026-04-14T01:16:22.9848153Z 
build-app	Configure and Build Robo 3T	2026-04-14T01:16:22.9872324Z CMake Deprecation Warning at src/third-party/googletest-1.8.1/googletest/CMakeLists.txt:49 (cmake_minimum_required):
build-app	Configure and Build Robo 3T	2026-04-14T01:16:22.9873785Z   Compatibility with CMake < 3.10 will be removed from a future version of
build-app	Configure and Build Robo 3T	2026-04-14T01:16:22.9874730Z   CMake.
build-app	Configure and Build Robo 3T	2026-04-14T01:16:22.9874876Z 
build-app	Configure and Build Robo 3T	2026-04-14T01:16:22.9875185Z   Update the VERSION argument <min> value.  Or, use the <min>...<max> syntax
build-app	Configure and Build Robo 3T	2026-04-14T01:16:22.9875969Z   to tell CMake that the project requires at least <min> but has been updated
build-app	Configure and Build Robo 3T	2026-04-14T01:16:22.9876476Z   to work with policies introduced by <max> or earlier.
build-app	Configure and Build Robo 3T	2026-04-14T01:16:22.9876861Z 
build-app	Configure and Build Robo 3T	2026-04-14T01:16:22.9876872Z 
build-app	Configure and Build Robo 3T	2026-04-14T01:16:22.9886315Z CMake Warning (dev) at src/third-party/googletest-1.8.1/googletest/cmake/internal_utils.cmake:239 (find_package):
build-app	Configure and Build Robo 3T	2026-04-14T01:16:22.9887299Z   Policy CMP0148 is not set: The FindPythonInterp and FindPythonLibs modules
build-app	Configure and Build Robo 3T	2026-04-14T01:16:22.9887809Z   are removed.  Run "cmake --help-policy CMP0148" for policy details.  Use
build-app	Configure and Build Robo 3T	2026-04-14T01:16:22.9888259Z   the cmake_policy command to set the policy and suppress this warning.
build-app	Configure and Build Robo 3T	2026-04-14T01:16:22.9888528Z 
build-app	Configure and Build Robo 3T	2026-04-14T01:16:22.9888621Z Call Stack (most recent call first):
build-app	Configure and Build Robo 3T	2026-04-14T01:16:22.9888976Z   src/third-party/googletest-1.8.1/googletest/CMakeLists.txt:84 (include)
build-app	Configure and Build Robo 3T	2026-04-14T01:16:22.9889439Z This warning is for project developers.  Use -Wno-dev to suppress it.
build-app	Configure and Build Robo 3T	2026-04-14T01:16:22.9889713Z 
build-app	Configure and Build Robo 3T	2026-04-14T01:16:23.0888600Z -- Found PythonInterp: C:/hostedtoolcache/windows/Python/3.10.11/x64/python.exe (found version "3.10.11")
build-app	Configure and Build Robo 3T	2026-04-14T01:16:23.2231254Z -- Found Git: C:/Program Files/Git/bin/git.exe (found version "2.53.0.windows.2")
build-app	Configure and Build Robo 3T	2026-04-14T01:16:23.2598246Z CMake Warning (dev) at cmake/RobomongoInstallQt.cmake:101 (install):
build-app	Configure and Build Robo 3T	2026-04-14T01:16:23.2599160Z   Policy CMP0177 is not set: install() DESTINATION paths are normalized.  Run
build-app	Configure and Build Robo 3T	2026-04-14T01:16:23.2600173Z   "cmake --help-policy CMP0177" for policy details.  Use the cmake_policy
build-app	Configure and Build Robo 3T	2026-04-14T01:16:23.2601175Z   command to set the policy and suppress this warning.
build-app	Configure and Build Robo 3T	2026-04-14T01:16:23.2601715Z Call Stack (most recent call first):
build-app	Configure and Build Robo 3T	2026-04-14T01:16:23.2602240Z   cmake/RobomongoInstall.cmake:106 (install_qt_plugins)
build-app	Configure and Build Robo 3T	2026-04-14T01:16:23.2602869Z   src/robomongo/CMakeLists.txt:289 (include)
build-app	Configure and Build Robo 3T	2026-04-14T01:16:23.2603485Z This warning is for project developers.  Use -Wno-dev to suppress it.
build-app	Configure and Build Robo 3T	2026-04-14T01:16:23.2603958Z 
build-app	Configure and Build Robo 3T	2026-04-14T01:16:23.2604261Z CMake Warning (dev) at cmake/RobomongoInstallQt.cmake:101 (install):
build-app	Configure and Build Robo 3T	2026-04-14T01:16:23.2605058Z   Policy CMP0177 is not set: install() DESTINATION paths are normalized.  Run
build-app	Configure and Build Robo 3T	2026-04-14T01:16:23.2605737Z   "cmake --help-policy CMP0177" for policy details.  Use the cmake_policy
build-app	Configure and Build Robo 3T	2026-04-14T01:16:23.2606150Z   command to set the policy and suppress this warning.
build-app	Configure and Build Robo 3T	2026-04-14T01:16:23.2606452Z Call Stack (most recent call first):
build-app	Configure and Build Robo 3T	2026-04-14T01:16:23.2606797Z   cmake/RobomongoInstall.cmake:106 (install_qt_plugins)
build-app	Configure and Build Robo 3T	2026-04-14T01:16:23.2607313Z   src/robomongo/CMakeLists.txt:289 (include)
build-app	Configure and Build Robo 3T	2026-04-14T01:16:23.2607677Z This warning is for project developers.  Use -Wno-dev to suppress it.
build-app	Configure and Build Robo 3T	2026-04-14T01:16:23.2607948Z 
build-app	Configure and Build Robo 3T	2026-04-14T01:16:23.2608058Z -- Searching for windeployqt...
build-app	Configure and Build Robo 3T	2026-04-14T01:16:23.2611938Z -- Found windeployqt: D:/a/robomongo/Qt/5.15.2/msvc2019_64/bin/windeployqt.exe
build-app	Configure and Build Robo 3T	2026-04-14T01:16:23.2613538Z CMake Warning (dev) at cmake/RobomongoInstall.cmake:177 (install):
build-app	Configure and Build Robo 3T	2026-04-14T01:16:23.2614443Z   Policy CMP0177 is not set: install() DESTINATION paths are normalized.  Run
build-app	Configure and Build Robo 3T	2026-04-14T01:16:23.2615342Z   "cmake --help-policy CMP0177" for policy details.  Use the cmake_policy
build-app	Configure and Build Robo 3T	2026-04-14T01:16:23.2616091Z   command to set the policy and suppress this warning.
build-app	Configure and Build Robo 3T	2026-04-14T01:16:23.2616667Z Call Stack (most recent call first):
build-app	Configure and Build Robo 3T	2026-04-14T01:16:23.2616970Z   src/robomongo/CMakeLists.txt:289 (include)
build-app	Configure and Build Robo 3T	2026-04-14T01:16:23.2617328Z This warning is for project developers.  Use -Wno-dev to suppress it.
build-app	Configure and Build Robo 3T	2026-04-14T01:16:23.2617640Z 
build-app	Configure and Build Robo 3T	2026-04-14T01:16:23.4195959Z 
build-app	Configure and Build Robo 3T	2026-04-14T01:16:23.4197134Z  _______________[ Robo 3T configuration summary ]________________
build-app	Configure and Build Robo 3T	2026-04-14T01:16:23.4197721Z | 
build-app	Configure and Build Robo 3T	2026-04-14T01:16:23.4198004Z |-- Dependencies:
build-app	Configure and Build Robo 3T	2026-04-14T01:16:23.4198967Z | 
build-app	Configure and Build Robo 3T	2026-04-14T01:16:23.4199416Z |   Qt5 Core:           5.15.2    D:/a/robomongo/Qt/5.15.2/msvc2019_64/lib/cmake/Qt5Core
build-app	Configure and Build Robo 3T	2026-04-14T01:16:23.4200197Z |   Qt5 Gui:            5.15.2    D:/a/robomongo/Qt/5.15.2/msvc2019_64/lib/cmake/Qt5Gui
build-app	Configure and Build Robo 3T	2026-04-14T01:16:23.4201353Z |   Qt5 Widgets:        5.15.2    D:/a/robomongo/Qt/5.15.2/msvc2019_64/lib/cmake/Qt5Widgets
build-app	Configure and Build Robo 3T	2026-04-14T01:16:23.4203811Z |   Qt5 PrintSupport:   5.15.2    D:/a/robomongo/Qt/5.15.2/msvc2019_64/lib/cmake/Qt5PrintSupport
build-app	Configure and Build Robo 3T	2026-04-14T01:16:23.4204798Z |   Qt5 Network:        5.15.2    D:/a/robomongo/Qt/5.15.2/msvc2019_64/lib/cmake/Qt5Network
build-app	Configure and Build Robo 3T	2026-04-14T01:16:23.4205571Z |   Qt5 Xml:            5.15.2    D:/a/robomongo/Qt/5.15.2/msvc2019_64/lib/cmake/Qt5Xml
build-app	Configure and Build Robo 3T	2026-04-14T01:16:23.4206050Z |   Qt5 WebEng*Widgets:     
build-app	Configure and Build Robo 3T	2026-04-14T01:16:23.4206271Z |   MongoDB:                S:
build-app	Configure and Build Robo 3T	2026-04-14T01:16:23.4206489Z |   MongoDB Objects:        S:/build/opt
build-app	Configure and Build Robo 3T	2026-04-14T01:16:23.4206772Z |   OpenSSL:            1.1.1u    C:/Program Files/OpenSSL
build-app	Configure and Build Robo 3T	2026-04-14T01:16:23.4207115Z |   libssh2:            1.9.0     src/third-party/libssh2-1.9.0
build-app	Configure and Build Robo 3T	2026-04-14T01:16:23.4207452Z |   QJson:              0.8.1     src/third-party/qjson-0.8.1
build-app	Configure and Build Robo 3T	2026-04-14T01:16:23.4207801Z |   QScintilla:         2.8.4     src/third-party/qscintilla-2.8.4
build-app	Configure and Build Robo 3T	2026-04-14T01:16:23.4208182Z |   Google Test:        1.8.1     src/third-party/googletest-1.8.1
build-app	Configure and Build Robo 3T	2026-04-14T01:16:23.4208546Z |   ESPRIMA:            2.7.3     src/third-party/esprima-2.7.3
build-app	Configure and Build Robo 3T	2026-04-14T01:16:23.4208846Z |
build-app	Configure and Build Robo 3T	2026-04-14T01:16:23.4208977Z |-- Summary:
build-app	Configure and Build Robo 3T	2026-04-14T01:16:23.4209123Z |
build-app	Configure and Build Robo 3T	2026-04-14T01:16:23.4209263Z |   Version:            1.5.1
build-app	Configure and Build Robo 3T	2026-04-14T01:16:23.4209460Z |   System:             Windows
build-app	Configure and Build Robo 3T	2026-04-14T01:16:23.4209654Z |   Build type:         Release
build-app	Configure and Build Robo 3T	2026-04-14T01:16:23.4210072Z |   Commit:             26a32aa
build-app	Configure and Build Robo 3T	2026-04-14T01:16:23.4210267Z |   Install path:       D:/b/install
build-app	Configure and Build Robo 3T	2026-04-14T01:16:23.4210473Z |
build-app	Configure and Build Robo 3T	2026-04-14T01:16:23.4210618Z |-- Build, Run and Install:
build-app	Configure and Build Robo 3T	2026-04-14T01:16:23.4210796Z | 
build-app	Configure and Build Robo 3T	2026-04-14T01:16:23.4210939Z |     $ bin/build
build-app	Configure and Build Robo 3T	2026-04-14T01:16:23.4211097Z |     $ bin/run
build-app	Configure and Build Robo 3T	2026-04-14T01:16:23.4211244Z |     $ bin/install
build-app	Configure and Build Robo 3T	2026-04-14T01:16:23.4211400Z |
build-app	Configure and Build Robo 3T	2026-04-14T01:16:23.4211533Z |-- Run Unit Tests:
build-app	Configure and Build Robo 3T	2026-04-14T01:16:23.4211682Z | 
build-app	Configure and Build Robo 3T	2026-04-14T01:16:23.4211830Z |     $ bin/build-and-run-tests
build-app	Configure and Build Robo 3T	2026-04-14T01:16:23.4212036Z |     $ bin/run-tests
build-app	Configure and Build Robo 3T	2026-04-14T01:16:23.4212201Z |
build-app	Configure and Build Robo 3T	2026-04-14T01:16:23.4212338Z |-- Run Static Code Analysis:
build-app	Configure and Build Robo 3T	2026-04-14T01:16:23.4212528Z |
build-app	Configure and Build Robo 3T	2026-04-14T01:16:23.4212769Z |     $ bin/run-cppcheck <FILE_PATH OR DIR> (Default: /src/robomongo/)
build-app	Configure and Build Robo 3T	2026-04-14T01:16:23.4213100Z |     $ bin/run-vs-code-analysis
build-app	Configure and Build Robo 3T	2026-04-14T01:16:23.4213546Z |__________________________________________________________________
build-app	Configure and Build Robo 3T	2026-04-14T01:16:23.4213914Z 
build-app	Configure and Build Robo 3T	2026-04-14T01:16:23.4214080Z -- Configuring done (32.2s)
build-app	Configure and Build Robo 3T	2026-04-14T01:16:23.6507338Z CMake Warning (dev) in src/third-party/qjson-0.8.1/CMakeLists.txt:
build-app	Configure and Build Robo 3T	2026-04-14T01:16:23.6508553Z   Policy CMP0100 is not set: Let AUTOMOC and AUTOUIC process .hh files.  Run
build-app	Configure and Build Robo 3T	2026-04-14T01:16:23.6509213Z   "cmake --help-policy CMP0100" for policy details.  Use the cmake_policy
build-app	Configure and Build Robo 3T	2026-04-14T01:16:23.6509946Z   command to set the policy and suppress this warning.
build-app	Configure and Build Robo 3T	2026-04-14T01:16:23.6510175Z 
build-app	Configure and Build Robo 3T	2026-04-14T01:16:23.6510338Z   For compatibility, CMake is excluding the header file(s):
build-app	Configure and Build Robo 3T	2026-04-14T01:16:23.6510586Z 
build-app	Configure and Build Robo 3T	2026-04-14T01:16:23.6510735Z     "R:/src/third-party/qjson-0.8.1/sources/src/json_parser.hh"
build-app	Configure and Build Robo 3T	2026-04-14T01:16:23.6510980Z 
build-app	Configure and Build Robo 3T	2026-04-14T01:16:23.6511161Z   from processing by AUTOMOC and AUTOUIC.  If any of the files should be
build-app	Configure and Build Robo 3T	2026-04-14T01:16:23.6511615Z   processed, set CMP0100 to NEW.  If any of the files should not be
build-app	Configure and Build Robo 3T	2026-04-14T01:16:23.6512057Z   processed, explicitly exclude them by setting the source file property
build-app	Configure and Build Robo 3T	2026-04-14T01:16:23.6512408Z   SKIP_AUTOGEN:
build-app	Configure and Build Robo 3T	2026-04-14T01:16:23.6512517Z 
build-app	Configure and Build Robo 3T	2026-04-14T01:16:23.6512649Z     set_property(SOURCE file.hh PROPERTY SKIP_AUTOGEN ON)
build-app	Configure and Build Robo 3T	2026-04-14T01:16:23.6512868Z 
build-app	Configure and Build Robo 3T	2026-04-14T01:16:23.6513047Z This warning is for project developers.  Use -Wno-dev to suppress it.
build-app	Configure and Build Robo 3T	2026-04-14T01:16:23.6513583Z 
build-app	Configure and Build Robo 3T	2026-04-14T01:16:26.8602944Z -- Generating done (3.4s)
build-app	Configure and Build Robo 3T	2026-04-14T01:16:26.8615593Z -- Build files have been written to: D:/b
build-app	Configure and Build Robo 3T	2026-04-14T01:16:27.6014664Z [1/253] C:\PROGRA~1\MICROS~2\2022\ENTERP~1\VC\Tools\MSVC\1416~1.270\bin\HostX64\x64\cl.exe  /nologo -DLIBSSH2_OPENSSL -DLIBSSH2_WIN32 -IR:\src\third-party\libssh2-1.9.0\sources\include -ID:\b\src\third-party\libssh2-1.9.0 -I"C:\Program Files\OpenSSL\include" /DWIN32 /D_WINDOWS /W3 /GR /EHsc -D_UNICODE -DUNICODE -DWIN32 -D_WIN32 -D_CRT_SECURE_NO_WARNINGS -DBOOST_ALL_NO_LIB /wd4355 /wd4800 /wd4267 /wd4244 /wd4290 /wd4068 /wd4351 /MP /MP /wd4133 /MD /O2 /Ob2 /DNDEBUG /showIncludes /Fosrc\third-party\libssh2-1.9.0\CMakeFiles\libssh2.dir\sources\src\agent.c.obj /Fdsrc\third-party\libssh2-1.9.0\CMakeFiles\libssh2.dir\libssh2.pdb /FS -c R:\src\third-party\libssh2-1.9.0\sources\src\agent.c
build-app	Configure and Build Robo 3T	2026-04-14T01:16:27.6506738Z [2/253] C:\PROGRA~1\MICROS~2\2022\ENTERP~1\VC\Tools\MSVC\1416~1.270\bin\HostX64\x64\cl.exe  /nologo -DLIBSSH2_OPENSSL -DLIBSSH2_WIN32 -IR:\src\third-party\libssh2-1.9.0\sources\include -ID:\b\src\third-party\libssh2-1.9.0 -I"C:\Program Files\OpenSSL\include" /DWIN32 /D_WINDOWS /W3 /GR /EHsc -D_UNICODE -DUNICODE -DWIN32 -D_WIN32 -D_CRT_SECURE_NO_WARNINGS -DBOOST_ALL_NO_LIB /wd4355 /wd4800 /wd4267 /wd4244 /wd4290 /wd4068 /wd4351 /MP /MP /wd4133 /MD /O2 /Ob2 /DNDEBUG /showIncludes /Fosrc\third-party\libssh2-1.9.0\CMakeFiles\libssh2.dir\sources\src\openssl.c.obj /Fdsrc\third-party\libssh2-1.9.0\CMakeFiles\libssh2.dir\libssh2.pdb /FS -c R:\src\third-party\libssh2-1.9.0\sources\src\openssl.c
build-app	Configure and Build Robo 3T	2026-04-14T01:16:27.6570083Z [3/253] C:\PROGRA~1\MICROS~2\2022\ENTERP~1\VC\Tools\MSVC\1416~1.270\bin\HostX64\x64\cl.exe  /nologo -DLIBSSH2_OPENSSL -DLIBSSH2_WIN32 -IR:\src\third-party\libssh2-1.9.0\sources\include -ID:\b\src\third-party\libssh2-1.9.0 -I"C:\Program Files\OpenSSL\include" /DWIN32 /D_WINDOWS /W3 /GR /EHsc -D_UNICODE -DUNICODE -DWIN32 -D_WIN32 -D_CRT_SECURE_NO_WARNINGS -DBOOST_ALL_NO_LIB /wd4355 /wd4800 /wd4267 /wd4244 /wd4290 /wd4068 /wd4351 /MP /MP /wd4133 /MD /O2 /Ob2 /DNDEBUG /showIncludes /Fosrc\third-party\libssh2-1.9.0\CMakeFiles\libssh2.dir\sources\src\bcrypt_pbkdf.c.obj /Fdsrc\third-party\libssh2-1.9.0\CMakeFiles\libssh2.dir\libssh2.pdb /FS -c R:\src\third-party\libssh2-1.9.0\sources\src\bcrypt_pbkdf.c
build-app	Configure and Build Robo 3T	2026-04-14T01:16:27.6861357Z [4/253] C:\PROGRA~1\MICROS~2\2022\ENTERP~1\VC\Tools\MSVC\1416~1.270\bin\HostX64\x64\cl.exe  /nologo -DLIBSSH2_OPENSSL -DLIBSSH2_WIN32 -IR:\src\third-party\libssh2-1.9.0\sources\include -ID:\b\src\third-party\libssh2-1.9.0 -I"C:\Program Files\OpenSSL\include" /DWIN32 /D_WINDOWS /W3 /GR /EHsc -D_UNICODE -DUNICODE -DWIN32 -D_WIN32 -D_CRT_SECURE_NO_WARNINGS -DBOOST_ALL_NO_LIB /wd4355 /wd4800 /wd4267 /wd4244 /wd4290 /wd4068 /wd4351 /MP /MP /wd4133 /MD /O2 /Ob2 /DNDEBUG /showIncludes /Fosrc\third-party\libssh2-1.9.0\CMakeFiles\libssh2.dir\sources\src\channel.c.obj /Fdsrc\third-party\libssh2-1.9.0\CMakeFiles\libssh2.dir\libssh2.pdb /FS -c R:\src\third-party\libssh2-1.9.0\sources\src\channel.c
build-app	Configure and Build Robo 3T	2026-04-14T01:16:27.8955146Z [5/253] C:\PROGRA~1\MICROS~2\2022\ENTERP~1\VC\Tools\MSVC\1416~1.270\bin\HostX64\x64\cl.exe  /nologo -DLIBSSH2_OPENSSL -DLIBSSH2_WIN32 -IR:\src\third-party\libssh2-1.9.0\sources\include -ID:\b\src\third-party\libssh2-1.9.0 -I"C:\Program Files\OpenSSL\include" /DWIN32 /D_WINDOWS /W3 /GR /EHsc -D_UNICODE -DUNICODE -DWIN32 -D_WIN32 -D_CRT_SECURE_NO_WARNINGS -DBOOST_ALL_NO_LIB /wd4355 /wd4800 /wd4267 /wd4244 /wd4290 /wd4068 /wd4351 /MP /MP /wd4133 /MD /O2 /Ob2 /DNDEBUG /showIncludes /Fosrc\third-party\libssh2-1.9.0\CMakeFiles\libssh2.dir\sources\src\blowfish.c.obj /Fdsrc\third-party\libssh2-1.9.0\CMakeFiles\libssh2.dir\libssh2.pdb /FS -c R:\src\third-party\libssh2-1.9.0\sources\src\blowfish.c
build-app	Configure and Build Robo 3T	2026-04-14T01:16:28.0159800Z [6/253] C:\Windows\system32\cmd.exe /C "cd /D D:\b\src\third-party\qscintilla-2.8.4 && "C:\Program Files\CMake\bin\cmake.exe" -E cmake_autogen D:/b/src/third-party/qscintilla-2.8.4/CMakeFiles/qscintilla_autogen.dir/AutogenInfo.json Release && "C:\Program Files\CMake\bin\cmake.exe" -E touch D:/b/src/third-party/qscintilla-2.8.4/qscintilla_autogen/timestamp && "C:\Program Files\CMake\bin\cmake.exe" -E cmake_transform_depfile Ninja gccdepfile R: R:/src/third-party/qscintilla-2.8.4 D:/b D:/b/src/third-party/qscintilla-2.8.4 D:/b/src/third-party/qscintilla-2.8.4/qscintilla_autogen/deps D:/b/CMakeFiles/d/cc6cd66b0764c8b18197ba89b3175d22dccff9f9f8f2f83d2c6ff8b8b670c063.d"
build-app	Configure and Build Robo 3T	2026-04-14T01:16:28.1866890Z [7/253] C:\PROGRA~1\MICROS~2\2022\ENTERP~1\VC\Tools\MSVC\1416~1.270\bin\HostX64\x64\cl.exe  /nologo -DLIBSSH2_OPENSSL -DLIBSSH2_WIN32 -IR:\src\third-party\libssh2-1.9.0\sources\include -ID:\b\src\third-party\libssh2-1.9.0 -I"C:\Program Files\OpenSSL\include" /DWIN32 /D_WINDOWS /W3 /GR /EHsc -D_UNICODE -DUNICODE -DWIN32 -D_WIN32 -D_CRT_SECURE_NO_WARNINGS -DBOOST_ALL_NO_LIB /wd4355 /wd4800 /wd4267 /wd4244 /wd4290 /wd4068 /wd4351 /MP /MP /wd4133 /MD /O2 /Ob2 /DNDEBUG /showIncludes /Fosrc\third-party\libssh2-1.9.0\CMakeFiles\libssh2.dir\sources\src\crypt.c.obj /Fdsrc\third-party\libssh2-1.9.0\CMakeFiles\libssh2.dir\libssh2.pdb /FS -c R:\src\third-party\libssh2-1.9.0\sources\src\crypt.c
build-app	Configure and Build Robo 3T	2026-04-14T01:16:28.1910895Z [8/253] C:\PROGRA~1\MICROS~2\2022\ENTERP~1\VC\Tools\MSVC\1416~1.270\bin\HostX64\x64\cl.exe  /nologo -DLIBSSH2_OPENSSL -DLIBSSH2_WIN32 -IR:\src\third-party\libssh2-1.9.0\sources\include -ID:\b\src\third-party\libssh2-1.9.0 -I"C:\Program Files\OpenSSL\include" /DWIN32 /D_WINDOWS /W3 /GR /EHsc -D_UNICODE -DUNICODE -DWIN32 -D_WIN32 -D_CRT_SECURE_NO_WARNINGS -DBOOST_ALL_NO_LIB /wd4355 /wd4800 /wd4267 /wd4244 /wd4290 /wd4068 /wd4351 /MP /MP /wd4133 /MD /O2 /Ob2 /DNDEBUG /showIncludes /Fosrc\third-party\libssh2-1.9.0\CMakeFiles\libssh2.dir\sources\src\global.c.obj /Fdsrc\third-party\libssh2-1.9.0\CMakeFiles\libssh2.dir\libssh2.pdb /FS -c R:\src\third-party\libssh2-1.9.0\sources\src\global.c
build-app	Configure and Build Robo 3T	2026-04-14T01:16:28.1951111Z [9/253] C:\PROGRA~1\MICROS~2\2022\ENTERP~1\VC\Tools\MSVC\1416~1.270\bin\HostX64\x64\cl.exe  /nologo -DLIBSSH2_OPENSSL -DLIBSSH2_WIN32 -IR:\src\third-party\libssh2-1.9.0\sources\include -ID:\b\src\third-party\libssh2-1.9.0 -I"C:\Program Files\OpenSSL\include" /DWIN32 /D_WINDOWS /W3 /GR /EHsc -D_UNICODE -DUNICODE -DWIN32 -D_WIN32 -D_CRT_SECURE_NO_WARNINGS -DBOOST_ALL_NO_LIB /wd4355 /wd4800 /wd4267 /wd4244 /wd4290 /wd4068 /wd4351 /MP /MP /wd4133 /MD /O2 /Ob2 /DNDEBUG /showIncludes /Fosrc\third-party\libssh2-1.9.0\CMakeFiles\libssh2.dir\sources\src\comp.c.obj /Fdsrc\third-party\libssh2-1.9.0\CMakeFiles\libssh2.dir\libssh2.pdb /FS -c R:\src\third-party\libssh2-1.9.0\sources\src\comp.c
build-app	Configure and Build Robo 3T	2026-04-14T01:16:28.2828631Z [10/253] C:\PROGRA~1\MICROS~2\2022\ENTERP~1\VC\Tools\MSVC\1416~1.270\bin\HostX64\x64\cl.exe  /nologo -DLIBSSH2_OPENSSL -DLIBSSH2_WIN32 -IR:\src\third-party\libssh2-1.9.0\sources\include -ID:\b\src\third-party\libssh2-1.9.0 -I"C:\Program Files\OpenSSL\include" /DWIN32 /D_WINDOWS /W3 /GR /EHsc -D_UNICODE -DUNICODE -DWIN32 -D_WIN32 -D_CRT_SECURE_NO_WARNINGS -DBOOST_ALL_NO_LIB /wd4355 /wd4800 /wd4267 /wd4244 /wd4290 /wd4068 /wd4351 /MP /MP /wd4133 /MD /O2 /Ob2 /DNDEBUG /showIncludes /Fosrc\third-party\libssh2-1.9.0\CMakeFiles\libssh2.dir\sources\src\hostkey.c.obj /Fdsrc\third-party\libssh2-1.9.0\CMakeFiles\libssh2.dir\libssh2.pdb /FS -c R:\src\third-party\libssh2-1.9.0\sources\src\hostkey.c
build-app	Configure and Build Robo 3T	2026-04-14T01:16:28.4828519Z [11/253] C:\PROGRA~1\MICROS~2\2022\ENTERP~1\VC\Tools\MSVC\1416~1.270\bin\HostX64\x64\cl.exe  /nologo -DLIBSSH2_OPENSSL -DLIBSSH2_WIN32 -IR:\src\third-party\libssh2-1.9.0\sources\include -ID:\b\src\third-party\libssh2-1.9.0 -I"C:\Program Files\OpenSSL\include" /DWIN32 /D_WINDOWS /W3 /GR /EHsc -D_UNICODE -DUNICODE -DWIN32 -D_WIN32 -D_CRT_SECURE_NO_WARNINGS -DBOOST_ALL_NO_LIB /wd4355 /wd4800 /wd4267 /wd4244 /wd4290 /wd4068 /wd4351 /MP /MP /wd4133 /MD /O2 /Ob2 /DNDEBUG /showIncludes /Fosrc\third-party\libssh2-1.9.0\CMakeFiles\libssh2.dir\sources\src\keepalive.c.obj /Fdsrc\third-party\libssh2-1.9.0\CMakeFiles\libssh2.dir\libssh2.pdb /FS -c R:\src\third-party\libssh2-1.9.0\sources\src\keepalive.c
build-app	Configure and Build Robo 3T	2026-04-14T01:16:28.9216077Z [12/253] C:\PROGRA~1\MICROS~2\2022\ENTERP~1\VC\Tools\MSVC\1416~1.270\bin\HostX64\x64\cl.exe  /nologo -DLIBSSH2_OPENSSL -DLIBSSH2_WIN32 -IR:\src\third-party\libssh2-1.9.0\sources\include -ID:\b\src\third-party\libssh2-1.9.0 -I"C:\Program Files\OpenSSL\include" /DWIN32 /D_WINDOWS /W3 /GR /EHsc -D_UNICODE -DUNICODE -DWIN32 -D_WIN32 -D_CRT_SECURE_NO_WARNINGS -DBOOST_ALL_NO_LIB /wd4355 /wd4800 /wd4267 /wd4244 /wd4290 /wd4068 /wd4351 /MP /MP /wd4133 /MD /O2 /Ob2 /DNDEBUG /showIncludes /Fosrc\third-party\libssh2-1.9.0\CMakeFiles\libssh2.dir\sources\src\mac.c.obj /Fdsrc\third-party\libssh2-1.9.0\CMakeFiles\libssh2.dir\libssh2.pdb /FS -c R:\src\third-party\libssh2-1.9.0\sources\src\mac.c
build-app	Configure and Build Robo 3T	2026-04-14T01:16:28.9554880Z [13/253] C:\PROGRA~1\MICROS~2\2022\ENTERP~1\VC\Tools\MSVC\1416~1.270\bin\HostX64\x64\cl.exe  /nologo -DLIBSSH2_OPENSSL -DLIBSSH2_WIN32 -IR:\src\third-party\libssh2-1.9.0\sources\include -ID:\b\src\third-party\libssh2-1.9.0 -I"C:\Program Files\OpenSSL\include" /DWIN32 /D_WINDOWS /W3 /GR /EHsc -D_UNICODE -DUNICODE -DWIN32 -D_WIN32 -D_CRT_SECURE_NO_WARNINGS -DBOOST_ALL_NO_LIB /wd4355 /wd4800 /wd4267 /wd4244 /wd4290 /wd4068 /wd4351 /MP /MP /wd4133 /MD /O2 /Ob2 /DNDEBUG /showIncludes /Fosrc\third-party\libssh2-1.9.0\CMakeFiles\libssh2.dir\sources\src\knownhost.c.obj /Fdsrc\third-party\libssh2-1.9.0\CMakeFiles\libssh2.dir\libssh2.pdb /FS -c R:\src\third-party\libssh2-1.9.0\sources\src\knownhost.c
build-app	Configure and Build Robo 3T	2026-04-14T01:16:29.0186572Z [14/253] C:\PROGRA~1\MICROS~2\2022\ENTERP~1\VC\Tools\MSVC\1416~1.270\bin\HostX64\x64\cl.exe  /nologo -DLIBSSH2_OPENSSL -DLIBSSH2_WIN32 -IR:\src\third-party\libssh2-1.9.0\sources\include -ID:\b\src\third-party\libssh2-1.9.0 -I"C:\Program Files\OpenSSL\include" /DWIN32 /D_WINDOWS /W3 /GR /EHsc -D_UNICODE -DUNICODE -DWIN32 -D_WIN32 -D_CRT_SECURE_NO_WARNINGS -DBOOST_ALL_NO_LIB /wd4355 /wd4800 /wd4267 /wd4244 /wd4290 /wd4068 /wd4351 /MP /MP /wd4133 /MD /O2 /Ob2 /DNDEBUG /showIncludes /Fosrc\third-party\libssh2-1.9.0\CMakeFiles\libssh2.dir\sources\src\misc.c.obj /Fdsrc\third-party\libssh2-1.9.0\CMakeFiles\libssh2.dir\libssh2.pdb /FS -c R:\src\third-party\libssh2-1.9.0\sources\src\misc.c
build-app	Configure and Build Robo 3T	2026-04-14T01:16:29.1514191Z [15/253] C:\PROGRA~1\MICROS~2\2022\ENTERP~1\VC\Tools\MSVC\1416~1.270\bin\HostX64\x64\cl.exe  /nologo -DLIBSSH2_OPENSSL -DLIBSSH2_WIN32 -IR:\src\third-party\libssh2-1.9.0\sources\include -ID:\b\src\third-party\libssh2-1.9.0 -I"C:\Program Files\OpenSSL\include" /DWIN32 /D_WINDOWS /W3 /GR /EHsc -D_UNICODE -DUNICODE -DWIN32 -D_WIN32 -D_CRT_SECURE_NO_WARNINGS -DBOOST_ALL_NO_LIB /wd4355 /wd4800 /wd4267 /wd4244 /wd4290 /wd4068 /wd4351 /MP /MP /wd4133 /MD /O2 /Ob2 /DNDEBUG /showIncludes /Fosrc\third-party\libssh2-1.9.0\CMakeFiles\libssh2.dir\sources\src\kex.c.obj /Fdsrc\third-party\libssh2-1.9.0\CMakeFiles\libssh2.dir\libssh2.pdb /FS -c R:\src\third-party\libssh2-1.9.0\sources\src\kex.c
build-app	Configure and Build Robo 3T	2026-04-14T01:16:29.3494071Z [16/253] C:\PROGRA~1\MICROS~2\2022\ENTERP~1\VC\Tools\MSVC\1416~1.270\bin\HostX64\x64\cl.exe  /nologo -DLIBSSH2_OPENSSL -DLIBSSH2_WIN32 -IR:\src\third-party\libssh2-1.9.0\sources\include -ID:\b\src\third-party\libssh2-1.9.0 -I"C:\Program Files\OpenSSL\include" /DWIN32 /D_WINDOWS /W3 /GR /EHsc -D_UNICODE -DUNICODE -DWIN32 -D_WIN32 -D_CRT_SECURE_NO_WARNINGS -DBOOST_ALL_NO_LIB /wd4355 /wd4800 /wd4267 /wd4244 /wd4290 /wd4068 /wd4351 /MP /MP /wd4133 /MD /O2 /Ob2 /DNDEBUG /showIncludes /Fosrc\third-party\libssh2-1.9.0\CMakeFiles\libssh2.dir\sources\src\packet.c.obj /Fdsrc\third-party\libssh2-1.9.0\CMakeFiles\libssh2.dir\libssh2.pdb /FS -c R:\src\third-party\libssh2-1.9.0\sources\src\packet.c
build-app	Configure and Build Robo 3T	2026-04-14T01:16:29.3691268Z [17/253] C:\PROGRA~1\MICROS~2\2022\ENTERP~1\VC\Tools\MSVC\1416~1.270\bin\HostX64\x64\cl.exe  /nologo -DLIBSSH2_OPENSSL -DLIBSSH2_WIN32 -IR:\src\third-party\libssh2-1.9.0\sources\include -ID:\b\src\third-party\libssh2-1.9.0 -I"C:\Program Files\OpenSSL\include" /DWIN32 /D_WINDOWS /W3 /GR /EHsc -D_UNICODE -DUNICODE -DWIN32 -D_WIN32 -D_CRT_SECURE_NO_WARNINGS -DBOOST_ALL_NO_LIB /wd4355 /wd4800 /wd4267 /wd4244 /wd4290 /wd4068 /wd4351 /MP /MP /wd4133 /MD /O2 /Ob2 /DNDEBUG /showIncludes /Fosrc\third-party\libssh2-1.9.0\CMakeFiles\libssh2.dir\sources\src\pem.c.obj /Fdsrc\third-party\libssh2-1.9.0\CMakeFiles\libssh2.dir\libssh2.pdb /FS -c R:\src\third-party\libssh2-1.9.0\sources\src\pem.c
build-app	Configure and Build Robo 3T	2026-04-14T01:16:29.5536157Z [18/253] C:\PROGRA~1\MICROS~2\2022\ENTERP~1\VC\Tools\MSVC\1416~1.270\bin\HostX64\x64\cl.exe  /nologo -DLIBSSH2_OPENSSL -DLIBSSH2_WIN32 -IR:\src\third-party\libssh2-1.9.0\sources\include -ID:\b\src\third-party\libssh2-1.9.0 -I"C:\Program Files\OpenSSL\include" /DWIN32 /D_WINDOWS /W3 /GR /EHsc -D_UNICODE -DUNICODE -DWIN32 -D_WIN32 -D_CRT_SECURE_NO_WARNINGS -DBOOST_ALL_NO_LIB /wd4355 /wd4800 /wd4267 /wd4244 /wd4290 /wd4068 /wd4351 /MP /MP /wd4133 /MD /O2 /Ob2 /DNDEBUG /showIncludes /Fosrc\third-party\libssh2-1.9.0\CMakeFiles\libssh2.dir\sources\src\publickey.c.obj /Fdsrc\third-party\libssh2-1.9.0\CMakeFiles\libssh2.dir\libssh2.pdb /FS -c R:\src\third-party\libssh2-1.9.0\sources\src\publickey.c
build-app	Configure and Build Robo 3T	2026-04-14T01:16:29.6775497Z [19/253] C:\PROGRA~1\MICROS~2\2022\ENTERP~1\VC\Tools\MSVC\1416~1.270\bin\HostX64\x64\cl.exe  /nologo -DLIBSSH2_OPENSSL -DLIBSSH2_WIN32 -IR:\src\third-party\libssh2-1.9.0\sources\include -ID:\b\src\third-party\libssh2-1.9.0 -I"C:\Program Files\OpenSSL\include" /DWIN32 /D_WINDOWS /W3 /GR /EHsc -D_UNICODE -DUNICODE -DWIN32 -D_WIN32 -D_CRT_SECURE_NO_WARNINGS -DBOOST_ALL_NO_LIB /wd4355 /wd4800 /wd4267 /wd4244 /wd4290 /wd4068 /wd4351 /MP /MP /wd4133 /MD /O2 /Ob2 /DNDEBUG /showIncludes /Fosrc\third-party\libssh2-1.9.0\CMakeFiles\libssh2.dir\sources\src\scp.c.obj /Fdsrc\third-party\libssh2-1.9.0\CMakeFiles\libssh2.dir\libssh2.pdb /FS -c R:\src\third-party\libssh2-1.9.0\sources\src\scp.c
build-app	Configure and Build Robo 3T	2026-04-14T01:16:29.7517115Z [20/253] C:\PROGRA~1\MICROS~2\2022\ENTERP~1\VC\Tools\MSVC\1416~1.270\bin\HostX64\x64\cl.exe  /nologo -DLIBSSH2_OPENSSL -DLIBSSH2_WIN32 -IR:\src\third-party\libssh2-1.9.0\sources\include -ID:\b\src\third-party\libssh2-1.9.0 -I"C:\Program Files\OpenSSL\include" /DWIN32 /D_WINDOWS /W3 /GR /EHsc -D_UNICODE -DUNICODE -DWIN32 -D_WIN32 -D_CRT_SECURE_NO_WARNINGS -DBOOST_ALL_NO_LIB /wd4355 /wd4800 /wd4267 /wd4244 /wd4290 /wd4068 /wd4351 /MP /MP /wd4133 /MD /O2 /Ob2 /DNDEBUG /showIncludes /Fosrc\third-party\libssh2-1.9.0\CMakeFiles\libssh2.dir\sources\src\session.c.obj /Fdsrc\third-party\libssh2-1.9.0\CMakeFiles\libssh2.dir\libssh2.pdb /FS -c R:\src\third-party\libssh2-1.9.0\sources\src\session.c
build-app	Configure and Build Robo 3T	2026-04-14T01:16:30.0374573Z [21/253] C:\PROGRA~1\MICROS~2\2022\ENTERP~1\VC\Tools\MSVC\1416~1.270\bin\HostX64\x64\cl.exe  /nologo -DLIBSSH2_OPENSSL -DLIBSSH2_WIN32 -IR:\src\third-party\libssh2-1.9.0\sources\include -ID:\b\src\third-party\libssh2-1.9.0 -I"C:\Program Files\OpenSSL\include" /DWIN32 /D_WINDOWS /W3 /GR /EHsc -D_UNICODE -DUNICODE -DWIN32 -D_WIN32 -D_CRT_SECURE_NO_WARNINGS -DBOOST_ALL_NO_LIB /wd4355 /wd4800 /wd4267 /wd4244 /wd4290 /wd4068 /wd4351 /MP /MP /wd4133 /MD /O2 /Ob2 /DNDEBUG /showIncludes /Fosrc\third-party\libssh2-1.9.0\CMakeFiles\libssh2.dir\sources\src\sftp.c.obj /Fdsrc\third-party\libssh2-1.9.0\CMakeFiles\libssh2.dir\libssh2.pdb /FS -c R:\src\third-party\libssh2-1.9.0\sources\src\sftp.c
build-app	Configure and Build Robo 3T	2026-04-14T01:16:30.0420757Z [22/253] C:/PROGRA~1/CMake/bin/cmcldeps.exe RC R:\src\third-party\libssh2-1.9.0\sources\win32\libssh2.rc src\third-party\libssh2-1.9.0\CMakeFiles\libssh2.dir\sources\win32\libssh2.rc.res.d src\third-party\libssh2-1.9.0\CMakeFiles\libssh2.dir\sources\win32\libssh2.rc.res "Note: including file: " "C:/Program Files/Microsoft Visual Studio/2022/Enterprise/VC/Tools/MSVC/14.16.27023/bin/HostX64/x64/cl.exe" C:\PROGRA~2\WI3CF2~1\10\bin\100261~1.0\x64\rc.exe -DLIBSSH2_OPENSSL -DLIBSSH2_WIN32 -I R:\src\third-party\libssh2-1.9.0\sources\include -I D:\b\src\third-party\libssh2-1.9.0 -I "C:\Program Files\OpenSSL\include" -DWIN32 /fo src\third-party\libssh2-1.9.0\CMakeFiles\libssh2.dir\sources\win32\libssh2.rc.res R:\src\third-party\libssh2-1.9.0\sources\win32\libssh2.rc
build-app	Configure and Build Robo 3T	2026-04-14T01:16:30.1368025Z [23/253] C:\PROGRA~1\MICROS~2\2022\ENTERP~1\VC\Tools\MSVC\1416~1.270\bin\HostX64\x64\cl.exe  /nologo -DLIBSSH2_OPENSSL -DLIBSSH2_WIN32 -IR:\src\third-party\libssh2-1.9.0\sources\include -ID:\b\src\third-party\libssh2-1.9.0 -I"C:\Program Files\OpenSSL\include" /DWIN32 /D_WINDOWS /W3 /GR /EHsc -D_UNICODE -DUNICODE -DWIN32 -D_WIN32 -D_CRT_SECURE_NO_WARNINGS -DBOOST_ALL_NO_LIB /wd4355 /wd4800 /wd4267 /wd4244 /wd4290 /wd4068 /wd4351 /MP /MP /wd4133 /MD /O2 /Ob2 /DNDEBUG /showIncludes /Fosrc\third-party\libssh2-1.9.0\CMakeFiles\libssh2.dir\sources\src\transport.c.obj /Fdsrc\third-party\libssh2-1.9.0\CMakeFiles\libssh2.dir\libssh2.pdb /FS -c R:\src\third-party\libssh2-1.9.0\sources\src\transport.c
build-app	Configure and Build Robo 3T	2026-04-14T01:16:30.1400251Z [24/253] C:\Windows\system32\cmd.exe /C "cd /D D:\b\src\third-party\qscintilla-2.8.4\sources\Qt4Qt5\Qsci && D:\a\robomongo\Qt\5.15.2\msvc2019_64\bin\moc.exe @D:/b/src/third-party/qscintilla-2.8.4/sources/Qt4Qt5/Qsci/moc_qsciabstractapis.cpp_parameters"
build-app	Configure and Build Robo 3T	2026-04-14T01:16:30.1515501Z [25/253] C:\Windows\system32\cmd.exe /C "cd /D D:\b\src\third-party\qscintilla-2.8.4\sources\Qt4Qt5\Qsci && D:\a\robomongo\Qt\5.15.2\msvc2019_64\bin\moc.exe @D:/b/src/third-party/qscintilla-2.8.4/sources/Qt4Qt5/Qsci/moc_qsciapis.cpp_parameters"
build-app	Configure and Build Robo 3T	2026-04-14T01:16:30.1967737Z [26/253] C:\Windows\system32\cmd.exe /C "cd /D D:\b\src\third-party\qscintilla-2.8.4\sources\Qt4Qt5\Qsci && D:\a\robomongo\Qt\5.15.2\msvc2019_64\bin\moc.exe @D:/b/src/third-party/qscintilla-2.8.4/sources/Qt4Qt5/Qsci/moc_qscilexercpp.cpp_parameters"
build-app	Configure and Build Robo 3T	2026-04-14T01:16:30.1972210Z [27/253] C:\Windows\system32\cmd.exe /C "cd /D D:\b\src\third-party\qscintilla-2.8.4\sources\Qt4Qt5\Qsci && D:\a\robomongo\Qt\5.15.2\msvc2019_64\bin\moc.exe @D:/b/src/third-party/qscintilla-2.8.4/sources/Qt4Qt5/Qsci/moc_qscilexer.cpp_parameters"
build-app	Configure and Build Robo 3T	2026-04-14T01:16:30.2085418Z [28/253] C:\Windows\system32\cmd.exe /C "cd /D D:\b\src\third-party\qscintilla-2.8.4\sources\Qt4Qt5\Qsci && D:\a\robomongo\Qt\5.15.2\msvc2019_64\bin\moc.exe @D:/b/src/third-party/qscintilla-2.8.4/sources/Qt4Qt5/Qsci/moc_qscilexerjavascript.cpp_parameters"
build-app	Configure and Build Robo 3T	2026-04-14T01:16:30.2988445Z [29/253] C:\Windows\system32\cmd.exe /C "cd /D D:\b\src\third-party\qscintilla-2.8.4\sources\Qt4Qt5\Qsci && D:\a\robomongo\Qt\5.15.2\msvc2019_64\bin\moc.exe @D:/b/src/third-party/qscintilla-2.8.4/sources/Qt4Qt5/Qsci/moc_qsciscintillabase.cpp_parameters"
build-app	Configure and Build Robo 3T	2026-04-14T01:16:30.3025381Z [30/253] C:\Windows\system32\cmd.exe /C "cd /D D:\b\src\third-party\qscintilla-2.8.4\sources\Qt4Qt5\Qsci && D:\a\robomongo\Qt\5.15.2\msvc2019_64\bin\moc.exe @D:/b/src/third-party/qscintilla-2.8.4/sources/Qt4Qt5/Qsci/moc_qsciscintilla.cpp_parameters"
build-app	Configure and Build Robo 3T	2026-04-14T01:16:30.3095911Z [31/253] C:\Windows\system32\cmd.exe /C "cd /D D:\b\src\third-party\qscintilla-2.8.4\sources\Qt4Qt5\Qsci && D:\a\robomongo\Qt\5.15.2\msvc2019_64\bin\moc.exe @D:/b/src/third-party/qscintilla-2.8.4/sources/Qt4Qt5/Qsci/moc_qscimacro.cpp_parameters"
build-app	Configure and Build Robo 3T	2026-04-14T01:16:30.3394303Z [32/253] C:\PROGRA~1\MICROS~2\2022\ENTERP~1\VC\Tools\MSVC\1416~1.270\bin\HostX64\x64\cl.exe  /nologo -DLIBSSH2_OPENSSL -DLIBSSH2_WIN32 -IR:\src\third-party\libssh2-1.9.0\sources\include -ID:\b\src\third-party\libssh2-1.9.0 -I"C:\Program Files\OpenSSL\include" /DWIN32 /D_WINDOWS /W3 /GR /EHsc -D_UNICODE -DUNICODE -DWIN32 -D_WIN32 -D_CRT_SECURE_NO_WARNINGS -DBOOST_ALL_NO_LIB /wd4355 /wd4800 /wd4267 /wd4244 /wd4290 /wd4068 /wd4351 /MP /MP /wd4133 /MD /O2 /Ob2 /DNDEBUG /showIncludes /Fosrc\third-party\libssh2-1.9.0\CMakeFiles\libssh2.dir\sources\src\userauth.c.obj /Fdsrc\third-party\libssh2-1.9.0\CMakeFiles\libssh2.dir\libssh2.pdb /FS -c R:\src\third-party\libssh2-1.9.0\sources\src\userauth.c
build-app	Configure and Build Robo 3T	2026-04-14T01:16:30.3976769Z [33/253] C:\PROGRA~1\MICROS~2\2022\ENTERP~1\VC\Tools\MSVC\1416~1.270\bin\HostX64\x64\cl.exe  /nologo -DLIBSSH2_OPENSSL -DLIBSSH2_WIN32 -IR:\src\third-party\libssh2-1.9.0\sources\include -ID:\b\src\third-party\libssh2-1.9.0 -I"C:\Program Files\OpenSSL\include" /DWIN32 /D_WINDOWS /W3 /GR /EHsc -D_UNICODE -DUNICODE -DWIN32 -D_WIN32 -D_CRT_SECURE_NO_WARNINGS -DBOOST_ALL_NO_LIB /wd4355 /wd4800 /wd4267 /wd4244 /wd4290 /wd4068 /wd4351 /MP /MP /wd4133 /MD /O2 /Ob2 /DNDEBUG /showIncludes /Fosrc\third-party\libssh2-1.9.0\CMakeFiles\libssh2.dir\sources\src\version.c.obj /Fdsrc\third-party\libssh2-1.9.0\CMakeFiles\libssh2.dir\libssh2.pdb /FS -c R:\src\third-party\libssh2-1.9.0\sources\src\version.c
build-app	Configure and Build Robo 3T	2026-04-14T01:16:30.4061831Z [34/253] C:\Windows\system32\cmd.exe /C "cd /D D:\b\src\third-party\qjson-0.8.1 && "C:\Program Files\CMake\bin\cmake.exe" -E cmake_autogen D:/b/src/third-party/qjson-0.8.1/CMakeFiles/qjson_autogen.dir/AutogenInfo.json Release && "C:\Program Files\CMake\bin\cmake.exe" -E touch D:/b/src/third-party/qjson-0.8.1/qjson_autogen/timestamp && "C:\Program Files\CMake\bin\cmake.exe" -E cmake_transform_depfile Ninja gccdepfile R: R:/src/third-party/qjson-0.8.1 D:/b D:/b/src/third-party/qjson-0.8.1 D:/b/src/third-party/qjson-0.8.1/qjson_autogen/deps D:/b/CMakeFiles/d/ffd3f77c59eea0e258efd4c882efb4835b04507951d420845c771774a6fc5582.d"
build-app	Configure and Build Robo 3T	2026-04-14T01:16:30.4068487Z AutoMoc: R:/src/third-party/qjson-0.8.1/sources/src/qobjecthelper.h(0): Note: No relevant classes found. No output generated.
build-app	Configure and Build Robo 3T	2026-04-14T01:16:30.5914689Z [35/253] C:\Windows\system32\cmd.exe /C "cd . && C:\PROGRA~1\MICROS~2\2022\ENTERP~1\VC\Tools\MSVC\1416~1.270\bin\HostX64\x64\lib.exe /nologo /machine:x64 /out:src\third-party\libssh2-1.9.0\libssh2.lib src\third-party\libssh2-1.9.0\CMakeFiles\libssh2.dir\sources\src\openssl.c.obj src\third-party\libssh2-1.9.0\CMakeFiles\libssh2.dir\sources\src\agent.c.obj src\third-party\libssh2-1.9.0\CMakeFiles\libssh2.dir\sources\src\bcrypt_pbkdf.c.obj src\third-party\libssh2-1.9.0\CMakeFiles\libssh2.dir\sources\src\blowfish.c.obj src\third-party\libssh2-1.9.0\CMakeFiles\libssh2.dir\sources\src\channel.c.obj src\third-party\libssh2-1.9.0\CMakeFiles\libssh2.dir\sources\src\comp.c.obj src\third-party\libssh2-1.9.0\CMakeFiles\libssh2.dir\sources\src\crypt.c.obj src\third-party\libssh2-1.9.0\CMakeFiles\libssh2.dir\sources\src\global.c.obj src\third-party\libssh2-1.9.0\CMakeFiles\libssh2.dir\sources\src\hostkey.c.obj src\third-party\libssh2-1.9.0\CMakeFiles\libssh2.dir\sources\src\keepalive.c.obj src\third-party\libssh2-1.9.0\CMakeFiles\libssh2.dir\sources\src\kex.c.obj src\third-party\libssh2-1.9.0\CMakeFiles\libssh2.dir\sources\src\knownhost.c.obj src\third-party\libssh2-1.9.0\CMakeFiles\libssh2.dir\sources\src\mac.c.obj src\third-party\libssh2-1.9.0\CMakeFiles\libssh2.dir\sources\src\misc.c.obj src\third-party\libssh2-1.9.0\CMakeFiles\libssh2.dir\sources\src\packet.c.obj src\third-party\libssh2-1.9.0\CMakeFiles\libssh2.dir\sources\src\pem.c.obj src\third-party\libssh2-1.9.0\CMakeFiles\libssh2.dir\sources\src\publickey.c.obj src\third-party\libssh2-1.9.0\CMakeFiles\libssh2.dir\sources\src\scp.c.obj src\third-party\libssh2-1.9.0\CMakeFiles\libssh2.dir\sources\src\session.c.obj src\third-party\libssh2-1.9.0\CMakeFiles\libssh2.dir\sources\src\sftp.c.obj src\third-party\libssh2-1.9.0\CMakeFiles\libssh2.dir\sources\src\transport.c.obj src\third-party\libssh2-1.9.0\CMakeFiles\libssh2.dir\sources\src\userauth.c.obj src\third-party\libssh2-1.9.0\CMakeFiles\libssh2.dir\sources\src\version.c.obj src\third-party\libssh2-1.9.0\CMakeFiles\libssh2.dir\sources\win32\libssh2.rc.res && cd ."
build-app	Configure and Build Robo 3T	2026-04-14T01:16:30.9362278Z [36/253] C:\PROGRA~1\MICROS~2\2022\ENTERP~1\VC\Tools\MSVC\1416~1.270\bin\HostX64\x64\cl.exe  /nologo  -ID:\b\src -IR:\src -IR:\src\third-party\libssh2-1.9.0\sources\include -I"C:\Program Files\OpenSSL\include" /DWIN32 /D_WINDOWS /W3 /GR /EHsc -D_UNICODE -DUNICODE -DWIN32 -D_WIN32 -D_CRT_SECURE_NO_WARNINGS -DBOOST_ALL_NO_LIB /wd4355 /wd4800 /wd4267 /wd4244 /wd4290 /wd4068 /wd4351 /MP /MP /MD /O2 /Ob2 /DNDEBUG /showIncludes /Fosrc\robomongo\ssh\CMakeFiles\ssh.dir\array.c.obj /Fdsrc\robomongo\ssh\CMakeFiles\ssh.dir\ssh.pdb /FS -c R:\src\robomongo\ssh\array.c
build-app	Configure and Build Robo 3T	2026-04-14T01:16:31.0277723Z [37/253] C:\PROGRA~1\MICROS~2\2022\ENTERP~1\VC\Tools\MSVC\1416~1.270\bin\HostX64\x64\cl.exe  /nologo  -ID:\b\src -IR:\src -IR:\src\third-party\libssh2-1.9.0\sources\include -I"C:\Program Files\OpenSSL\include" /DWIN32 /D_WINDOWS /W3 /GR /EHsc -D_UNICODE -DUNICODE -DWIN32 -D_WIN32 -D_CRT_SECURE_NO_WARNINGS -DBOOST_ALL_NO_LIB /wd4355 /wd4800 /wd4267 /wd4244 /wd4290 /wd4068 /wd4351 /MP /MP /MD /O2 /Ob2 /DNDEBUG /showIncludes /Fosrc\robomongo\ssh\CMakeFiles\ssh.dir\log.c.obj /Fdsrc\robomongo\ssh\CMakeFiles\ssh.dir\ssh.pdb /FS -c R:\src\robomongo\ssh\log.c
build-app	Configure and Build Robo 3T	2026-04-14T01:16:31.1358216Z [38/253] C:\PROGRA~1\MICROS~2\2022\ENTERP~1\VC\Tools\MSVC\1416~1.270\bin\HostX64\x64\cl.exe  /nologo  -ID:\b\src -IR:\src -IR:\src\third-party\libssh2-1.9.0\sources\include -I"C:\Program Files\OpenSSL\include" /DWIN32 /D_WINDOWS /W3 /GR /EHsc -D_UNICODE -DUNICODE -DWIN32 -D_WIN32 -D_CRT_SECURE_NO_WARNINGS -DBOOST_ALL_NO_LIB /wd4355 /wd4800 /wd4267 /wd4244 /wd4290 /wd4068 /wd4351 /MP /MP /MD /O2 /Ob2 /DNDEBUG /showIncludes /Fosrc\robomongo\ssh\CMakeFiles\ssh.dir\ssh.c.obj /Fdsrc\robomongo\ssh\CMakeFiles\ssh.dir\ssh.pdb /FS -c R:\src\robomongo\ssh\ssh.c
build-app	Configure and Build Robo 3T	2026-04-14T01:16:33.2111161Z [39/253] C:\PROGRA~1\MICROS~2\2022\ENTERP~1\VC\Tools\MSVC\1416~1.270\bin\HostX64\x64\cl.exe  /nologo /TP -DQJSON_STATIC -DQT_CORE_LIB -DQT_NO_DEBUG -ID:\b\src\third-party\qjson-0.8.1\qjson_autogen\include -IR:\src\third-party\qjson-0.8.1\sources\src -ID:\a\robomongo\Qt\5.15.2\msvc2019_64\include -ID:\a\robomongo\Qt\5.15.2\msvc2019_64\include\QtCore -ID:\a\robomongo\Qt\5.15.2\msvc2019_64\.\mkspecs\win32-msvc /DWIN32 /D_WINDOWS /W3 /GR /EHsc -D_UNICODE -DUNICODE -DWIN32 -D_WIN32 -D_CRT_SECURE_NO_WARNINGS -DBOOST_ALL_NO_LIB /wd4355 /wd4800 /wd4267 /wd4244 /wd4290 /wd4068 /wd4351 /MP /wd4065 /wd5033 /MD /O2 /Ob2 /DNDEBUG -std:c++17 /showIncludes /Fosrc\third-party\qjson-0.8.1\CMakeFiles\qjson.dir\qjson_autogen\mocs_compilation.cpp.obj /Fdsrc\third-party\qjson-0.8.1\CMakeFiles\qjson.dir\qjson.pdb /FS -c D:\b\src\third-party\qjson-0.8.1\qjson_autogen\mocs_compilation.cpp
build-app	Configure and Build Robo 3T	2026-04-14T01:16:33.7568062Z [40/253] C:\PROGRA~1\MICROS~2\2022\ENTERP~1\VC\Tools\MSVC\1416~1.270\bin\HostX64\x64\cl.exe  /nologo /TP -DQJSON_STATIC -DQT_CORE_LIB -DQT_NO_DEBUG -ID:\b\src\third-party\qjson-0.8.1\qjson_autogen\include -IR:\src\third-party\qjson-0.8.1\sources\src -ID:\a\robomongo\Qt\5.15.2\msvc2019_64\include -ID:\a\robomongo\Qt\5.15.2\msvc2019_64\include\QtCore -ID:\a\robomongo\Qt\5.15.2\msvc2019_64\.\mkspecs\win32-msvc /DWIN32 /D_WINDOWS /W3 /GR /EHsc -D_UNICODE -DUNICODE -DWIN32 -D_WIN32 -D_CRT_SECURE_NO_WARNINGS -DBOOST_ALL_NO_LIB /wd4355 /wd4800 /wd4267 /wd4244 /wd4290 /wd4068 /wd4351 /MP /wd4065 /wd5033 /MD /O2 /Ob2 /DNDEBUG -std:c++17 /showIncludes /Fosrc\third-party\qjson-0.8.1\CMakeFiles\qjson.dir\sources\src\qobjecthelper.cpp.obj /Fdsrc\third-party\qjson-0.8.1\CMakeFiles\qjson.dir\qjson.pdb /FS -c R:\src\third-party\qjson-0.8.1\sources\src\qobjecthelper.cpp
build-app	Configure and Build Robo 3T	2026-04-14T01:16:33.8500970Z [41/253] C:\PROGRA~1\MICROS~2\2022\ENTERP~1\VC\Tools\MSVC\1416~1.270\bin\HostX64\x64\cl.exe  /nologo /TP -DQJSON_STATIC -DQT_CORE_LIB -DQT_NO_DEBUG -ID:\b\src\third-party\qjson-0.8.1\qjson_autogen\include -IR:\src\third-party\qjson-0.8.1\sources\src -ID:\a\robomongo\Qt\5.15.2\msvc2019_64\include -ID:\a\robomongo\Qt\5.15.2\msvc2019_64\include\QtCore -ID:\a\robomongo\Qt\5.15.2\msvc2019_64\.\mkspecs\win32-msvc /DWIN32 /D_WINDOWS /W3 /GR /EHsc -D_UNICODE -DUNICODE -DWIN32 -D_WIN32 -D_CRT_SECURE_NO_WARNINGS -DBOOST_ALL_NO_LIB /wd4355 /wd4800 /wd4267 /wd4244 /wd4290 /wd4068 /wd4351 /MP /wd4065 /wd5033 /MD /O2 /Ob2 /DNDEBUG -std:c++17 /showIncludes /Fosrc\third-party\qjson-0.8.1\CMakeFiles\qjson.dir\sources\src\parser.cpp.obj /Fdsrc\third-party\qjson-0.8.1\CMakeFiles\qjson.dir\qjson.pdb /FS -c R:\src\third-party\qjson-0.8.1\sources\src\parser.cpp
build-app	Configure and Build Robo 3T	2026-04-14T01:16:34.0502627Z [42/253] C:\PROGRA~1\MICROS~2\2022\ENTERP~1\VC\Tools\MSVC\1416~1.270\bin\HostX64\x64\cl.exe  /nologo /TP -DQT_CORE_LIB -DQT_GUI_LIB -DQT_NO_DEBUG -DQT_PRINTSUPPORT_LIB -DQT_WIDGETS_LIB -DSCINTILLA_QT -DSCI_LEXER -ID:\b\src\third-party\qscintilla-2.8.4\qscintilla_autogen\include -IR:\src\third-party\qscintilla-2.8.4\sources\Qt4Qt5 -IR:\src\third-party\qscintilla-2.8.4\sources\include -IR:\src\third-party\qscintilla-2.8.4\sources\lexlib -IR:\src\third-party\qscintilla-2.8.4\sources\src -ID:\a\robomongo\Qt\5.15.2\msvc2019_64\include -ID:\a\robomongo\Qt\5.15.2\msvc2019_64\include\QtWidgets -ID:\a\robomongo\Qt\5.15.2\msvc2019_64\include\QtGui -ID:\a\robomongo\Qt\5.15.2\msvc2019_64\include\QtANGLE -ID:\a\robomongo\Qt\5.15.2\msvc2019_64\include\QtCore -ID:\a\robomongo\Qt\5.15.2\msvc2019_64\.\mkspecs\win32-msvc -ID:\a\robomongo\Qt\5.15.2\msvc2019_64\include\QtPrintSupport /DWIN32 /D_WINDOWS /W3 /GR /EHsc -D_UNICODE -DUNICODE -DWIN32 -D_WIN32 -D_CRT_SECURE_NO_WARNINGS -DBOOST_ALL_NO_LIB /wd4355 /wd4800 /wd4267 /wd4244 /wd4290 /wd4068 /wd4351 /MP /wd4554 /wd4099 /MD /O2 /Ob2 /DNDEBUG -std:c++17 /showIncludes /Fosrc\third-party\qscintilla-2.8.4\CMakeFiles\qscintilla.dir\qscintilla_autogen\mocs_compilation.cpp.obj /Fdsrc\third-party\qscintilla-2.8.4\CMakeFiles\qscintilla.dir\qscintilla.pdb /FS -c D:\b\src\third-party\qscintilla-2.8.4\qscintilla_autogen\mocs_compilation.cpp
build-app	Configure and Build Robo 3T	2026-04-14T01:16:34.5653737Z [43/253] C:\PROGRA~1\MICROS~2\2022\ENTERP~1\VC\Tools\MSVC\1416~1.270\bin\HostX64\x64\cl.exe  /nologo /TP -DQJSON_STATIC -DQT_CORE_LIB -DQT_NO_DEBUG -ID:\b\src\third-party\qjson-0.8.1\qjson_autogen\include -IR:\src\third-party\qjson-0.8.1\sources\src -ID:\a\robomongo\Qt\5.15.2\msvc2019_64\include -ID:\a\robomongo\Qt\5.15.2\msvc2019_64\include\QtCore -ID:\a\robomongo\Qt\5.15.2\msvc2019_64\.\mkspecs\win32-msvc /DWIN32 /D_WINDOWS /W3 /GR /EHsc -D_UNICODE -DUNICODE -DWIN32 -D_WIN32 -D_CRT_SECURE_NO_WARNINGS -DBOOST_ALL_NO_LIB /wd4355 /wd4800 /wd4267 /wd4244 /wd4290 /wd4068 /wd4351 /MP /wd4065 /wd5033 /MD /O2 /Ob2 /DNDEBUG -std:c++17 /showIncludes /Fosrc\third-party\qjson-0.8.1\CMakeFiles\qjson.dir\sources\src\json_scanner.cpp.obj /Fdsrc\third-party\qjson-0.8.1\CMakeFiles\qjson.dir\qjson.pdb /FS -c R:\src\third-party\qjson-0.8.1\sources\src\json_scanner.cpp
build-app	Configure and Build Robo 3T	2026-04-14T01:16:36.0259784Z [44/253] C:\PROGRA~1\MICROS~2\2022\ENTERP~1\VC\Tools\MSVC\1416~1.270\bin\HostX64\x64\cl.exe  /nologo /TP -DQJSON_STATIC -DQT_CORE_LIB -DQT_NO_DEBUG -ID:\b\src\third-party\qjson-0.8.1\qjson_autogen\include -IR:\src\third-party\qjson-0.8.1\sources\src -ID:\a\robomongo\Qt\5.15.2\msvc2019_64\include -ID:\a\robomongo\Qt\5.15.2\msvc2019_64\include\QtCore -ID:\a\robomongo\Qt\5.15.2\msvc2019_64\.\mkspecs\win32-msvc /DWIN32 /D_WINDOWS /W3 /GR /EHsc -D_UNICODE -DUNICODE -DWIN32 -D_WIN32 -D_CRT_SECURE_NO_WARNINGS -DBOOST_ALL_NO_LIB /wd4355 /wd4800 /wd4267 /wd4244 /wd4290 /wd4068 /wd4351 /MP /wd4065 /wd5033 /MD /O2 /Ob2 /DNDEBUG -std:c++17 /showIncludes /Fosrc\third-party\qjson-0.8.1\CMakeFiles\qjson.dir\sources\src\json_parser.cc.obj /Fdsrc\third-party\qjson-0.8.1\CMakeFiles\qjson.dir\qjson.pdb /FS -c R:\src\third-party\qjson-0.8.1\sources\src\json_parser.cc
build-app	Configure and Build Robo 3T	2026-04-14T01:16:36.6951920Z [45/253] C:\PROGRA~1\MICROS~2\2022\ENTERP~1\VC\Tools\MSVC\1416~1.270\bin\HostX64\x64\cl.exe  /nologo /TP -DQJSON_STATIC -DQT_CORE_LIB -DQT_NO_DEBUG -ID:\b\src\third-party\qjson-0.8.1\qjson_autogen\include -IR:\src\third-party\qjson-0.8.1\sources\src -ID:\a\robomongo\Qt\5.15.2\msvc2019_64\include -ID:\a\robomongo\Qt\5.15.2\msvc2019_64\include\QtCore -ID:\a\robomongo\Qt\5.15.2\msvc2019_64\.\mkspecs\win32-msvc /DWIN32 /D_WINDOWS /W3 /GR /EHsc -D_UNICODE -DUNICODE -DWIN32 -D_WIN32 -D_CRT_SECURE_NO_WARNINGS -DBOOST_ALL_NO_LIB /wd4355 /wd4800 /wd4267 /wd4244 /wd4290 /wd4068 /wd4351 /MP /wd4065 /wd5033 /MD /O2 /Ob2 /DNDEBUG -std:c++17 /showIncludes /Fosrc\third-party\qjson-0.8.1\CMakeFiles\qjson.dir\sources\src\parserrunnable.cpp.obj /Fdsrc\third-party\qjson-0.8.1\CMakeFiles\qjson.dir\qjson.pdb /FS -c R:\src\third-party\qjson-0.8.1\sources\src\parserrunnable.cpp
build-app	Configure and Build Robo 3T	2026-04-14T01:16:36.8793719Z [46/253] C:\PROGRA~1\MICROS~2\2022\ENTERP~1\VC\Tools\MSVC\1416~1.270\bin\HostX64\x64\cl.exe  /nologo /TP -DQJSON_STATIC -DQT_CORE_LIB -DQT_NO_DEBUG -ID:\b\src\third-party\qjson-0.8.1\qjson_autogen\include -IR:\src\third-party\qjson-0.8.1\sources\src -ID:\a\robomongo\Qt\5.15.2\msvc2019_64\include -ID:\a\robomongo\Qt\5.15.2\msvc2019_64\include\QtCore -ID:\a\robomongo\Qt\5.15.2\msvc2019_64\.\mkspecs\win32-msvc /DWIN32 /D_WINDOWS /W3 /GR /EHsc -D_UNICODE -DUNICODE -DWIN32 -D_WIN32 -D_CRT_SECURE_NO_WARNINGS -DBOOST_ALL_NO_LIB /wd4355 /wd4800 /wd4267 /wd4244 /wd4290 /wd4068 /wd4351 /MP /wd4065 /wd5033 /MD /O2 /Ob2 /DNDEBUG -std:c++17 /showIncludes /Fosrc\third-party\qjson-0.8.1\CMakeFiles\qjson.dir\sources\src\serializerrunnable.cpp.obj /Fdsrc\third-party\qjson-0.8.1\CMakeFiles\qjson.dir\qjson.pdb /FS -c R:\src\third-party\qjson-0.8.1\sources\src\serializerrunnable.cpp
build-app	Configure and Build Robo 3T	2026-04-14T01:16:37.1816612Z [47/253] C:\PROGRA~1\MICROS~2\2022\ENTERP~1\VC\Tools\MSVC\1416~1.270\bin\HostX64\x64\cl.exe  /nologo /TP -DQT_CORE_LIB -DQT_GUI_LIB -DQT_NO_DEBUG -DQT_PRINTSUPPORT_LIB -DQT_WIDGETS_LIB -DSCINTILLA_QT -DSCI_LEXER -ID:\b\src\third-party\qscintilla-2.8.4\qscintilla_autogen\include -IR:\src\third-party\qscintilla-2.8.4\sources\Qt4Qt5 -IR:\src\third-party\qscintilla-2.8.4\sources\include -IR:\src\third-party\qscintilla-2.8.4\sources\lexlib -IR:\src\third-party\qscintilla-2.8.4\sources\src -ID:\a\robomongo\Qt\5.15.2\msvc2019_64\include -ID:\a\robomongo\Qt\5.15.2\msvc2019_64\include\QtWidgets -ID:\a\robomongo\Qt\5.15.2\msvc2019_64\include\QtGui -ID:\a\robomongo\Qt\5.15.2\msvc2019_64\include\QtANGLE -ID:\a\robomongo\Qt\5.15.2\msvc2019_64\include\QtCore -ID:\a\robomongo\Qt\5.15.2\msvc2019_64\.\mkspecs\win32-msvc -ID:\a\robomongo\Qt\5.15.2\msvc2019_64\include\QtPrintSupport /DWIN32 /D_WINDOWS /W3 /GR /EHsc -D_UNICODE -DUNICODE -DWIN32 -D_WIN32 -D_CRT_SECURE_NO_WARNINGS -DBOOST_ALL_NO_LIB /wd4355 /wd4800 /wd4267 /wd4244 /wd4290 /wd4068 /wd4351 /MP /wd4554 /wd4099 /MD /O2 /Ob2 /DNDEBUG -std:c++17 /showIncludes /Fosrc\third-party\qscintilla-2.8.4\CMakeFiles\qscintilla.dir\sources\Qt4Qt5\Qsci\moc_qsciabstractapis.cpp.obj /Fdsrc\third-party\qscintilla-2.8.4\CMakeFiles\qscintilla.dir\qscintilla.pdb /FS -c D:\b\src\third-party\qscintilla-2.8.4\sources\Qt4Qt5\Qsci\moc_qsciabstractapis.cpp
build-app	Configure and Build Robo 3T	2026-04-14T01:16:37.6477247Z [48/253] C:\PROGRA~1\MICROS~2\2022\ENTERP~1\VC\Tools\MSVC\1416~1.270\bin\HostX64\x64\cl.exe  /nologo /TP -DQJSON_STATIC -DQT_CORE_LIB -DQT_NO_DEBUG -ID:\b\src\third-party\qjson-0.8.1\qjson_autogen\include -IR:\src\third-party\qjson-0.8.1\sources\src -ID:\a\robomongo\Qt\5.15.2\msvc2019_64\include -ID:\a\robomongo\Qt\5.15.2\msvc2019_64\include\QtCore -ID:\a\robomongo\Qt\5.15.2\msvc2019_64\.\mkspecs\win32-msvc /DWIN32 /D_WINDOWS /W3 /GR /EHsc -D_UNICODE -DUNICODE -DWIN32 -D_WIN32 -D_CRT_SECURE_NO_WARNINGS -DBOOST_ALL_NO_LIB /wd4355 /wd4800 /wd4267 /wd4244 /wd4290 /wd4068 /wd4351 /MP /wd4065 /wd5033 /MD /O2 /Ob2 /DNDEBUG -std:c++17 /showIncludes /Fosrc\third-party\qjson-0.8.1\CMakeFiles\qjson.dir\sources\src\serializer.cpp.obj /Fdsrc\third-party\qjson-0.8.1\CMakeFiles\qjson.dir\qjson.pdb /FS -c R:\src\third-party\qjson-0.8.1\sources\src\serializer.cpp
build-app	Configure and Build Robo 3T	2026-04-14T01:16:38.1165855Z [49/253] C:\PROGRA~1\MICROS~2\2022\ENTERP~1\VC\Tools\MSVC\1416~1.270\bin\HostX64\x64\cl.exe  /nologo /TP -DQT_CORE_LIB -DQT_GUI_LIB -DQT_NO_DEBUG -DQT_PRINTSUPPORT_LIB -DQT_WIDGETS_LIB -DSCINTILLA_QT -DSCI_LEXER -ID:\b\src\third-party\qscintilla-2.8.4\qscintilla_autogen\include -IR:\src\third-party\qscintilla-2.8.4\sources\Qt4Qt5 -IR:\src\third-party\qscintilla-2.8.4\sources\include -IR:\src\third-party\qscintilla-2.8.4\sources\lexlib -IR:\src\third-party\qscintilla-2.8.4\sources\src -ID:\a\robomongo\Qt\5.15.2\msvc2019_64\include -ID:\a\robomongo\Qt\5.15.2\msvc2019_64\include\QtWidgets -ID:\a\robomongo\Qt\5.15.2\msvc2019_64\include\QtGui -ID:\a\robomongo\Qt\5.15.2\msvc2019_64\include\QtANGLE -ID:\a\robomongo\Qt\5.15.2\msvc2019_64\include\QtCore -ID:\a\robomongo\Qt\5.15.2\msvc2019_64\.\mkspecs\win32-msvc -ID:\a\robomongo\Qt\5.15.2\msvc2019_64\include\QtPrintSupport /DWIN32 /D_WINDOWS /W3 /GR /EHsc -D_UNICODE -DUNICODE -DWIN32 -D_WIN32 -D_CRT_SECURE_NO_WARNINGS -DBOOST_ALL_NO_LIB /wd4355 /wd4800 /wd4267 /wd4244 /wd4290 /wd4068 /wd4351 /MP /wd4554 /wd4099 /MD /O2 /Ob2 /DNDEBUG -std:c++17 /showIncludes /Fosrc\third-party\qscintilla-2.8.4\CMakeFiles\qscintilla.dir\sources\Qt4Qt5\Qsci\moc_qsciapis.cpp.obj /Fdsrc\third-party\qscintilla-2.8.4\CMakeFiles\qscintilla.dir\qscintilla.pdb /FS -c D:\b\src\third-party\qscintilla-2.8.4\sources\Qt4Qt5\Qsci\moc_qsciapis.cpp
build-app	Configure and Build Robo 3T	2026-04-14T01:16:38.9553503Z [50/253] C:\PROGRA~1\MICROS~2\2022\ENTERP~1\VC\Tools\MSVC\1416~1.270\bin\HostX64\x64\cl.exe  /nologo /TP -DQT_CORE_LIB -DQT_GUI_LIB -DQT_NO_DEBUG -DQT_PRINTSUPPORT_LIB -DQT_WIDGETS_LIB -DSCINTILLA_QT -DSCI_LEXER -ID:\b\src\third-party\qscintilla-2.8.4\qscintilla_autogen\include -IR:\src\third-party\qscintilla-2.8.4\sources\Qt4Qt5 -IR:\src\third-party\qscintilla-2.8.4\sources\include -IR:\src\third-party\qscintilla-2.8.4\sources\lexlib -IR:\src\third-party\qscintilla-2.8.4\sources\src -ID:\a\robomongo\Qt\5.15.2\msvc2019_64\include -ID:\a\robomongo\Qt\5.15.2\msvc2019_64\include\QtWidgets -ID:\a\robomongo\Qt\5.15.2\msvc2019_64\include\QtGui -ID:\a\robomongo\Qt\5.15.2\msvc2019_64\include\QtANGLE -ID:\a\robomongo\Qt\5.15.2\msvc2019_64\include\QtCore -ID:\a\robomongo\Qt\5.15.2\msvc2019_64\.\mkspecs\win32-msvc -ID:\a\robomongo\Qt\5.15.2\msvc2019_64\include\QtPrintSupport /DWIN32 /D_WINDOWS /W3 /GR /EHsc -D_UNICODE -DUNICODE -DWIN32 -D_WIN32 -D_CRT_SECURE_NO_WARNINGS -DBOOST_ALL_NO_LIB /wd4355 /wd4800 /wd4267 /wd4244 /wd4290 /wd4068 /wd4351 /MP /wd4554 /wd4099 /MD /O2 /Ob2 /DNDEBUG -std:c++17 /showIncludes /Fosrc\third-party\qscintilla-2.8.4\CMakeFiles\qscintilla.dir\sources\Qt4Qt5\Qsci\moc_qscilexer.cpp.obj /Fdsrc\third-party\qscintilla-2.8.4\CMakeFiles\qscintilla.dir\qscintilla.pdb /FS -c D:\b\src\third-party\qscintilla-2.8.4\sources\Qt4Qt5\Qsci\moc_qscilexer.cpp
build-app	Configure and Build Robo 3T	2026-04-14T01:16:39.2798040Z [51/253] C:\PROGRA~1\MICROS~2\2022\ENTERP~1\VC\Tools\MSVC\1416~1.270\bin\HostX64\x64\cl.exe  /nologo /TP -DQT_CORE_LIB -DQT_GUI_LIB -DQT_NO_DEBUG -DQT_PRINTSUPPORT_LIB -DQT_WIDGETS_LIB -DSCINTILLA_QT -DSCI_LEXER -ID:\b\src\third-party\qscintilla-2.8.4\qscintilla_autogen\include -IR:\src\third-party\qscintilla-2.8.4\sources\Qt4Qt5 -IR:\src\third-party\qscintilla-2.8.4\sources\include -IR:\src\third-party\qscintilla-2.8.4\sources\lexlib -IR:\src\third-party\qscintilla-2.8.4\sources\src -ID:\a\robomongo\Qt\5.15.2\msvc2019_64\include -ID:\a\robomongo\Qt\5.15.2\msvc2019_64\include\QtWidgets -ID:\a\robomongo\Qt\5.15.2\msvc2019_64\include\QtGui -ID:\a\robomongo\Qt\5.15.2\msvc2019_64\include\QtANGLE -ID:\a\robomongo\Qt\5.15.2\msvc2019_64\include\QtCore -ID:\a\robomongo\Qt\5.15.2\msvc2019_64\.\mkspecs\win32-msvc -ID:\a\robomongo\Qt\5.15.2\msvc2019_64\include\QtPrintSupport /DWIN32 /D_WINDOWS /W3 /GR /EHsc -D_UNICODE -DUNICODE -DWIN32 -D_WIN32 -D_CRT_SECURE_NO_WARNINGS -DBOOST_ALL_NO_LIB /wd4355 /wd4800 /wd4267 /wd4244 /wd4290 /wd4068 /wd4351 /MP /wd4554 /wd4099 /MD /O2 /Ob2 /DNDEBUG -std:c++17 /showIncludes /Fosrc\third-party\qscintilla-2.8.4\CMakeFiles\qscintilla.dir\sources\lexlib\StyleContext.cpp.obj /Fdsrc\third-party\qscintilla-2.8.4\CMakeFiles\qscintilla.dir\qscintilla.pdb /FS -c R:\src\third-party\qscintilla-2.8.4\sources\lexlib\StyleContext.cpp
build-app	Configure and Build Robo 3T	2026-04-14T01:16:39.3907432Z [52/253] C:\PROGRA~1\MICROS~2\2022\ENTERP~1\VC\Tools\MSVC\1416~1.270\bin\HostX64\x64\cl.exe  /nologo /TP -DQT_CORE_LIB -DQT_GUI_LIB -DQT_NO_DEBUG -DQT_PRINTSUPPORT_LIB -DQT_WIDGETS_LIB -DSCINTILLA_QT -DSCI_LEXER -ID:\b\src\third-party\qscintilla-2.8.4\qscintilla_autogen\include -IR:\src\third-party\qscintilla-2.8.4\sources\Qt4Qt5 -IR:\src\third-party\qscintilla-2.8.4\sources\include -IR:\src\third-party\qscintilla-2.8.4\sources\lexlib -IR:\src\third-party\qscintilla-2.8.4\sources\src -ID:\a\robomongo\Qt\5.15.2\msvc2019_64\include -ID:\a\robomongo\Qt\5.15.2\msvc2019_64\include\QtWidgets -ID:\a\robomongo\Qt\5.15.2\msvc2019_64\include\QtGui -ID:\a\robomongo\Qt\5.15.2\msvc2019_64\include\QtANGLE -ID:\a\robomongo\Qt\5.15.2\msvc2019_64\include\QtCore -ID:\a\robomongo\Qt\5.15.2\msvc2019_64\.\mkspecs\win32-msvc -ID:\a\robomongo\Qt\5.15.2\msvc2019_64\include\QtPrintSupport /DWIN32 /D_WINDOWS /W3 /GR /EHsc -D_UNICODE -DUNICODE -DWIN32 -D_WIN32 -D_CRT_SECURE_NO_WARNINGS -DBOOST_ALL_NO_LIB /wd4355 /wd4800 /wd4267 /wd4244 /wd4290 /wd4068 /wd4351 /MP /wd4554 /wd4099 /MD /O2 /Ob2 /DNDEBUG -std:c++17 /showIncludes /Fosrc\third-party\qscintilla-2.8.4\CMakeFiles\qscintilla.dir\sources\Qt4Qt5\Qsci\moc_qscilexercpp.cpp.obj /Fdsrc\third-party\qscintilla-2.8.4\CMakeFiles\qscintilla.dir\qscintilla.pdb /FS -c D:\b\src\third-party\qscintilla-2.8.4\sources\Qt4Qt5\Qsci\moc_qscilexercpp.cpp
build-app	Configure and Build Robo 3T	2026-04-14T01:16:39.6619562Z [53/253] C:\PROGRA~1\MICROS~2\2022\ENTERP~1\VC\Tools\MSVC\1416~1.270\bin\HostX64\x64\cl.exe  /nologo /TP -DQT_CORE_LIB -DQT_GUI_LIB -DQT_NO_DEBUG -DQT_PRINTSUPPORT_LIB -DQT_WIDGETS_LIB -DSCINTILLA_QT -DSCI_LEXER -ID:\b\src\third-party\qscintilla-2.8.4\qscintilla_autogen\include -IR:\src\third-party\qscintilla-2.8.4\sources\Qt4Qt5 -IR:\src\third-party\qscintilla-2.8.4\sources\include -IR:\src\third-party\qscintilla-2.8.4\sources\lexlib -IR:\src\third-party\qscintilla-2.8.4\sources\src -ID:\a\robomongo\Qt\5.15.2\msvc2019_64\include -ID:\a\robomongo\Qt\5.15.2\msvc2019_64\include\QtWidgets -ID:\a\robomongo\Qt\5.15.2\msvc2019_64\include\QtGui -ID:\a\robomongo\Qt\5.15.2\msvc2019_64\include\QtANGLE -ID:\a\robomongo\Qt\5.15.2\msvc2019_64\include\QtCore -ID:\a\robomongo\Qt\5.15.2\msvc2019_64\.\mkspecs\win32-msvc -ID:\a\robomongo\Qt\5.15.2\msvc2019_64\include\QtPrintSupport /DWIN32 /D_WINDOWS /W3 /GR /EHsc -D_UNICODE -DUNICODE -DWIN32 -D_WIN32 -D_CRT_SECURE_NO_WARNINGS -DBOOST_ALL_NO_LIB /wd4355 /wd4800 /wd4267 /wd4244 /wd4290 /wd4068 /wd4351 /MP /wd4554 /wd4099 /MD /O2 /Ob2 /DNDEBUG -std:c++17 /showIncludes /Fosrc\third-party\qscintilla-2.8.4\CMakeFiles\qscintilla.dir\sources\Qt4Qt5\Qsci\moc_qscilexerjavascript.cpp.obj /Fdsrc\third-party\qscintilla-2.8.4\CMakeFiles\qscintilla.dir\qscintilla.pdb /FS -c D:\b\src\third-party\qscintilla-2.8.4\sources\Qt4Qt5\Qsci\moc_qscilexerjavascript.cpp
build-app	Configure and Build Robo 3T	2026-04-14T01:16:39.7524520Z [54/253] C:\PROGRA~1\MICROS~2\2022\ENTERP~1\VC\Tools\MSVC\1416~1.270\bin\HostX64\x64\cl.exe  /nologo /TP -DQT_CORE_LIB -DQT_GUI_LIB -DQT_NO_DEBUG -DQT_PRINTSUPPORT_LIB -DQT_WIDGETS_LIB -DSCINTILLA_QT -DSCI_LEXER -ID:\b\src\third-party\qscintilla-2.8.4\qscintilla_autogen\include -IR:\src\third-party\qscintilla-2.8.4\sources\Qt4Qt5 -IR:\src\third-party\qscintilla-2.8.4\sources\include -IR:\src\third-party\qscintilla-2.8.4\sources\lexlib -IR:\src\third-party\qscintilla-2.8.4\sources\src -ID:\a\robomongo\Qt\5.15.2\msvc2019_64\include -ID:\a\robomongo\Qt\5.15.2\msvc2019_64\include\QtWidgets -ID:\a\robomongo\Qt\5.15.2\msvc2019_64\include\QtGui -ID:\a\robomongo\Qt\5.15.2\msvc2019_64\include\QtANGLE -ID:\a\robomongo\Qt\5.15.2\msvc2019_64\include\QtCore -ID:\a\robomongo\Qt\5.15.2\msvc2019_64\.\mkspecs\win32-msvc -ID:\a\robomongo\Qt\5.15.2\msvc2019_64\include\QtPrintSupport /DWIN32 /D_WINDOWS /W3 /GR /EHsc -D_UNICODE -DUNICODE -DWIN32 -D_WIN32 -D_CRT_SECURE_NO_WARNINGS -DBOOST_ALL_NO_LIB /wd4355 /wd4800 /wd4267 /wd4244 /wd4290 /wd4068 /wd4351 /MP /wd4554 /wd4099 /MD /O2 /Ob2 /DNDEBUG -std:c++17 /showIncludes /Fosrc\third-party\qscintilla-2.8.4\CMakeFiles\qscintilla.dir\sources\lexlib\Accessor.cpp.obj /Fdsrc\third-party\qscintilla-2.8.4\CMakeFiles\qscintilla.dir\qscintilla.pdb /FS -c R:\src\third-party\qscintilla-2.8.4\sources\lexlib\Accessor.cpp
build-app	Configure and Build Robo 3T	2026-04-14T01:16:39.7813037Z [55/253] C:\PROGRA~1\MICROS~2\2022\ENTERP~1\VC\Tools\MSVC\1416~1.270\bin\HostX64\x64\cl.exe  /nologo /TP -DQT_CORE_LIB -DQT_GUI_LIB -DQT_NO_DEBUG -DQT_PRINTSUPPORT_LIB -DQT_WIDGETS_LIB -DSCINTILLA_QT -DSCI_LEXER -ID:\b\src\third-party\qscintilla-2.8.4\qscintilla_autogen\include -IR:\src\third-party\qscintilla-2.8.4\sources\Qt4Qt5 -IR:\src\third-party\qscintilla-2.8.4\sources\include -IR:\src\third-party\qscintilla-2.8.4\sources\lexlib -IR:\src\third-party\qscintilla-2.8.4\sources\src -ID:\a\robomongo\Qt\5.15.2\msvc2019_64\include -ID:\a\robomongo\Qt\5.15.2\msvc2019_64\include\QtWidgets -ID:\a\robomongo\Qt\5.15.2\msvc2019_64\include\QtGui -ID:\a\robomongo\Qt\5.15.2\msvc2019_64\include\QtANGLE -ID:\a\robomongo\Qt\5.15.2\msvc2019_64\include\QtCore -ID:\a\robomongo\Qt\5.15.2\msvc2019_64\.\mkspecs\win32-msvc -ID:\a\robomongo\Qt\5.15.2\msvc2019_64\include\QtPrintSupport /DWIN32 /D_WINDOWS /W3 /GR /EHsc -D_UNICODE -DUNICODE -DWIN32 -D_WIN32 -D_CRT_SECURE_NO_WARNINGS -DBOOST_ALL_NO_LIB /wd4355 /wd4800 /wd4267 /wd4244 /wd4290 /wd4068 /wd4351 /MP /wd4554 /wd4099 /MD /O2 /Ob2 /DNDEBUG -std:c++17 /showIncludes /Fosrc\third-party\qscintilla-2.8.4\CMakeFiles\qscintilla.dir\sources\Qt4Qt5\Qsci\moc_qscimacro.cpp.obj /Fdsrc\third-party\qscintilla-2.8.4\CMakeFiles\qscintilla.dir\qscintilla.pdb /FS -c D:\b\src\third-party\qscintilla-2.8.4\sources\Qt4Qt5\Qsci\moc_qscimacro.cpp
build-app	Configure and Build Robo 3T	2026-04-14T01:16:40.0227982Z [56/253] C:\PROGRA~1\MICROS~2\2022\ENTERP~1\VC\Tools\MSVC\1416~1.270\bin\HostX64\x64\cl.exe  /nologo /TP -DQT_CORE_LIB -DQT_GUI_LIB -DQT_NO_DEBUG -DQT_PRINTSUPPORT_LIB -DQT_WIDGETS_LIB -DSCINTILLA_QT -DSCI_LEXER -ID:\b\src\third-party\qscintilla-2.8.4\qscintilla_autogen\include -IR:\src\third-party\qscintilla-2.8.4\sources\Qt4Qt5 -IR:\src\third-party\qscintilla-2.8.4\sources\include -IR:\src\third-party\qscintilla-2.8.4\sources\lexlib -IR:\src\third-party\qscintilla-2.8.4\sources\src -ID:\a\robomongo\Qt\5.15.2\msvc2019_64\include -ID:\a\robomongo\Qt\5.15.2\msvc2019_64\include\QtWidgets -ID:\a\robomongo\Qt\5.15.2\msvc2019_64\include\QtGui -ID:\a\robomongo\Qt\5.15.2\msvc2019_64\include\QtANGLE -ID:\a\robomongo\Qt\5.15.2\msvc2019_64\include\QtCore -ID:\a\robomongo\Qt\5.15.2\msvc2019_64\.\mkspecs\win32-msvc -ID:\a\robomongo\Qt\5.15.2\msvc2019_64\include\QtPrintSupport /DWIN32 /D_WINDOWS /W3 /GR /EHsc -D_UNICODE -DUNICODE -DWIN32 -D_WIN32 -D_CRT_SECURE_NO_WARNINGS -DBOOST_ALL_NO_LIB /wd4355 /wd4800 /wd4267 /wd4244 /wd4290 /wd4068 /wd4351 /MP /wd4554 /wd4099 /MD /O2 /Ob2 /DNDEBUG -std:c++17 /showIncludes /Fosrc\third-party\qscintilla-2.8.4\CMakeFiles\qscintilla.dir\sources\lexlib\LexerBase.cpp.obj /Fdsrc\third-party\qscintilla-2.8.4\CMakeFiles\qscintilla.dir\qscintilla.pdb /FS -c R:\src\third-party\qscintilla-2.8.4\sources\lexlib\LexerBase.cpp
build-app	Configure and Build Robo 3T	2026-04-14T01:16:40.0358091Z [57/253] C:\PROGRA~1\MICROS~2\2022\ENTERP~1\VC\Tools\MSVC\1416~1.270\bin\HostX64\x64\cl.exe  /nologo /TP -DQT_CORE_LIB -DQT_GUI_LIB -DQT_NO_DEBUG -DQT_PRINTSUPPORT_LIB -DQT_WIDGETS_LIB -DSCINTILLA_QT -DSCI_LEXER -ID:\b\src\third-party\qscintilla-2.8.4\qscintilla_autogen\include -IR:\src\third-party\qscintilla-2.8.4\sources\Qt4Qt5 -IR:\src\third-party\qscintilla-2.8.4\sources\include -IR:\src\third-party\qscintilla-2.8.4\sources\lexlib -IR:\src\third-party\qscintilla-2.8.4\sources\src -ID:\a\robomongo\Qt\5.15.2\msvc2019_64\include -ID:\a\robomongo\Qt\5.15.2\msvc2019_64\include\QtWidgets -ID:\a\robomongo\Qt\5.15.2\msvc2019_64\include\QtGui -ID:\a\robomongo\Qt\5.15.2\msvc2019_64\include\QtANGLE -ID:\a\robomongo\Qt\5.15.2\msvc2019_64\include\QtCore -ID:\a\robomongo\Qt\5.15.2\msvc2019_64\.\mkspecs\win32-msvc -ID:\a\robomongo\Qt\5.15.2\msvc2019_64\include\QtPrintSupport /DWIN32 /D_WINDOWS /W3 /GR /EHsc -D_UNICODE -DUNICODE -DWIN32 -D_WIN32 -D_CRT_SECURE_NO_WARNINGS -DBOOST_ALL_NO_LIB /wd4355 /wd4800 /wd4267 /wd4244 /wd4290 /wd4068 /wd4351 /MP /wd4554 /wd4099 /MD /O2 /Ob2 /DNDEBUG -std:c++17 /showIncludes /Fosrc\third-party\qscintilla-2.8.4\CMakeFiles\qscintilla.dir\sources\lexlib\CharacterSet.cpp.obj /Fdsrc\third-party\qscintilla-2.8.4\CMakeFiles\qscintilla.dir\qscintilla.pdb /FS -c R:\src\third-party\qscintilla-2.8.4\sources\lexlib\CharacterSet.cpp
build-app	Configure and Build Robo 3T	2026-04-14T01:16:40.1549443Z [58/253] C:\PROGRA~1\MICROS~2\2022\ENTERP~1\VC\Tools\MSVC\1416~1.270\bin\HostX64\x64\cl.exe  /nologo /TP -DQT_CORE_LIB -DQT_GUI_LIB -DQT_NO_DEBUG -DQT_PRINTSUPPORT_LIB -DQT_WIDGETS_LIB -DSCINTILLA_QT -DSCI_LEXER -ID:\b\src\third-party\qscintilla-2.8.4\qscintilla_autogen\include -IR:\src\third-party\qscintilla-2.8.4\sources\Qt4Qt5 -IR:\src\third-party\qscintilla-2.8.4\sources\include -IR:\src\third-party\qscintilla-2.8.4\sources\lexlib -IR:\src\third-party\qscintilla-2.8.4\sources\src -ID:\a\robomongo\Qt\5.15.2\msvc2019_64\include -ID:\a\robomongo\Qt\5.15.2\msvc2019_64\include\QtWidgets -ID:\a\robomongo\Qt\5.15.2\msvc2019_64\include\QtGui -ID:\a\robomongo\Qt\5.15.2\msvc2019_64\include\QtANGLE -ID:\a\robomongo\Qt\5.15.2\msvc2019_64\include\QtCore -ID:\a\robomongo\Qt\5.15.2\msvc2019_64\.\mkspecs\win32-msvc -ID:\a\robomongo\Qt\5.15.2\msvc2019_64\include\QtPrintSupport /DWIN32 /D_WINDOWS /W3 /GR /EHsc -D_UNICODE -DUNICODE -DWIN32 -D_WIN32 -D_CRT_SECURE_NO_WARNINGS -DBOOST_ALL_NO_LIB /wd4355 /wd4800 /wd4267 /wd4244 /wd4290 /wd4068 /wd4351 /MP /wd4554 /wd4099 /MD /O2 /Ob2 /DNDEBUG -std:c++17 /showIncludes /Fosrc\third-party\qscintilla-2.8.4\CMakeFiles\qscintilla.dir\sources\lexlib\WordList.cpp.obj /Fdsrc\third-party\qscintilla-2.8.4\CMakeFiles\qscintilla.dir\qscintilla.pdb /FS -c R:\src\third-party\qscintilla-2.8.4\sources\lexlib\WordList.cpp
build-app	Configure and Build Robo 3T	2026-04-14T01:16:40.6723430Z [59/253] C:\PROGRA~1\MICROS~2\2022\ENTERP~1\VC\Tools\MSVC\1416~1.270\bin\HostX64\x64\cl.exe  /nologo /TP -DQT_CORE_LIB -DQT_GUI_LIB -DQT_NO_DEBUG -DQT_PRINTSUPPORT_LIB -DQT_WIDGETS_LIB -DSCINTILLA_QT -DSCI_LEXER -ID:\b\src\third-party\qscintilla-2.8.4\qscintilla_autogen\include -IR:\src\third-party\qscintilla-2.8.4\sources\Qt4Qt5 -IR:\src\third-party\qscintilla-2.8.4\sources\include -IR:\src\third-party\qscintilla-2.8.4\sources\lexlib -IR:\src\third-party\qscintilla-2.8.4\sources\src -ID:\a\robomongo\Qt\5.15.2\msvc2019_64\include -ID:\a\robomongo\Qt\5.15.2\msvc2019_64\include\QtWidgets -ID:\a\robomongo\Qt\5.15.2\msvc2019_64\include\QtGui -ID:\a\robomongo\Qt\5.15.2\msvc2019_64\include\QtANGLE -ID:\a\robomongo\Qt\5.15.2\msvc2019_64\include\QtCore -ID:\a\robomongo\Qt\5.15.2\msvc2019_64\.\mkspecs\win32-msvc -ID:\a\robomongo\Qt\5.15.2\msvc2019_64\include\QtPrintSupport /DWIN32 /D_WINDOWS /W3 /GR /EHsc -D_UNICODE -DUNICODE -DWIN32 -D_WIN32 -D_CRT_SECURE_NO_WARNINGS -DBOOST_ALL_NO_LIB /wd4355 /wd4800 /wd4267 /wd4244 /wd4290 /wd4068 /wd4351 /MP /wd4554 /wd4099 /MD /O2 /Ob2 /DNDEBUG -std:c++17 /showIncludes /Fosrc\third-party\qscintilla-2.8.4\CMakeFiles\qscintilla.dir\sources\lexlib\CharacterCategory.cpp.obj /Fdsrc\third-party\qscintilla-2.8.4\CMakeFiles\qscintilla.dir\qscintilla.pdb /FS -c R:\src\third-party\qscintilla-2.8.4\sources\lexlib\CharacterCategory.cpp
build-app	Configure and Build Robo 3T	2026-04-14T01:16:40.8710956Z [60/253] C:\PROGRA~1\MICROS~2\2022\ENTERP~1\VC\Tools\MSVC\1416~1.270\bin\HostX64\x64\cl.exe  /nologo /TP -DQT_CORE_LIB -DQT_GUI_LIB -DQT_NO_DEBUG -DQT_PRINTSUPPORT_LIB -DQT_WIDGETS_LIB -DSCINTILLA_QT -DSCI_LEXER -ID:\b\src\third-party\qscintilla-2.8.4\qscintilla_autogen\include -IR:\src\third-party\qscintilla-2.8.4\sources\Qt4Qt5 -IR:\src\third-party\qscintilla-2.8.4\sources\include -IR:\src\third-party\qscintilla-2.8.4\sources\lexlib -IR:\src\third-party\qscintilla-2.8.4\sources\src -ID:\a\robomongo\Qt\5.15.2\msvc2019_64\include -ID:\a\robomongo\Qt\5.15.2\msvc2019_64\include\QtWidgets -ID:\a\robomongo\Qt\5.15.2\msvc2019_64\include\QtGui -ID:\a\robomongo\Qt\5.15.2\msvc2019_64\include\QtANGLE -ID:\a\robomongo\Qt\5.15.2\msvc2019_64\include\QtCore -ID:\a\robomongo\Qt\5.15.2\msvc2019_64\.\mkspecs\win32-msvc -ID:\a\robomongo\Qt\5.15.2\msvc2019_64\include\QtPrintSupport /DWIN32 /D_WINDOWS /W3 /GR /EHsc -D_UNICODE -DUNICODE -DWIN32 -D_WIN32 -D_CRT_SECURE_NO_WARNINGS -DBOOST_ALL_NO_LIB /wd4355 /wd4800 /wd4267 /wd4244 /wd4290 /wd4068 /wd4351 /MP /wd4554 /wd4099 /MD /O2 /Ob2 /DNDEBUG -std:c++17 /showIncludes /Fosrc\third-party\qscintilla-2.8.4\CMakeFiles\qscintilla.dir\sources\Qt4Qt5\Qsci\moc_qsciscintilla.cpp.obj /Fdsrc\third-party\qscintilla-2.8.4\CMakeFiles\qscintilla.dir\qscintilla.pdb /FS -c D:\b\src\third-party\qscintilla-2.8.4\sources\Qt4Qt5\Qsci\moc_qsciscintilla.cpp
build-app	Configure and Build Robo 3T	2026-04-14T01:16:41.0302738Z [61/253] C:\PROGRA~1\MICROS~2\2022\ENTERP~1\VC\Tools\MSVC\1416~1.270\bin\HostX64\x64\cl.exe  /nologo /TP -DQT_CORE_LIB -DQT_GUI_LIB -DQT_NO_DEBUG -DQT_PRINTSUPPORT_LIB -DQT_WIDGETS_LIB -DSCINTILLA_QT -DSCI_LEXER -ID:\b\src\third-party\qscintilla-2.8.4\qscintilla_autogen\include -IR:\src\third-party\qscintilla-2.8.4\sources\Qt4Qt5 -IR:\src\third-party\qscintilla-2.8.4\sources\include -IR:\src\third-party\qscintilla-2.8.4\sources\lexlib -IR:\src\third-party\qscintilla-2.8.4\sources\src -ID:\a\robomongo\Qt\5.15.2\msvc2019_64\include -ID:\a\robomongo\Qt\5.15.2\msvc2019_64\include\QtWidgets -ID:\a\robomongo\Qt\5.15.2\msvc2019_64\include\QtGui -ID:\a\robomongo\Qt\5.15.2\msvc2019_64\include\QtANGLE -ID:\a\robomongo\Qt\5.15.2\msvc2019_64\include\QtCore -ID:\a\robomongo\Qt\5.15.2\msvc2019_64\.\mkspecs\win32-msvc -ID:\a\robomongo\Qt\5.15.2\msvc2019_64\include\QtPrintSupport /DWIN32 /D_WINDOWS /W3 /GR /EHsc -D_UNICODE -DUNICODE -DWIN32 -D_WIN32 -D_CRT_SECURE_NO_WARNINGS -DBOOST_ALL_NO_LIB /wd4355 /wd4800 /wd4267 /wd4244 /wd4290 /wd4068 /wd4351 /MP /wd4554 /wd4099 /MD /O2 /Ob2 /DNDEBUG -std:c++17 /showIncludes /Fosrc\third-party\qscintilla-2.8.4\CMakeFiles\qscintilla.dir\sources\lexlib\LexerModule.cpp.obj /Fdsrc\third-party\qscintilla-2.8.4\CMakeFiles\qscintilla.dir\qscintilla.pdb /FS -c R:\src\third-party\qscintilla-2.8.4\sources\lexlib\LexerModule.cpp
build-app	Configure and Build Robo 3T	2026-04-14T01:16:41.1286535Z [62/253] C:\PROGRA~1\MICROS~2\2022\ENTERP~1\VC\Tools\MSVC\1416~1.270\bin\HostX64\x64\cl.exe  /nologo /TP -DQT_CORE_LIB -DQT_GUI_LIB -DQT_NO_DEBUG -DQT_PRINTSUPPORT_LIB -DQT_WIDGETS_LIB -DSCINTILLA_QT -DSCI_LEXER -ID:\b\src\third-party\qscintilla-2.8.4\qscintilla_autogen\include -IR:\src\third-party\qscintilla-2.8.4\sources\Qt4Qt5 -IR:\src\third-party\qscintilla-2.8.4\sources\include -IR:\src\third-party\qscintilla-2.8.4\sources\lexlib -IR:\src\third-party\qscintilla-2.8.4\sources\src -ID:\a\robomongo\Qt\5.15.2\msvc2019_64\include -ID:\a\robomongo\Qt\5.15.2\msvc2019_64\include\QtWidgets -ID:\a\robomongo\Qt\5.15.2\msvc2019_64\include\QtGui -ID:\a\robomongo\Qt\5.15.2\msvc2019_64\include\QtANGLE -ID:\a\robomongo\Qt\5.15.2\msvc2019_64\include\QtCore -ID:\a\robomongo\Qt\5.15.2\msvc2019_64\.\mkspecs\win32-msvc -ID:\a\robomongo\Qt\5.15.2\msvc2019_64\include\QtPrintSupport /DWIN32 /D_WINDOWS /W3 /GR /EHsc -D_UNICODE -DUNICODE -DWIN32 -D_WIN32 -D_CRT_SECURE_NO_WARNINGS -DBOOST_ALL_NO_LIB /wd4355 /wd4800 /wd4267 /wd4244 /wd4290 /wd4068 /wd4351 /MP /wd4554 /wd4099 /MD /O2 /Ob2 /DNDEBUG -std:c++17 /showIncludes /Fosrc\third-party\qscintilla-2.8.4\CMakeFiles\qscintilla.dir\sources\lexlib\LexerNoExceptions.cpp.obj /Fdsrc\third-party\qscintilla-2.8.4\CMakeFiles\qscintilla.dir\qscintilla.pdb /FS -c R:\src\third-party\qscintilla-2.8.4\sources\lexlib\LexerNoExceptions.cpp
build-app	Configure and Build Robo 3T	2026-04-14T01:16:41.2578561Z [63/253] C:\PROGRA~1\MICROS~2\2022\ENTERP~1\VC\Tools\MSVC\1416~1.270\bin\HostX64\x64\cl.exe  /nologo /TP -DQT_CORE_LIB -DQT_GUI_LIB -DQT_NO_DEBUG -DQT_PRINTSUPPORT_LIB -DQT_WIDGETS_LIB -DSCINTILLA_QT -DSCI_LEXER -ID:\b\src\third-party\qscintilla-2.8.4\qscintilla_autogen\include -IR:\src\third-party\qscintilla-2.8.4\sources\Qt4Qt5 -IR:\src\third-party\qscintilla-2.8.4\sources\include -IR:\src\third-party\qscintilla-2.8.4\sources\lexlib -IR:\src\third-party\qscintilla-2.8.4\sources\src -ID:\a\robomongo\Qt\5.15.2\msvc2019_64\include -ID:\a\robomongo\Qt\5.15.2\msvc2019_64\include\QtWidgets -ID:\a\robomongo\Qt\5.15.2\msvc2019_64\include\QtGui -ID:\a\robomongo\Qt\5.15.2\msvc2019_64\include\QtANGLE -ID:\a\robomongo\Qt\5.15.2\msvc2019_64\include\QtCore -ID:\a\robomongo\Qt\5.15.2\msvc2019_64\.\mkspecs\win32-msvc -ID:\a\robomongo\Qt\5.15.2\msvc2019_64\include\QtPrintSupport /DWIN32 /D_WINDOWS /W3 /GR /EHsc -D_UNICODE -DUNICODE -DWIN32 -D_WIN32 -D_CRT_SECURE_NO_WARNINGS -DBOOST_ALL_NO_LIB /wd4355 /wd4800 /wd4267 /wd4244 /wd4290 /wd4068 /wd4351 /MP /wd4554 /wd4099 /MD /O2 /Ob2 /DNDEBUG -std:c++17 /showIncludes /Fosrc\third-party\qscintilla-2.8.4\CMakeFiles\qscintilla.dir\sources\Qt4Qt5\Qsci\moc_qsciscintillabase.cpp.obj /Fdsrc\third-party\qscintilla-2.8.4\CMakeFiles\qscintilla.dir\qscintilla.pdb /FS -c D:\b\src\third-party\qscintilla-2.8.4\sources\Qt4Qt5\Qsci\moc_qsciscintillabase.cpp
build-app	Configure and Build Robo 3T	2026-04-14T01:16:41.3611748Z [64/253] C:\PROGRA~1\MICROS~2\2022\ENTERP~1\VC\Tools\MSVC\1416~1.270\bin\HostX64\x64\cl.exe  /nologo /TP -DQT_CORE_LIB -DQT_GUI_LIB -DQT_NO_DEBUG -DQT_PRINTSUPPORT_LIB -DQT_WIDGETS_LIB -DSCINTILLA_QT -DSCI_LEXER -ID:\b\src\third-party\qscintilla-2.8.4\qscintilla_autogen\include -IR:\src\third-party\qscintilla-2.8.4\sources\Qt4Qt5 -IR:\src\third-party\qscintilla-2.8.4\sources\include -IR:\src\third-party\qscintilla-2.8.4\sources\lexlib -IR:\src\third-party\qscintilla-2.8.4\sources\src -ID:\a\robomongo\Qt\5.15.2\msvc2019_64\include -ID:\a\robomongo\Qt\5.15.2\msvc2019_64\include\QtWidgets -ID:\a\robomongo\Qt\5.15.2\msvc2019_64\include\QtGui -ID:\a\robomongo\Qt\5.15.2\msvc2019_64\include\QtANGLE -ID:\a\robomongo\Qt\5.15.2\msvc2019_64\include\QtCore -ID:\a\robomongo\Qt\5.15.2\msvc2019_64\.\mkspecs\win32-msvc -ID:\a\robomongo\Qt\5.15.2\msvc2019_64\include\QtPrintSupport /DWIN32 /D_WINDOWS /W3 /GR /EHsc -D_UNICODE -DUNICODE -DWIN32 -D_WIN32 -D_CRT_SECURE_NO_WARNINGS -DBOOST_ALL_NO_LIB /wd4355 /wd4800 /wd4267 /wd4244 /wd4290 /wd4068 /wd4351 /MP /wd4554 /wd4099 /MD /O2 /Ob2 /DNDEBUG -std:c++17 /showIncludes /Fosrc\third-party\qscintilla-2.8.4\CMakeFiles\qscintilla.dir\sources\lexlib\LexerSimple.cpp.obj /Fdsrc\third-party\qscintilla-2.8.4\CMakeFiles\qscintilla.dir\qscintilla.pdb /FS -c R:\src\third-party\qscintilla-2.8.4\sources\lexlib\LexerSimple.cpp
build-app	Configure and Build Robo 3T	2026-04-14T01:16:41.6785862Z [65/253] C:\PROGRA~1\MICROS~2\2022\ENTERP~1\VC\Tools\MSVC\1416~1.270\bin\HostX64\x64\cl.exe  /nologo /TP -DQT_CORE_LIB -DQT_GUI_LIB -DQT_NO_DEBUG -DQT_PRINTSUPPORT_LIB -DQT_WIDGETS_LIB -DSCINTILLA_QT -DSCI_LEXER -ID:\b\src\third-party\qscintilla-2.8.4\qscintilla_autogen\include -IR:\src\third-party\qscintilla-2.8.4\sources\Qt4Qt5 -IR:\src\third-party\qscintilla-2.8.4\sources\include -IR:\src\third-party\qscintilla-2.8.4\sources\lexlib -IR:\src\third-party\qscintilla-2.8.4\sources\src -ID:\a\robomongo\Qt\5.15.2\msvc2019_64\include -ID:\a\robomongo\Qt\5.15.2\msvc2019_64\include\QtWidgets -ID:\a\robomongo\Qt\5.15.2\msvc2019_64\include\QtGui -ID:\a\robomongo\Qt\5.15.2\msvc2019_64\include\QtANGLE -ID:\a\robomongo\Qt\5.15.2\msvc2019_64\include\QtCore -ID:\a\robomongo\Qt\5.15.2\msvc2019_64\.\mkspecs\win32-msvc -ID:\a\robomongo\Qt\5.15.2\msvc2019_64\include\QtPrintSupport /DWIN32 /D_WINDOWS /W3 /GR /EHsc -D_UNICODE -DUNICODE -DWIN32 -D_WIN32 -D_CRT_SECURE_NO_WARNINGS -DBOOST_ALL_NO_LIB /wd4355 /wd4800 /wd4267 /wd4244 /wd4290 /wd4068 /wd4351 /MP /wd4554 /wd4099 /MD /O2 /Ob2 /DNDEBUG -std:c++17 /showIncludes /Fosrc\third-party\qscintilla-2.8.4\CMakeFiles\qscintilla.dir\sources\lexlib\PropSetSimple.cpp.obj /Fdsrc\third-party\qscintilla-2.8.4\CMakeFiles\qscintilla.dir\qscintilla.pdb /FS -c R:\src\third-party\qscintilla-2.8.4\sources\lexlib\PropSetSimple.cpp
build-app	Configure and Build Robo 3T	2026-04-14T01:16:43.8897320Z [66/253] C:\PROGRA~1\MICROS~2\2022\ENTERP~1\VC\Tools\MSVC\1416~1.270\bin\HostX64\x64\cl.exe  /nologo /TP -DQT_CORE_LIB -DQT_GUI_LIB -DQT_NO_DEBUG -DQT_PRINTSUPPORT_LIB -DQT_WIDGETS_LIB -DSCINTILLA_QT -DSCI_LEXER -ID:\b\src\third-party\qscintilla-2.8.4\qscintilla_autogen\include -IR:\src\third-party\qscintilla-2.8.4\sources\Qt4Qt5 -IR:\src\third-party\qscintilla-2.8.4\sources\include -IR:\src\third-party\qscintilla-2.8.4\sources\lexlib -IR:\src\third-party\qscintilla-2.8.4\sources\src -ID:\a\robomongo\Qt\5.15.2\msvc2019_64\include -ID:\a\robomongo\Qt\5.15.2\msvc2019_64\include\QtWidgets -ID:\a\robomongo\Qt\5.15.2\msvc2019_64\include\QtGui -ID:\a\robomongo\Qt\5.15.2\msvc2019_64\include\QtANGLE -ID:\a\robomongo\Qt\5.15.2\msvc2019_64\include\QtCore -ID:\a\robomongo\Qt\5.15.2\msvc2019_64\.\mkspecs\win32-msvc -ID:\a\robomongo\Qt\5.15.2\msvc2019_64\include\QtPrintSupport /DWIN32 /D_WINDOWS /W3 /GR /EHsc -D_UNICODE -DUNICODE -DWIN32 -D_WIN32 -D_CRT_SECURE_NO_WARNINGS -DBOOST_ALL_NO_LIB /wd4355 /wd4800 /wd4267 /wd4244 /wd4290 /wd4068 /wd4351 /MP /wd4554 /wd4099 /MD /O2 /Ob2 /DNDEBUG -std:c++17 /showIncludes /Fosrc\third-party\qscintilla-2.8.4\CMakeFiles\qscintilla.dir\sources\Qt4Qt5\qscilexerjavascript.cpp.obj /Fdsrc\third-party\qscintilla-2.8.4\CMakeFiles\qscintilla.dir\qscintilla.pdb /FS -c R:\src\third-party\qscintilla-2.8.4\sources\Qt4Qt5\qscilexerjavascript.cpp
build-app	Configure and Build Robo 3T	2026-04-14T01:16:44.3888240Z [67/253] C:\PROGRA~1\MICROS~2\2022\ENTERP~1\VC\Tools\MSVC\1416~1.270\bin\HostX64\x64\cl.exe  /nologo /TP -DQT_CORE_LIB -DQT_GUI_LIB -DQT_NO_DEBUG -DQT_PRINTSUPPORT_LIB -DQT_WIDGETS_LIB -DSCINTILLA_QT -DSCI_LEXER -ID:\b\src\third-party\qscintilla-2.8.4\qscintilla_autogen\include -IR:\src\third-party\qscintilla-2.8.4\sources\Qt4Qt5 -IR:\src\third-party\qscintilla-2.8.4\sources\include -IR:\src\third-party\qscintilla-2.8.4\sources\lexlib -IR:\src\third-party\qscintilla-2.8.4\sources\src -ID:\a\robomongo\Qt\5.15.2\msvc2019_64\include -ID:\a\robomongo\Qt\5.15.2\msvc2019_64\include\QtWidgets -ID:\a\robomongo\Qt\5.15.2\msvc2019_64\include\QtGui -ID:\a\robomongo\Qt\5.15.2\msvc2019_64\include\QtANGLE -ID:\a\robomongo\Qt\5.15.2\msvc2019_64\include\QtCore -ID:\a\robomongo\Qt\5.15.2\msvc2019_64\.\mkspecs\win32-msvc -ID:\a\robomongo\Qt\5.15.2\msvc2019_64\include\QtPrintSupport /DWIN32 /D_WINDOWS /W3 /GR /EHsc -D_UNICODE -DUNICODE -DWIN32 -D_WIN32 -D_CRT_SECURE_NO_WARNINGS -DBOOST_ALL_NO_LIB /wd4355 /wd4800 /wd4267 /wd4244 /wd4290 /wd4068 /wd4351 /MP /wd4554 /wd4099 /MD /O2 /Ob2 /DNDEBUG -std:c++17 /showIncludes /Fosrc\third-party\qscintilla-2.8.4\CMakeFiles\qscintilla.dir\sources\Qt4Qt5\qscilexercpp.cpp.obj /Fdsrc\third-party\qscintilla-2.8.4\CMakeFiles\qscintilla.dir\qscintilla.pdb /FS -c R:\src\third-party\qscintilla-2.8.4\sources\Qt4Qt5\qscilexercpp.cpp
build-app	Configure and Build Robo 3T	2026-04-14T01:16:45.0617639Z [68/253] C:\PROGRA~1\MICROS~2\2022\ENTERP~1\VC\Tools\MSVC\1416~1.270\bin\HostX64\x64\cl.exe  /nologo /TP -DQT_CORE_LIB -DQT_GUI_LIB -DQT_NO_DEBUG -DQT_PRINTSUPPORT_LIB -DQT_WIDGETS_LIB -DSCINTILLA_QT -DSCI_LEXER -ID:\b\src\third-party\qscintilla-2.8.4\qscintilla_autogen\include -IR:\src\third-party\qscintilla-2.8.4\sources\Qt4Qt5 -IR:\src\third-party\qscintilla-2.8.4\sources\include -IR:\src\third-party\qscintilla-2.8.4\sources\lexlib -IR:\src\third-party\qscintilla-2.8.4\sources\src -ID:\a\robomongo\Qt\5.15.2\msvc2019_64\include -ID:\a\robomongo\Qt\5.15.2\msvc2019_64\include\QtWidgets -ID:\a\robomongo\Qt\5.15.2\msvc2019_64\include\QtGui -ID:\a\robomongo\Qt\5.15.2\msvc2019_64\include\QtANGLE -ID:\a\robomongo\Qt\5.15.2\msvc2019_64\include\QtCore -ID:\a\robomongo\Qt\5.15.2\msvc2019_64\.\mkspecs\win32-msvc -ID:\a\robomongo\Qt\5.15.2\msvc2019_64\include\QtPrintSupport /DWIN32 /D_WINDOWS /W3 /GR /EHsc -D_UNICODE -DUNICODE -DWIN32 -D_WIN32 -D_CRT_SECURE_NO_WARNINGS -DBOOST_ALL_NO_LIB /wd4355 /wd4800 /wd4267 /wd4244 /wd4290 /wd4068 /wd4351 /MP /wd4554 /wd4099 /MD /O2 /Ob2 /DNDEBUG -std:c++17 /showIncludes /Fosrc\third-party\qscintilla-2.8.4\CMakeFiles\qscintilla.dir\sources\Qt4Qt5\qscilexer.cpp.obj /Fdsrc\third-party\qscintilla-2.8.4\CMakeFiles\qscintilla.dir\qscintilla.pdb /FS -c R:\src\third-party\qscintilla-2.8.4\sources\Qt4Qt5\qscilexer.cpp
build-app	Configure and Build Robo 3T	2026-04-14T01:16:45.0655572Z R:\src\third-party\qscintilla-2.8.4\sources\Qt4Qt5\qscilexer.cpp(384): warning C4996: 'QString::sprintf': Use asprintf(), arg() or QTextStream instead
build-app	Configure and Build Robo 3T	2026-04-14T01:16:45.0664645Z D:\a\robomongo\Qt\5.15.2\msvc2019_64\include\QtCore/qstring.h(393): note: see declaration of 'QString::sprintf'
build-app	Configure and Build Robo 3T	2026-04-14T01:16:45.0746941Z R:\src\third-party\qscintilla-2.8.4\sources\Qt4Qt5\qscilexer.cpp(471): warning C4996: 'QString::sprintf': Use asprintf(), arg() or QTextStream instead
build-app	Configure and Build Robo 3T	2026-04-14T01:16:45.0793195Z D:\a\robomongo\Qt\5.15.2\msvc2019_64\include\QtCore/qstring.h(393): note: see declaration of 'QString::sprintf'
build-app	Configure and Build Robo 3T	2026-04-14T01:16:45.0869278Z R:\src\third-party\qscintilla-2.8.4\sources\Qt4Qt5\qscilexer.cpp(479): warning C4996: 'QString::sprintf': Use asprintf(), arg() or QTextStream instead
build-app	Configure and Build Robo 3T	2026-04-14T01:16:45.0996534Z D:\a\robomongo\Qt\5.15.2\msvc2019_64\include\QtCore/qstring.h(393): note: see declaration of 'QString::sprintf'
build-app	Configure and Build Robo 3T	2026-04-14T01:16:45.1092712Z R:\src\third-party\qscintilla-2.8.4\sources\Qt4Qt5\qscilexer.cpp(586): warning C4996: 'QString::sprintf': Use asprintf(), arg() or QTextStream instead
build-app	Configure and Build Robo 3T	2026-04-14T01:16:45.1191820Z D:\a\robomongo\Qt\5.15.2\msvc2019_64\include\QtCore/qstring.h(393): note: see declaration of 'QString::sprintf'
build-app	Configure and Build Robo 3T	2026-04-14T01:16:45.1256868Z R:\src\third-party\qscintilla-2.8.4\sources\Qt4Qt5\qscilexer.cpp(624): warning C4996: 'QString::sprintf': Use asprintf(), arg() or QTextStream instead
build-app	Configure and Build Robo 3T	2026-04-14T01:16:45.1436610Z D:\a\robomongo\Qt\5.15.2\msvc2019_64\include\QtCore/qstring.h(393): note: see declaration of 'QString::sprintf'
build-app	Configure and Build Robo 3T	2026-04-14T01:16:45.1572623Z R:\src\third-party\qscintilla-2.8.4\sources\Qt4Qt5\qscilexer.cpp(630): warning C4996: 'QString::sprintf': Use asprintf(), arg() or QTextStream instead
build-app	Configure and Build Robo 3T	2026-04-14T01:16:45.1680682Z D:\a\robomongo\Qt\5.15.2\msvc2019_64\include\QtCore/qstring.h(393): note: see declaration of 'QString::sprintf'
build-app	Configure and Build Robo 3T	2026-04-14T01:16:45.1831272Z [69/253] C:\PROGRA~1\MICROS~2\2022\ENTERP~1\VC\Tools\MSVC\1416~1.270\bin\HostX64\x64\cl.exe  /nologo /TP -DQT_CORE_LIB -DQT_GUI_LIB -DQT_NO_DEBUG -DQT_PRINTSUPPORT_LIB -DQT_WIDGETS_LIB -DSCINTILLA_QT -DSCI_LEXER -ID:\b\src\third-party\qscintilla-2.8.4\qscintilla_autogen\include -IR:\src\third-party\qscintilla-2.8.4\sources\Qt4Qt5 -IR:\src\third-party\qscintilla-2.8.4\sources\include -IR:\src\third-party\qscintilla-2.8.4\sources\lexlib -IR:\src\third-party\qscintilla-2.8.4\sources\src -ID:\a\robomongo\Qt\5.15.2\msvc2019_64\include -ID:\a\robomongo\Qt\5.15.2\msvc2019_64\include\QtWidgets -ID:\a\robomongo\Qt\5.15.2\msvc2019_64\include\QtGui -ID:\a\robomongo\Qt\5.15.2\msvc2019_64\include\QtANGLE -ID:\a\robomongo\Qt\5.15.2\msvc2019_64\include\QtCore -ID:\a\robomongo\Qt\5.15.2\msvc2019_64\.\mkspecs\win32-msvc -ID:\a\robomongo\Qt\5.15.2\msvc2019_64\include\QtPrintSupport /DWIN32 /D_WINDOWS /W3 /GR /EHsc -D_UNICODE -DUNICODE -DWIN32 -D_WIN32 -D_CRT_SECURE_NO_WARNINGS -DBOOST_ALL_NO_LIB /wd4355 /wd4800 /wd4267 /wd4244 /wd4290 /wd4068 /wd4351 /MP /wd4554 /wd4099 /MD /O2 /Ob2 /DNDEBUG -std:c++17 /showIncludes /Fosrc\third-party\qscintilla-2.8.4\CMakeFiles\qscintilla.dir\sources\Qt4Qt5\qsciabstractapis.cpp.obj /Fdsrc\third-party\qscintilla-2.8.4\CMakeFiles\qscintilla.dir\qscintilla.pdb /FS -c R:\src\third-party\qscintilla-2.8.4\sources\Qt4Qt5\qsciabstractapis.cpp
build-app	Configure and Build Robo 3T	2026-04-14T01:16:45.3897330Z [70/253] C:\PROGRA~1\MICROS~2\2022\ENTERP~1\VC\Tools\MSVC\1416~1.270\bin\HostX64\x64\cl.exe  /nologo /TP -DQT_CORE_LIB -DQT_GUI_LIB -DQT_NO_DEBUG -DQT_PRINTSUPPORT_LIB -DQT_WIDGETS_LIB -DSCINTILLA_QT -DSCI_LEXER -ID:\b\src\third-party\qscintilla-2.8.4\qscintilla_autogen\include -IR:\src\third-party\qscintilla-2.8.4\sources\Qt4Qt5 -IR:\src\third-party\qscintilla-2.8.4\sources\include -IR:\src\third-party\qscintilla-2.8.4\sources\lexlib -IR:\src\third-party\qscintilla-2.8.4\sources\src -ID:\a\robomongo\Qt\5.15.2\msvc2019_64\include -ID:\a\robomongo\Qt\5.15.2\msvc2019_64\include\QtWidgets -ID:\a\robomongo\Qt\5.15.2\msvc2019_64\include\QtGui -ID:\a\robomongo\Qt\5.15.2\msvc2019_64\include\QtANGLE -ID:\a\robomongo\Qt\5.15.2\msvc2019_64\include\QtCore -ID:\a\robomongo\Qt\5.15.2\msvc2019_64\.\mkspecs\win32-msvc -ID:\a\robomongo\Qt\5.15.2\msvc2019_64\include\QtPrintSupport /DWIN32 /D_WINDOWS /W3 /GR /EHsc -D_UNICODE -DUNICODE -DWIN32 -D_WIN32 -D_CRT_SECURE_NO_WARNINGS -DBOOST_ALL_NO_LIB /wd4355 /wd4800 /wd4267 /wd4244 /wd4290 /wd4068 /wd4351 /MP /wd4554 /wd4099 /MD /O2 /Ob2 /DNDEBUG -std:c++17 /showIncludes /Fosrc\third-party\qscintilla-2.8.4\CMakeFiles\qscintilla.dir\sources\Qt4Qt5\qscistyle.cpp.obj /Fdsrc\third-party\qscintilla-2.8.4\CMakeFiles\qscintilla.dir\qscintilla.pdb /FS -c R:\src\third-party\qscintilla-2.8.4\sources\Qt4Qt5\qscistyle.cpp
build-app	Configure and Build Robo 3T	2026-04-14T01:16:45.8600275Z [71/253] C:\PROGRA~1\MICROS~2\2022\ENTERP~1\VC\Tools\MSVC\1416~1.270\bin\HostX64\x64\cl.exe  /nologo /TP -DQT_CORE_LIB -DQT_GUI_LIB -DQT_NO_DEBUG -DQT_PRINTSUPPORT_LIB -DQT_WIDGETS_LIB -DSCINTILLA_QT -DSCI_LEXER -ID:\b\src\third-party\qscintilla-2.8.4\qscintilla_autogen\include -IR:\src\third-party\qscintilla-2.8.4\sources\Qt4Qt5 -IR:\src\third-party\qscintilla-2.8.4\sources\include -IR:\src\third-party\qscintilla-2.8.4\sources\lexlib -IR:\src\third-party\qscintilla-2.8.4\sources\src -ID:\a\robomongo\Qt\5.15.2\msvc2019_64\include -ID:\a\robomongo\Qt\5.15.2\msvc2019_64\include\QtWidgets -ID:\a\robomongo\Qt\5.15.2\msvc2019_64\include\QtGui -ID:\a\robomongo\Qt\5.15.2\msvc2019_64\include\QtANGLE -ID:\a\robomongo\Qt\5.15.2\msvc2019_64\include\QtCore -ID:\a\robomongo\Qt\5.15.2\msvc2019_64\.\mkspecs\win32-msvc -ID:\a\robomongo\Qt\5.15.2\msvc2019_64\include\QtPrintSupport /DWIN32 /D_WINDOWS /W3 /GR /EHsc -D_UNICODE -DUNICODE -DWIN32 -D_WIN32 -D_CRT_SECURE_NO_WARNINGS -DBOOST_ALL_NO_LIB /wd4355 /wd4800 /wd4267 /wd4244 /wd4290 /wd4068 /wd4351 /MP /wd4554 /wd4099 /MD /O2 /Ob2 /DNDEBUG -std:c++17 /showIncludes /Fosrc\third-party\qscintilla-2.8.4\CMakeFiles\qscintilla.dir\sources\Qt4Qt5\InputMethod.cpp.obj /Fdsrc\third-party\qscintilla-2.8.4\CMakeFiles\qscintilla.dir\qscintilla.pdb /FS -c R:\src\third-party\qscintilla-2.8.4\sources\Qt4Qt5\InputMethod.cpp
build-app	Configure and Build Robo 3T	2026-04-14T01:16:47.6843291Z [72/253] C:\PROGRA~1\MICROS~2\2022\ENTERP~1\VC\Tools\MSVC\1416~1.270\bin\HostX64\x64\cl.exe  /nologo /TP -DQT_CORE_LIB -DQT_GUI_LIB -DQT_NO_DEBUG -DQT_PRINTSUPPORT_LIB -DQT_WIDGETS_LIB -DSCINTILLA_QT -DSCI_LEXER -ID:\b\src\third-party\qscintilla-2.8.4\qscintilla_autogen\include -IR:\src\third-party\qscintilla-2.8.4\sources\Qt4Qt5 -IR:\src\third-party\qscintilla-2.8.4\sources\include -IR:\src\third-party\qscintilla-2.8.4\sources\lexlib -IR:\src\third-party\qscintilla-2.8.4\sources\src -ID:\a\robomongo\Qt\5.15.2\msvc2019_64\include -ID:\a\robomongo\Qt\5.15.2\msvc2019_64\include\QtWidgets -ID:\a\robomongo\Qt\5.15.2\msvc2019_64\include\QtGui -ID:\a\robomongo\Qt\5.15.2\msvc2019_64\include\QtANGLE -ID:\a\robomongo\Qt\5.15.2\msvc2019_64\include\QtCore -ID:\a\robomongo\Qt\5.15.2\msvc2019_64\.\mkspecs\win32-msvc -ID:\a\robomongo\Qt\5.15.2\msvc2019_64\include\QtPrintSupport /DWIN32 /D_WINDOWS /W3 /GR /EHsc -D_UNICODE -DUNICODE -DWIN32 -D_WIN32 -D_CRT_SECURE_NO_WARNINGS -DBOOST_ALL_NO_LIB /wd4355 /wd4800 /wd4267 /wd4244 /wd4290 /wd4068 /wd4351 /MP /wd4554 /wd4099 /MD /O2 /Ob2 /DNDEBUG -std:c++17 /showIncludes /Fosrc\third-party\qscintilla-2.8.4\CMakeFiles\qscintilla.dir\sources\Qt4Qt5\qscidocument.cpp.obj /Fdsrc\third-party\qscintilla-2.8.4\CMakeFiles\qscintilla.dir\qscintilla.pdb /FS -c R:\src\third-party\qscintilla-2.8.4\sources\Qt4Qt5\qscidocument.cpp
build-app	Configure and Build Robo 3T	2026-04-14T01:16:48.5989363Z [73/253] C:\PROGRA~1\MICROS~2\2022\ENTERP~1\VC\Tools\MSVC\1416~1.270\bin\HostX64\x64\cl.exe  /nologo /TP -DQT_CORE_LIB -DQT_GUI_LIB -DQT_NO_DEBUG -DQT_PRINTSUPPORT_LIB -DQT_WIDGETS_LIB -DSCINTILLA_QT -DSCI_LEXER -ID:\b\src\third-party\qscintilla-2.8.4\qscintilla_autogen\include -IR:\src\third-party\qscintilla-2.8.4\sources\Qt4Qt5 -IR:\src\third-party\qscintilla-2.8.4\sources\include -IR:\src\third-party\qscintilla-2.8.4\sources\lexlib -IR:\src\third-party\qscintilla-2.8.4\sources\src -ID:\a\robomongo\Qt\5.15.2\msvc2019_64\include -ID:\a\robomongo\Qt\5.15.2\msvc2019_64\include\QtWidgets -ID:\a\robomongo\Qt\5.15.2\msvc2019_64\include\QtGui -ID:\a\robomongo\Qt\5.15.2\msvc2019_64\include\QtANGLE -ID:\a\robomongo\Qt\5.15.2\msvc2019_64\include\QtCore -ID:\a\robomongo\Qt\5.15.2\msvc2019_64\.\mkspecs\win32-msvc -ID:\a\robomongo\Qt\5.15.2\msvc2019_64\include\QtPrintSupport /DWIN32 /D_WINDOWS /W3 /GR /EHsc -D_UNICODE -DUNICODE -DWIN32 -D_WIN32 -D_CRT_SECURE_NO_WARNINGS -DBOOST_ALL_NO_LIB /wd4355 /wd4800 /wd4267 /wd4244 /wd4290 /wd4068 /wd4351 /MP /wd4554 /wd4099 /MD /O2 /Ob2 /DNDEBUG -std:c++17 /showIncludes /Fosrc\third-party\qscintilla-2.8.4\CMakeFiles\qscintilla.dir\sources\Qt4Qt5\ScintillaQt.cpp.obj /Fdsrc\third-party\qscintilla-2.8.4\CMakeFiles\qscintilla.dir\qscintilla.pdb /FS -c R:\src\third-party\qscintilla-2.8.4\sources\Qt4Qt5\ScintillaQt.cpp
build-app	Configure and Build Robo 3T	2026-04-14T01:16:48.7274782Z [74/253] C:\PROGRA~1\MICROS~2\2022\ENTERP~1\VC\Tools\MSVC\1416~1.270\bin\HostX64\x64\cl.exe  /nologo /TP -DQT_CORE_LIB -DQT_GUI_LIB -DQT_NO_DEBUG -DQT_PRINTSUPPORT_LIB -DQT_WIDGETS_LIB -DSCINTILLA_QT -DSCI_LEXER -ID:\b\src\third-party\qscintilla-2.8.4\qscintilla_autogen\include -IR:\src\third-party\qscintilla-2.8.4\sources\Qt4Qt5 -IR:\src\third-party\qscintilla-2.8.4\sources\include -IR:\src\third-party\qscintilla-2.8.4\sources\lexlib -IR:\src\third-party\qscintilla-2.8.4\sources\src -ID:\a\robomongo\Qt\5.15.2\msvc2019_64\include -ID:\a\robomongo\Qt\5.15.2\msvc2019_64\include\QtWidgets -ID:\a\robomongo\Qt\5.15.2\msvc2019_64\include\QtGui -ID:\a\robomongo\Qt\5.15.2\msvc2019_64\include\QtANGLE -ID:\a\robomongo\Qt\5.15.2\msvc2019_64\include\QtCore -ID:\a\robomongo\Qt\5.15.2\msvc2019_64\.\mkspecs\win32-msvc -ID:\a\robomongo\Qt\5.15.2\msvc2019_64\include\QtPrintSupport /DWIN32 /D_WINDOWS /W3 /GR /EHsc -D_UNICODE -DUNICODE -DWIN32 -D_WIN32 -D_CRT_SECURE_NO_WARNINGS -DBOOST_ALL_NO_LIB /wd4355 /wd4800 /wd4267 /wd4244 /wd4290 /wd4068 /wd4351 /MP /wd4554 /wd4099 /MD /O2 /Ob2 /DNDEBUG -std:c++17 /showIncludes /Fosrc\third-party\qscintilla-2.8.4\CMakeFiles\qscintilla.dir\sources\Qt4Qt5\qscicommand.cpp.obj /Fdsrc\third-party\qscintilla-2.8.4\CMakeFiles\qscintilla.dir\qscintilla.pdb /FS -c R:\src\third-party\qscintilla-2.8.4\sources\Qt4Qt5\qscicommand.cpp
build-app	Configure and Build Robo 3T	2026-04-14T01:16:48.9309937Z [75/253] C:\PROGRA~1\MICROS~2\2022\ENTERP~1\VC\Tools\MSVC\1416~1.270\bin\HostX64\x64\cl.exe  /nologo /TP -DQT_CORE_LIB -DQT_GUI_LIB -DQT_NO_DEBUG -DQT_PRINTSUPPORT_LIB -DQT_WIDGETS_LIB -DSCINTILLA_QT -DSCI_LEXER -ID:\b\src\third-party\qscintilla-2.8.4\qscintilla_autogen\include -IR:\src\third-party\qscintilla-2.8.4\sources\Qt4Qt5 -IR:\src\third-party\qscintilla-2.8.4\sources\include -IR:\src\third-party\qscintilla-2.8.4\sources\lexlib -IR:\src\third-party\qscintilla-2.8.4\sources\src -ID:\a\robomongo\Qt\5.15.2\msvc2019_64\include -ID:\a\robomongo\Qt\5.15.2\msvc2019_64\include\QtWidgets -ID:\a\robomongo\Qt\5.15.2\msvc2019_64\include\QtGui -ID:\a\robomongo\Qt\5.15.2\msvc2019_64\include\QtANGLE -ID:\a\robomongo\Qt\5.15.2\msvc2019_64\include\QtCore -ID:\a\robomongo\Qt\5.15.2\msvc2019_64\.\mkspecs\win32-msvc -ID:\a\robomongo\Qt\5.15.2\msvc2019_64\include\QtPrintSupport /DWIN32 /D_WINDOWS /W3 /GR /EHsc -D_UNICODE -DUNICODE -DWIN32 -D_WIN32 -D_CRT_SECURE_NO_WARNINGS -DBOOST_ALL_NO_LIB /wd4355 /wd4800 /wd4267 /wd4244 /wd4290 /wd4068 /wd4351 /MP /wd4554 /wd4099 /MD /O2 /Ob2 /DNDEBUG -std:c++17 /showIncludes /Fosrc\third-party\qscintilla-2.8.4\CMakeFiles\qscintilla.dir\sources\Qt4Qt5\qsciscintillabase.cpp.obj /Fdsrc\third-party\qscintilla-2.8.4\CMakeFiles\qscintilla.dir\qscintilla.pdb /FS -c R:\src\third-party\qscintilla-2.8.4\sources\Qt4Qt5\qsciscintillabase.cpp
build-app	Configure and Build Robo 3T	2026-04-14T01:16:49.3809825Z [76/253] C:\PROGRA~1\MICROS~2\2022\ENTERP~1\VC\Tools\MSVC\1416~1.270\bin\HostX64\x64\cl.exe  /nologo /TP -DQT_CORE_LIB -DQT_GUI_LIB -DQT_NO_DEBUG -DQT_PRINTSUPPORT_LIB -DQT_WIDGETS_LIB -DSCINTILLA_QT -DSCI_LEXER -ID:\b\src\third-party\qscintilla-2.8.4\qscintilla_autogen\include -IR:\src\third-party\qscintilla-2.8.4\sources\Qt4Qt5 -IR:\src\third-party\qscintilla-2.8.4\sources\include -IR:\src\third-party\qscintilla-2.8.4\sources\lexlib -IR:\src\third-party\qscintilla-2.8.4\sources\src -ID:\a\robomongo\Qt\5.15.2\msvc2019_64\include -ID:\a\robomongo\Qt\5.15.2\msvc2019_64\include\QtWidgets -ID:\a\robomongo\Qt\5.15.2\msvc2019_64\include\QtGui -ID:\a\robomongo\Qt\5.15.2\msvc2019_64\include\QtANGLE -ID:\a\robomongo\Qt\5.15.2\msvc2019_64\include\QtCore -ID:\a\robomongo\Qt\5.15.2\msvc2019_64\.\mkspecs\win32-msvc -ID:\a\robomongo\Qt\5.15.2\msvc2019_64\include\QtPrintSupport /DWIN32 /D_WINDOWS /W3 /GR /EHsc -D_UNICODE -DUNICODE -DWIN32 -D_WIN32 -D_CRT_SECURE_NO_WARNINGS -DBOOST_ALL_NO_LIB /wd4355 /wd4800 /wd4267 /wd4244 /wd4290 /wd4068 /wd4351 /MP /wd4554 /wd4099 /MD /O2 /Ob2 /DNDEBUG -std:c++17 /showIncludes /Fosrc\third-party\qscintilla-2.8.4\CMakeFiles\qscintilla.dir\sources\Qt4Qt5\qsciscintilla.cpp.obj /Fdsrc\third-party\qscintilla-2.8.4\CMakeFiles\qscintilla.dir\qscintilla.pdb /FS -c R:\src\third-party\qscintilla-2.8.4\sources\Qt4Qt5\qsciscintilla.cpp
build-app	Configure and Build Robo 3T	2026-04-14T01:16:50.1318955Z [77/253] C:\PROGRA~1\MICROS~2\2022\ENTERP~1\VC\Tools\MSVC\1416~1.270\bin\HostX64\x64\cl.exe  /nologo /TP -DQT_CORE_LIB -DQT_GUI_LIB -DQT_NO_DEBUG -DQT_PRINTSUPPORT_LIB -DQT_WIDGETS_LIB -DSCINTILLA_QT -DSCI_LEXER -ID:\b\src\third-party\qscintilla-2.8.4\qscintilla_autogen\include -IR:\src\third-party\qscintilla-2.8.4\sources\Qt4Qt5 -IR:\src\third-party\qscintilla-2.8.4\sources\include -IR:\src\third-party\qscintilla-2.8.4\sources\lexlib -IR:\src\third-party\qscintilla-2.8.4\sources\src -ID:\a\robomongo\Qt\5.15.2\msvc2019_64\include -ID:\a\robomongo\Qt\5.15.2\msvc2019_64\include\QtWidgets -ID:\a\robomongo\Qt\5.15.2\msvc2019_64\include\QtGui -ID:\a\robomongo\Qt\5.15.2\msvc2019_64\include\QtANGLE -ID:\a\robomongo\Qt\5.15.2\msvc2019_64\include\QtCore -ID:\a\robomongo\Qt\5.15.2\msvc2019_64\.\mkspecs\win32-msvc -ID:\a\robomongo\Qt\5.15.2\msvc2019_64\include\QtPrintSupport /DWIN32 /D_WINDOWS /W3 /GR /EHsc -D_UNICODE -DUNICODE -DWIN32 -D_WIN32 -D_CRT_SECURE_NO_WARNINGS -DBOOST_ALL_NO_LIB /wd4355 /wd4800 /wd4267 /wd4244 /wd4290 /wd4068 /wd4351 /MP /wd4554 /wd4099 /MD /O2 /Ob2 /DNDEBUG -std:c++17 /showIncludes /Fosrc\third-party\qscintilla-2.8.4\CMakeFiles\qscintilla.dir\sources\Qt4Qt5\ListBoxQt.cpp.obj /Fdsrc\third-party\qscintilla-2.8.4\CMakeFiles\qscintilla.dir\qscintilla.pdb /FS -c R:\src\third-party\qscintilla-2.8.4\sources\Qt4Qt5\ListBoxQt.cpp
build-app	Configure and Build Robo 3T	2026-04-14T01:16:50.4561705Z [78/253] C:\PROGRA~1\MICROS~2\2022\ENTERP~1\VC\Tools\MSVC\1416~1.270\bin\HostX64\x64\cl.exe  /nologo /TP -DQT_CORE_LIB -DQT_GUI_LIB -DQT_NO_DEBUG -DQT_PRINTSUPPORT_LIB -DQT_WIDGETS_LIB -DSCINTILLA_QT -DSCI_LEXER -ID:\b\src\third-party\qscintilla-2.8.4\qscintilla_autogen\include -IR:\src\third-party\qscintilla-2.8.4\sources\Qt4Qt5 -IR:\src\third-party\qscintilla-2.8.4\sources\include -IR:\src\third-party\qscintilla-2.8.4\sources\lexlib -IR:\src\third-party\qscintilla-2.8.4\sources\src -ID:\a\robomongo\Qt\5.15.2\msvc2019_64\include -ID:\a\robomongo\Qt\5.15.2\msvc2019_64\include\QtWidgets -ID:\a\robomongo\Qt\5.15.2\msvc2019_64\include\QtGui -ID:\a\robomongo\Qt\5.15.2\msvc2019_64\include\QtANGLE -ID:\a\robomongo\Qt\5.15.2\msvc2019_64\include\QtCore -ID:\a\robomongo\Qt\5.15.2\msvc2019_64\.\mkspecs\win32-msvc -ID:\a\robomongo\Qt\5.15.2\msvc2019_64\include\QtPrintSupport /DWIN32 /D_WINDOWS /W3 /GR /EHsc -D_UNICODE -DUNICODE -DWIN32 -D_WIN32 -D_CRT_SECURE_NO_WARNINGS -DBOOST_ALL_NO_LIB /wd4355 /wd4800 /wd4267 /wd4244 /wd4290 /wd4068 /wd4351 /MP /wd4554 /wd4099 /MD /O2 /Ob2 /DNDEBUG -std:c++17 /showIncludes /Fosrc\third-party\qscintilla-2.8.4\CMakeFiles\qscintilla.dir\sources\Qt4Qt5\MacPasteboardMime.cpp.obj /Fdsrc\third-party\qscintilla-2.8.4\CMakeFiles\qscintilla.dir\qscintilla.pdb /FS -c R:\src\third-party\qscintilla-2.8.4\sources\Qt4Qt5\MacPasteboardMime.cpp
build-app	Configure and Build Robo 3T	2026-04-14T01:16:51.4040790Z [79/253] C:\PROGRA~1\MICROS~2\2022\ENTERP~1\VC\Tools\MSVC\1416~1.270\bin\HostX64\x64\cl.exe  /nologo /TP -DQT_CORE_LIB -DQT_GUI_LIB -DQT_NO_DEBUG -DQT_PRINTSUPPORT_LIB -DQT_WIDGETS_LIB -DSCINTILLA_QT -DSCI_LEXER -ID:\b\src\third-party\qscintilla-2.8.4\qscintilla_autogen\include -IR:\src\third-party\qscintilla-2.8.4\sources\Qt4Qt5 -IR:\src\third-party\qscintilla-2.8.4\sources\include -IR:\src\third-party\qscintilla-2.8.4\sources\lexlib -IR:\src\third-party\qscintilla-2.8.4\sources\src -ID:\a\robomongo\Qt\5.15.2\msvc2019_64\include -ID:\a\robomongo\Qt\5.15.2\msvc2019_64\include\QtWidgets -ID:\a\robomongo\Qt\5.15.2\msvc2019_64\include\QtGui -ID:\a\robomongo\Qt\5.15.2\msvc2019_64\include\QtANGLE -ID:\a\robomongo\Qt\5.15.2\msvc2019_64\include\QtCore -ID:\a\robomongo\Qt\5.15.2\msvc2019_64\.\mkspecs\win32-msvc -ID:\a\robomongo\Qt\5.15.2\msvc2019_64\include\QtPrintSupport /DWIN32 /D_WINDOWS /W3 /GR /EHsc -D_UNICODE -DUNICODE -DWIN32 -D_WIN32 -D_CRT_SECURE_NO_WARNINGS -DBOOST_ALL_NO_LIB /wd4355 /wd4800 /wd4267 /wd4244 /wd4290 /wd4068 /wd4351 /MP /wd4554 /wd4099 /MD /O2 /Ob2 /DNDEBUG -std:c++17 /showIncludes /Fosrc\third-party\qscintilla-2.8.4\CMakeFiles\qscintilla.dir\sources\Qt4Qt5\qscistyledtext.cpp.obj /Fdsrc\third-party\qscintilla-2.8.4\CMakeFiles\qscintilla.dir\qscintilla.pdb /FS -c R:\src\third-party\qscintilla-2.8.4\sources\Qt4Qt5\qscistyledtext.cpp
build-app	Configure and Build Robo 3T	2026-04-14T01:16:52.5549210Z [80/253] C:\PROGRA~1\MICROS~2\2022\ENTERP~1\VC\Tools\MSVC\1416~1.270\bin\HostX64\x64\cl.exe  /nologo /TP -DQT_CORE_LIB -DQT_GUI_LIB -DQT_NO_DEBUG -DQT_PRINTSUPPORT_LIB -DQT_WIDGETS_LIB -DSCINTILLA_QT -DSCI_LEXER -ID:\b\src\third-party\qscintilla-2.8.4\qscintilla_autogen\include -IR:\src\third-party\qscintilla-2.8.4\sources\Qt4Qt5 -IR:\src\third-party\qscintilla-2.8.4\sources\include -IR:\src\third-party\qscintilla-2.8.4\sources\lexlib -IR:\src\third-party\qscintilla-2.8.4\sources\src -ID:\a\robomongo\Qt\5.15.2\msvc2019_64\include -ID:\a\robomongo\Qt\5.15.2\msvc2019_64\include\QtWidgets -ID:\a\robomongo\Qt\5.15.2\msvc2019_64\include\QtGui -ID:\a\robomongo\Qt\5.15.2\msvc2019_64\include\QtANGLE -ID:\a\robomongo\Qt\5.15.2\msvc2019_64\include\QtCore -ID:\a\robomongo\Qt\5.15.2\msvc2019_64\.\mkspecs\win32-msvc -ID:\a\robomongo\Qt\5.15.2\msvc2019_64\include\QtPrintSupport /DWIN32 /D_WINDOWS /W3 /GR /EHsc -D_UNICODE -DUNICODE -DWIN32 -D_WIN32 -D_CRT_SECURE_NO_WARNINGS -DBOOST_ALL_NO_LIB /wd4355 /wd4800 /wd4267 /wd4244 /wd4290 /wd4068 /wd4351 /MP /wd4554 /wd4099 /MD /O2 /Ob2 /DNDEBUG -std:c++17 /showIncludes /Fosrc\third-party\qscintilla-2.8.4\CMakeFiles\qscintilla.dir\sources\Qt4Qt5\qsciprinter.cpp.obj /Fdsrc\third-party\qscintilla-2.8.4\CMakeFiles\qscintilla.dir\qscintilla.pdb /FS -c R:\src\third-party\qscintilla-2.8.4\sources\Qt4Qt5\qsciprinter.cpp
build-app	Configure and Build Robo 3T	2026-04-14T01:16:52.5620952Z D:\a\robomongo\Qt\5.15.2\msvc2019_64\include\QtPrintSupport\qprinter.h(177): warning C4996: 'QPagedPaintDevice::setPageSize': Use setPageSize(QPageSize) instead.
build-app	Configure and Build Robo 3T	2026-04-14T01:16:52.5730920Z D:\a\robomongo\Qt\5.15.2\msvc2019_64\include\QtGui/qpagedpaintdevice.h(229): note: see declaration of 'QPagedPaintDevice::setPageSize'
build-app	Configure and Build Robo 3T	2026-04-14T01:16:52.5926074Z D:\a\robomongo\Qt\5.15.2\msvc2019_64\include\QtPrintSupport\qprinter.h(182): warning C4996: 'QPagedPaintDevice::setPageSizeMM': Use setPageSize(QPageSize) instead.
build-app	Configure and Build Robo 3T	2026-04-14T01:16:52.5970049Z D:\a\robomongo\Qt\5.15.2\msvc2019_64\include\QtGui/qpagedpaintdevice.h(234): note: see declaration of 'QPagedPaintDevice::setPageSizeMM'
build-app	Configure and Build Robo 3T	2026-04-14T01:16:52.6063628Z D:\a\robomongo\Qt\5.15.2\msvc2019_64\include\QtPrintSupport\qprinter.h(284): warning C4996: 'QPagedPaintDevice::setMargins': Use setPageMargins(QMarginsF, QPageLayout::Unit) instead.
build-app	Configure and Build Robo 3T	2026-04-14T01:16:52.6108285Z D:\a\robomongo\Qt\5.15.2\msvc2019_64\include\QtGui/qpagedpaintdevice.h(249): note: see declaration of 'QPagedPaintDevice::setMargins'
build-app	Configure and Build Robo 3T	2026-04-14T01:16:52.6141202Z R:\src\third-party\qscintilla-2.8.4\sources\Qt4Qt5\qsciprinter.cpp(104): warning C4996: 'QPrinter::numCopies': Use copyCount() instead.
build-app	Configure and Build Robo 3T	2026-04-14T01:16:52.6158445Z D:\a\robomongo\Qt\5.15.2\msvc2019_64\include\QtPrintSupport\qprinter.h(219): note: see declaration of 'QPrinter::numCopies'
build-app	Configure and Build Robo 3T	2026-04-14T01:16:52.9861149Z [81/253] C:\PROGRA~1\MICROS~2\2022\ENTERP~1\VC\Tools\MSVC\1416~1.270\bin\HostX64\x64\cl.exe  /nologo /TP -DQT_CORE_LIB -DQT_GUI_LIB -DQT_NO_DEBUG -DQT_PRINTSUPPORT_LIB -DQT_WIDGETS_LIB -DSCINTILLA_QT -DSCI_LEXER -ID:\b\src\third-party\qscintilla-2.8.4\qscintilla_autogen\include -IR:\src\third-party\qscintilla-2.8.4\sources\Qt4Qt5 -IR:\src\third-party\qscintilla-2.8.4\sources\include -IR:\src\third-party\qscintilla-2.8.4\sources\lexlib -IR:\src\third-party\qscintilla-2.8.4\sources\src -ID:\a\robomongo\Qt\5.15.2\msvc2019_64\include -ID:\a\robomongo\Qt\5.15.2\msvc2019_64\include\QtWidgets -ID:\a\robomongo\Qt\5.15.2\msvc2019_64\include\QtGui -ID:\a\robomongo\Qt\5.15.2\msvc2019_64\include\QtANGLE -ID:\a\robomongo\Qt\5.15.2\msvc2019_64\include\QtCore -ID:\a\robomongo\Qt\5.15.2\msvc2019_64\.\mkspecs\win32-msvc -ID:\a\robomongo\Qt\5.15.2\msvc2019_64\include\QtPrintSupport /DWIN32 /D_WINDOWS /W3 /GR /EHsc -D_UNICODE -DUNICODE -DWIN32 -D_WIN32 -D_CRT_SECURE_NO_WARNINGS -DBOOST_ALL_NO_LIB /wd4355 /wd4800 /wd4267 /wd4244 /wd4290 /wd4068 /wd4351 /MP /wd4554 /wd4099 /MD /O2 /Ob2 /DNDEBUG -std:c++17 /showIncludes /Fosrc\third-party\qscintilla-2.8.4\CMakeFiles\qscintilla.dir\sources\Qt4Qt5\SciClasses.cpp.obj /Fdsrc\third-party\qscintilla-2.8.4\CMakeFiles\qscintilla.dir\qscintilla.pdb /FS -c R:\src\third-party\qscintilla-2.8.4\sources\Qt4Qt5\SciClasses.cpp
build-app	Configure and Build Robo 3T	2026-04-14T01:16:53.2633627Z [82/253] C:\PROGRA~1\MICROS~2\2022\ENTERP~1\VC\Tools\MSVC\1416~1.270\bin\HostX64\x64\cl.exe  /nologo /TP -DQT_CORE_LIB -DQT_GUI_LIB -DQT_NO_DEBUG -DQT_PRINTSUPPORT_LIB -DQT_WIDGETS_LIB -DSCINTILLA_QT -DSCI_LEXER -ID:\b\src\third-party\qscintilla-2.8.4\qscintilla_autogen\include -IR:\src\third-party\qscintilla-2.8.4\sources\Qt4Qt5 -IR:\src\third-party\qscintilla-2.8.4\sources\include -IR:\src\third-party\qscintilla-2.8.4\sources\lexlib -IR:\src\third-party\qscintilla-2.8.4\sources\src -ID:\a\robomongo\Qt\5.15.2\msvc2019_64\include -ID:\a\robomongo\Qt\5.15.2\msvc2019_64\include\QtWidgets -ID:\a\robomongo\Qt\5.15.2\msvc2019_64\include\QtGui -ID:\a\robomongo\Qt\5.15.2\msvc2019_64\include\QtANGLE -ID:\a\robomongo\Qt\5.15.2\msvc2019_64\include\QtCore -ID:\a\robomongo\Qt\5.15.2\msvc2019_64\.\mkspecs\win32-msvc -ID:\a\robomongo\Qt\5.15.2\msvc2019_64\include\QtPrintSupport /DWIN32 /D_WINDOWS /W3 /GR /EHsc -D_UNICODE -DUNICODE -DWIN32 -D_WIN32 -D_CRT_SECURE_NO_WARNINGS -DBOOST_ALL_NO_LIB /wd4355 /wd4800 /wd4267 /wd4244 /wd4290 /wd4068 /wd4351 /MP /wd4554 /wd4099 /MD /O2 /Ob2 /DNDEBUG -std:c++17 /showIncludes /Fosrc\third-party\qscintilla-2.8.4\CMakeFiles\qscintilla.dir\sources\Qt4Qt5\PlatQt.cpp.obj /Fdsrc\third-party\qscintilla-2.8.4\CMakeFiles\qscintilla.dir\qscintilla.pdb /FS -c R:\src\third-party\qscintilla-2.8.4\sources\Qt4Qt5\PlatQt.cpp
build-app	Configure and Build Robo 3T	2026-04-14T01:16:53.2699986Z R:\src\third-party\qscintilla-2.8.4\sources\Qt4Qt5\PlatQt.cpp(127): warning C4996: 'QFont::setRawName': was declared deprecated
build-app	Configure and Build Robo 3T	2026-04-14T01:16:53.2804822Z D:\a\robomongo\Qt\5.15.2\msvc2019_64\include\QtGui/qfont.h(271): note: see declaration of 'QFont::setRawName'
build-app	Configure and Build Robo 3T	2026-04-14T01:16:53.2871680Z R:\src\third-party\qscintilla-2.8.4\sources\Qt4Qt5\PlatQt.cpp(413): warning C4996: 'QPainter::drawRoundRect': Use drawRoundedRect(..., Qt::RelativeSize) instead
build-app	Configure and Build Robo 3T	2026-04-14T01:16:53.2917490Z D:\a\robomongo\Qt\5.15.2\msvc2019_64\include\QtGui\qpainter.h(376): note: see declaration of 'QPainter::drawRoundRect'
build-app	Configure and Build Robo 3T	2026-04-14T01:16:53.2962703Z R:\src\third-party\qscintilla-2.8.4\sources\Qt4Qt5\PlatQt.cpp(437): warning C4996: 'QPainter::drawRoundRect': Use drawRoundedRect(..., Qt::RelativeSize) instead
build-app	Configure and Build Robo 3T	2026-04-14T01:16:53.3017514Z D:\a\robomongo\Qt\5.15.2\msvc2019_64\include\QtGui\qpainter.h(376): note: see declaration of 'QPainter::drawRoundRect'
build-app	Configure and Build Robo 3T	2026-04-14T01:16:53.3117276Z R:\src\third-party\qscintilla-2.8.4\sources\Qt4Qt5\PlatQt.cpp(861): warning C4996: 'QDesktopWidget::availableGeometry': Use QGuiApplication::screenAt()
build-app	Configure and Build Robo 3T	2026-04-14T01:16:53.3130136Z D:\a\robomongo\Qt\5.15.2\msvc2019_64\include\QtWidgets\qdesktopwidget.h(89): note: see declaration of 'QDesktopWidget::availableGeometry'
build-app	Configure and Build Robo 3T	2026-04-14T01:16:53.5280643Z [83/253] C:\PROGRA~1\MICROS~2\2022\ENTERP~1\VC\Tools\MSVC\1416~1.270\bin\HostX64\x64\cl.exe  /nologo /TP -DQT_CORE_LIB -DQT_GUI_LIB -DQT_NO_DEBUG -DQT_PRINTSUPPORT_LIB -DQT_WIDGETS_LIB -DSCINTILLA_QT -DSCI_LEXER -ID:\b\src\third-party\qscintilla-2.8.4\qscintilla_autogen\include -IR:\src\third-party\qscintilla-2.8.4\sources\Qt4Qt5 -IR:\src\third-party\qscintilla-2.8.4\sources\include -IR:\src\third-party\qscintilla-2.8.4\sources\lexlib -IR:\src\third-party\qscintilla-2.8.4\sources\src -ID:\a\robomongo\Qt\5.15.2\msvc2019_64\include -ID:\a\robomongo\Qt\5.15.2\msvc2019_64\include\QtWidgets -ID:\a\robomongo\Qt\5.15.2\msvc2019_64\include\QtGui -ID:\a\robomongo\Qt\5.15.2\msvc2019_64\include\QtANGLE -ID:\a\robomongo\Qt\5.15.2\msvc2019_64\include\QtCore -ID:\a\robomongo\Qt\5.15.2\msvc2019_64\.\mkspecs\win32-msvc -ID:\a\robomongo\Qt\5.15.2\msvc2019_64\include\QtPrintSupport /DWIN32 /D_WINDOWS /W3 /GR /EHsc -D_UNICODE -DUNICODE -DWIN32 -D_WIN32 -D_CRT_SECURE_NO_WARNINGS -DBOOST_ALL_NO_LIB /wd4355 /wd4800 /wd4267 /wd4244 /wd4290 /wd4068 /wd4351 /MP /wd4554 /wd4099 /MD /O2 /Ob2 /DNDEBUG -std:c++17 /showIncludes /Fosrc\third-party\qscintilla-2.8.4\CMakeFiles\qscintilla.dir\sources\Qt4Qt5\qscimacro.cpp.obj /Fdsrc\third-party\qscintilla-2.8.4\CMakeFiles\qscintilla.dir\qscintilla.pdb /FS -c R:\src\third-party\qscintilla-2.8.4\sources\Qt4Qt5\qscimacro.cpp
build-app	Configure and Build Robo 3T	2026-04-14T01:16:53.5890794Z R:\src\third-party\qscintilla-2.8.4\sources\Qt4Qt5\qscimacro.cpp(195): warning C4996: 'QString::sprintf': Use asprintf(), arg() or QTextStream instead
build-app	Configure and Build Robo 3T	2026-04-14T01:16:53.6165469Z D:\a\robomongo\Qt\5.15.2\msvc2019_64\include\QtCore/qstring.h(393): note: see declaration of 'QString::sprintf'
build-app	Configure and Build Robo 3T	2026-04-14T01:16:53.6250237Z R:\src\third-party\qscintilla-2.8.4\sources\Qt4Qt5\qscimacro.cpp(222): warning C4996: 'QString::sprintf': Use asprintf(), arg() or QTextStream instead
build-app	Configure and Build Robo 3T	2026-04-14T01:16:53.6312201Z D:\a\robomongo\Qt\5.15.2\msvc2019_64\include\QtCore/qstring.h(393): note: see declaration of 'QString::sprintf'
build-app	Configure and Build Robo 3T	2026-04-14T01:16:54.6919796Z [84/253] C:\PROGRA~1\MICROS~2\2022\ENTERP~1\VC\Tools\MSVC\1416~1.270\bin\HostX64\x64\cl.exe  /nologo /TP -DQT_CORE_LIB -DQT_GUI_LIB -DQT_NO_DEBUG -DQT_PRINTSUPPORT_LIB -DQT_WIDGETS_LIB -DSCINTILLA_QT -DSCI_LEXER -ID:\b\src\third-party\qscintilla-2.8.4\qscintilla_autogen\include -IR:\src\third-party\qscintilla-2.8.4\sources\Qt4Qt5 -IR:\src\third-party\qscintilla-2.8.4\sources\include -IR:\src\third-party\qscintilla-2.8.4\sources\lexlib -IR:\src\third-party\qscintilla-2.8.4\sources\src -ID:\a\robomongo\Qt\5.15.2\msvc2019_64\include -ID:\a\robomongo\Qt\5.15.2\msvc2019_64\include\QtWidgets -ID:\a\robomongo\Qt\5.15.2\msvc2019_64\include\QtGui -ID:\a\robomongo\Qt\5.15.2\msvc2019_64\include\QtANGLE -ID:\a\robomongo\Qt\5.15.2\msvc2019_64\include\QtCore -ID:\a\robomongo\Qt\5.15.2\msvc2019_64\.\mkspecs\win32-msvc -ID:\a\robomongo\Qt\5.15.2\msvc2019_64\include\QtPrintSupport /DWIN32 /D_WINDOWS /W3 /GR /EHsc -D_UNICODE -DUNICODE -DWIN32 -D_WIN32 -D_CRT_SECURE_NO_WARNINGS -DBOOST_ALL_NO_LIB /wd4355 /wd4800 /wd4267 /wd4244 /wd4290 /wd4068 /wd4351 /MP /wd4554 /wd4099 /MD /O2 /Ob2 /DNDEBUG -std:c++17 /showIncludes /Fosrc\third-party\qscintilla-2.8.4\CMakeFiles\qscintilla.dir\sources\src\CaseConvert.cpp.obj /Fdsrc\third-party\qscintilla-2.8.4\CMakeFiles\qscintilla.dir\qscintilla.pdb /FS -c R:\src\third-party\qscintilla-2.8.4\sources\src\CaseConvert.cpp
build-app	Configure and Build Robo 3T	2026-04-14T01:16:55.3590307Z [85/253] C:\PROGRA~1\MICROS~2\2022\ENTERP~1\VC\Tools\MSVC\1416~1.270\bin\HostX64\x64\cl.exe  /nologo /TP -DQT_CORE_LIB -DQT_GUI_LIB -DQT_NO_DEBUG -DQT_PRINTSUPPORT_LIB -DQT_WIDGETS_LIB -DSCINTILLA_QT -DSCI_LEXER -ID:\b\src\third-party\qscintilla-2.8.4\qscintilla_autogen\include -IR:\src\third-party\qscintilla-2.8.4\sources\Qt4Qt5 -IR:\src\third-party\qscintilla-2.8.4\sources\include -IR:\src\third-party\qscintilla-2.8.4\sources\lexlib -IR:\src\third-party\qscintilla-2.8.4\sources\src -ID:\a\robomongo\Qt\5.15.2\msvc2019_64\include -ID:\a\robomongo\Qt\5.15.2\msvc2019_64\include\QtWidgets -ID:\a\robomongo\Qt\5.15.2\msvc2019_64\include\QtGui -ID:\a\robomongo\Qt\5.15.2\msvc2019_64\include\QtANGLE -ID:\a\robomongo\Qt\5.15.2\msvc2019_64\include\QtCore -ID:\a\robomongo\Qt\5.15.2\msvc2019_64\.\mkspecs\win32-msvc -ID:\a\robomongo\Qt\5.15.2\msvc2019_64\include\QtPrintSupport /DWIN32 /D_WINDOWS /W3 /GR /EHsc -D_UNICODE -DUNICODE -DWIN32 -D_WIN32 -D_CRT_SECURE_NO_WARNINGS -DBOOST_ALL_NO_LIB /wd4355 /wd4800 /wd4267 /wd4244 /wd4290 /wd4068 /wd4351 /MP /wd4554 /wd4099 /MD /O2 /Ob2 /DNDEBUG -std:c++17 /showIncludes /Fosrc\third-party\qscintilla-2.8.4\CMakeFiles\qscintilla.dir\sources\Qt4Qt5\qscicommandset.cpp.obj /Fdsrc\third-party\qscintilla-2.8.4\CMakeFiles\qscintilla.dir\qscintilla.pdb /FS -c R:\src\third-party\qscintilla-2.8.4\sources\Qt4Qt5\qscicommandset.cpp
build-app	Configure and Build Robo 3T	2026-04-14T01:16:55.3940657Z R:\src\third-party\qscintilla-2.8.4\sources\Qt4Qt5\qscicommandset.cpp(899): warning C4996: 'QString::sprintf': Use asprintf(), arg() or QTextStream instead
build-app	Configure and Build Robo 3T	2026-04-14T01:16:55.4320235Z D:\a\robomongo\Qt\5.15.2\msvc2019_64\include\QtCore/qstring.h(393): note: see declaration of 'QString::sprintf'
build-app	Configure and Build Robo 3T	2026-04-14T01:16:55.4633327Z R:\src\third-party\qscintilla-2.8.4\sources\Qt4Qt5\qscicommandset.cpp(938): warning C4996: 'QString::sprintf': Use asprintf(), arg() or QTextStream instead
build-app	Configure and Build Robo 3T	2026-04-14T01:16:55.4929598Z D:\a\robomongo\Qt\5.15.2\msvc2019_64\include\QtCore/qstring.h(393): note: see declaration of 'QString::sprintf'
build-app	Configure and Build Robo 3T	2026-04-14T01:16:55.5355615Z [86/253] C:\PROGRA~1\MICROS~2\2022\ENTERP~1\VC\Tools\MSVC\1416~1.270\bin\HostX64\x64\cl.exe  /nologo /TP -DQT_CORE_LIB -DQT_GUI_LIB -DQT_NO_DEBUG -DQT_PRINTSUPPORT_LIB -DQT_WIDGETS_LIB -DSCINTILLA_QT -DSCI_LEXER -ID:\b\src\third-party\qscintilla-2.8.4\qscintilla_autogen\include -IR:\src\third-party\qscintilla-2.8.4\sources\Qt4Qt5 -IR:\src\third-party\qscintilla-2.8.4\sources\include -IR:\src\third-party\qscintilla-2.8.4\sources\lexlib -IR:\src\third-party\qscintilla-2.8.4\sources\src -ID:\a\robomongo\Qt\5.15.2\msvc2019_64\include -ID:\a\robomongo\Qt\5.15.2\msvc2019_64\include\QtWidgets -ID:\a\robomongo\Qt\5.15.2\msvc2019_64\include\QtGui -ID:\a\robomongo\Qt\5.15.2\msvc2019_64\include\QtANGLE -ID:\a\robomongo\Qt\5.15.2\msvc2019_64\include\QtCore -ID:\a\robomongo\Qt\5.15.2\msvc2019_64\.\mkspecs\win32-msvc -ID:\a\robomongo\Qt\5.15.2\msvc2019_64\include\QtPrintSupport /DWIN32 /D_WINDOWS /W3 /GR /EHsc -D_UNICODE -DUNICODE -DWIN32 -D_WIN32 -D_CRT_SECURE_NO_WARNINGS -DBOOST_ALL_NO_LIB /wd4355 /wd4800 /wd4267 /wd4244 /wd4290 /wd4068 /wd4351 /MP /wd4554 /wd4099 /MD /O2 /Ob2 /DNDEBUG -std:c++17 /showIncludes /Fosrc\third-party\qscintilla-2.8.4\CMakeFiles\qscintilla.dir\sources\src\CallTip.cpp.obj /Fdsrc\third-party\qscintilla-2.8.4\CMakeFiles\qscintilla.dir\qscintilla.pdb /FS -c R:\src\third-party\qscintilla-2.8.4\sources\src\CallTip.cpp
build-app	Configure and Build Robo 3T	2026-04-14T01:16:55.7260760Z [87/253] C:\PROGRA~1\MICROS~2\2022\ENTERP~1\VC\Tools\MSVC\1416~1.270\bin\HostX64\x64\cl.exe  /nologo /TP -DQT_CORE_LIB -DQT_GUI_LIB -DQT_NO_DEBUG -DQT_PRINTSUPPORT_LIB -DQT_WIDGETS_LIB -DSCINTILLA_QT -DSCI_LEXER -ID:\b\src\third-party\qscintilla-2.8.4\qscintilla_autogen\include -IR:\src\third-party\qscintilla-2.8.4\sources\Qt4Qt5 -IR:\src\third-party\qscintilla-2.8.4\sources\include -IR:\src\third-party\qscintilla-2.8.4\sources\lexlib -IR:\src\third-party\qscintilla-2.8.4\sources\src -ID:\a\robomongo\Qt\5.15.2\msvc2019_64\include -ID:\a\robomongo\Qt\5.15.2\msvc2019_64\include\QtWidgets -ID:\a\robomongo\Qt\5.15.2\msvc2019_64\include\QtGui -ID:\a\robomongo\Qt\5.15.2\msvc2019_64\include\QtANGLE -ID:\a\robomongo\Qt\5.15.2\msvc2019_64\include\QtCore -ID:\a\robomongo\Qt\5.15.2\msvc2019_64\.\mkspecs\win32-msvc -ID:\a\robomongo\Qt\5.15.2\msvc2019_64\include\QtPrintSupport /DWIN32 /D_WINDOWS /W3 /GR /EHsc -D_UNICODE -DUNICODE -DWIN32 -D_WIN32 -D_CRT_SECURE_NO_WARNINGS -DBOOST_ALL_NO_LIB /wd4355 /wd4800 /wd4267 /wd4244 /wd4290 /wd4068 /wd4351 /MP /wd4554 /wd4099 /MD /O2 /Ob2 /DNDEBUG -std:c++17 /showIncludes /Fosrc\third-party\qscintilla-2.8.4\CMakeFiles\qscintilla.dir\sources\src\AutoComplete.cpp.obj /Fdsrc\third-party\qscintilla-2.8.4\CMakeFiles\qscintilla.dir\qscintilla.pdb /FS -c R:\src\third-party\qscintilla-2.8.4\sources\src\AutoComplete.cpp
build-app	Configure and Build Robo 3T	2026-04-14T01:16:56.1794969Z [88/253] C:\PROGRA~1\MICROS~2\2022\ENTERP~1\VC\Tools\MSVC\1416~1.270\bin\HostX64\x64\cl.exe  /nologo /TP -DQT_CORE_LIB -DQT_GUI_LIB -DQT_NO_DEBUG -DQT_PRINTSUPPORT_LIB -DQT_WIDGETS_LIB -DSCINTILLA_QT -DSCI_LEXER -ID:\b\src\third-party\qscintilla-2.8.4\qscintilla_autogen\include -IR:\src\third-party\qscintilla-2.8.4\sources\Qt4Qt5 -IR:\src\third-party\qscintilla-2.8.4\sources\include -IR:\src\third-party\qscintilla-2.8.4\sources\lexlib -IR:\src\third-party\qscintilla-2.8.4\sources\src -ID:\a\robomongo\Qt\5.15.2\msvc2019_64\include -ID:\a\robomongo\Qt\5.15.2\msvc2019_64\include\QtWidgets -ID:\a\robomongo\Qt\5.15.2\msvc2019_64\include\QtGui -ID:\a\robomongo\Qt\5.15.2\msvc2019_64\include\QtANGLE -ID:\a\robomongo\Qt\5.15.2\msvc2019_64\include\QtCore -ID:\a\robomongo\Qt\5.15.2\msvc2019_64\.\mkspecs\win32-msvc -ID:\a\robomongo\Qt\5.15.2\msvc2019_64\include\QtPrintSupport /DWIN32 /D_WINDOWS /W3 /GR /EHsc -D_UNICODE -DUNICODE -DWIN32 -D_WIN32 -D_CRT_SECURE_NO_WARNINGS -DBOOST_ALL_NO_LIB /wd4355 /wd4800 /wd4267 /wd4244 /wd4290 /wd4068 /wd4351 /MP /wd4554 /wd4099 /MD /O2 /Ob2 /DNDEBUG -std:c++17 /showIncludes /Fosrc\third-party\qscintilla-2.8.4\CMakeFiles\qscintilla.dir\sources\src\CharClassify.cpp.obj /Fdsrc\third-party\qscintilla-2.8.4\CMakeFiles\qscintilla.dir\qscintilla.pdb /FS -c R:\src\third-party\qscintilla-2.8.4\sources\src\CharClassify.cpp
build-app	Configure and Build Robo 3T	2026-04-14T01:16:56.2510815Z [89/253] C:\PROGRA~1\MICROS~2\2022\ENTERP~1\VC\Tools\MSVC\1416~1.270\bin\HostX64\x64\cl.exe  /nologo /TP -DQT_CORE_LIB -DQT_GUI_LIB -DQT_NO_DEBUG -DQT_PRINTSUPPORT_LIB -DQT_WIDGETS_LIB -DSCINTILLA_QT -DSCI_LEXER -ID:\b\src\third-party\qscintilla-2.8.4\qscintilla_autogen\include -IR:\src\third-party\qscintilla-2.8.4\sources\Qt4Qt5 -IR:\src\third-party\qscintilla-2.8.4\sources\include -IR:\src\third-party\qscintilla-2.8.4\sources\lexlib -IR:\src\third-party\qscintilla-2.8.4\sources\src -ID:\a\robomongo\Qt\5.15.2\msvc2019_64\include -ID:\a\robomongo\Qt\5.15.2\msvc2019_64\include\QtWidgets -ID:\a\robomongo\Qt\5.15.2\msvc2019_64\include\QtGui -ID:\a\robomongo\Qt\5.15.2\msvc2019_64\include\QtANGLE -ID:\a\robomongo\Qt\5.15.2\msvc2019_64\include\QtCore -ID:\a\robomongo\Qt\5.15.2\msvc2019_64\.\mkspecs\win32-msvc -ID:\a\robomongo\Qt\5.15.2\msvc2019_64\include\QtPrintSupport /DWIN32 /D_WINDOWS /W3 /GR /EHsc -D_UNICODE -DUNICODE -DWIN32 -D_WIN32 -D_CRT_SECURE_NO_WARNINGS -DBOOST_ALL_NO_LIB /wd4355 /wd4800 /wd4267 /wd4244 /wd4290 /wd4068 /wd4351 /MP /wd4554 /wd4099 /MD /O2 /Ob2 /DNDEBUG -std:c++17 /showIncludes /Fosrc\third-party\qscintilla-2.8.4\CMakeFiles\qscintilla.dir\sources\Qt4Qt5\qsciapis.cpp.obj /Fdsrc\third-party\qscintilla-2.8.4\CMakeFiles\qscintilla.dir\qscintilla.pdb /FS -c R:\src\third-party\qscintilla-2.8.4\sources\Qt4Qt5\qsciapis.cpp
build-app	Configure and Build Robo 3T	2026-04-14T01:16:56.2877942Z R:\src\third-party\qscintilla-2.8.4\sources\Qt4Qt5\qsciapis.cpp(601): warning C4996: 'qLowerBound': Use std::lower_bound
build-app	Configure and Build Robo 3T	2026-04-14T01:16:56.3000850Z D:\a\robomongo\Qt\5.15.2\msvc2019_64\include\QtCore/qalgorithms.h(253): note: see declaration of 'qLowerBound'
build-app	Configure and Build Robo 3T	2026-04-14T01:16:56.6056591Z [90/253] C:\PROGRA~1\MICROS~2\2022\ENTERP~1\VC\Tools\MSVC\1416~1.270\bin\HostX64\x64\cl.exe  /nologo /TP -DQT_CORE_LIB -DQT_GUI_LIB -DQT_NO_DEBUG -DQT_PRINTSUPPORT_LIB -DQT_WIDGETS_LIB -DSCINTILLA_QT -DSCI_LEXER -ID:\b\src\third-party\qscintilla-2.8.4\qscintilla_autogen\include -IR:\src\third-party\qscintilla-2.8.4\sources\Qt4Qt5 -IR:\src\third-party\qscintilla-2.8.4\sources\include -IR:\src\third-party\qscintilla-2.8.4\sources\lexlib -IR:\src\third-party\qscintilla-2.8.4\sources\src -ID:\a\robomongo\Qt\5.15.2\msvc2019_64\include -ID:\a\robomongo\Qt\5.15.2\msvc2019_64\include\QtWidgets -ID:\a\robomongo\Qt\5.15.2\msvc2019_64\include\QtGui -ID:\a\robomongo\Qt\5.15.2\msvc2019_64\include\QtANGLE -ID:\a\robomongo\Qt\5.15.2\msvc2019_64\include\QtCore -ID:\a\robomongo\Qt\5.15.2\msvc2019_64\.\mkspecs\win32-msvc -ID:\a\robomongo\Qt\5.15.2\msvc2019_64\include\QtPrintSupport /DWIN32 /D_WINDOWS /W3 /GR /EHsc -D_UNICODE -DUNICODE -DWIN32 -D_WIN32 -D_CRT_SECURE_NO_WARNINGS -DBOOST_ALL_NO_LIB /wd4355 /wd4800 /wd4267 /wd4244 /wd4290 /wd4068 /wd4351 /MP /wd4554 /wd4099 /MD /O2 /Ob2 /DNDEBUG -std:c++17 /showIncludes /Fosrc\third-party\qscintilla-2.8.4\CMakeFiles\qscintilla.dir\sources\src\CaseFolder.cpp.obj /Fdsrc\third-party\qscintilla-2.8.4\CMakeFiles\qscintilla.dir\qscintilla.pdb /FS -c R:\src\third-party\qscintilla-2.8.4\sources\src\CaseFolder.cpp
build-app	Configure and Build Robo 3T	2026-04-14T01:16:56.8722965Z [91/253] C:\PROGRA~1\MICROS~2\2022\ENTERP~1\VC\Tools\MSVC\1416~1.270\bin\HostX64\x64\cl.exe  /nologo /TP -DQT_CORE_LIB -DQT_GUI_LIB -DQT_NO_DEBUG -DQT_PRINTSUPPORT_LIB -DQT_WIDGETS_LIB -DSCINTILLA_QT -DSCI_LEXER -ID:\b\src\third-party\qscintilla-2.8.4\qscintilla_autogen\include -IR:\src\third-party\qscintilla-2.8.4\sources\Qt4Qt5 -IR:\src\third-party\qscintilla-2.8.4\sources\include -IR:\src\third-party\qscintilla-2.8.4\sources\lexlib -IR:\src\third-party\qscintilla-2.8.4\sources\src -ID:\a\robomongo\Qt\5.15.2\msvc2019_64\include -ID:\a\robomongo\Qt\5.15.2\msvc2019_64\include\QtWidgets -ID:\a\robomongo\Qt\5.15.2\msvc2019_64\include\QtGui -ID:\a\robomongo\Qt\5.15.2\msvc2019_64\include\QtANGLE -ID:\a\robomongo\Qt\5.15.2\msvc2019_64\include\QtCore -ID:\a\robomongo\Qt\5.15.2\msvc2019_64\.\mkspecs\win32-msvc -ID:\a\robomongo\Qt\5.15.2\msvc2019_64\include\QtPrintSupport /DWIN32 /D_WINDOWS /W3 /GR /EHsc -D_UNICODE -DUNICODE -DWIN32 -D_WIN32 -D_CRT_SECURE_NO_WARNINGS -DBOOST_ALL_NO_LIB /wd4355 /wd4800 /wd4267 /wd4244 /wd4290 /wd4068 /wd4351 /MP /wd4554 /wd4099 /MD /O2 /Ob2 /DNDEBUG -std:c++17 /showIncludes /Fosrc\third-party\qscintilla-2.8.4\CMakeFiles\qscintilla.dir\sources\src\Catalogue.cpp.obj /Fdsrc\third-party\qscintilla-2.8.4\CMakeFiles\qscintilla.dir\qscintilla.pdb /FS -c R:\src\third-party\qscintilla-2.8.4\sources\src\Catalogue.cpp
build-app	Configure and Build Robo 3T	2026-04-14T01:16:57.3273304Z [92/253] C:\PROGRA~1\MICROS~2\2022\ENTERP~1\VC\Tools\MSVC\1416~1.270\bin\HostX64\x64\cl.exe  /nologo /TP -DQT_CORE_LIB -DQT_GUI_LIB -DQT_NO_DEBUG -DQT_PRINTSUPPORT_LIB -DQT_WIDGETS_LIB -DSCINTILLA_QT -DSCI_LEXER -ID:\b\src\third-party\qscintilla-2.8.4\qscintilla_autogen\include -IR:\src\third-party\qscintilla-2.8.4\sources\Qt4Qt5 -IR:\src\third-party\qscintilla-2.8.4\sources\include -IR:\src\third-party\qscintilla-2.8.4\sources\lexlib -IR:\src\third-party\qscintilla-2.8.4\sources\src -ID:\a\robomongo\Qt\5.15.2\msvc2019_64\include -ID:\a\robomongo\Qt\5.15.2\msvc2019_64\include\QtWidgets -ID:\a\robomongo\Qt\5.15.2\msvc2019_64\include\QtGui -ID:\a\robomongo\Qt\5.15.2\msvc2019_64\include\QtANGLE -ID:\a\robomongo\Qt\5.15.2\msvc2019_64\include\QtCore -ID:\a\robomongo\Qt\5.15.2\msvc2019_64\.\mkspecs\win32-msvc -ID:\a\robomongo\Qt\5.15.2\msvc2019_64\include\QtPrintSupport /DWIN32 /D_WINDOWS /W3 /GR /EHsc -D_UNICODE -DUNICODE -DWIN32 -D_WIN32 -D_CRT_SECURE_NO_WARNINGS -DBOOST_ALL_NO_LIB /wd4355 /wd4800 /wd4267 /wd4244 /wd4290 /wd4068 /wd4351 /MP /wd4554 /wd4099 /MD /O2 /Ob2 /DNDEBUG -std:c++17 /showIncludes /Fosrc\third-party\qscintilla-2.8.4\CMakeFiles\qscintilla.dir\sources\src\CellBuffer.cpp.obj /Fdsrc\third-party\qscintilla-2.8.4\CMakeFiles\qscintilla.dir\qscintilla.pdb /FS -c R:\src\third-party\qscintilla-2.8.4\sources\src\CellBuffer.cpp
build-app	Configure and Build Robo 3T	2026-04-14T01:16:57.5133315Z [93/253] C:\PROGRA~1\MICROS~2\2022\ENTERP~1\VC\Tools\MSVC\1416~1.270\bin\HostX64\x64\cl.exe  /nologo /TP -DQT_CORE_LIB -DQT_GUI_LIB -DQT_NO_DEBUG -DQT_PRINTSUPPORT_LIB -DQT_WIDGETS_LIB -DSCINTILLA_QT -DSCI_LEXER -ID:\b\src\third-party\qscintilla-2.8.4\qscintilla_autogen\include -IR:\src\third-party\qscintilla-2.8.4\sources\Qt4Qt5 -IR:\src\third-party\qscintilla-2.8.4\sources\include -IR:\src\third-party\qscintilla-2.8.4\sources\lexlib -IR:\src\third-party\qscintilla-2.8.4\sources\src -ID:\a\robomongo\Qt\5.15.2\msvc2019_64\include -ID:\a\robomongo\Qt\5.15.2\msvc2019_64\include\QtWidgets -ID:\a\robomongo\Qt\5.15.2\msvc2019_64\include\QtGui -ID:\a\robomongo\Qt\5.15.2\msvc2019_64\include\QtANGLE -ID:\a\robomongo\Qt\5.15.2\msvc2019_64\include\QtCore -ID:\a\robomongo\Qt\5.15.2\msvc2019_64\.\mkspecs\win32-msvc -ID:\a\robomongo\Qt\5.15.2\msvc2019_64\include\QtPrintSupport /DWIN32 /D_WINDOWS /W3 /GR /EHsc -D_UNICODE -DUNICODE -DWIN32 -D_WIN32 -D_CRT_SECURE_NO_WARNINGS -DBOOST_ALL_NO_LIB /wd4355 /wd4800 /wd4267 /wd4244 /wd4290 /wd4068 /wd4351 /MP /wd4554 /wd4099 /MD /O2 /Ob2 /DNDEBUG -std:c++17 /showIncludes /Fosrc\third-party\qscintilla-2.8.4\CMakeFiles\qscintilla.dir\sources\src\ContractionState.cpp.obj /Fdsrc\third-party\qscintilla-2.8.4\CMakeFiles\qscintilla.dir\qscintilla.pdb /FS -c R:\src\third-party\qscintilla-2.8.4\sources\src\ContractionState.cpp
build-app	Configure and Build Robo 3T	2026-04-14T01:16:57.7504042Z [94/253] C:\PROGRA~1\MICROS~2\2022\ENTERP~1\VC\Tools\MSVC\1416~1.270\bin\HostX64\x64\cl.exe  /nologo /TP -DQT_CORE_LIB -DQT_GUI_LIB -DQT_NO_DEBUG -DQT_PRINTSUPPORT_LIB -DQT_WIDGETS_LIB -DSCINTILLA_QT -DSCI_LEXER -ID:\b\src\third-party\qscintilla-2.8.4\qscintilla_autogen\include -IR:\src\third-party\qscintilla-2.8.4\sources\Qt4Qt5 -IR:\src\third-party\qscintilla-2.8.4\sources\include -IR:\src\third-party\qscintilla-2.8.4\sources\lexlib -IR:\src\third-party\qscintilla-2.8.4\sources\src -ID:\a\robomongo\Qt\5.15.2\msvc2019_64\include -ID:\a\robomongo\Qt\5.15.2\msvc2019_64\include\QtWidgets -ID:\a\robomongo\Qt\5.15.2\msvc2019_64\include\QtGui -ID:\a\robomongo\Qt\5.15.2\msvc2019_64\include\QtANGLE -ID:\a\robomongo\Qt\5.15.2\msvc2019_64\include\QtCore -ID:\a\robomongo\Qt\5.15.2\msvc2019_64\.\mkspecs\win32-msvc -ID:\a\robomongo\Qt\5.15.2\msvc2019_64\include\QtPrintSupport /DWIN32 /D_WINDOWS /W3 /GR /EHsc -D_UNICODE -DUNICODE -DWIN32 -D_WIN32 -D_CRT_SECURE_NO_WARNINGS -DBOOST_ALL_NO_LIB /wd4355 /wd4800 /wd4267 /wd4244 /wd4290 /wd4068 /wd4351 /MP /wd4554 /wd4099 /MD /O2 /Ob2 /DNDEBUG -std:c++17 /showIncludes /Fosrc\third-party\qscintilla-2.8.4\CMakeFiles\qscintilla.dir\sources\src\Decoration.cpp.obj /Fdsrc\third-party\qscintilla-2.8.4\CMakeFiles\qscintilla.dir\qscintilla.pdb /FS -c R:\src\third-party\qscintilla-2.8.4\sources\src\Decoration.cpp
build-app	Configure and Build Robo 3T	2026-04-14T01:16:58.6753605Z [95/253] C:\PROGRA~1\MICROS~2\2022\ENTERP~1\VC\Tools\MSVC\1416~1.270\bin\HostX64\x64\cl.exe  /nologo /TP -DQT_CORE_LIB -DQT_GUI_LIB -DQT_NO_DEBUG -DQT_PRINTSUPPORT_LIB -DQT_WIDGETS_LIB -DSCINTILLA_QT -DSCI_LEXER -ID:\b\src\third-party\qscintilla-2.8.4\qscintilla_autogen\include -IR:\src\third-party\qscintilla-2.8.4\sources\Qt4Qt5 -IR:\src\third-party\qscintilla-2.8.4\sources\include -IR:\src\third-party\qscintilla-2.8.4\sources\lexlib -IR:\src\third-party\qscintilla-2.8.4\sources\src -ID:\a\robomongo\Qt\5.15.2\msvc2019_64\include -ID:\a\robomongo\Qt\5.15.2\msvc2019_64\include\QtWidgets -ID:\a\robomongo\Qt\5.15.2\msvc2019_64\include\QtGui -ID:\a\robomongo\Qt\5.15.2\msvc2019_64\include\QtANGLE -ID:\a\robomongo\Qt\5.15.2\msvc2019_64\include\QtCore -ID:\a\robomongo\Qt\5.15.2\msvc2019_64\.\mkspecs\win32-msvc -ID:\a\robomongo\Qt\5.15.2\msvc2019_64\include\QtPrintSupport /DWIN32 /D_WINDOWS /W3 /GR /EHsc -D_UNICODE -DUNICODE -DWIN32 -D_WIN32 -D_CRT_SECURE_NO_WARNINGS -DBOOST_ALL_NO_LIB /wd4355 /wd4800 /wd4267 /wd4244 /wd4290 /wd4068 /wd4351 /MP /wd4554 /wd4099 /MD /O2 /Ob2 /DNDEBUG -std:c++17 /showIncludes /Fosrc\third-party\qscintilla-2.8.4\CMakeFiles\qscintilla.dir\sources\lexers\LexCPP.cpp.obj /Fdsrc\third-party\qscintilla-2.8.4\CMakeFiles\qscintilla.dir\qscintilla.pdb /FS -c R:\src\third-party\qscintilla-2.8.4\sources\lexers\LexCPP.cpp
build-app	Configure and Build Robo 3T	2026-04-14T01:16:58.8952800Z [96/253] C:\PROGRA~1\MICROS~2\2022\ENTERP~1\VC\Tools\MSVC\1416~1.270\bin\HostX64\x64\cl.exe  /nologo /TP -DQT_CORE_LIB -DQT_GUI_LIB -DQT_NO_DEBUG -DQT_PRINTSUPPORT_LIB -DQT_WIDGETS_LIB -DSCINTILLA_QT -DSCI_LEXER -ID:\b\src\third-party\qscintilla-2.8.4\qscintilla_autogen\include -IR:\src\third-party\qscintilla-2.8.4\sources\Qt4Qt5 -IR:\src\third-party\qscintilla-2.8.4\sources\include -IR:\src\third-party\qscintilla-2.8.4\sources\lexlib -IR:\src\third-party\qscintilla-2.8.4\sources\src -ID:\a\robomongo\Qt\5.15.2\msvc2019_64\include -ID:\a\robomongo\Qt\5.15.2\msvc2019_64\include\QtWidgets -ID:\a\robomongo\Qt\5.15.2\msvc2019_64\include\QtGui -ID:\a\robomongo\Qt\5.15.2\msvc2019_64\include\QtANGLE -ID:\a\robomongo\Qt\5.15.2\msvc2019_64\include\QtCore -ID:\a\robomongo\Qt\5.15.2\msvc2019_64\.\mkspecs\win32-msvc -ID:\a\robomongo\Qt\5.15.2\msvc2019_64\include\QtPrintSupport /DWIN32 /D_WINDOWS /W3 /GR /EHsc -D_UNICODE -DUNICODE -DWIN32 -D_WIN32 -D_CRT_SECURE_NO_WARNINGS -DBOOST_ALL_NO_LIB /wd4355 /wd4800 /wd4267 /wd4244 /wd4290 /wd4068 /wd4351 /MP /wd4554 /wd4099 /MD /O2 /Ob2 /DNDEBUG -std:c++17 /showIncludes /Fosrc\third-party\qscintilla-2.8.4\CMakeFiles\qscintilla.dir\sources\src\Document.cpp.obj /Fdsrc\third-party\qscintilla-2.8.4\CMakeFiles\qscintilla.dir\qscintilla.pdb /FS -c R:\src\third-party\qscintilla-2.8.4\sources\src\Document.cpp
build-app	Configure and Build Robo 3T	2026-04-14T01:16:59.2360160Z [97/253] C:\PROGRA~1\MICROS~2\2022\ENTERP~1\VC\Tools\MSVC\1416~1.270\bin\HostX64\x64\cl.exe  /nologo /TP -DQT_CORE_LIB -DQT_GUI_LIB -DQT_NO_DEBUG -DQT_PRINTSUPPORT_LIB -DQT_WIDGETS_LIB -DSCINTILLA_QT -DSCI_LEXER -ID:\b\src\third-party\qscintilla-2.8.4\qscintilla_autogen\include -IR:\src\third-party\qscintilla-2.8.4\sources\Qt4Qt5 -IR:\src\third-party\qscintilla-2.8.4\sources\include -IR:\src\third-party\qscintilla-2.8.4\sources\lexlib -IR:\src\third-party\qscintilla-2.8.4\sources\src -ID:\a\robomongo\Qt\5.15.2\msvc2019_64\include -ID:\a\robomongo\Qt\5.15.2\msvc2019_64\include\QtWidgets -ID:\a\robomongo\Qt\5.15.2\msvc2019_64\include\QtGui -ID:\a\robomongo\Qt\5.15.2\msvc2019_64\include\QtANGLE -ID:\a\robomongo\Qt\5.15.2\msvc2019_64\include\QtCore -ID:\a\robomongo\Qt\5.15.2\msvc2019_64\.\mkspecs\win32-msvc -ID:\a\robomongo\Qt\5.15.2\msvc2019_64\include\QtPrintSupport /DWIN32 /D_WINDOWS /W3 /GR /EHsc -D_UNICODE -DUNICODE -DWIN32 -D_WIN32 -D_CRT_SECURE_NO_WARNINGS -DBOOST_ALL_NO_LIB /wd4355 /wd4800 /wd4267 /wd4244 /wd4290 /wd4068 /wd4351 /MP /wd4554 /wd4099 /MD /O2 /Ob2 /DNDEBUG -std:c++17 /showIncludes /Fosrc\third-party\qscintilla-2.8.4\CMakeFiles\qscintilla.dir\sources\src\KeyMap.cpp.obj /Fdsrc\third-party\qscintilla-2.8.4\CMakeFiles\qscintilla.dir\qscintilla.pdb /FS -c R:\src\third-party\qscintilla-2.8.4\sources\src\KeyMap.cpp
build-app	Configure and Build Robo 3T	2026-04-14T01:16:59.5438120Z [98/253] C:\PROGRA~1\MICROS~2\2022\ENTERP~1\VC\Tools\MSVC\1416~1.270\bin\HostX64\x64\cl.exe  /nologo /TP -DQT_CORE_LIB -DQT_GUI_LIB -DQT_NO_DEBUG -DQT_PRINTSUPPORT_LIB -DQT_WIDGETS_LIB -DSCINTILLA_QT -DSCI_LEXER -ID:\b\src\third-party\qscintilla-2.8.4\qscintilla_autogen\include -IR:\src\third-party\qscintilla-2.8.4\sources\Qt4Qt5 -IR:\src\third-party\qscintilla-2.8.4\sources\include -IR:\src\third-party\qscintilla-2.8.4\sources\lexlib -IR:\src\third-party\qscintilla-2.8.4\sources\src -ID:\a\robomongo\Qt\5.15.2\msvc2019_64\include -ID:\a\robomongo\Qt\5.15.2\msvc2019_64\include\QtWidgets -ID:\a\robomongo\Qt\5.15.2\msvc2019_64\include\QtGui -ID:\a\robomongo\Qt\5.15.2\msvc2019_64\include\QtANGLE -ID:\a\robomongo\Qt\5.15.2\msvc2019_64\include\QtCore -ID:\a\robomongo\Qt\5.15.2\msvc2019_64\.\mkspecs\win32-msvc -ID:\a\robomongo\Qt\5.15.2\msvc2019_64\include\QtPrintSupport /DWIN32 /D_WINDOWS /W3 /GR /EHsc -D_UNICODE -DUNICODE -DWIN32 -D_WIN32 -D_CRT_SECURE_NO_WARNINGS -DBOOST_ALL_NO_LIB /wd4355 /wd4800 /wd4267 /wd4244 /wd4290 /wd4068 /wd4351 /MP /wd4554 /wd4099 /MD /O2 /Ob2 /DNDEBUG -std:c++17 /showIncludes /Fosrc\third-party\qscintilla-2.8.4\CMakeFiles\qscintilla.dir\sources\src\ExternalLexer.cpp.obj /Fdsrc\third-party\qscintilla-2.8.4\CMakeFiles\qscintilla.dir\qscintilla.pdb /FS -c R:\src\third-party\qscintilla-2.8.4\sources\src\ExternalLexer.cpp
build-app	Configure and Build Robo 3T	2026-04-14T01:17:00.4762458Z [99/253] C:\PROGRA~1\MICROS~2\2022\ENTERP~1\VC\Tools\MSVC\1416~1.270\bin\HostX64\x64\cl.exe  /nologo /TP -DQT_CORE_LIB -DQT_GUI_LIB -DQT_NO_DEBUG -DQT_PRINTSUPPORT_LIB -DQT_WIDGETS_LIB -DSCINTILLA_QT -DSCI_LEXER -ID:\b\src\third-party\qscintilla-2.8.4\qscintilla_autogen\include -IR:\src\third-party\qscintilla-2.8.4\sources\Qt4Qt5 -IR:\src\third-party\qscintilla-2.8.4\sources\include -IR:\src\third-party\qscintilla-2.8.4\sources\lexlib -IR:\src\third-party\qscintilla-2.8.4\sources\src -ID:\a\robomongo\Qt\5.15.2\msvc2019_64\include -ID:\a\robomongo\Qt\5.15.2\msvc2019_64\include\QtWidgets -ID:\a\robomongo\Qt\5.15.2\msvc2019_64\include\QtGui -ID:\a\robomongo\Qt\5.15.2\msvc2019_64\include\QtANGLE -ID:\a\robomongo\Qt\5.15.2\msvc2019_64\include\QtCore -ID:\a\robomongo\Qt\5.15.2\msvc2019_64\.\mkspecs\win32-msvc -ID:\a\robomongo\Qt\5.15.2\msvc2019_64\include\QtPrintSupport /DWIN32 /D_WINDOWS /W3 /GR /EHsc -D_UNICODE -DUNICODE -DWIN32 -D_WIN32 -D_CRT_SECURE_NO_WARNINGS -DBOOST_ALL_NO_LIB /wd4355 /wd4800 /wd4267 /wd4244 /wd4290 /wd4068 /wd4351 /MP /wd4554 /wd4099 /MD /O2 /Ob2 /DNDEBUG -std:c++17 /showIncludes /Fosrc\third-party\qscintilla-2.8.4\CMakeFiles\qscintilla.dir\sources\src\PerLine.cpp.obj /Fdsrc\third-party\qscintilla-2.8.4\CMakeFiles\qscintilla.dir\qscintilla.pdb /FS -c R:\src\third-party\qscintilla-2.8.4\sources\src\PerLine.cpp
build-app	Configure and Build Robo 3T	2026-04-14T01:17:01.0516539Z [100/253] C:\PROGRA~1\MICROS~2\2022\ENTERP~1\VC\Tools\MSVC\1416~1.270\bin\HostX64\x64\cl.exe  /nologo /TP -DQT_CORE_LIB -DQT_GUI_LIB -DQT_NO_DEBUG -DQT_PRINTSUPPORT_LIB -DQT_WIDGETS_LIB -DSCINTILLA_QT -DSCI_LEXER -ID:\b\src\third-party\qscintilla-2.8.4\qscintilla_autogen\include -IR:\src\third-party\qscintilla-2.8.4\sources\Qt4Qt5 -IR:\src\third-party\qscintilla-2.8.4\sources\include -IR:\src\third-party\qscintilla-2.8.4\sources\lexlib -IR:\src\third-party\qscintilla-2.8.4\sources\src -ID:\a\robomongo\Qt\5.15.2\msvc2019_64\include -ID:\a\robomongo\Qt\5.15.2\msvc2019_64\include\QtWidgets -ID:\a\robomongo\Qt\5.15.2\msvc2019_64\include\QtGui -ID:\a\robomongo\Qt\5.15.2\msvc2019_64\include\QtANGLE -ID:\a\robomongo\Qt\5.15.2\msvc2019_64\include\QtCore -ID:\a\robomongo\Qt\5.15.2\msvc2019_64\.\mkspecs\win32-msvc -ID:\a\robomongo\Qt\5.15.2\msvc2019_64\include\QtPrintSupport /DWIN32 /D_WINDOWS /W3 /GR /EHsc -D_UNICODE -DUNICODE -DWIN32 -D_WIN32 -D_CRT_SECURE_NO_WARNINGS -DBOOST_ALL_NO_LIB /wd4355 /wd4800 /wd4267 /wd4244 /wd4290 /wd4068 /wd4351 /MP /wd4554 /wd4099 /MD /O2 /Ob2 /DNDEBUG -std:c++17 /showIncludes /Fosrc\third-party\qscintilla-2.8.4\CMakeFiles\qscintilla.dir\sources\src\Indicator.cpp.obj /Fdsrc\third-party\qscintilla-2.8.4\CMakeFiles\qscintilla.dir\qscintilla.pdb /FS -c R:\src\third-party\qscintilla-2.8.4\sources\src\Indicator.cpp
build-app	Configure and Build Robo 3T	2026-04-14T01:17:01.1699398Z [101/253] C:\PROGRA~1\MICROS~2\2022\ENTERP~1\VC\Tools\MSVC\1416~1.270\bin\HostX64\x64\cl.exe  /nologo /TP -DQT_CORE_LIB -DQT_GUI_LIB -DQT_NO_DEBUG -DQT_PRINTSUPPORT_LIB -DQT_WIDGETS_LIB -DSCINTILLA_QT -DSCI_LEXER -ID:\b\src\third-party\qscintilla-2.8.4\qscintilla_autogen\include -IR:\src\third-party\qscintilla-2.8.4\sources\Qt4Qt5 -IR:\src\third-party\qscintilla-2.8.4\sources\include -IR:\src\third-party\qscintilla-2.8.4\sources\lexlib -IR:\src\third-party\qscintilla-2.8.4\sources\src -ID:\a\robomongo\Qt\5.15.2\msvc2019_64\include -ID:\a\robomongo\Qt\5.15.2\msvc2019_64\include\QtWidgets -ID:\a\robomongo\Qt\5.15.2\msvc2019_64\include\QtGui -ID:\a\robomongo\Qt\5.15.2\msvc2019_64\include\QtANGLE -ID:\a\robomongo\Qt\5.15.2\msvc2019_64\include\QtCore -ID:\a\robomongo\Qt\5.15.2\msvc2019_64\.\mkspecs\win32-msvc -ID:\a\robomongo\Qt\5.15.2\msvc2019_64\include\QtPrintSupport /DWIN32 /D_WINDOWS /W3 /GR /EHsc -D_UNICODE -DUNICODE -DWIN32 -D_WIN32 -D_CRT_SECURE_NO_WARNINGS -DBOOST_ALL_NO_LIB /wd4355 /wd4800 /wd4267 /wd4244 /wd4290 /wd4068 /wd4351 /MP /wd4554 /wd4099 /MD /O2 /Ob2 /DNDEBUG -std:c++17 /showIncludes /Fosrc\third-party\qscintilla-2.8.4\CMakeFiles\qscintilla.dir\sources\src\RESearch.cpp.obj /Fdsrc\third-party\qscintilla-2.8.4\CMakeFiles\qscintilla.dir\qscintilla.pdb /FS -c R:\src\third-party\qscintilla-2.8.4\sources\src\RESearch.cpp
build-app	Configure and Build Robo 3T	2026-04-14T01:17:02.4162908Z [102/253] C:\PROGRA~1\MICROS~2\2022\ENTERP~1\VC\Tools\MSVC\1416~1.270\bin\HostX64\x64\cl.exe  /nologo /TP -DQT_CORE_LIB -DQT_GUI_LIB -DQT_NO_DEBUG -DQT_PRINTSUPPORT_LIB -DQT_WIDGETS_LIB -DSCINTILLA_QT -DSCI_LEXER -ID:\b\src\third-party\qscintilla-2.8.4\qscintilla_autogen\include -IR:\src\third-party\qscintilla-2.8.4\sources\Qt4Qt5 -IR:\src\third-party\qscintilla-2.8.4\sources\include -IR:\src\third-party\qscintilla-2.8.4\sources\lexlib -IR:\src\third-party\qscintilla-2.8.4\sources\src -ID:\a\robomongo\Qt\5.15.2\msvc2019_64\include -ID:\a\robomongo\Qt\5.15.2\msvc2019_64\include\QtWidgets -ID:\a\robomongo\Qt\5.15.2\msvc2019_64\include\QtGui -ID:\a\robomongo\Qt\5.15.2\msvc2019_64\include\QtANGLE -ID:\a\robomongo\Qt\5.15.2\msvc2019_64\include\QtCore -ID:\a\robomongo\Qt\5.15.2\msvc2019_64\.\mkspecs\win32-msvc -ID:\a\robomongo\Qt\5.15.2\msvc2019_64\include\QtPrintSupport /DWIN32 /D_WINDOWS /W3 /GR /EHsc -D_UNICODE -DUNICODE -DWIN32 -D_WIN32 -D_CRT_SECURE_NO_WARNINGS -DBOOST_ALL_NO_LIB /wd4355 /wd4800 /wd4267 /wd4244 /wd4290 /wd4068 /wd4351 /MP /wd4554 /wd4099 /MD /O2 /Ob2 /DNDEBUG -std:c++17 /showIncludes /Fosrc\third-party\qscintilla-2.8.4\CMakeFiles\qscintilla.dir\sources\src\LineMarker.cpp.obj /Fdsrc\third-party\qscintilla-2.8.4\CMakeFiles\qscintilla.dir\qscintilla.pdb /FS -c R:\src\third-party\qscintilla-2.8.4\sources\src\LineMarker.cpp
build-app	Configure and Build Robo 3T	2026-04-14T01:17:02.5215173Z [103/253] C:\PROGRA~1\MICROS~2\2022\ENTERP~1\VC\Tools\MSVC\1416~1.270\bin\HostX64\x64\cl.exe  /nologo /TP -DQT_CORE_LIB -DQT_GUI_LIB -DQT_NO_DEBUG -DQT_PRINTSUPPORT_LIB -DQT_WIDGETS_LIB -DSCINTILLA_QT -DSCI_LEXER -ID:\b\src\third-party\qscintilla-2.8.4\qscintilla_autogen\include -IR:\src\third-party\qscintilla-2.8.4\sources\Qt4Qt5 -IR:\src\third-party\qscintilla-2.8.4\sources\include -IR:\src\third-party\qscintilla-2.8.4\sources\lexlib -IR:\src\third-party\qscintilla-2.8.4\sources\src -ID:\a\robomongo\Qt\5.15.2\msvc2019_64\include -ID:\a\robomongo\Qt\5.15.2\msvc2019_64\include\QtWidgets -ID:\a\robomongo\Qt\5.15.2\msvc2019_64\include\QtGui -ID:\a\robomongo\Qt\5.15.2\msvc2019_64\include\QtANGLE -ID:\a\robomongo\Qt\5.15.2\msvc2019_64\include\QtCore -ID:\a\robomongo\Qt\5.15.2\msvc2019_64\.\mkspecs\win32-msvc -ID:\a\robomongo\Qt\5.15.2\msvc2019_64\include\QtPrintSupport /DWIN32 /D_WINDOWS /W3 /GR /EHsc -D_UNICODE -DUNICODE -DWIN32 -D_WIN32 -D_CRT_SECURE_NO_WARNINGS -DBOOST_ALL_NO_LIB /wd4355 /wd4800 /wd4267 /wd4244 /wd4290 /wd4068 /wd4351 /MP /wd4554 /wd4099 /MD /O2 /Ob2 /DNDEBUG -std:c++17 /showIncludes /Fosrc\third-party\qscintilla-2.8.4\CMakeFiles\qscintilla.dir\sources\src\RunStyles.cpp.obj /Fdsrc\third-party\qscintilla-2.8.4\CMakeFiles\qscintilla.dir\qscintilla.pdb /FS -c R:\src\third-party\qscintilla-2.8.4\sources\src\RunStyles.cpp
build-app	Configure and Build Robo 3T	2026-04-14T01:17:02.8343268Z [104/253] C:\PROGRA~1\MICROS~2\2022\ENTERP~1\VC\Tools\MSVC\1416~1.270\bin\HostX64\x64\cl.exe  /nologo /TP -DQT_CORE_LIB -DQT_GUI_LIB -DQT_NO_DEBUG -DQT_PRINTSUPPORT_LIB -DQT_WIDGETS_LIB -DSCINTILLA_QT -DSCI_LEXER -ID:\b\src\third-party\qscintilla-2.8.4\qscintilla_autogen\include -IR:\src\third-party\qscintilla-2.8.4\sources\Qt4Qt5 -IR:\src\third-party\qscintilla-2.8.4\sources\include -IR:\src\third-party\qscintilla-2.8.4\sources\lexlib -IR:\src\third-party\qscintilla-2.8.4\sources\src -ID:\a\robomongo\Qt\5.15.2\msvc2019_64\include -ID:\a\robomongo\Qt\5.15.2\msvc2019_64\include\QtWidgets -ID:\a\robomongo\Qt\5.15.2\msvc2019_64\include\QtGui -ID:\a\robomongo\Qt\5.15.2\msvc2019_64\include\QtANGLE -ID:\a\robomongo\Qt\5.15.2\msvc2019_64\include\QtCore -ID:\a\robomongo\Qt\5.15.2\msvc2019_64\.\mkspecs\win32-msvc -ID:\a\robomongo\Qt\5.15.2\msvc2019_64\include\QtPrintSupport /DWIN32 /D_WINDOWS /W3 /GR /EHsc -D_UNICODE -DUNICODE -DWIN32 -D_WIN32 -D_CRT_SECURE_NO_WARNINGS -DBOOST_ALL_NO_LIB /wd4355 /wd4800 /wd4267 /wd4244 /wd4290 /wd4068 /wd4351 /MP /wd4554 /wd4099 /MD /O2 /Ob2 /DNDEBUG -std:c++17 /showIncludes /Fosrc\third-party\qscintilla-2.8.4\CMakeFiles\qscintilla.dir\sources\src\UniConversion.cpp.obj /Fdsrc\third-party\qscintilla-2.8.4\CMakeFiles\qscintilla.dir\qscintilla.pdb /FS -c R:\src\third-party\qscintilla-2.8.4\sources\src\UniConversion.cpp
build-app	Configure and Build Robo 3T	2026-04-14T01:17:03.3329029Z [105/253] C:\PROGRA~1\MICROS~2\2022\ENTERP~1\VC\Tools\MSVC\1416~1.270\bin\HostX64\x64\cl.exe  /nologo /TP -DQT_CORE_LIB -DQT_GUI_LIB -DQT_NO_DEBUG -DQT_PRINTSUPPORT_LIB -DQT_WIDGETS_LIB -DSCINTILLA_QT -DSCI_LEXER -ID:\b\src\third-party\qscintilla-2.8.4\qscintilla_autogen\include -IR:\src\third-party\qscintilla-2.8.4\sources\Qt4Qt5 -IR:\src\third-party\qscintilla-2.8.4\sources\include -IR:\src\third-party\qscintilla-2.8.4\sources\lexlib -IR:\src\third-party\qscintilla-2.8.4\sources\src -ID:\a\robomongo\Qt\5.15.2\msvc2019_64\include -ID:\a\robomongo\Qt\5.15.2\msvc2019_64\include\QtWidgets -ID:\a\robomongo\Qt\5.15.2\msvc2019_64\include\QtGui -ID:\a\robomongo\Qt\5.15.2\msvc2019_64\include\QtANGLE -ID:\a\robomongo\Qt\5.15.2\msvc2019_64\include\QtCore -ID:\a\robomongo\Qt\5.15.2\msvc2019_64\.\mkspecs\win32-msvc -ID:\a\robomongo\Qt\5.15.2\msvc2019_64\include\QtPrintSupport /DWIN32 /D_WINDOWS /W3 /GR /EHsc -D_UNICODE -DUNICODE -DWIN32 -D_WIN32 -D_CRT_SECURE_NO_WARNINGS -DBOOST_ALL_NO_LIB /wd4355 /wd4800 /wd4267 /wd4244 /wd4290 /wd4068 /wd4351 /MP /wd4554 /wd4099 /MD /O2 /Ob2 /DNDEBUG -std:c++17 /showIncludes /Fosrc\third-party\qscintilla-2.8.4\CMakeFiles\qscintilla.dir\sources\src\Selection.cpp.obj /Fdsrc\third-party\qscintilla-2.8.4\CMakeFiles\qscintilla.dir\qscintilla.pdb /FS -c R:\src\third-party\qscintilla-2.8.4\sources\src\Selection.cpp
build-app	Configure and Build Robo 3T	2026-04-14T01:17:03.8984904Z [106/253] C:\PROGRA~1\MICROS~2\2022\ENTERP~1\VC\Tools\MSVC\1416~1.270\bin\HostX64\x64\cl.exe  /nologo /TP -DQT_CORE_LIB -DQT_GUI_LIB -DQT_NO_DEBUG -DQT_PRINTSUPPORT_LIB -DQT_WIDGETS_LIB -DSCINTILLA_QT -DSCI_LEXER -ID:\b\src\third-party\qscintilla-2.8.4\qscintilla_autogen\include -IR:\src\third-party\qscintilla-2.8.4\sources\Qt4Qt5 -IR:\src\third-party\qscintilla-2.8.4\sources\include -IR:\src\third-party\qscintilla-2.8.4\sources\lexlib -IR:\src\third-party\qscintilla-2.8.4\sources\src -ID:\a\robomongo\Qt\5.15.2\msvc2019_64\include -ID:\a\robomongo\Qt\5.15.2\msvc2019_64\include\QtWidgets -ID:\a\robomongo\Qt\5.15.2\msvc2019_64\include\QtGui -ID:\a\robomongo\Qt\5.15.2\msvc2019_64\include\QtANGLE -ID:\a\robomongo\Qt\5.15.2\msvc2019_64\include\QtCore -ID:\a\robomongo\Qt\5.15.2\msvc2019_64\.\mkspecs\win32-msvc -ID:\a\robomongo\Qt\5.15.2\msvc2019_64\include\QtPrintSupport /DWIN32 /D_WINDOWS /W3 /GR /EHsc -D_UNICODE -DUNICODE -DWIN32 -D_WIN32 -D_CRT_SECURE_NO_WARNINGS -DBOOST_ALL_NO_LIB /wd4355 /wd4800 /wd4267 /wd4244 /wd4290 /wd4068 /wd4351 /MP /wd4554 /wd4099 /MD /O2 /Ob2 /DNDEBUG -std:c++17 /showIncludes /Fosrc\third-party\qscintilla-2.8.4\CMakeFiles\qscintilla.dir\sources\src\PositionCache.cpp.obj /Fdsrc\third-party\qscintilla-2.8.4\CMakeFiles\qscintilla.dir\qscintilla.pdb /FS -c R:\src\third-party\qscintilla-2.8.4\sources\src\PositionCache.cpp
build-app	Configure and Build Robo 3T	2026-04-14T01:17:04.0314534Z [107/253] C:\Windows\system32\cmd.exe /C "cd . && C:\PROGRA~1\MICROS~2\2022\ENTERP~1\VC\Tools\MSVC\1416~1.270\bin\HostX64\x64\lib.exe /nologo /machine:x64 /out:src\robomongo\ssh\ssh.lib src\robomongo\ssh\CMakeFiles\ssh.dir\ssh.c.obj src\robomongo\ssh\CMakeFiles\ssh.dir\log.c.obj src\robomongo\ssh\CMakeFiles\ssh.dir\array.c.obj && cd ."
build-app	Configure and Build Robo 3T	2026-04-14T01:17:04.1210034Z [108/253] C:\PROGRA~1\MICROS~2\2022\ENTERP~1\VC\Tools\MSVC\1416~1.270\bin\HostX64\x64\cl.exe  /nologo /TP -DQT_CORE_LIB -DQT_GUI_LIB -DQT_NO_DEBUG -DQT_PRINTSUPPORT_LIB -DQT_WIDGETS_LIB -DSCINTILLA_QT -DSCI_LEXER -ID:\b\src\third-party\qscintilla-2.8.4\qscintilla_autogen\include -IR:\src\third-party\qscintilla-2.8.4\sources\Qt4Qt5 -IR:\src\third-party\qscintilla-2.8.4\sources\include -IR:\src\third-party\qscintilla-2.8.4\sources\lexlib -IR:\src\third-party\qscintilla-2.8.4\sources\src -ID:\a\robomongo\Qt\5.15.2\msvc2019_64\include -ID:\a\robomongo\Qt\5.15.2\msvc2019_64\include\QtWidgets -ID:\a\robomongo\Qt\5.15.2\msvc2019_64\include\QtGui -ID:\a\robomongo\Qt\5.15.2\msvc2019_64\include\QtANGLE -ID:\a\robomongo\Qt\5.15.2\msvc2019_64\include\QtCore -ID:\a\robomongo\Qt\5.15.2\msvc2019_64\.\mkspecs\win32-msvc -ID:\a\robomongo\Qt\5.15.2\msvc2019_64\include\QtPrintSupport /DWIN32 /D_WINDOWS /W3 /GR /EHsc -D_UNICODE -DUNICODE -DWIN32 -D_WIN32 -D_CRT_SECURE_NO_WARNINGS -DBOOST_ALL_NO_LIB /wd4355 /wd4800 /wd4267 /wd4244 /wd4290 /wd4068 /wd4351 /MP /wd4554 /wd4099 /MD /O2 /Ob2 /DNDEBUG -std:c++17 /showIncludes /Fosrc\third-party\qscintilla-2.8.4\CMakeFiles\qscintilla.dir\sources\src\Style.cpp.obj /Fdsrc\third-party\qscintilla-2.8.4\CMakeFiles\qscintilla.dir\qscintilla.pdb /FS -c R:\src\third-party\qscintilla-2.8.4\sources\src\Style.cpp
build-app	Configure and Build Robo 3T	2026-04-14T01:17:04.2681999Z [109/253] C:\Windows\system32\cmd.exe /C "cd . && C:\PROGRA~1\MICROS~2\2022\ENTERP~1\VC\Tools\MSVC\1416~1.270\bin\HostX64\x64\lib.exe /nologo /machine:x64 /out:src\third-party\qjson-0.8.1\qjson.lib src\third-party\qjson-0.8.1\CMakeFiles\qjson.dir\qjson_autogen\mocs_compilation.cpp.obj src\third-party\qjson-0.8.1\CMakeFiles\qjson.dir\sources\src\parser.cpp.obj src\third-party\qjson-0.8.1\CMakeFiles\qjson.dir\sources\src\qobjecthelper.cpp.obj src\third-party\qjson-0.8.1\CMakeFiles\qjson.dir\sources\src\json_scanner.cpp.obj src\third-party\qjson-0.8.1\CMakeFiles\qjson.dir\sources\src\json_parser.cc.obj src\third-party\qjson-0.8.1\CMakeFiles\qjson.dir\sources\src\parserrunnable.cpp.obj src\third-party\qjson-0.8.1\CMakeFiles\qjson.dir\sources\src\serializer.cpp.obj src\third-party\qjson-0.8.1\CMakeFiles\qjson.dir\sources\src\serializerrunnable.cpp.obj && cd ."
build-app	Configure and Build Robo 3T	2026-04-14T01:17:04.3954294Z [110/253] C:\PROGRA~1\MICROS~2\2022\ENTERP~1\VC\Tools\MSVC\1416~1.270\bin\HostX64\x64\cl.exe  /nologo  -ID:\b\src -IR:\src -IR:\src\third-party\libssh2-1.9.0\sources\include -I"C:\Program Files\OpenSSL\include" /DWIN32 /D_WINDOWS /W3 /GR /EHsc -D_UNICODE -DUNICODE -DWIN32 -D_WIN32 -D_CRT_SECURE_NO_WARNINGS -DBOOST_ALL_NO_LIB /wd4355 /wd4800 /wd4267 /wd4244 /wd4290 /wd4068 /wd4351 /MP /MP /MD /O2 /Ob2 /DNDEBUG /showIncludes /Fosrc\robomongo\ssh\CMakeFiles\server.dir\server.c.obj /Fdsrc\robomongo\ssh\CMakeFiles\server.dir\ /FS -c R:\src\robomongo\ssh\server.c
build-app	Configure and Build Robo 3T	2026-04-14T01:17:04.4641542Z [111/253] C:\PROGRA~1\MICROS~2\2022\ENTERP~1\VC\Tools\MSVC\1416~1.270\bin\HostX64\x64\cl.exe  /nologo /TP -DQT_CORE_LIB -DQT_GUI_LIB -DQT_NO_DEBUG -DQT_PRINTSUPPORT_LIB -DQT_WIDGETS_LIB -DSCINTILLA_QT -DSCI_LEXER -ID:\b\src\third-party\qscintilla-2.8.4\qscintilla_autogen\include -IR:\src\third-party\qscintilla-2.8.4\sources\Qt4Qt5 -IR:\src\third-party\qscintilla-2.8.4\sources\include -IR:\src\third-party\qscintilla-2.8.4\sources\lexlib -IR:\src\third-party\qscintilla-2.8.4\sources\src -ID:\a\robomongo\Qt\5.15.2\msvc2019_64\include -ID:\a\robomongo\Qt\5.15.2\msvc2019_64\include\QtWidgets -ID:\a\robomongo\Qt\5.15.2\msvc2019_64\include\QtGui -ID:\a\robomongo\Qt\5.15.2\msvc2019_64\include\QtANGLE -ID:\a\robomongo\Qt\5.15.2\msvc2019_64\include\QtCore -ID:\a\robomongo\Qt\5.15.2\msvc2019_64\.\mkspecs\win32-msvc -ID:\a\robomongo\Qt\5.15.2\msvc2019_64\include\QtPrintSupport /DWIN32 /D_WINDOWS /W3 /GR /EHsc -D_UNICODE -DUNICODE -DWIN32 -D_WIN32 -D_CRT_SECURE_NO_WARNINGS -DBOOST_ALL_NO_LIB /wd4355 /wd4800 /wd4267 /wd4244 /wd4290 /wd4068 /wd4351 /MP /wd4554 /wd4099 /MD /O2 /Ob2 /DNDEBUG -std:c++17 /showIncludes /Fosrc\third-party\qscintilla-2.8.4\CMakeFiles\qscintilla.dir\sources\src\Editor.cpp.obj /Fdsrc\third-party\qscintilla-2.8.4\CMakeFiles\qscintilla.dir\qscintilla.pdb /FS -c R:\src\third-party\qscintilla-2.8.4\sources\src\Editor.cpp
build-app	Configure and Build Robo 3T	2026-04-14T01:17:05.4463015Z [112/253] C:\PROGRA~1\MICROS~2\2022\ENTERP~1\VC\Tools\MSVC\1416~1.270\bin\HostX64\x64\cl.exe  /nologo /TP -DQT_CORE_LIB -DQT_GUI_LIB -DQT_NO_DEBUG -DQT_PRINTSUPPORT_LIB -DQT_WIDGETS_LIB -DSCINTILLA_QT -DSCI_LEXER -ID:\b\src\third-party\qscintilla-2.8.4\qscintilla_autogen\include -IR:\src\third-party\qscintilla-2.8.4\sources\Qt4Qt5 -IR:\src\third-party\qscintilla-2.8.4\sources\include -IR:\src\third-party\qscintilla-2.8.4\sources\lexlib -IR:\src\third-party\qscintilla-2.8.4\sources\src -ID:\a\robomongo\Qt\5.15.2\msvc2019_64\include -ID:\a\robomongo\Qt\5.15.2\msvc2019_64\include\QtWidgets -ID:\a\robomongo\Qt\5.15.2\msvc2019_64\include\QtGui -ID:\a\robomongo\Qt\5.15.2\msvc2019_64\include\QtANGLE -ID:\a\robomongo\Qt\5.15.2\msvc2019_64\include\QtCore -ID:\a\robomongo\Qt\5.15.2\msvc2019_64\.\mkspecs\win32-msvc -ID:\a\robomongo\Qt\5.15.2\msvc2019_64\include\QtPrintSupport /DWIN32 /D_WINDOWS /W3 /GR /EHsc -D_UNICODE -DUNICODE -DWIN32 -D_WIN32 -D_CRT_SECURE_NO_WARNINGS -DBOOST_ALL_NO_LIB /wd4355 /wd4800 /wd4267 /wd4244 /wd4290 /wd4068 /wd4351 /MP /wd4554 /wd4099 /MD /O2 /Ob2 /DNDEBUG -std:c++17 /showIncludes /Fosrc\third-party\qscintilla-2.8.4\CMakeFiles\qscintilla.dir\sources\src\ScintillaBase.cpp.obj /Fdsrc\third-party\qscintilla-2.8.4\CMakeFiles\qscintilla.dir\qscintilla.pdb /FS -c R:\src\third-party\qscintilla-2.8.4\sources\src\ScintillaBase.cpp
build-app	Configure and Build Robo 3T	2026-04-14T01:17:05.6318027Z [113/253] C:\PROGRA~1\MICROS~2\2022\ENTERP~1\VC\Tools\MSVC\1416~1.270\bin\HostX64\x64\cl.exe  /nologo  -ID:\b\src -IR:\src -IR:\src\third-party\libssh2-1.9.0\sources\include -I"C:\Program Files\OpenSSL\include" /DWIN32 /D_WINDOWS /W3 /GR /EHsc -D_UNICODE -DUNICODE -DWIN32 -D_WIN32 -D_CRT_SECURE_NO_WARNINGS -DBOOST_ALL_NO_LIB /wd4355 /wd4800 /wd4267 /wd4244 /wd4290 /wd4068 /wd4351 /MP /MP /MD /O2 /Ob2 /DNDEBUG /showIncludes /Fosrc\robomongo\ssh\CMakeFiles\ssh_test.dir\test.c.obj /Fdsrc\robomongo\ssh\CMakeFiles\ssh_test.dir\ /FS -c R:\src\robomongo\ssh\test.c
build-app	Configure and Build Robo 3T	2026-04-14T01:17:06.6209976Z [114/253] C:\PROGRA~1\MICROS~2\2022\ENTERP~1\VC\Tools\MSVC\1416~1.270\bin\HostX64\x64\cl.exe  /nologo /TP -DQT_CORE_LIB -DQT_GUI_LIB -DQT_NO_DEBUG -DQT_PRINTSUPPORT_LIB -DQT_WIDGETS_LIB -DSCINTILLA_QT -DSCI_LEXER -ID:\b\src\third-party\qscintilla-2.8.4\qscintilla_autogen\include -IR:\src\third-party\qscintilla-2.8.4\sources\Qt4Qt5 -IR:\src\third-party\qscintilla-2.8.4\sources\include -IR:\src\third-party\qscintilla-2.8.4\sources\lexlib -IR:\src\third-party\qscintilla-2.8.4\sources\src -ID:\a\robomongo\Qt\5.15.2\msvc2019_64\include -ID:\a\robomongo\Qt\5.15.2\msvc2019_64\include\QtWidgets -ID:\a\robomongo\Qt\5.15.2\msvc2019_64\include\QtGui -ID:\a\robomongo\Qt\5.15.2\msvc2019_64\include\QtANGLE -ID:\a\robomongo\Qt\5.15.2\msvc2019_64\include\QtCore -ID:\a\robomongo\Qt\5.15.2\msvc2019_64\.\mkspecs\win32-msvc -ID:\a\robomongo\Qt\5.15.2\msvc2019_64\include\QtPrintSupport /DWIN32 /D_WINDOWS /W3 /GR /EHsc -D_UNICODE -DUNICODE -DWIN32 -D_WIN32 -D_CRT_SECURE_NO_WARNINGS -DBOOST_ALL_NO_LIB /wd4355 /wd4800 /wd4267 /wd4244 /wd4290 /wd4068 /wd4351 /MP /wd4554 /wd4099 /MD /O2 /Ob2 /DNDEBUG -std:c++17 /showIncludes /Fosrc\third-party\qscintilla-2.8.4\CMakeFiles\qscintilla.dir\sources\src\XPM.cpp.obj /Fdsrc\third-party\qscintilla-2.8.4\CMakeFiles\qscintilla.dir\qscintilla.pdb /FS -c R:\src\third-party\qscintilla-2.8.4\sources\src\XPM.cpp
build-app	Configure and Build Robo 3T	2026-04-14T01:17:06.6691961Z [115/253] C:\PROGRA~1\MICROS~2\2022\ENTERP~1\VC\Tools\MSVC\1416~1.270\bin\HostX64\x64\cl.exe  /nologo /TP -DQT_CORE_LIB -DQT_GUI_LIB -DQT_NO_DEBUG -DQT_PRINTSUPPORT_LIB -DQT_WIDGETS_LIB -DSCINTILLA_QT -DSCI_LEXER -ID:\b\src\third-party\qscintilla-2.8.4\qscintilla_autogen\include -IR:\src\third-party\qscintilla-2.8.4\sources\Qt4Qt5 -IR:\src\third-party\qscintilla-2.8.4\sources\include -IR:\src\third-party\qscintilla-2.8.4\sources\lexlib -IR:\src\third-party\qscintilla-2.8.4\sources\src -ID:\a\robomongo\Qt\5.15.2\msvc2019_64\include -ID:\a\robomongo\Qt\5.15.2\msvc2019_64\include\QtWidgets -ID:\a\robomongo\Qt\5.15.2\msvc2019_64\include\QtGui -ID:\a\robomongo\Qt\5.15.2\msvc2019_64\include\QtANGLE -ID:\a\robomongo\Qt\5.15.2\msvc2019_64\include\QtCore -ID:\a\robomongo\Qt\5.15.2\msvc2019_64\.\mkspecs\win32-msvc -ID:\a\robomongo\Qt\5.15.2\msvc2019_64\include\QtPrintSupport /DWIN32 /D_WINDOWS /W3 /GR /EHsc -D_UNICODE -DUNICODE -DWIN32 -D_WIN32 -D_CRT_SECURE_NO_WARNINGS -DBOOST_ALL_NO_LIB /wd4355 /wd4800 /wd4267 /wd4244 /wd4290 /wd4068 /wd4351 /MP /wd4554 /wd4099 /MD /O2 /Ob2 /DNDEBUG -std:c++17 /showIncludes /Fosrc\third-party\qscintilla-2.8.4\CMakeFiles\qscintilla.dir\sources\src\ViewStyle.cpp.obj /Fdsrc\third-party\qscintilla-2.8.4\CMakeFiles\qscintilla.dir\qscintilla.pdb /FS -c R:\src\third-party\qscintilla-2.8.4\sources\src\ViewStyle.cpp
build-app	Configure and Build Robo 3T	2026-04-14T01:17:06.8601072Z [116/253] C:\Windows\system32\cmd.exe /C "cd . && C:\PROGRA~1\MICROS~2\2022\ENTERP~1\VC\Tools\MSVC\1416~1.270\bin\HostX64\x64\lib.exe /nologo /machine:x64 /IGNORE:4221 /out:src\third-party\qscintilla-2.8.4\qscintilla.lib src\third-party\qscintilla-2.8.4\CMakeFiles\qscintilla.dir\qscintilla_autogen\mocs_compilation.cpp.obj src\third-party\qscintilla-2.8.4\CMakeFiles\qscintilla.dir\sources\Qt4Qt5\Qsci\moc_qsciabstractapis.cpp.obj src\third-party\qscintilla-2.8.4\CMakeFiles\qscintilla.dir\sources\Qt4Qt5\Qsci\moc_qsciapis.cpp.obj src\third-party\qscintilla-2.8.4\CMakeFiles\qscintilla.dir\sources\Qt4Qt5\Qsci\moc_qscilexer.cpp.obj src\third-party\qscintilla-2.8.4\CMakeFiles\qscintilla.dir\sources\Qt4Qt5\Qsci\moc_qscilexercpp.cpp.obj src\third-party\qscintilla-2.8.4\CMakeFiles\qscintilla.dir\sources\Qt4Qt5\Qsci\moc_qscilexerjavascript.cpp.obj src\third-party\qscintilla-2.8.4\CMakeFiles\qscintilla.dir\sources\Qt4Qt5\Qsci\moc_qscimacro.cpp.obj src\third-party\qscintilla-2.8.4\CMakeFiles\qscintilla.dir\sources\Qt4Qt5\Qsci\moc_qsciscintilla.cpp.obj src\third-party\qscintilla-2.8.4\CMakeFiles\qscintilla.dir\sources\Qt4Qt5\Qsci\moc_qsciscintillabase.cpp.obj src\third-party\qscintilla-2.8.4\CMakeFiles\qscintilla.dir\sources\lexlib\StyleContext.cpp.obj src\third-party\qscintilla-2.8.4\CMakeFiles\qscintilla.dir\sources\lexlib\WordList.cpp.obj src\third-party\qscintilla-2.8.4\CMakeFiles\qscintilla.dir\sources\lexlib\Accessor.cpp.obj src\third-party\qscintilla-2.8.4\CMakeFiles\qscintilla.dir\sources\lexlib\LexerBase.cpp.obj src\third-party\qscintilla-2.8.4\CMakeFiles\qscintilla.dir\sources\lexlib\LexerModule.cpp.obj src\third-party\qscintilla-2.8.4\CMakeFiles\qscintilla.dir\sources\lexlib\CharacterSet.cpp.obj src\third-party\qscintilla-2.8.4\CMakeFiles\qscintilla.dir\sources\lexlib\CharacterCategory.cpp.obj src\third-party\qscintilla-2.8.4\CMakeFiles\qscintilla.dir\sources\lexlib\PropSetSimple.cpp.obj src\third-party\qscintilla-2.8.4\CMakeFiles\qscintilla.dir\sources\lexlib\LexerSimple.cpp.obj src\third-party\qscintilla-2.8.4\CMakeFiles\qscintilla.dir\sources\lexlib\LexerNoExceptions.cpp.obj src\third-party\qscintilla-2.8.4\CMakeFiles\qscintilla.dir\sources\Qt4Qt5\qscilexer.cpp.obj src\third-party\qscintilla-2.8.4\CMakeFiles\qscintilla.dir\sources\Qt4Qt5\qscilexerjavascript.cpp.obj src\third-party\qscintilla-2.8.4\CMakeFiles\qscintilla.dir\sources\Qt4Qt5\qscilexercpp.cpp.obj src\third-party\qscintilla-2.8.4\CMakeFiles\qscintilla.dir\sources\Qt4Qt5\qscistyle.cpp.obj src\third-party\qscintilla-2.8.4\CMakeFiles\qscintilla.dir\sources\Qt4Qt5\InputMethod.cpp.obj src\third-party\qscintilla-2.8.4\CMakeFiles\qscintilla.dir\sources\Qt4Qt5\qsciabstractapis.cpp.obj src\third-party\qscintilla-2.8.4\CMakeFiles\qscintilla.dir\sources\Qt4Qt5\ScintillaQt.cpp.obj src\third-party\qscintilla-2.8.4\CMakeFiles\qscintilla.dir\sources\Qt4Qt5\qscidocument.cpp.obj src\third-party\qscintilla-2.8.4\CMakeFiles\qscintilla.dir\sources\Qt4Qt5\qsciscintilla.cpp.obj src\third-party\qscintilla-2.8.4\CMakeFiles\qscintilla.dir\sources\Qt4Qt5\qsciscintillabase.cpp.obj src\third-party\qscintilla-2.8.4\CMakeFiles\qscintilla.dir\sources\Qt4Qt5\qscicommand.cpp.obj src\third-party\qscintilla-2.8.4\CMakeFiles\qscintilla.dir\sources\Qt4Qt5\ListBoxQt.cpp.obj src\third-party\qscintilla-2.8.4\CMakeFiles\qscintilla.dir\sources\Qt4Qt5\qscistyledtext.cpp.obj src\third-party\qscintilla-2.8.4\CMakeFiles\qscintilla.dir\sources\Qt4Qt5\SciClasses.cpp.obj src\third-party\qscintilla-2.8.4\CMakeFiles\qscintilla.dir\sources\Qt4Qt5\qsciprinter.cpp.obj src\third-party\qscintilla-2.8.4\CMakeFiles\qscintilla.dir\sources\Qt4Qt5\PlatQt.cpp.obj src\third-party\qscintilla-2.8.4\CMakeFiles\qscintilla.dir\sources\Qt4Qt5\MacPasteboardMime.cpp.obj src\third-party\qscintilla-2.8.4\CMakeFiles\qscintilla.dir\sources\Qt4Qt5\qscimacro.cpp.obj src\third-party\qscintilla-2.8.4\CMakeFiles\qscintilla.dir\sources\Qt4Qt5\qsciapis.cpp.obj src\third-party\qscintilla-2.8.4\CMakeFiles\qscintilla.dir\sources\Qt4Qt5\qscicommandset.cpp.obj src\third-party\qscintilla-2.8.4\CMakeFiles\qscintilla.dir\sources\lexers\LexCPP.cpp.obj src\third-party\qscintilla-2.8.4\CMakeFiles\qscintilla.dir\sources\src\AutoComplete.cpp.obj src\third-party\qscintilla-2.8.4\CMakeFiles\qscintilla.dir\sources\src\CallTip.cpp.obj src\third-party\qscintilla-2.8.4\CMakeFiles\qscintilla.dir\sources\src\CaseConvert.cpp.obj src\third-party\qscintilla-2.8.4\CMakeFiles\qscintilla.dir\sources\src\CaseFolder.cpp.obj src\third-party\qscintilla-2.8.4\CMakeFiles\qscintilla.dir\sources\src\Catalogue.cpp.obj src\third-party\qscintilla-2.8.4\CMakeFiles\qscintilla.dir\sources\src\CellBuffer.cpp.obj src\third-party\qscintilla-2.8.4\CMakeFiles\qscintilla.dir\sources\src\CharClassify.cpp.obj src\third-party\qscintilla-2.8.4\CMakeFiles\qscintilla.dir\sources\src\ContractionState.cpp.obj src\third-party\qscintilla-2.8.4\CMakeFiles\qscintilla.dir\sources\src\Decoration.cpp.obj src\third-party\qscintilla-2.8.4\CMakeFiles\qscintilla.dir\sources\src\Document.cpp.obj src\third-party\qscintilla-2.8.4\CMakeFiles\qscintilla.dir\sources\src\Editor.cpp.obj src\third-party\qscintilla-2.8.4\CMakeFiles\qscintilla.dir\sources\src\ExternalLexer.cpp.obj src\third-party\qscintilla-2.8.4\CMakeFiles\qscintilla.dir\sources\src\Indicator.cpp.obj src\third-party\qscintilla-2.8.4\CMakeFiles\qscintilla.dir\sources\src\KeyMap.cpp.obj src\third-party\qscintilla-2.8.4\CMakeFiles\qscintilla.dir\sources\src\LineMarker.cpp.obj src\third-party\qscintilla-2.8.4\CMakeFiles\qscintilla.dir\sources\src\PerLine.cpp.obj src\third-party\qscintilla-2.8.4\CMakeFiles\qscintilla.dir\sources\src\PositionCache.cpp.obj src\third-party\qscintilla-2.8.4\CMakeFiles\qscintilla.dir\sources\src\RESearch.cpp.obj src\third-party\qscintilla-2.8.4\CMakeFiles\qscintilla.dir\sources\src\RunStyles.cpp.obj src\third-party\qscintilla-2.8.4\CMakeFiles\qscintilla.dir\sources\src\ScintillaBase.cpp.obj src\third-party\qscintilla-2.8.4\CMakeFiles\qscintilla.dir\sources\src\Selection.cpp.obj src\third-party\qscintilla-2.8.4\CMakeFiles\qscintilla.dir\sources\src\Style.cpp.obj src\third-party\qscintilla-2.8.4\CMakeFiles\qscintilla.dir\sources\src\UniConversion.cpp.obj src\third-party\qscintilla-2.8.4\CMakeFiles\qscintilla.dir\sources\src\ViewStyle.cpp.obj src\third-party\qscintilla-2.8.4\CMakeFiles\qscintilla.dir\sources\src\XPM.cpp.obj && cd ."
build-app	Configure and Build Robo 3T	2026-04-14T01:17:12.8557376Z [117/253] C:\PROGRA~1\MICROS~2\2022\ENTERP~1\VC\Tools\MSVC\1416~1.270\bin\HostX64\x64\cl.exe  /nologo /TP  -IR:\src\third-party\googletest-1.8.1\googlemock\include -IR:\src\third-party\googletest-1.8.1\googlemock -IR:\src\third-party\googletest-1.8.1\googletest\include -IR:\src\third-party\googletest-1.8.1\googletest /DWIN32 /D_WINDOWS /W4 /GR  -D_UNICODE -DUNICODE -DWIN32 -D_WIN32 -D_CRT_SECURE_NO_WARNINGS -DBOOST_ALL_NO_LIB /wd4355 /wd4800 /wd4267 /wd4244 /wd4290 /wd4068 /wd4351 /MP /MD /O2 /Ob2 /DNDEBUG -std:c++17 -GS -W4 -WX -wd4251 -wd4275 -nologo -J -Zi -wd4702 -D_UNICODE -DUNICODE -DWIN32 -D_WIN32 -DSTRICT -DWIN32_LEAN_AND_MEAN -DGTEST_HAS_PTHREAD=0 -EHsc -D_HAS_EXCEPTIONS=1 /showIncludes /Fosrc\third-party\googletest-1.8.1\googlemock\CMakeFiles\gmock.dir\src\gmock-all.cc.obj /Fdsrc\third-party\googletest-1.8.1\googlemock\CMakeFiles\gmock.dir\gmock.pdb /FS -c R:\src\third-party\googletest-1.8.1\googlemock\src\gmock-all.cc
build-app	Configure and Build Robo 3T	2026-04-14T01:17:18.3944162Z [118/253] C:\PROGRA~1\MICROS~2\2022\ENTERP~1\VC\Tools\MSVC\1416~1.270\bin\HostX64\x64\cl.exe  /nologo /TP  -IR:\src\third-party\googletest-1.8.1\googletest\include -IR:\src\third-party\googletest-1.8.1\googletest /DWIN32 /D_WINDOWS /W4 /GR  -D_UNICODE -DUNICODE -DWIN32 -D_WIN32 -D_CRT_SECURE_NO_WARNINGS -DBOOST_ALL_NO_LIB /wd4355 /wd4800 /wd4267 /wd4244 /wd4290 /wd4068 /wd4351 /MP /MD /O2 /Ob2 /DNDEBUG -std:c++17 -GS -W4 -WX -wd4251 -wd4275 -nologo -J -Zi -wd4702 -D_UNICODE -DUNICODE -DWIN32 -D_WIN32 -DSTRICT -DWIN32_LEAN_AND_MEAN -DGTEST_HAS_PTHREAD=0 -EHsc -D_HAS_EXCEPTIONS=1 /showIncludes /Fosrc\third-party\googletest-1.8.1\googlemock\gtest\CMakeFiles\gtest.dir\src\gtest-all.cc.obj /Fdsrc\third-party\googletest-1.8.1\googlemock\gtest\CMakeFiles\gtest.dir\gtest.pdb /FS -c R:\src\third-party\googletest-1.8.1\googletest\src\gtest-all.cc
build-app	Configure and Build Robo 3T	2026-04-14T01:17:20.8361625Z [119/253] C:\PROGRA~1\MICROS~2\2022\ENTERP~1\VC\Tools\MSVC\1416~1.270\bin\HostX64\x64\cl.exe  /nologo /TP  -IR:\src\third-party\googletest-1.8.1\googlemock\include -IR:\src\third-party\googletest-1.8.1\googlemock -IR:\src\third-party\googletest-1.8.1\googletest\include -IR:\src\third-party\googletest-1.8.1\googletest /DWIN32 /D_WINDOWS /W4 /GR  -D_UNICODE -DUNICODE -DWIN32 -D_WIN32 -D_CRT_SECURE_NO_WARNINGS -DBOOST_ALL_NO_LIB /wd4355 /wd4800 /wd4267 /wd4244 /wd4290 /wd4068 /wd4351 /MP /MD /O2 /Ob2 /DNDEBUG -std:c++17 -GS -W4 -WX -wd4251 -wd4275 -nologo -J -Zi -wd4702 -D_UNICODE -DUNICODE -DWIN32 -D_WIN32 -DSTRICT -DWIN32_LEAN_AND_MEAN -DGTEST_HAS_PTHREAD=0 -EHsc -D_HAS_EXCEPTIONS=1 /showIncludes /Fosrc\third-party\googletest-1.8.1\googlemock\CMakeFiles\gmock_main.dir\src\gmock-all.cc.obj /Fdsrc\third-party\googletest-1.8.1\googlemock\CMakeFiles\gmock_main.dir\gmock_main.pdb /FS -c R:\src\third-party\googletest-1.8.1\googlemock\src\gmock-all.cc
build-app	Configure and Build Robo 3T	2026-04-14T01:17:21.1289480Z [120/253] C:\Windows\system32\cmd.exe /C "cd . && C:\PROGRA~1\MICROS~2\2022\ENTERP~1\VC\Tools\MSVC\1416~1.270\bin\HostX64\x64\lib.exe /nologo /machine:x64 /out:src\third-party\googletest-1.8.1\googlemock\gtest\gtest.lib src\third-party\googletest-1.8.1\googlemock\gtest\CMakeFiles\gtest.dir\src\gtest-all.cc.obj && cd ."
build-app	Configure and Build Robo 3T	2026-04-14T01:17:21.1981649Z [121/253] C:\PROGRA~1\MICROS~2\2022\ENTERP~1\VC\Tools\MSVC\1416~1.270\bin\HostX64\x64\cl.exe  /nologo /TP  -IR:\src\third-party\googletest-1.8.1\googlemock\include -IR:\src\third-party\googletest-1.8.1\googlemock -IR:\src\third-party\googletest-1.8.1\googletest\include -IR:\src\third-party\googletest-1.8.1\googletest /DWIN32 /D_WINDOWS /W4 /GR  -D_UNICODE -DUNICODE -DWIN32 -D_WIN32 -D_CRT_SECURE_NO_WARNINGS -DBOOST_ALL_NO_LIB /wd4355 /wd4800 /wd4267 /wd4244 /wd4290 /wd4068 /wd4351 /MP /MD /O2 /Ob2 /DNDEBUG -std:c++17 -GS -W4 -WX -wd4251 -wd4275 -nologo -J -Zi -wd4702 -D_UNICODE -DUNICODE -DWIN32 -D_WIN32 -DSTRICT -DWIN32_LEAN_AND_MEAN -DGTEST_HAS_PTHREAD=0 -EHsc -D_HAS_EXCEPTIONS=1 /showIncludes /Fosrc\third-party\googletest-1.8.1\googlemock\CMakeFiles\gmock.dir\__\googletest\src\gtest-all.cc.obj /Fdsrc\third-party\googletest-1.8.1\googlemock\CMakeFiles\gmock.dir\gmock.pdb /FS -c R:\src\third-party\googletest-1.8.1\googletest\src\gtest-all.cc
build-app	Configure and Build Robo 3T	2026-04-14T01:17:23.1344069Z [122/253] C:\Windows\system32\cmd.exe /C "cd . && "C:\Program Files\CMake\bin\cmake.exe" -E vs_link_exe --msvc-ver=1916 --intdir=src\robomongo\ssh\CMakeFiles\ssh_test.dir --rc=C:\PROGRA~2\WI3CF2~1\10\bin\100261~1.0\x64\rc.exe --mt=C:\PROGRA~2\WI3CF2~1\10\bin\100261~1.0\x64\mt.exe --manifests  -- C:\PROGRA~1\MICROS~2\2022\ENTERP~1\VC\Tools\MSVC\1416~1.270\bin\HostX64\x64\link.exe /nologo src\robomongo\ssh\CMakeFiles\ssh_test.dir\test.c.obj  /out:D:\dist\ssh_test.exe /implib:src\robomongo\ssh\ssh_test.lib /pdb:D:\dist\ssh_test.pdb /version:0.0 /machine:x64 /INCREMENTAL:NO /subsystem:console  src\robomongo\ssh\ssh.lib  src\third-party\libssh2-1.9.0\libssh2.lib  "C:\Program Files\OpenSSL\lib\libssl.lib"  "C:\Program Files\OpenSSL\lib\libcrypto.lib"  ws2_32.lib  kernel32.lib user32.lib gdi32.lib winspool.lib shell32.lib ole32.lib oleaut32.lib uuid.lib comdlg32.lib advapi32.lib && cd ."
build-app	Configure and Build Robo 3T	2026-04-14T01:17:23.4030302Z [123/253] C:\Windows\system32\cmd.exe /C "cd . && "C:\Program Files\CMake\bin\cmake.exe" -E vs_link_exe --msvc-ver=1916 --intdir=src\robomongo\ssh\CMakeFiles\server.dir --rc=C:\PROGRA~2\WI3CF2~1\10\bin\100261~1.0\x64\rc.exe --mt=C:\PROGRA~2\WI3CF2~1\10\bin\100261~1.0\x64\mt.exe --manifests  -- C:\PROGRA~1\MICROS~2\2022\ENTERP~1\VC\Tools\MSVC\1416~1.270\bin\HostX64\x64\link.exe /nologo src\robomongo\ssh\CMakeFiles\server.dir\server.c.obj  /out:D:\dist\server.exe /implib:src\robomongo\ssh\server.lib /pdb:D:\dist\server.pdb /version:0.0 /machine:x64 /INCREMENTAL:NO /subsystem:console  src\robomongo\ssh\ssh.lib  src\third-party\libssh2-1.9.0\libssh2.lib  "C:\Program Files\OpenSSL\lib\libssl.lib"  "C:\Program Files\OpenSSL\lib\libcrypto.lib"  ws2_32.lib  kernel32.lib user32.lib gdi32.lib winspool.lib shell32.lib ole32.lib oleaut32.lib uuid.lib comdlg32.lib advapi32.lib && cd ."
build-app	Configure and Build Robo 3T	2026-04-14T01:17:24.2075246Z [124/253] C:\Windows\system32\cmd.exe /C "cd . && C:\PROGRA~1\MICROS~2\2022\ENTERP~1\VC\Tools\MSVC\1416~1.270\bin\HostX64\x64\lib.exe /nologo /machine:x64 /out:src\third-party\googletest-1.8.1\googlemock\gmock.lib src\third-party\googletest-1.8.1\googlemock\CMakeFiles\gmock.dir\__\googletest\src\gtest-all.cc.obj src\third-party\googletest-1.8.1\googlemock\CMakeFiles\gmock.dir\src\gmock-all.cc.obj && cd ."
build-app	Configure and Build Robo 3T	2026-04-14T01:17:24.6150430Z [125/253] C:\PROGRA~1\MICROS~2\2022\ENTERP~1\VC\Tools\MSVC\1416~1.270\bin\HostX64\x64\cl.exe  /nologo /TP  -IR:\src\third-party\googletest-1.8.1\googlemock\include -IR:\src\third-party\googletest-1.8.1\googlemock -IR:\src\third-party\googletest-1.8.1\googletest\include -IR:\src\third-party\googletest-1.8.1\googletest /DWIN32 /D_WINDOWS /W4 /GR  -D_UNICODE -DUNICODE -DWIN32 -D_WIN32 -D_CRT_SECURE_NO_WARNINGS -DBOOST_ALL_NO_LIB /wd4355 /wd4800 /wd4267 /wd4244 /wd4290 /wd4068 /wd4351 /MP /MD /O2 /Ob2 /DNDEBUG -std:c++17 -GS -W4 -WX -wd4251 -wd4275 -nologo -J -Zi -wd4702 -D_UNICODE -DUNICODE -DWIN32 -D_WIN32 -DSTRICT -DWIN32_LEAN_AND_MEAN -DGTEST_HAS_PTHREAD=0 -EHsc -D_HAS_EXCEPTIONS=1 /showIncludes /Fosrc\third-party\googletest-1.8.1\googlemock\CMakeFiles\gmock_main.dir\__\googletest\src\gtest-all.cc.obj /Fdsrc\third-party\googletest-1.8.1\googlemock\CMakeFiles\gmock_main.dir\gmock_main.pdb /FS -c R:\src\third-party\googletest-1.8.1\googletest\src\gtest-all.cc
build-app	Configure and Build Robo 3T	2026-04-14T01:17:25.4828057Z [126/253] C:\PROGRA~1\MICROS~2\2022\ENTERP~1\VC\Tools\MSVC\1416~1.270\bin\HostX64\x64\cl.exe  /nologo /TP  -IR:\src\third-party\googletest-1.8.1\googlemock\include -IR:\src\third-party\googletest-1.8.1\googlemock -IR:\src\third-party\googletest-1.8.1\googletest\include -IR:\src\third-party\googletest-1.8.1\googletest /DWIN32 /D_WINDOWS /W4 /GR  -D_UNICODE -DUNICODE -DWIN32 -D_WIN32 -D_CRT_SECURE_NO_WARNINGS -DBOOST_ALL_NO_LIB /wd4355 /wd4800 /wd4267 /wd4244 /wd4290 /wd4068 /wd4351 /MP /MD /O2 /Ob2 /DNDEBUG -std:c++17 -GS -W4 -WX -wd4251 -wd4275 -nologo -J -Zi -wd4702 -D_UNICODE -DUNICODE -DWIN32 -D_WIN32 -DSTRICT -DWIN32_LEAN_AND_MEAN -DGTEST_HAS_PTHREAD=0 -EHsc -D_HAS_EXCEPTIONS=1 /showIncludes /Fosrc\third-party\googletest-1.8.1\googlemock\CMakeFiles\gmock_main.dir\src\gmock_main.cc.obj /Fdsrc\third-party\googletest-1.8.1\googlemock\CMakeFiles\gmock_main.dir\gmock_main.pdb /FS -c R:\src\third-party\googletest-1.8.1\googlemock\src\gmock_main.cc
build-app	Configure and Build Robo 3T	2026-04-14T01:17:25.8858348Z [127/253] C:\Windows\system32\cmd.exe /C "cd . && C:\PROGRA~1\MICROS~2\2022\ENTERP~1\VC\Tools\MSVC\1416~1.270\bin\HostX64\x64\lib.exe /nologo /machine:x64 /out:src\third-party\googletest-1.8.1\googlemock\gmock_main.lib src\third-party\googletest-1.8.1\googlemock\CMakeFiles\gmock_main.dir\__\googletest\src\gtest-all.cc.obj src\third-party\googletest-1.8.1\googlemock\CMakeFiles\gmock_main.dir\src\gmock-all.cc.obj src\third-party\googletest-1.8.1\googlemock\CMakeFiles\gmock_main.dir\src\gmock_main.cc.obj && cd ."
build-app	Configure and Build Robo 3T	2026-04-14T01:17:26.2397399Z [128/253] C:\PROGRA~1\MICROS~2\2022\ENTERP~1\VC\Tools\MSVC\1416~1.270\bin\HostX64\x64\cl.exe  /nologo /TP  -IR:\src\third-party\googletest-1.8.1\googletest\include -IR:\src\third-party\googletest-1.8.1\googletest /DWIN32 /D_WINDOWS /W4 /GR  -D_UNICODE -DUNICODE -DWIN32 -D_WIN32 -D_CRT_SECURE_NO_WARNINGS -DBOOST_ALL_NO_LIB /wd4355 /wd4800 /wd4267 /wd4244 /wd4290 /wd4068 /wd4351 /MP /MD /O2 /Ob2 /DNDEBUG -std:c++17 -GS -W4 -WX -wd4251 -wd4275 -nologo -J -Zi -wd4702 -D_UNICODE -DUNICODE -DWIN32 -D_WIN32 -DSTRICT -DWIN32_LEAN_AND_MEAN -DGTEST_HAS_PTHREAD=0 -EHsc -D_HAS_EXCEPTIONS=1 /showIncludes /Fosrc\third-party\googletest-1.8.1\googlemock\gtest\CMakeFiles\gtest_main.dir\src\gtest_main.cc.obj /Fdsrc\third-party\googletest-1.8.1\googlemock\gtest\CMakeFiles\gtest_main.dir\gtest_main.pdb /FS -c R:\src\third-party\googletest-1.8.1\googletest\src\gtest_main.cc
build-app	Configure and Build Robo 3T	2026-04-14T01:17:26.3070201Z [129/253] C:\Windows\system32\cmd.exe /C "cd . && C:\PROGRA~1\MICROS~2\2022\ENTERP~1\VC\Tools\MSVC\1416~1.270\bin\HostX64\x64\lib.exe /nologo /machine:x64 /out:src\third-party\googletest-1.8.1\googlemock\gtest\gtest_main.lib src\third-party\googletest-1.8.1\googlemock\gtest\CMakeFiles\gtest_main.dir\src\gtest_main.cc.obj && cd ."
build-app	Configure and Build Robo 3T	2026-04-14T01:17:33.7522502Z [130/253] C:\Windows\system32\cmd.exe /C "cd /D D:\b\src\robomongo && "C:\Program Files\CMake\bin\cmake.exe" -E cmake_autogen D:/b/src/robomongo/CMakeFiles/robomongo_autogen.dir/AutogenInfo.json Release && "C:\Program Files\CMake\bin\cmake.exe" -E touch D:/b/src/robomongo/robomongo_autogen/timestamp && "C:\Program Files\CMake\bin\cmake.exe" -E cmake_transform_depfile Ninja gccdepfile R: R:/src/robomongo D:/b D:/b/src/robomongo D:/b/src/robomongo/robomongo_autogen/deps D:/b/CMakeFiles/d/116af377eac779eb8c19c5ca8c271997f10336d7b90eb8195f48b6b63c5d8815.d"
build-app	Configure and Build Robo 3T	2026-04-14T01:17:33.9053672Z [131/253] C:\Windows\system32\cmd.exe /C "cd /D D:\b\src\robomongo && D:\a\robomongo\Qt\5.15.2\msvc2019_64\bin\lrelease.exe R:/src/robomongo/resources/translations/robomongo_zh_CN_core.ts -qm D:/b/src/robomongo/robomongo_zh_CN_core.qm"
build-app	Configure and Build Robo 3T	2026-04-14T01:17:33.9058696Z Warning: dropping duplicate messages in 'D:/b/src/robomongo/robomongo_zh_CN_core.qm':
build-app	Configure and Build Robo 3T	2026-04-14T01:17:33.9073753Z 
build-app	Configure and Build Robo 3T	2026-04-14T01:17:33.9087730Z * Context: Robomongo::SSLTab
build-app	Configure and Build Robo 3T	2026-04-14T01:17:33.9100088Z * Source: CRL (Revocation List): 
build-app	Configure and Build Robo 3T	2026-04-14T01:17:33.9121140Z 
build-app	Configure and Build Robo 3T	2026-04-14T01:17:33.9122733Z * Context: Robomongo::SSLTab
build-app	Configure and Build Robo 3T	2026-04-14T01:17:33.9124573Z * Source: Passphrase: 
build-app	Configure and Build Robo 3T	2026-04-14T01:17:33.9124989Z 
build-app	Configure and Build Robo 3T	2026-04-14T01:17:33.9125264Z * Context: Robomongo::SSLTab
build-app	Configure and Build Robo 3T	2026-04-14T01:17:33.9125793Z * Source: Ask for passphrase each time
build-app	Configure and Build Robo 3T	2026-04-14T01:17:33.9126221Z 
build-app	Configure and Build Robo 3T	2026-04-14T01:17:33.9126496Z * Context: Robomongo::SSLTab
build-app	Configure and Build Robo 3T	2026-04-14T01:17:33.9126965Z * Source: Allowed
build-app	Configure and Build Robo 3T	2026-04-14T01:17:33.9127267Z 
build-app	Configure and Build Robo 3T	2026-04-14T01:17:33.9127518Z * Context: Robomongo::SSLTab
build-app	Configure and Build Robo 3T	2026-04-14T01:17:33.9127993Z * Source: Error
build-app	Configure and Build Robo 3T	2026-04-14T01:17:33.9128302Z 
build-app	Configure and Build Robo 3T	2026-04-14T01:17:33.9128555Z * Context: Robomongo::SSLTab
build-app	Configure and Build Robo 3T	2026-04-14T01:17:33.9129070Z * Source: Invalid Hostnames: 
build-app	Configure and Build Robo 3T	2026-04-14T01:17:33.9129449Z 
build-app	Configure and Build Robo 3T	2026-04-14T01:17:33.9129702Z * Context: Robomongo::SSLTab
build-app	Configure and Build Robo 3T	2026-04-14T01:17:33.9130174Z * Source: Not Allowed
build-app	Configure and Build Robo 3T	2026-04-14T01:17:33.9130505Z 
build-app	Configure and Build Robo 3T	2026-04-14T01:17:33.9130771Z * Context: Robomongo::SSLTab
build-app	Configure and Build Robo 3T	2026-04-14T01:17:33.9131820Z * Source: CA-signed certificate
build-app	Configure and Build Robo 3T	2026-04-14T01:17:33.9132248Z 
build-app	Configure and Build Robo 3T	2026-04-14T01:17:33.9132520Z * Context: Robomongo::SSLTab
build-app	Configure and Build Robo 3T	2026-04-14T01:17:33.9133013Z * Source: PEM Certificate/Key
build-app	Configure and Build Robo 3T	2026-04-14T01:17:33.9133400Z 
build-app	Configure and Build Robo 3T	2026-04-14T01:17:33.9133651Z * Context: Robomongo::SSLTab
build-app	Configure and Build Robo 3T	2026-04-14T01:17:33.9134119Z * Source: Error: 
build-app	Configure and Build Robo 3T	2026-04-14T01:17:33.9134411Z 
build-app	Configure and Build Robo 3T	2026-04-14T01:17:33.9134722Z * Context: Robomongo::SSLTab
build-app	Configure and Build Robo 3T	2026-04-14T01:17:33.9135205Z * Source:  file does not exist
build-app	Configure and Build Robo 3T	2026-04-14T01:17:33.9135576Z 
build-app	Configure and Build Robo 3T	2026-04-14T01:17:33.9135878Z * Context: Robomongo::ConnectionAdvancedTab
build-app	Configure and Build Robo 3T	2026-04-14T01:17:33.9137772Z * Source: Database, that will be default (<code>db</code> shell variable will point to this database). By default, default database will be the one you authenticate on, or <code>test</code> otherwise. Leave this field empty, if you want default behavior.
build-app	Configure and Build Robo 3T	2026-04-14T01:17:33.9139743Z 
build-app	Configure and Build Robo 3T	2026-04-14T01:17:33.9140114Z * Context: Robomongo::SSLTab
build-app	Configure and Build Robo 3T	2026-04-14T01:17:33.9141904Z * Source:  mongo --tlsCAFile : Certificate Authority file for TLS
build-app	Configure and Build Robo 3T	2026-04-14T01:17:33.9142861Z 
build-app	Configure and Build Robo 3T	2026-04-14T01:17:33.9143157Z * Context: Robomongo::SSLTab
build-app	Configure and Build Robo 3T	2026-04-14T01:17:33.9143692Z * Source: CRL (Revocation List)
build-app	Configure and Build Robo 3T	2026-04-14T01:17:33.9144091Z 
build-app	Configure and Build Robo 3T	2026-04-14T01:17:33.9144406Z * Context: Robomongo::ConnectionAdvancedTab
build-app	Configure and Build Robo 3T	2026-04-14T01:17:33.9144873Z * Source: Default Database:
build-app	Configure and Build Robo 3T	2026-04-14T01:17:33.9145117Z 
build-app	Configure and Build Robo 3T	2026-04-14T01:17:33.9145482Z * Context: Robomongo::SshTunnelTab
build-app	Configure and Build Robo 3T	2026-04-14T01:17:33.9146105Z * Source: SSH is currently not supported for Replica Set connections
build-app	Configure and Build Robo 3T	2026-04-14T01:17:33.9146719Z 
build-app	Configure and Build Robo 3T	2026-04-14T01:17:33.9147000Z * Context: Robomongo::SshTunnelTab
build-app	Configure and Build Robo 3T	2026-04-14T01:17:33.9147519Z * Source: Password
build-app	Configure and Build Robo 3T	2026-04-14T01:17:33.9157747Z 
build-app	Configure and Build Robo 3T	2026-04-14T01:17:33.9165840Z * Context: Robomongo::SshTunnelTab
build-app	Configure and Build Robo 3T	2026-04-14T01:17:33.9166706Z * Source: Private Key
build-app	Configure and Build Robo 3T	2026-04-14T01:17:33.9167088Z 
build-app	Configure and Build Robo 3T	2026-04-14T01:17:33.9167375Z * Context: Robomongo::SshTunnelTab
build-app	Configure and Build Robo 3T	2026-04-14T01:17:33.9167980Z * Source: Private key file "%1" doesn't exist
build-app	Configure and Build Robo 3T	2026-04-14T01:17:33.9168450Z 
build-app	Configure and Build Robo 3T	2026-04-14T01:17:33.9168717Z * Context: Robomongo::SSLTab
build-app	Configure and Build Robo 3T	2026-04-14T01:17:33.9169232Z * Source: Use TLS protocol
build-app	Configure and Build Robo 3T	2026-04-14T01:17:33.9169609Z 
build-app	Configure and Build Robo 3T	2026-04-14T01:17:33.9170098Z * Context: Robomongo::SshTunnelTab
build-app	Configure and Build Robo 3T	2026-04-14T01:17:33.9170559Z * Source: Select private key file
build-app	Configure and Build Robo 3T	2026-04-14T01:17:33.9170800Z 
build-app	Configure and Build Robo 3T	2026-04-14T01:17:33.9170937Z * Context: Robomongo::SshTunnelTab
build-app	Configure and Build Robo 3T	2026-04-14T01:17:33.9171332Z * Source: Settings are incomplete
build-app	Configure and Build Robo 3T	2026-04-14T01:17:33.9171611Z 
build-app	Configure and Build Robo 3T	2026-04-14T01:17:33.9171770Z * Context: Robomongo::SSLTab
build-app	Configure and Build Robo 3T	2026-04-14T01:17:33.9172162Z * Source: Use CA Certificate
build-app	Configure and Build Robo 3T	2026-04-14T01:17:33.9172400Z 
build-app	Configure and Build Robo 3T	2026-04-14T01:17:33.9172532Z * Context: Robomongo::SSLTab
build-app	Configure and Build Robo 3T	2026-04-14T01:17:33.9174348Z * Source: In general, avoid using self-signed certificates unless the network is trusted. If self-signed certificate is used, the communications channel will be encrypted however there will be no validation of server identity.
build-app	Configure and Build Robo 3T	2026-04-14T01:17:33.9175938Z 
build-app	Configure and Build Robo 3T	2026-04-14T01:17:33.9176084Z * Context: Robomongo::SSLTab
build-app	Configure and Build Robo 3T	2026-04-14T01:17:33.9176470Z * Source: Authentication Method: 
build-app	Configure and Build Robo 3T	2026-04-14T01:17:33.9176730Z 
build-app	Configure and Build Robo 3T	2026-04-14T01:17:33.9176864Z * Context: Robomongo::SSLTab
build-app	Configure and Build Robo 3T	2026-04-14T01:17:33.9177234Z * Source: Self-signed Certificate
build-app	Configure and Build Robo 3T	2026-04-14T01:17:33.9177526Z 
build-app	Configure and Build Robo 3T	2026-04-14T01:17:33.9177668Z * Context: Robomongo::SSLTab
build-app	Configure and Build Robo 3T	2026-04-14T01:17:33.9179936Z * Source: Enable this option to connect to a MongoDB that requires CA-signed client certificates/key file.
build-app	Configure and Build Robo 3T	2026-04-14T01:17:33.9182096Z 
build-app	Configure and Build Robo 3T	2026-04-14T01:17:33.9182254Z * Context: Robomongo::SSLTab
build-app	Configure and Build Robo 3T	2026-04-14T01:17:33.9182664Z * Source: PEM Certificate/Key: 
build-app	Configure and Build Robo 3T	2026-04-14T01:17:33.9182964Z 
build-app	Configure and Build Robo 3T	2026-04-14T01:17:33.9183112Z * Context: Robomongo::SSLTab
build-app	Configure and Build Robo 3T	2026-04-14T01:17:33.9183845Z * Source: CA Certificate:
build-app	Configure and Build Robo 3T	2026-04-14T01:17:33.9184111Z 
build-app	Configure and Build Robo 3T	2026-04-14T01:17:33.9184256Z * Context: Robomongo::SSLTab
build-app	Configure and Build Robo 3T	2026-04-14T01:17:33.9184640Z * Source: Use PEM Cert./Key: 
build-app	Configure and Build Robo 3T	2026-04-14T01:17:33.9184907Z 
build-app	Configure and Build Robo 3T	2026-04-14T01:17:33.9185066Z * Context: Robomongo::SSLTab
build-app	Configure and Build Robo 3T	2026-04-14T01:17:33.9185816Z * Source:  mongo --tlsAllowInvalidHostnames : Allow connections to servers with non-matching hostnames
build-app	Configure and Build Robo 3T	2026-04-14T01:17:33.9186603Z 
build-app	Configure and Build Robo 3T	2026-04-14T01:17:33.9186755Z * Context: Robomongo::SSLTab
build-app	Configure and Build Robo 3T	2026-04-14T01:17:33.9187546Z * Source:  mongo --tlsAllowInvalidCertificates : Allow connections to servers with invalid certificates
build-app	Configure and Build Robo 3T	2026-04-14T01:17:33.9188294Z 
build-app	Configure and Build Robo 3T	2026-04-14T01:17:33.9188438Z * Context: Robomongo::SSLTab
build-app	Configure and Build Robo 3T	2026-04-14T01:17:33.9189023Z * Source:  mongo --tlsCertificateKeyFile : PEM certificate/key file for TLS
build-app	Configure and Build Robo 3T	2026-04-14T01:17:33.9189572Z 
build-app	Configure and Build Robo 3T	2026-04-14T01:17:33.9189699Z * Context: Robomongo::SSLTab
build-app	Configure and Build Robo 3T	2026-04-14T01:17:33.9190369Z * Source:  mongo --tlsCertificateKeyFilePassword : Password for key in PEM file for TLS
build-app	Configure and Build Robo 3T	2026-04-14T01:17:33.9191024Z 
build-app	Configure and Build Robo 3T	2026-04-14T01:17:33.9191197Z * Context: Robomongo::ConnectionBasicTab
build-app	Configure and Build Robo 3T	2026-04-14T01:17:33.9192000Z * Source: Direct Connection
build-app	Configure and Build Robo 3T	2026-04-14T01:17:33.9192264Z 
build-app	Configure and Build Robo 3T	2026-04-14T01:17:33.9192695Z * Context: Robomongo::ConnectionBasicTab
build-app	Configure and Build Robo 3T	2026-04-14T01:17:33.9193136Z * Source: Replica Set
build-app	Configure and Build Robo 3T	2026-04-14T01:17:33.9193372Z 
build-app	Configure and Build Robo 3T	2026-04-14T01:17:33.9193760Z * Context: Robomongo::SSLTab
build-app	Configure and Build Robo 3T	2026-04-14T01:17:33.9197846Z * Source:  mongo --tlsCRLFile : Certificate Revocation List file for TLS
build-app	Configure and Build Robo 3T	2026-04-14T01:17:33.9198392Z 
build-app	Configure and Build Robo 3T	2026-04-14T01:17:33.9198539Z * Context: Robomongo::SSLTab
build-app	Configure and Build Robo 3T	2026-04-14T01:17:33.9198898Z * Source: Choose File
build-app	Configure and Build Robo 3T	2026-04-14T01:17:33.9199102Z 
build-app	Configure and Build Robo 3T	2026-04-14T01:17:33.9199248Z * Context: Robomongo::ConnectionAuthTab
build-app	Configure and Build Robo 3T	2026-04-14T01:17:33.9199673Z * Source: Auth Mechanism
build-app	Configure and Build Robo 3T	2026-04-14T01:17:33.9199893Z 
build-app	Configure and Build Robo 3T	2026-04-14T01:17:33.9200044Z * Context: Robomongo::ConnectionAuthTab
build-app	Configure and Build Robo 3T	2026-04-14T01:17:33.9200444Z * Source: Password
build-app	Configure and Build Robo 3T	2026-04-14T01:17:33.9200661Z 
build-app	Configure and Build Robo 3T	2026-04-14T01:17:33.9200799Z * Context: Robomongo::ConnectionAuthTab
build-app	Configure and Build Robo 3T	2026-04-14T01:17:33.9201983Z * Source: <nobr>The admin database is unique in MongoDB.</nobr> Users with normal access to the admin database have read and write access to <b>all databases</b>.
build-app	Configure and Build Robo 3T	2026-04-14T01:17:33.9203390Z 
build-app	Configure and Build Robo 3T	2026-04-14T01:17:33.9203554Z * Context: Robomongo::ConnectionAuthTab
build-app	Configure and Build Robo 3T	2026-04-14T01:17:33.9203976Z * Source: User Name
build-app	Configure and Build Robo 3T	2026-04-14T01:17:33.9204160Z 
build-app	Configure and Build Robo 3T	2026-04-14T01:17:33.9204311Z * Context: Robomongo::ConnectionAuthTab
build-app	Configure and Build Robo 3T	2026-04-14T01:17:33.9204709Z * Source: Databases
build-app	Configure and Build Robo 3T	2026-04-14T01:17:33.9204895Z 
build-app	Configure and Build Robo 3T	2026-04-14T01:17:33.9205038Z * Context: Robomongo::ConnectionAuthTab
build-app	Configure and Build Robo 3T	2026-04-14T01:17:33.9206787Z * Source: Some MongoDB users might not have the permission to get the list of database names (<b>listDatabases</b> command). For this case, manually add the name of the database(s) that this user has access to.
build-app	Configure and Build Robo 3T	2026-04-14T01:17:33.9208187Z 
build-app	Configure and Build Robo 3T	2026-04-14T01:17:33.9208341Z * Context: Robomongo::ConnectionAuthTab
build-app	Configure and Build Robo 3T	2026-04-14T01:17:33.9209001Z * Source: Database
build-app	Configure and Build Robo 3T	2026-04-14T01:17:33.9209196Z 
build-app	Configure and Build Robo 3T	2026-04-14T01:17:33.9209341Z * Context: Robomongo::ConnectionAuthTab
build-app	Configure and Build Robo 3T	2026-04-14T01:17:33.9209822Z * Source: Comma-separated e.g. products, users
build-app	Configure and Build Robo 3T	2026-04-14T01:17:33.9210175Z 
build-app	Configure and Build Robo 3T	2026-04-14T01:17:33.9210317Z * Context: Robomongo::SshTunnelTab
build-app	Configure and Build Robo 3T	2026-04-14T01:17:33.9210712Z * Source: SSH Address:
build-app	Configure and Build Robo 3T	2026-04-14T01:17:33.9210927Z 
build-app	Configure and Build Robo 3T	2026-04-14T01:17:33.9211057Z * Context: Robomongo::SshTunnelTab
build-app	Configure and Build Robo 3T	2026-04-14T01:17:33.9211447Z * Source: SSH User Name:
build-app	Configure and Build Robo 3T	2026-04-14T01:17:33.9211672Z 
build-app	Configure and Build Robo 3T	2026-04-14T01:17:33.9211812Z * Context: Robomongo::ConnectionAuthTab
build-app	Configure and Build Robo 3T	2026-04-14T01:17:33.9212278Z * Source: Manually specify visible databases
build-app	Configure and Build Robo 3T	2026-04-14T01:17:33.9212605Z 
build-app	Configure and Build Robo 3T	2026-04-14T01:17:33.9212748Z * Context: Robomongo::SshTunnelTab
build-app	Configure and Build Robo 3T	2026-04-14T01:17:33.9213128Z * Source: Use SSH tunnel
build-app	Configure and Build Robo 3T	2026-04-14T01:17:33.9213357Z 
build-app	Configure and Build Robo 3T	2026-04-14T01:17:33.9213488Z * Context: Robomongo::SshTunnelTab
build-app	Configure and Build Robo 3T	2026-04-14T01:17:33.9213877Z * Source: Private key:
build-app	Configure and Build Robo 3T	2026-04-14T01:17:33.9214082Z 
build-app	Configure and Build Robo 3T	2026-04-14T01:17:33.9214229Z * Context: Robomongo::SshTunnelTab
build-app	Configure and Build Robo 3T	2026-04-14T01:17:33.9215528Z * Source: Passphrase:
build-app	Configure and Build Robo 3T	2026-04-14T01:17:33.9215795Z 
build-app	Configure and Build Robo 3T	2026-04-14T01:17:33.9215948Z * Context: Robomongo::SshTunnelTab
build-app	Configure and Build Robo 3T	2026-04-14T01:17:33.9216360Z * Source: SSH Auth Method:
build-app	Configure and Build Robo 3T	2026-04-14T01:17:33.9216606Z 
build-app	Configure and Build Robo 3T	2026-04-14T01:17:33.9216736Z * Context: Robomongo::SshTunnelTab
build-app	Configure and Build Robo 3T	2026-04-14T01:17:33.9217098Z * Source: User Password:
build-app	Configure and Build Robo 3T	2026-04-14T01:17:33.9217295Z 
build-app	Configure and Build Robo 3T	2026-04-14T01:17:33.9217444Z * Context: Robomongo::ConnectionBasicTab
build-app	Configure and Build Robo 3T	2026-04-14T01:17:33.9218133Z * Source: Choose any connection name that will help you to identify this connection.
build-app	Configure and Build Robo 3T	2026-04-14T01:17:33.9218711Z 
build-app	Configure and Build Robo 3T	2026-04-14T01:17:33.9218858Z * Context: Robomongo::ConnectionBasicTab
build-app	Configure and Build Robo 3T	2026-04-14T01:17:33.9219268Z * Source: Address:
build-app	Configure and Build Robo 3T	2026-04-14T01:17:33.9219450Z 
build-app	Configure and Build Robo 3T	2026-04-14T01:17:33.9219605Z * Context: Robomongo::ConnectionBasicTab
build-app	Configure and Build Robo 3T	2026-04-14T01:17:33.9219999Z * Source: Type:
build-app	Configure and Build Robo 3T	2026-04-14T01:17:33.9220178Z 
build-app	Configure and Build Robo 3T	2026-04-14T01:17:33.9220322Z * Context: Robomongo::ConnectionBasicTab
build-app	Configure and Build Robo 3T	2026-04-14T01:17:33.9220734Z * Source: Name:
build-app	Configure and Build Robo 3T	2026-04-14T01:17:33.9220899Z 
build-app	Configure and Build Robo 3T	2026-04-14T01:17:33.9221048Z * Context: Robomongo::ConnectionBasicTab
build-app	Configure and Build Robo 3T	2026-04-14T01:17:33.9221443Z * Source: Set Name:
build-app	Configure and Build Robo 3T	2026-04-14T01:17:33.9221630Z 
build-app	Configure and Build Robo 3T	2026-04-14T01:17:33.9221985Z * Context: Robomongo::ConnectionBasicTab
build-app	Configure and Build Robo 3T	2026-04-14T01:17:33.9222595Z * Source: Import connection details from MongoDB URI connection string
build-app	Configure and Build Robo 3T	2026-04-14T01:17:33.9223383Z 
build-app	Configure and Build Robo 3T	2026-04-14T01:17:33.9223550Z * Context: Robomongo::ConnectionBasicTab
build-app	Configure and Build Robo 3T	2026-04-14T01:17:33.9224292Z * Source: Specify host and port of MongoDB server. Host can be either IPv4, IPv6 or domain name.
build-app	Configure and Build Robo 3T	2026-04-14T01:17:33.9224942Z 
build-app	Configure and Build Robo 3T	2026-04-14T01:17:33.9225089Z * Context: Robomongo::ConnectionBasicTab
build-app	Configure and Build Robo 3T	2026-04-14T01:17:33.9225494Z * Source: Members:
build-app	Configure and Build Robo 3T	2026-04-14T01:17:33.9225679Z 
build-app	Configure and Build Robo 3T	2026-04-14T01:17:33.9225823Z * Context: Robomongo::ConnectionBasicTab
build-app	Configure and Build Robo 3T	2026-04-14T01:17:33.9226469Z * Source: Replica set members cannot be empty. Please enter at least one member.
build-app	Configure and Build Robo 3T	2026-04-14T01:17:33.9227033Z 
build-app	Configure and Build Robo 3T	2026-04-14T01:17:33.9227179Z * Context: Robomongo::ConnectionBasicTab
build-app	Configure and Build Robo 3T	2026-04-14T01:17:33.9227835Z * Source: Replica set member items must all contain ':' between hostname and port.
build-app	Configure and Build Robo 3T	2026-04-14T01:17:33.9228390Z 
build-app	Configure and Build Robo 3T	2026-04-14T01:17:33.9228541Z * Context: Robomongo::ConnectionBasicTab
build-app	Configure and Build Robo 3T	2026-04-14T01:17:33.9228944Z * Source: From URI
build-app	Configure and Build Robo 3T	2026-04-14T01:17:33.9229119Z 
build-app	Configure and Build Robo 3T	2026-04-14T01:17:33.9229274Z * Context: Robomongo::ConnectionBasicTab
build-app	Configure and Build Robo 3T	2026-04-14T01:17:33.9229666Z * Source: Error
build-app	Configure and Build Robo 3T	2026-04-14T01:17:33.9229843Z 
build-app	Configure and Build Robo 3T	2026-04-14T01:17:33.9229988Z * Context: Robomongo::ConnectionBasicTab
build-app	Configure and Build Robo 3T	2026-04-14T01:17:33.9230398Z * Source: MongoDB URI:
build-app	Configure and Build Robo 3T	2026-04-14T01:17:33.9230599Z 
build-app	Configure and Build Robo 3T	2026-04-14T01:17:33.9230605Z 
build-app	Configure and Build Robo 3T	2026-04-14T01:17:33.9230756Z * Context: Robomongo::ConnectionAuthTab
build-app	Configure and Build Robo 3T	2026-04-14T01:17:33.9231177Z * Source: Perform authentication
build-app	Configure and Build Robo 3T	2026-04-14T01:17:33.9231452Z 
build-app	Configure and Build Robo 3T	2026-04-14T01:17:33.9231597Z * Context: Robomongo::ConnectionBasicTab
build-app	Configure and Build Robo 3T	2026-04-14T01:17:33.9232413Z * Source: Please remove duplicate member, two replica set members cannot have the same hostname and port.
build-app	Configure and Build Robo 3T	2026-04-14T01:17:33.9233296Z 
build-app	Configure and Build Robo 3T	2026-04-14T01:17:33.9233454Z * Context: Robomongo::ConnectionBasicTab
build-app	Configure and Build Robo 3T	2026-04-14T01:17:33.9233865Z * Source: New Connection
build-app	Configure and Build Robo 3T	2026-04-14T01:17:33.9234094Z 
build-app	Configure and Build Robo 3T	2026-04-14T01:17:33.9234223Z * Context: Robomongo::SSLTab
build-app	Configure and Build Robo 3T	2026-04-14T01:17:33.9234588Z * Source: Advanced Options
build-app	Configure and Build Robo 3T	2026-04-14T01:17:33.9234810Z 
build-app	Configure and Build Robo 3T	2026-04-14T01:17:33.9235628Z Updating 'D:/b/src/robomongo/robomongo_zh_CN_core.qm'...
build-app	Configure and Build Robo 3T	2026-04-14T01:17:33.9236386Z     Generated 105 translation(s) (105 finished and 0 unfinished)
build-app	Configure and Build Robo 3T	2026-04-14T01:17:33.9238192Z [132/253] C:\Windows\system32\cmd.exe /C "cd /D D:\b\src\robomongo && D:\a\robomongo\Qt\5.15.2\msvc2019_64\bin\lrelease.exe R:/src/robomongo/resources/translations/robomongo_zh_CN_gui.ts -qm D:/b/src/robomongo/robomongo_zh_CN_gui.qm"
build-app	Configure and Build Robo 3T	2026-04-14T01:17:33.9240126Z Warning: dropping duplicate messages in 'D:/b/src/robomongo/robomongo_zh_CN_gui.qm':
build-app	Configure and Build Robo 3T	2026-04-14T01:17:33.9240733Z 
build-app	Configure and Build Robo 3T	2026-04-14T01:17:33.9240896Z * Context: Robomongo::PreferencesDialog
build-app	Configure and Build Robo 3T	2026-04-14T01:17:33.9241374Z * Source: Preferences %1
build-app	Configure and Build Robo 3T	2026-04-14T01:17:33.9241620Z 
build-app	Configure and Build Robo 3T	2026-04-14T01:17:33.9241778Z * Context: Robomongo::PreferencesDialog
build-app	Configure and Build Robo 3T	2026-04-14T01:17:33.9242246Z * Source: Default display mode:
build-app	Configure and Build Robo 3T	2026-04-14T01:17:33.9242529Z 
build-app	Configure and Build Robo 3T	2026-04-14T01:17:33.9242672Z * Context: Robomongo::EulaDialog
build-app	Configure and Build Robo 3T	2026-04-14T01:17:33.9243050Z * Source: EULA
build-app	Configure and Build Robo 3T	2026-04-14T01:17:33.9243218Z 
build-app	Configure and Build Robo 3T	2026-04-14T01:17:33.9243365Z * Context: Robomongo::MainWindow
build-app	Configure and Build Robo 3T	2026-04-14T01:17:33.9243726Z * Source: Toolbars
build-app	Configure and Build Robo 3T	2026-04-14T01:17:33.9243923Z 
build-app	Configure and Build Robo 3T	2026-04-14T01:17:33.9244054Z * Context: Robomongo::MainWindow
build-app	Configure and Build Robo 3T	2026-04-14T01:17:33.9244797Z * Source: Display Dates In...
build-app	Configure and Build Robo 3T	2026-04-14T01:17:33.9245071Z 
build-app	Configure and Build Robo 3T	2026-04-14T01:17:33.9245216Z * Context: Robomongo::MainWindow
build-app	Configure and Build Robo 3T	2026-04-14T01:17:33.9245645Z * Source: Automatically execute code in new tab
build-app	Configure and Build Robo 3T	2026-04-14T01:17:33.9246012Z 
build-app	Configure and Build Robo 3T	2026-04-14T01:17:33.9246200Z * Context: Robomongo::CollectionStatsTreeWidget
build-app	Configure and Build Robo 3T	2026-04-14T01:17:33.9246660Z * Source: Size
build-app	Configure and Build Robo 3T	2026-04-14T01:17:33.9246832Z 
build-app	Configure and Build Robo 3T	2026-04-14T01:17:33.9247015Z * Context: Robomongo::CollectionStatsTreeWidget
build-app	Configure and Build Robo 3T	2026-04-14T01:17:33.9247481Z * Source: Storage
build-app	Configure and Build Robo 3T	2026-04-14T01:17:33.9247669Z 
build-app	Configure and Build Robo 3T	2026-04-14T01:17:33.9247851Z * Context: Robomongo::CollectionStatsTreeWidget
build-app	Configure and Build Robo 3T	2026-04-14T01:17:33.9248547Z * Source: Name
build-app	Configure and Build Robo 3T	2026-04-14T01:17:33.9248716Z 
build-app	Configure and Build Robo 3T	2026-04-14T01:17:33.9248899Z * Context: Robomongo::CollectionStatsTreeWidget
build-app	Configure and Build Robo 3T	2026-04-14T01:17:33.9249359Z * Source: Count
build-app	Configure and Build Robo 3T	2026-04-14T01:17:33.9249527Z 
build-app	Configure and Build Robo 3T	2026-04-14T01:17:33.9249719Z * Context: Robomongo::CollectionStatsTreeWidget
build-app	Configure and Build Robo 3T	2026-04-14T01:17:33.9250177Z * Source: Padding
build-app	Configure and Build Robo 3T	2026-04-14T01:17:33.9250369Z 
build-app	Configure and Build Robo 3T	2026-04-14T01:17:33.9250518Z * Context: Robomongo::ConnectionsDialog
build-app	Configure and Build Robo 3T	2026-04-14T01:17:33.9251974Z * Source: <a style='color: %1' href='create'>Create</a>, <a style='color: %1' href='edit'>edit</a>, <a style='color: %1' href='remove'>remove</a>, <a style='color: %1' href='clone'>clone</a> or reorder connections via drag'n'drop.
build-app	Configure and Build Robo 3T	2026-04-14T01:17:33.9253327Z 
build-app	Configure and Build Robo 3T	2026-04-14T01:17:33.9253530Z * Context: Robomongo::CollectionStatsTreeWidget
build-app	Configure and Build Robo 3T	2026-04-14T01:17:33.9253997Z * Source: Index
build-app	Configure and Build Robo 3T	2026-04-14T01:17:33.9254174Z 
build-app	Configure and Build Robo 3T	2026-04-14T01:17:33.9254357Z * Context: Robomongo::CollectionStatsTreeWidget
build-app	Configure and Build Robo 3T	2026-04-14T01:17:33.9254937Z * Source: Average Object
build-app	Configure and Build Robo 3T	2026-04-14T01:17:33.9255177Z 
build-app	Configure and Build Robo 3T	2026-04-14T01:17:33.9255317Z * Context: Robomongo::LogWidget
build-app	Configure and Build Robo 3T	2026-04-14T01:17:33.9255674Z * Source: Clear All
build-app	Configure and Build Robo 3T	2026-04-14T01:17:33.9255871Z 
build-app	Configure and Build Robo 3T	2026-04-14T01:17:33.9256270Z * Context: Robomongo::ConnectionsDialog
build-app	Configure and Build Robo 3T	2026-04-14T01:17:33.9256795Z * Source: Copy of 
build-app	Configure and Build Robo 3T	2026-04-14T01:17:33.9256995Z 
build-app	Configure and Build Robo 3T	2026-04-14T01:17:33.9257157Z * Context: Robomongo::ConnectionsDialog
build-app	Configure and Build Robo 3T	2026-04-14T01:17:33.9257894Z * Source: <span style='color: #777777;'>Connection settings have been imported (%1 %2)</span>
build-app	Configure and Build Robo 3T	2026-04-14T01:17:33.9258512Z 
build-app	Configure and Build Robo 3T	2026-04-14T01:17:33.9258651Z * Context: Robomongo::QueryWidget
build-app	Configure and Build Robo 3T	2026-04-14T01:17:33.9259028Z * Source:  limit. 
build-app	Configure and Build Robo 3T	2026-04-14T01:17:33.9259205Z 
build-app	Configure and Build Robo 3T	2026-04-14T01:17:33.9259333Z * Context: Robomongo::QueryWidget
build-app	Configure and Build Robo 3T	2026-04-14T01:17:33.9259937Z * Source: 
build-app	Configure and Build Robo 3T	2026-04-14T01:17:33.9260087Z 
build-app	Configure and Build Robo 3T	2026-04-14T01:17:33.9260742Z Please increase the value of shell timeout using button below or from the main window menu "Options->Change Shell Timeout".
build-app	Configure and Build Robo 3T	2026-04-14T01:17:33.9261580Z 
build-app	Configure and Build Robo 3T	2026-04-14T01:17:33.9261724Z * Context: Robomongo::QueryWidget
build-app	Configure and Build Robo 3T	2026-04-14T01:17:33.9262086Z * Source: Error:
build-app	Configure and Build Robo 3T	2026-04-14T01:17:33.9262275Z 
build-app	Configure and Build Robo 3T	2026-04-14T01:17:33.9262282Z 
build-app	Configure and Build Robo 3T	2026-04-14T01:17:33.9262411Z * Context: Robomongo::QueryWidget
build-app	Configure and Build Robo 3T	2026-04-14T01:17:33.9262850Z * Source: Failed to execute all of the script. 
build-app	Configure and Build Robo 3T	2026-04-14T01:17:33.9263193Z 
build-app	Configure and Build Robo 3T	2026-04-14T01:17:33.9263331Z * Context: Robomongo::CopyCollection
build-app	Configure and Build Robo 3T	2026-04-14T01:17:33.9264135Z * Source: Select database:
build-app	Configure and Build Robo 3T	2026-04-14T01:17:33.9264391Z 
build-app	Configure and Build Robo 3T	2026-04-14T01:17:33.9264528Z * Context: Robomongo::CopyCollection
build-app	Configure and Build Robo 3T	2026-04-14T01:17:33.9264951Z * Source: Select server:
build-app	Configure and Build Robo 3T	2026-04-14T01:17:33.9265180Z 
build-app	Configure and Build Robo 3T	2026-04-14T01:17:33.9265315Z * Context: Robomongo::CopyCollection
build-app	Configure and Build Robo 3T	2026-04-14T01:17:33.9267094Z * Source: Copy <b>%1</b> collection to database on this or another server. You need to be already connected to destination server, in order to see this server in the list below. This operation will <i>not</i> overwrite existing documents with the same _id.
build-app	Configure and Build Robo 3T	2026-04-14T01:17:33.9268709Z 
build-app	Configure and Build Robo 3T	2026-04-14T01:17:33.9268859Z * Context: Robomongo::PreferencesDialog
build-app	Configure and Build Robo 3T	2026-04-14T01:17:33.9269271Z * Source: Table
build-app	Configure and Build Robo 3T	2026-04-14T01:17:33.9269445Z 
build-app	Configure and Build Robo 3T	2026-04-14T01:17:33.9269585Z * Context: Robomongo::PreferencesDialog
build-app	Configure and Build Robo 3T	2026-04-14T01:17:33.9269976Z * Source: Custom
build-app	Configure and Build Robo 3T	2026-04-14T01:17:33.9270147Z 
build-app	Configure and Build Robo 3T	2026-04-14T01:17:33.9270291Z * Context: Robomongo::PreferencesDialog
build-app	Configure and Build Robo 3T	2026-04-14T01:17:33.9270674Z * Source: Text
build-app	Configure and Build Robo 3T	2026-04-14T01:17:33.9270836Z 
build-app	Configure and Build Robo 3T	2026-04-14T01:17:33.9270986Z * Context: Robomongo::PreferencesDialog
build-app	Configure and Build Robo 3T	2026-04-14T01:17:33.9271365Z * Source: Tree
build-app	Configure and Build Robo 3T	2026-04-14T01:17:33.9271530Z 
build-app	Configure and Build Robo 3T	2026-04-14T01:17:33.9271663Z * Context: Robomongo::CopyCollection
build-app	Configure and Build Robo 3T	2026-04-14T01:17:33.9272057Z * Source: Copy Collection
build-app	Configure and Build Robo 3T	2026-04-14T01:17:33.9272278Z 
build-app	Configure and Build Robo 3T	2026-04-14T01:17:33.9272423Z * Context: Robomongo::CopyCollection
build-app	Configure and Build Robo 3T	2026-04-14T01:17:33.9272795Z * Source: Copy
build-app	Configure and Build Robo 3T	2026-04-14T01:17:33.9272957Z 
build-app	Configure and Build Robo 3T	2026-04-14T01:17:33.9273097Z * Context: Robomongo::PreferencesDialog
build-app	Configure and Build Robo 3T	2026-04-14T01:17:33.9273510Z * Source: Display Dates in:
build-app	Configure and Build Robo 3T	2026-04-14T01:17:33.9274819Z 
build-app	Configure and Build Robo 3T	2026-04-14T01:17:33.9274974Z * Context: Robomongo::PreferencesDialog
build-app	Configure and Build Robo 3T	2026-04-14T01:17:33.9275378Z * Source: Local Time
build-app	Configure and Build Robo 3T	2026-04-14T01:17:33.9275573Z 
build-app	Configure and Build Robo 3T	2026-04-14T01:17:33.9275739Z * Context: Robomongo::CreateCollectionDialog
build-app	Configure and Build Robo 3T	2026-04-14T01:17:33.9276165Z * Source: Error
build-app	Configure and Build Robo 3T	2026-04-14T01:17:33.9276329Z 
build-app	Configure and Build Robo 3T	2026-04-14T01:17:33.9276454Z * Context: Robomongo::Notifier
build-app	Configure and Build Robo 3T	2026-04-14T01:17:33.9276814Z * Source: Delete Document...
build-app	Configure and Build Robo 3T	2026-04-14T01:17:33.9277055Z 
build-app	Configure and Build Robo 3T	2026-04-14T01:17:33.9277203Z * Context: Robomongo::ConnectionDialog
build-app	Configure and Build Robo 3T	2026-04-14T01:17:33.9277602Z * Source: Authentication
build-app	Configure and Build Robo 3T	2026-04-14T01:17:33.9277825Z 
build-app	Configure and Build Robo 3T	2026-04-14T01:17:33.9277963Z * Context: Robomongo::ConnectionDialog
build-app	Configure and Build Robo 3T	2026-04-14T01:17:33.9278344Z * Source: SSH
build-app	Configure and Build Robo 3T	2026-04-14T01:17:33.9278513Z 
build-app	Configure and Build Robo 3T	2026-04-14T01:17:33.9278659Z * Context: Robomongo::ConnectionDialog
build-app	Configure and Build Robo 3T	2026-04-14T01:17:33.9279037Z * Source: &Test
build-app	Configure and Build Robo 3T	2026-04-14T01:17:33.9279207Z 
build-app	Configure and Build Robo 3T	2026-04-14T01:17:33.9279344Z * Context: Robomongo::ConnectionDialog
build-app	Configure and Build Robo 3T	2026-04-14T01:17:33.9279739Z * Source: Connection
build-app	Configure and Build Robo 3T	2026-04-14T01:17:33.9279929Z 
build-app	Configure and Build Robo 3T	2026-04-14T01:17:33.9280067Z * Context: Robomongo::ConnectionDialog
build-app	Configure and Build Robo 3T	2026-04-14T01:17:33.9280453Z * Source: TLS
build-app	Configure and Build Robo 3T	2026-04-14T01:17:33.9280607Z 
build-app	Configure and Build Robo 3T	2026-04-14T01:17:33.9280747Z * Context: Robomongo::ConnectionDialog
build-app	Configure and Build Robo 3T	2026-04-14T01:17:33.9281126Z * Source: Advanced
build-app	Configure and Build Robo 3T	2026-04-14T01:17:33.9281700Z 
build-app	Configure and Build Robo 3T	2026-04-14T01:17:33.9281854Z * Context: Robomongo::ConnectionsDialog
build-app	Configure and Build Robo 3T	2026-04-14T01:17:33.9282257Z * Source: Attributes
build-app	Configure and Build Robo 3T	2026-04-14T01:17:33.9282443Z 
build-app	Configure and Build Robo 3T	2026-04-14T01:17:33.9282592Z * Context: Robomongo::ConnectionsDialog
build-app	Configure and Build Robo 3T	2026-04-14T01:17:33.9282997Z * Source: Auth. Database / User
build-app	Configure and Build Robo 3T	2026-04-14T01:17:33.9283252Z 
build-app	Configure and Build Robo 3T	2026-04-14T01:17:33.9283394Z * Context: Robomongo::ConnectionsDialog
build-app	Configure and Build Robo 3T	2026-04-14T01:17:33.9284696Z * Source: Name
build-app	Configure and Build Robo 3T	2026-04-14T01:17:33.9284868Z 
build-app	Configure and Build Robo 3T	2026-04-14T01:17:33.9285016Z * Context: Robomongo::ConnectionsDialog
build-app	Configure and Build Robo 3T	2026-04-14T01:17:33.9285416Z * Source: Address
build-app	Configure and Build Robo 3T	2026-04-14T01:17:33.9285596Z 
build-app	Configure and Build Robo 3T	2026-04-14T01:17:33.9285735Z * Context: Robomongo::ConnectionsDialog
build-app	Configure and Build Robo 3T	2026-04-14T01:17:33.9286142Z * Source: Connections
build-app	Configure and Build Robo 3T	2026-04-14T01:17:33.9286336Z 
build-app	Configure and Build Robo 3T	2026-04-14T01:17:33.9286478Z * Context: Robomongo::ConnectionDialog
build-app	Configure and Build Robo 3T	2026-04-14T01:17:33.9286894Z * Source: Connection Settings
build-app	Configure and Build Robo 3T	2026-04-14T01:17:33.9287138Z 
build-app	Configure and Build Robo 3T	2026-04-14T01:17:33.9287289Z * Context: Robomongo::ConnectionsDialog
build-app	Configure and Build Robo 3T	2026-04-14T01:17:33.9287696Z * Source: C&onnect
build-app	Configure and Build Robo 3T	2026-04-14T01:17:33.9287879Z 
build-app	Configure and Build Robo 3T	2026-04-14T01:17:33.9288016Z * Context: Robomongo::ConnectionsDialog
build-app	Configure and Build Robo 3T	2026-04-14T01:17:33.9288532Z * Source: Are you sure you want to delete "%1" connection?
build-app	Configure and Build Robo 3T	2026-04-14T01:17:33.9288925Z 
build-app	Configure and Build Robo 3T	2026-04-14T01:17:33.9289061Z * Context: Robomongo::MainWindow
build-app	Configure and Build Robo 3T	2026-04-14T01:17:33.9289430Z * Source: Language Changed
build-app	Configure and Build Robo 3T	2026-04-14T01:17:33.9289656Z 
build-app	Configure and Build Robo 3T	2026-04-14T01:17:33.9289801Z * Context: Robomongo::ConnectionsDialog
build-app	Configure and Build Robo 3T	2026-04-14T01:17:33.9290220Z * Source: MongoDB Connections
build-app	Configure and Build Robo 3T	2026-04-14T01:17:33.9290461Z 
build-app	Configure and Build Robo 3T	2026-04-14T01:17:33.9290594Z * Context: Robomongo::MainWindow
build-app	Configure and Build Robo 3T	2026-04-14T01:17:33.9291040Z * Source: Press to show/hide Database Explorer panel.
build-app	Configure and Build Robo 3T	2026-04-14T01:17:33.9291428Z 
build-app	Configure and Build Robo 3T	2026-04-14T01:17:33.9291560Z * Context: Robomongo::MainWindow
build-app	Configure and Build Robo 3T	2026-04-14T01:17:33.9291916Z * Source: &Logs
build-app	Configure and Build Robo 3T	2026-04-14T01:17:33.9292084Z 
build-app	Configure and Build Robo 3T	2026-04-14T01:17:33.9292224Z * Context: Robomongo::ConnectionsDialog
build-app	Configure and Build Robo 3T	2026-04-14T01:17:33.9292619Z * Source: &Clone...
build-app	Configure and Build Robo 3T	2026-04-14T01:17:33.9292797Z 
build-app	Configure and Build Robo 3T	2026-04-14T01:17:33.9292941Z * Context: Robomongo::ConnectionsDialog
build-app	Configure and Build Robo 3T	2026-04-14T01:17:33.9293369Z * Source: &Remove...
build-app	Configure and Build Robo 3T	2026-04-14T01:17:33.9293567Z 
build-app	Configure and Build Robo 3T	2026-04-14T01:17:33.9293705Z * Context: Robomongo::ConnectionsDialog
build-app	Configure and Build Robo 3T	2026-04-14T01:17:33.9294098Z * Source: &Add...
build-app	Configure and Build Robo 3T	2026-04-14T01:17:33.9294274Z 
build-app	Configure and Build Robo 3T	2026-04-14T01:17:33.9294420Z * Context: Robomongo::ConnectionsDialog
build-app	Configure and Build Robo 3T	2026-04-14T01:17:33.9294803Z * Source: &Edit...
build-app	Configure and Build Robo 3T	2026-04-14T01:17:33.9294989Z 
build-app	Configure and Build Robo 3T	2026-04-14T01:17:33.9295136Z * Context: Robomongo::DocumentTextEditor
build-app	Configure and Build Robo 3T	2026-04-14T01:17:33.9295548Z * Source: Validation
build-app	Configure and Build Robo 3T	2026-04-14T01:17:33.9295736Z 
build-app	Configure and Build Robo 3T	2026-04-14T01:17:33.9295878Z * Context: Robomongo::DocumentTextEditor
build-app	Configure and Build Robo 3T	2026-04-14T01:17:33.9296988Z * Source: JSON is valid!
build-app	Configure and Build Robo 3T	2026-04-14T01:17:33.9297213Z 
build-app	Configure and Build Robo 3T	2026-04-14T01:17:33.9297362Z * Context: Robomongo::DocumentTextEditor
build-app	Configure and Build Robo 3T	2026-04-14T01:17:33.9297896Z * Source: Unable to parse JSON:<br /> <b>%1</b>, at (%2, %3).
build-app	Configure and Build Robo 3T	2026-04-14T01:17:33.9298296Z 
build-app	Configure and Build Robo 3T	2026-04-14T01:17:33.9298442Z * Context: Robomongo::DocumentTextEditor
build-app	Configure and Build Robo 3T	2026-04-14T01:17:33.9298856Z * Source: Parsing error
build-app	Configure and Build Robo 3T	2026-04-14T01:17:33.9299063Z 
build-app	Configure and Build Robo 3T	2026-04-14T01:17:33.9299199Z * Context: Robomongo::AboutDialog
build-app	Configure and Build Robo 3T	2026-04-14T01:17:33.9299578Z * Source: License Agreement
build-app	Configure and Build Robo 3T	2026-04-14T01:17:33.9299822Z 
build-app	Configure and Build Robo 3T	2026-04-14T01:17:33.9299976Z * Context: Robomongo::CreateDatabaseDialog
build-app	Configure and Build Robo 3T	2026-04-14T01:17:33.9300405Z * Source: Create Database
build-app	Configure and Build Robo 3T	2026-04-14T01:17:33.9300622Z 
build-app	Configure and Build Robo 3T	2026-04-14T01:17:33.9300762Z * Context: Robomongo::AboutDialog
build-app	Configure and Build Robo 3T	2026-04-14T01:17:33.9301117Z * Source: About 
build-app	Configure and Build Robo 3T	2026-04-14T01:17:33.9301293Z 
build-app	Configure and Build Robo 3T	2026-04-14T01:17:33.9301729Z * Context: Robomongo::AboutDialog
build-app	Configure and Build Robo 3T	2026-04-14T01:17:33.9302115Z * Source: About
build-app	Configure and Build Robo 3T	2026-04-14T01:17:33.9302296Z 
build-app	Configure and Build Robo 3T	2026-04-14T01:17:33.9302444Z * Context: Robomongo::DocumentTextEditor
build-app	Configure and Build Robo 3T	2026-04-14T01:17:33.9302851Z * Source: Validate
build-app	Configure and Build Robo 3T	2026-04-14T01:17:33.9303032Z 
build-app	Configure and Build Robo 3T	2026-04-14T01:17:33.9303175Z * Context: Robomongo::DocumentTextEditor
build-app	Configure and Build Robo 3T	2026-04-14T01:17:33.9303616Z * Source: The document has been modified.
build-app	Configure and Build Robo 3T	2026-04-14T01:17:33.9304036Z Do you want to save your changes?
build-app	Configure and Build Robo 3T	2026-04-14T01:17:33.9304305Z 
build-app	Configure and Build Robo 3T	2026-04-14T01:17:33.9304458Z * Context: Robomongo::CreateDatabaseDialog
build-app	Configure and Build Robo 3T	2026-04-14T01:17:33.9304887Z * Source: Database Name:
build-app	Configure and Build Robo 3T	2026-04-14T01:17:33.9305101Z 
build-app	Configure and Build Robo 3T	2026-04-14T01:17:33.9305254Z * Context: Robomongo::CreateDatabaseDialog
build-app	Configure and Build Robo 3T	2026-04-14T01:17:33.9305670Z * Source: C&reate
build-app	Configure and Build Robo 3T	2026-04-14T01:17:33.9305848Z 
build-app	Configure and Build Robo 3T	2026-04-14T01:17:33.9305972Z * Context: Robomongo::Notifier
build-app	Configure and Build Robo 3T	2026-04-14T01:17:33.9307152Z * Source: Selected document doesn't have _id field. 
build-app	Configure and Build Robo 3T	2026-04-14T01:17:33.9307817Z Maybe this is a system document that should be managed in a special way?
build-app	Configure and Build Robo 3T	2026-04-14T01:17:33.9308313Z 
build-app	Configure and Build Robo 3T	2026-04-14T01:17:33.9308443Z * Context: Robomongo::Notifier
build-app	Configure and Build Robo 3T	2026-04-14T01:17:33.9308793Z * Source: Delete
build-app	Configure and Build Robo 3T	2026-04-14T01:17:33.9308961Z 
build-app	Configure and Build Robo 3T	2026-04-14T01:17:33.9309082Z * Context: Robomongo::Notifier
build-app	Configure and Build Robo 3T	2026-04-14T01:17:33.9309428Z * Source: Copy JSON
build-app	Configure and Build Robo 3T	2026-04-14T01:17:33.9309613Z 
build-app	Configure and Build Robo 3T	2026-04-14T01:17:33.9309734Z * Context: Robomongo::Notifier
build-app	Configure and Build Robo 3T	2026-04-14T01:17:33.9310085Z * Source: Cannot delete
build-app	Configure and Build Robo 3T	2026-04-14T01:17:33.9310294Z 
build-app	Configure and Build Robo 3T	2026-04-14T01:17:33.9310418Z * Context: Robomongo::Notifier
build-app	Configure and Build Robo 3T	2026-04-14T01:17:33.9310843Z * Source: Do you want to delete %1 selected documents?
build-app	Configure and Build Robo 3T	2026-04-14T01:17:33.9311216Z 
build-app	Configure and Build Robo 3T	2026-04-14T01:17:33.9311342Z * Context: Robomongo::Notifier
build-app	Configure and Build Robo 3T	2026-04-14T01:17:33.9311707Z * Source: Error extracting ISODate()
build-app	Configure and Build Robo 3T	2026-04-14T01:17:33.9311993Z 
build-app	Configure and Build Robo 3T	2026-04-14T01:17:33.9312116Z * Context: Robomongo::Notifier
build-app	Configure and Build Robo 3T	2026-04-14T01:17:33.9312461Z * Source: Document
build-app	Configure and Build Robo 3T	2026-04-14T01:17:33.9312636Z 
build-app	Configure and Build Robo 3T	2026-04-14T01:17:33.9312768Z * Context: Robomongo::Notifier
build-app	Configure and Build Robo 3T	2026-04-14T01:17:33.9313112Z * Source: Database Error
build-app	Configure and Build Robo 3T	2026-04-14T01:17:33.9313330Z 
build-app	Configure and Build Robo 3T	2026-04-14T01:17:33.9313456Z * Context: Robomongo::Notifier
build-app	Configure and Build Robo 3T	2026-04-14T01:17:33.9313815Z * Source: View Document...
build-app	Configure and Build Robo 3T	2026-04-14T01:17:33.9314037Z 
build-app	Configure and Build Robo 3T	2026-04-14T01:17:33.9314159Z * Context: Robomongo::Notifier
build-app	Configure and Build Robo 3T	2026-04-14T01:17:33.9314515Z * Source: Insert Document...
build-app	Configure and Build Robo 3T	2026-04-14T01:17:33.9314756Z 
build-app	Configure and Build Robo 3T	2026-04-14T01:17:33.9314877Z * Context: Robomongo::Notifier
build-app	Configure and Build Robo 3T	2026-04-14T01:17:33.9315234Z * Source: Delete Documents...
build-app	Configure and Build Robo 3T	2026-04-14T01:17:33.9315478Z 
build-app	Configure and Build Robo 3T	2026-04-14T01:17:33.9315598Z * Context: Robomongo::Notifier
build-app	Configure and Build Robo 3T	2026-04-14T01:17:33.9315952Z * Source: Edit Document...
build-app	Configure and Build Robo 3T	2026-04-14T01:17:33.9316176Z 
build-app	Configure and Build Robo 3T	2026-04-14T01:17:33.9316302Z * Context: Robomongo::Notifier
build-app	Configure and Build Robo 3T	2026-04-14T01:17:33.9316634Z * Source: Copy Path
build-app	Configure and Build Robo 3T	2026-04-14T01:17:33.9316819Z 
build-app	Configure and Build Robo 3T	2026-04-14T01:17:33.9316947Z * Context: Robomongo::Notifier
build-app	Configure and Build Robo 3T	2026-04-14T01:17:33.9317324Z * Source: Copy Timestamp from ObjectId
build-app	Configure and Build Robo 3T	2026-04-14T01:17:33.9317617Z 
build-app	Configure and Build Robo 3T	2026-04-14T01:17:33.9317749Z * Context: Robomongo::Notifier
build-app	Configure and Build Robo 3T	2026-04-14T01:17:33.9318086Z * Source: Copy Value
build-app	Configure and Build Robo 3T	2026-04-14T01:17:33.9318922Z 
build-app	Configure and Build Robo 3T	2026-04-14T01:17:33.9319050Z * Context: Robomongo::Notifier
build-app	Configure and Build Robo 3T	2026-04-14T01:17:33.9319393Z * Source: Copy Name
build-app	Configure and Build Robo 3T	2026-04-14T01:17:33.9319569Z 
build-app	Configure and Build Robo 3T	2026-04-14T01:17:33.9319701Z * Context: Robomongo::MainWindow
build-app	Configure and Build Robo 3T	2026-04-14T01:17:33.9320216Z * Source: Stop execution of currently running script. <b>(F6)</b>
build-app	Configure and Build Robo 3T	2026-04-14T01:17:33.9320666Z 
build-app	Configure and Build Robo 3T	2026-04-14T01:17:33.9320804Z * Context: Robomongo::MainWindow
build-app	Configure and Build Robo 3T	2026-04-14T01:17:33.9321155Z * Source: Refresh
build-app	Configure and Build Robo 3T	2026-04-14T01:17:33.9321329Z 
build-app	Configure and Build Robo 3T	2026-04-14T01:17:33.9321452Z * Context: Robomongo::MainWindow
build-app	Configure and Build Robo 3T	2026-04-14T01:17:33.9322611Z * Source: Show current tab in custom mode if possible, and make this mode default for all subsequent queries <b>(F2)</b>
build-app	Configure and Build Robo 3T	2026-04-14T01:17:33.9323401Z 
build-app	Configure and Build Robo 3T	2026-04-14T01:17:33.9323537Z * Context: Robomongo::MainWindow
build-app	Configure and Build Robo 3T	2026-04-14T01:17:33.9324561Z * Source: Execute query for current tab. If you have some selection in query text - only selection will be executed <b>(F5 </b> or <b>%1 + Enter)</b>
build-app	Configure and Build Robo 3T	2026-04-14T01:17:33.9325521Z 
build-app	Configure and Build Robo 3T	2026-04-14T01:17:33.9325663Z * Context: Robomongo::MainWindow
build-app	Configure and Build Robo 3T	2026-04-14T01:17:33.9326030Z * Source: Use Java Encoding
build-app	Configure and Build Robo 3T	2026-04-14T01:17:33.9326262Z 
build-app	Configure and Build Robo 3T	2026-04-14T01:17:33.9326394Z * Context: Robomongo::MainWindow
build-app	Configure and Build Robo 3T	2026-04-14T01:17:33.9326758Z * Source: Use .NET Encoding
build-app	Configure and Build Robo 3T	2026-04-14T01:17:33.9326986Z 
build-app	Configure and Build Robo 3T	2026-04-14T01:17:33.9327110Z * Context: Robomongo::MainWindow
build-app	Configure and Build Robo 3T	2026-04-14T01:17:33.9327477Z * Source: Default View Mode
build-app	Configure and Build Robo 3T	2026-04-14T01:17:33.9327702Z 
build-app	Configure and Build Robo 3T	2026-04-14T01:17:33.9327837Z * Context: Robomongo::MainWindow
build-app	Configure and Build Robo 3T	2026-04-14T01:17:33.9328210Z * Source: Do not decode (show as is)
build-app	Configure and Build Robo 3T	2026-04-14T01:17:33.9328501Z 
build-app	Configure and Build Robo 3T	2026-04-14T01:17:33.9328624Z * Context: Robomongo::MainWindow
build-app	Configure and Build Robo 3T	2026-04-14T01:17:33.9329370Z * Source: Show current tab in text mode, and make this mode default for all subsequent queries <b>(F4)</b>
build-app	Configure and Build Robo 3T	2026-04-14T01:17:33.9330768Z 
build-app	Configure and Build Robo 3T	2026-04-14T01:17:33.9330917Z * Context: Robomongo::MainWindow
build-app	Configure and Build Robo 3T	2026-04-14T01:17:33.9331283Z * Source: &Tree Mode
build-app	Configure and Build Robo 3T	2026-04-14T01:17:33.9331919Z 
build-app	Configure and Build Robo 3T	2026-04-14T01:17:33.9332074Z * Context: Robomongo::MainWindow
build-app	Configure and Build Robo 3T	2026-04-14T01:17:33.9332570Z * Source: Toggle orientation of results view <b>(F10)</b>
build-app	Configure and Build Robo 3T	2026-04-14T01:17:33.9332968Z 
build-app	Configure and Build Robo 3T	2026-04-14T01:17:33.9333096Z * Context: Robomongo::MainWindow
build-app	Configure and Build Robo 3T	2026-04-14T01:17:33.9333695Z * Source: &Text Mode
build-app	Configure and Build Robo 3T	2026-04-14T01:17:33.9333899Z 
build-app	Configure and Build Robo 3T	2026-04-14T01:17:33.9334037Z * Context: Robomongo::MainWindow
build-app	Configure and Build Robo 3T	2026-04-14T01:17:33.9334780Z * Source: Show current tab in table mode, and make this mode default for all subsequent queries <b>(F3)</b>
build-app	Configure and Build Robo 3T	2026-04-14T01:17:33.9335482Z 
build-app	Configure and Build Robo 3T	2026-04-14T01:17:33.9335606Z * Context: Robomongo::MainWindow
build-app	Configure and Build Robo 3T	2026-04-14T01:17:33.9335973Z * Source: &Custom Mode
build-app	Configure and Build Robo 3T	2026-04-14T01:17:33.9336182Z 
build-app	Configure and Build Robo 3T	2026-04-14T01:17:33.9336316Z * Context: Robomongo::MainWindow
build-app	Configure and Build Robo 3T	2026-04-14T01:17:33.9337047Z * Source: Show current tab in tree mode, and make this mode default for all subsequent queries <b>(F3)</b>
build-app	Configure and Build Robo 3T	2026-04-14T01:17:33.9337741Z 
build-app	Configure and Build Robo 3T	2026-04-14T01:17:33.9337868Z * Context: Robomongo::MainWindow
build-app	Configure and Build Robo 3T	2026-04-14T01:17:33.9338228Z * Source: T&able Mode
build-app	Configure and Build Robo 3T	2026-04-14T01:17:33.9338429Z 
build-app	Configure and Build Robo 3T	2026-04-14T01:17:33.9338560Z * Context: Robomongo::MainWindow
build-app	Configure and Build Robo 3T	2026-04-14T01:17:33.9339148Z * Source: Load script from the file to the currently opened shell <b>(%1 + O)</b>
build-app	Configure and Build Robo 3T	2026-04-14T01:17:33.9339645Z 
build-app	Configure and Build Robo 3T	2026-04-14T01:17:33.9339769Z * Context: Robomongo::MainWindow
build-app	Configure and Build Robo 3T	2026-04-14T01:17:33.9340125Z * Source: &Save
build-app	Configure and Build Robo 3T	2026-04-14T01:17:33.9340293Z 
build-app	Configure and Build Robo 3T	2026-04-14T01:17:33.9340417Z * Context: Robomongo::MainWindow
build-app	Configure and Build Robo 3T	2026-04-14T01:17:33.9340769Z * Source: Help
build-app	Configure and Build Robo 3T	2026-04-14T01:17:33.9340935Z 
build-app	Configure and Build Robo 3T	2026-04-14T01:17:33.9341066Z * Context: Robomongo::MainWindow
build-app	Configure and Build Robo 3T	2026-04-14T01:17:33.9341410Z * Source: &Open...
build-app	Configure and Build Robo 3T	2026-04-14T01:17:33.9341592Z 
build-app	Configure and Build Robo 3T	2026-04-14T01:17:33.9341716Z * Context: Robomongo::MainWindow
build-app	Configure and Build Robo 3T	2026-04-14T01:17:33.9342539Z * Source: Connect to local or remote MongoDB instance <b>(%1 + N)</b>
build-app	Configure and Build Robo 3T	2026-04-14T01:17:33.9343011Z 
build-app	Configure and Build Robo 3T	2026-04-14T01:17:33.9343146Z * Context: Robomongo::MainWindow
build-app	Configure and Build Robo 3T	2026-04-14T01:17:33.9343494Z * Source: &Rotate
build-app	Configure and Build Robo 3T	2026-04-14T01:17:33.9343675Z 
build-app	Configure and Build Robo 3T	2026-04-14T01:17:33.9343800Z * Context: Robomongo::MainWindow
build-app	Configure and Build Robo 3T	2026-04-14T01:17:33.9345338Z * Source: Save script of the currently opened shell to the file <b>(%1 + S)</b>
build-app	Configure and Build Robo 3T	2026-04-14T01:17:33.9345866Z 
build-app	Configure and Build Robo 3T	2026-04-14T01:17:33.9346004Z * Context: Robomongo::MainWindow
build-app	Configure and Build Robo 3T	2026-04-14T01:17:33.9346367Z * Source: Save &As...
build-app	Configure and Build Robo 3T	2026-04-14T01:17:33.9346571Z 
build-app	Configure and Build Robo 3T	2026-04-14T01:17:33.9346696Z * Context: Robomongo::MainWindow
build-app	Configure and Build Robo 3T	2026-04-14T01:17:33.9347081Z * Source: &Manage Connections...
build-app	Configure and Build Robo 3T	2026-04-14T01:17:33.9347335Z 
build-app	Configure and Build Robo 3T	2026-04-14T01:17:33.9347460Z * Context: Robomongo::MainWindow
build-app	Configure and Build Robo 3T	2026-04-14T01:17:33.9347810Z * Source: &Exit
build-app	Configure and Build Robo 3T	2026-04-14T01:17:33.9347978Z 
build-app	Configure and Build Robo 3T	2026-04-14T01:17:33.9348108Z * Context: Robomongo::MainWindow
build-app	Configure and Build Robo 3T	2026-04-14T01:17:33.9348465Z * Source: &Connect...
build-app	Configure and Build Robo 3T	2026-04-14T01:17:33.9348666Z 
build-app	Configure and Build Robo 3T	2026-04-14T01:17:33.9348798Z * Context: Robomongo::MainWindow
build-app	Configure and Build Robo 3T	2026-04-14T01:17:33.9349168Z * Source: &About Robo 3T...
build-app	Configure and Build Robo 3T	2026-04-14T01:17:33.9349396Z 
build-app	Configure and Build Robo 3T	2026-04-14T01:17:33.9349529Z * Context: Robomongo::MainWindow
build-app	Configure and Build Robo 3T	2026-04-14T01:17:33.9349870Z * Source: Options
build-app	Configure and Build Robo 3T	2026-04-14T01:17:33.9350057Z 
build-app	Configure and Build Robo 3T	2026-04-14T01:17:33.9350182Z * Context: Robomongo::MainWindow
build-app	Configure and Build Robo 3T	2026-04-14T01:17:33.9350534Z * Source: Window
build-app	Configure and Build Robo 3T	2026-04-14T01:17:33.9350702Z 
build-app	Configure and Build Robo 3T	2026-04-14T01:17:33.9350825Z * Context: Robomongo::MainWindow
build-app	Configure and Build Robo 3T	2026-04-14T01:17:33.9363271Z * Source: File
build-app	Configure and Build Robo 3T	2026-04-14T01:17:33.9363506Z 
build-app	Configure and Build Robo 3T	2026-04-14T01:17:33.9363662Z * Context: Robomongo::MainWindow
build-app	Configure and Build Robo 3T	2026-04-14T01:17:33.9364053Z * Source: View
build-app	Configure and Build Robo 3T	2026-04-14T01:17:33.9364225Z 
build-app	Configure and Build Robo 3T	2026-04-14T01:17:33.9364368Z * Context: Robomongo::MainWindow
build-app	Configure and Build Robo 3T	2026-04-14T01:17:33.9364732Z * Source: Error
build-app	Configure and Build Robo 3T	2026-04-14T01:17:33.9364911Z 
build-app	Configure and Build Robo 3T	2026-04-14T01:17:33.9365040Z * Context: Robomongo::MainWindow
build-app	Configure and Build Robo 3T	2026-04-14T01:17:33.9365623Z * Source: Refresh not working yet... : <br/>  <b>Ctrl+D</b> : push Button
build-app	Configure and Build Robo 3T	2026-04-14T01:17:33.9367115Z 
build-app	Configure and Build Robo 3T	2026-04-14T01:17:33.9367268Z * Context: Robomongo::MainWindow
build-app	Configure and Build Robo 3T	2026-04-14T01:17:33.9367649Z * Source: Connect to MongoDB
build-app	Configure and Build Robo 3T	2026-04-14T01:17:33.9367902Z 
build-app	Configure and Build Robo 3T	2026-04-14T01:17:33.9368034Z * Context: Robomongo::MainWindow
build-app	Configure and Build Robo 3T	2026-04-14T01:17:33.9368445Z * Source: Cannot connect to MongoDB (%1)
build-app	Configure and Build Robo 3T	2026-04-14T01:17:33.9368764Z 
build-app	Configure and Build Robo 3T	2026-04-14T01:17:33.9368892Z * Context: Robomongo::MainWindow
build-app	Configure and Build Robo 3T	2026-04-14T01:17:33.9369261Z * Source: Show Robo 3T
build-app	Configure and Build Robo 3T	2026-04-14T01:17:33.9369467Z 
build-app	Configure and Build Robo 3T	2026-04-14T01:17:33.9369601Z * Context: Robomongo::MainWindow
build-app	Configure and Build Robo 3T	2026-04-14T01:17:33.9370018Z * Source: &Explorer
build-app	Configure and Build Robo 3T	2026-04-14T01:17:33.9370216Z 
build-app	Configure and Build Robo 3T	2026-04-14T01:17:33.9370345Z * Context: Robomongo::MainWindow
build-app	Configure and Build Robo 3T	2026-04-14T01:17:33.9370766Z * Source: Cannot connect to the MongoDB at %1.
build-app	Configure and Build Robo 3T	2026-04-14T01:17:33.9371107Z 
build-app	Configure and Build Robo 3T	2026-04-14T01:17:33.9371237Z * Context: Robomongo::MainWindow
build-app	Configure and Build Robo 3T	2026-04-14T01:17:33.9371609Z * Source: Operation failed
build-app	Configure and Build Robo 3T	2026-04-14T01:17:33.9371848Z 
build-app	Configure and Build Robo 3T	2026-04-14T01:17:33.9371974Z * Context: Robomongo::MainWindow
build-app	Configure and Build Robo 3T	2026-04-14T01:17:33.9372375Z * Source: Duplicate Query in New Tab
build-app	Configure and Build Robo 3T	2026-04-14T01:17:33.9372663Z 
build-app	Configure and Build Robo 3T	2026-04-14T01:17:33.9372795Z * Context: Robomongo::MainWindow
build-app	Configure and Build Robo 3T	2026-04-14T01:17:33.9373173Z * Source: Open/Refresh Welcome Tab
build-app	Configure and Build Robo 3T	2026-04-14T01:17:33.9373456Z 
build-app	Configure and Build Robo 3T	2026-04-14T01:17:33.9373588Z * Context: Robomongo::MainWindow
build-app	Configure and Build Robo 3T	2026-04-14T01:17:33.9373968Z * Source: Select Previous Tab
build-app	Configure and Build Robo 3T	2026-04-14T01:17:33.9374218Z 
build-app	Configure and Build Robo 3T	2026-04-14T01:17:33.9374342Z * Context: Robomongo::MainWindow
build-app	Configure and Build Robo 3T	2026-04-14T01:17:33.9374744Z * Source: Re-execute Query in Current Tab
build-app	Configure and Build Robo 3T	2026-04-14T01:17:33.9375056Z 
build-app	Configure and Build Robo 3T	2026-04-14T01:17:33.9375189Z * Context: Robomongo::MainWindow
build-app	Configure and Build Robo 3T	2026-04-14T01:17:33.9375535Z * Source: Logs
build-app	Configure and Build Robo 3T	2026-04-14T01:17:33.9375710Z 
build-app	Configure and Build Robo 3T	2026-04-14T01:17:33.9375835Z * Context: Robomongo::MainWindow
build-app	Configure and Build Robo 3T	2026-04-14T01:17:33.9376186Z * Source: Exit
build-app	Configure and Build Robo 3T	2026-04-14T01:17:33.9376356Z 
build-app	Configure and Build Robo 3T	2026-04-14T01:17:33.9376485Z * Context: Robomongo::MainWindow
build-app	Configure and Build Robo 3T	2026-04-14T01:17:33.9376853Z * Source: Updates Toolbar
build-app	Configure and Build Robo 3T	2026-04-14T01:17:33.9377088Z 
build-app	Configure and Build Robo 3T	2026-04-14T01:17:33.9377211Z * Context: Robomongo::MainWindow
build-app	Configure and Build Robo 3T	2026-04-14T01:17:33.9377575Z * Source: Theme
build-app	Configure and Build Robo 3T	2026-04-14T01:17:33.9377746Z 
build-app	Configure and Build Robo 3T	2026-04-14T01:17:33.9377870Z * Context: Robomongo::MainWindow
build-app	Configure and Build Robo 3T	2026-04-14T01:17:33.9378323Z * Source: Close button should minimize to system tray
build-app	Configure and Build Robo 3T	2026-04-14T01:17:33.9378898Z 
build-app	Configure and Build Robo 3T	2026-04-14T01:17:33.9379029Z * Context: Robomongo::MainWindow
build-app	Configure and Build Robo 3T	2026-04-14T01:17:33.9379408Z * Source: Minimize to Tray
build-app	Configure and Build Robo 3T	2026-04-14T01:17:33.9379638Z 
build-app	Configure and Build Robo 3T	2026-04-14T01:17:33.9379763Z * Context: Robomongo::MainWindow
build-app	Configure and Build Robo 3T	2026-04-14T01:17:33.9380157Z * Source: Show Line Numbers By Default
build-app	Configure and Build Robo 3T	2026-04-14T01:17:33.9380452Z 
build-app	Configure and Build Robo 3T	2026-04-14T01:17:33.9380588Z * Context: Robomongo::MainWindow
build-app	Configure and Build Robo 3T	2026-04-14T01:17:33.9380971Z * Source: Disable Connection Shortcuts
build-app	Configure and Build Robo 3T	2026-04-14T01:17:33.9381272Z 
build-app	Configure and Build Robo 3T	2026-04-14T01:17:33.9381398Z * Context: Robomongo::MainWindow
build-app	Configure and Build Robo 3T	2026-04-14T01:17:33.9381759Z * Source: &Minimize
build-app	Configure and Build Robo 3T	2026-04-14T01:17:33.9381941Z 
build-app	Configure and Build Robo 3T	2026-04-14T01:17:33.9382072Z * Context: Robomongo::MainWindow
build-app	Configure and Build Robo 3T	2026-04-14T01:17:33.9382773Z * Source: Select Next Tab
build-app	Configure and Build Robo 3T	2026-04-14T01:17:33.9383021Z 
build-app	Configure and Build Robo 3T	2026-04-14T01:17:33.9383152Z * Context: Robomongo::MainWindow
build-app	Configure and Build Robo 3T	2026-04-14T01:17:33.9383526Z * Source: Preferences
build-app	Configure and Build Robo 3T	2026-04-14T01:17:33.9383729Z 
build-app	Configure and Build Robo 3T	2026-04-14T01:17:33.9383855Z * Context: Robomongo::MainWindow
build-app	Configure and Build Robo 3T	2026-04-14T01:17:33.9384229Z * Source: &Full Screen
build-app	Configure and Build Robo 3T	2026-04-14T01:17:33.9384442Z 
build-app	Configure and Build Robo 3T	2026-04-14T01:17:33.9384567Z * Context: Robomongo::MainWindow
build-app	Configure and Build Robo 3T	2026-04-14T01:17:33.9384923Z * Source: All
build-app	Configure and Build Robo 3T	2026-04-14T01:17:33.9385084Z 
build-app	Configure and Build Robo 3T	2026-04-14T01:17:33.9385207Z * Context: Robomongo::MainWindow
build-app	Configure and Build Robo 3T	2026-04-14T01:17:33.9385609Z * Source: All (Except Collection Names)
build-app	Configure and Build Robo 3T	2026-04-14T01:17:33.9385914Z 
build-app	Configure and Build Robo 3T	2026-04-14T01:17:33.9386045Z * Context: Robomongo::MainWindow
build-app	Configure and Build Robo 3T	2026-04-14T01:17:33.9386420Z * Source: Use Python Encoding
build-app	Configure and Build Robo 3T	2026-04-14T01:17:33.9386678Z 
build-app	Configure and Build Robo 3T	2026-04-14T01:17:33.9386811Z * Context: Robomongo::MainWindow
build-app	Configure and Build Robo 3T	2026-04-14T01:17:33.9387189Z * Source: Legacy UUID Encoding
build-app	Configure and Build Robo 3T	2026-04-14T01:17:33.9387440Z 
build-app	Configure and Build Robo 3T	2026-04-14T01:17:33.9387574Z * Context: Robomongo::MainWindow
build-app	Configure and Build Robo 3T	2026-04-14T01:17:33.9387938Z * Source: Load .mongorc.js
build-app	Configure and Build Robo 3T	2026-04-14T01:17:33.9389027Z 
build-app	Configure and Build Robo 3T	2026-04-14T01:17:33.9389168Z * Context: Robomongo::MainWindow
build-app	Configure and Build Robo 3T	2026-04-14T01:17:33.9389567Z * Source: Auto Expand First Document
build-app	Configure and Build Robo 3T	2026-04-14T01:17:33.9389861Z 
build-app	Configure and Build Robo 3T	2026-04-14T01:17:33.9389987Z * Context: Robomongo::MainWindow
build-app	Configure and Build Robo 3T	2026-04-14T01:17:33.9390354Z * Source: None
build-app	Configure and Build Robo 3T	2026-04-14T01:17:33.9390521Z 
build-app	Configure and Build Robo 3T	2026-04-14T01:17:33.9390657Z * Context: Robomongo::MainWindow
build-app	Configure and Build Robo 3T	2026-04-14T01:17:33.9391044Z * Source: Autocompletion Mode
build-app	Configure and Build Robo 3T	2026-04-14T01:17:33.9391294Z 
build-app	Configure and Build Robo 3T	2026-04-14T01:17:33.9391440Z * Context: Robomongo::CreateUserDialog
build-app	Configure and Build Robo 3T	2026-04-14T01:17:33.9391840Z * Source: Name:
build-app	Configure and Build Robo 3T	2026-04-14T01:17:33.9392008Z 
build-app	Configure and Build Robo 3T	2026-04-14T01:17:33.9392155Z * Context: Robomongo::CreateUserDialog
build-app	Configure and Build Robo 3T	2026-04-14T01:17:33.9392554Z * Source: Password:
build-app	Configure and Build Robo 3T	2026-04-14T01:17:33.9392750Z 
build-app	Configure and Build Robo 3T	2026-04-14T01:17:33.9392922Z * Context: Robomongo::CreateCollectionDialog
build-app	Configure and Build Robo 3T	2026-04-14T01:17:33.9393471Z * Source: Option deprecated since database version 3.2
build-app	Configure and Build Robo 3T	2026-04-14T01:17:33.9393859Z 
build-app	Configure and Build Robo 3T	2026-04-14T01:17:33.9394014Z * Context: Robomongo::CreateUserDialog
build-app	Configure and Build Robo 3T	2026-04-14T01:17:33.9394400Z * Source: Add User
build-app	Configure and Build Robo 3T	2026-04-14T01:17:33.9394586Z 
build-app	Configure and Build Robo 3T	2026-04-14T01:17:33.9394722Z * Context: Robomongo::CreateUserDialog
build-app	Configure and Build Robo 3T	2026-04-14T01:17:33.9395114Z * Source: read
build-app	Configure and Build Robo 3T	2026-04-14T01:17:33.9395274Z 
build-app	Configure and Build Robo 3T	2026-04-14T01:17:33.9395417Z * Context: Robomongo::CreateUserDialog
build-app	Configure and Build Robo 3T	2026-04-14T01:17:33.9395811Z * Source: readWrite
build-app	Configure and Build Robo 3T	2026-04-14T01:17:33.9395996Z 
build-app	Configure and Build Robo 3T	2026-04-14T01:17:33.9396139Z * Context: Robomongo::CreateUserDialog
build-app	Configure and Build Robo 3T	2026-04-14T01:17:33.9396540Z * Source: UserSource:
build-app	Configure and Build Robo 3T	2026-04-14T01:17:33.9396737Z 
build-app	Configure and Build Robo 3T	2026-04-14T01:17:33.9396874Z * Context: Robomongo::CreateUserDialog
build-app	Configure and Build Robo 3T	2026-04-14T01:17:33.9397267Z * Source: Read Only
build-app	Configure and Build Robo 3T	2026-04-14T01:17:33.9397447Z 
build-app	Configure and Build Robo 3T	2026-04-14T01:17:33.9397584Z * Context: Robomongo::ExportDialog
build-app	Configure and Build Robo 3T	2026-04-14T01:17:33.9398088Z * Source: Error: "mongoexport" process failed. Error code: 
build-app	Configure and Build Robo 3T	2026-04-14T01:17:33.9398511Z 
build-app	Configure and Build Robo 3T	2026-04-14T01:17:33.9398645Z * Context: Robomongo::ExportDialog
build-app	Configure and Build Robo 3T	2026-04-14T01:17:33.9399021Z * Source: Details
build-app	Configure and Build Robo 3T	2026-04-14T01:17:33.9399203Z 
build-app	Configure and Build Robo 3T	2026-04-14T01:17:33.9399342Z * Context: Robomongo::ExportDialog
build-app	Configure and Build Robo 3T	2026-04-14T01:17:33.9400479Z * Source: Error: "mongoexport" process failed to start. Either the invoked program is missing, or you may have insufficient permissions to invoke the program.
build-app	Configure and Build Robo 3T	2026-04-14T01:17:33.9401701Z 
build-app	Configure and Build Robo 3T	2026-04-14T01:17:33.9401837Z * Context: Robomongo::ExportDialog
build-app	Configure and Build Robo 3T	2026-04-14T01:17:33.9402814Z * Source: Error: "mongoexport" process crashed some time after starting successfully..
build-app	Configure and Build Robo 3T	2026-04-14T01:17:33.9403431Z 
build-app	Configure and Build Robo 3T	2026-04-14T01:17:33.9403607Z * Context: Robomongo::CreateCollectionDialog
build-app	Configure and Build Robo 3T	2026-04-14T01:17:33.9404387Z * Source: Option available for MMAPv1 storage engine only and database version 3.0 and higher.
build-app	Configure and Build Robo 3T	2026-04-14T01:17:33.9405052Z 
build-app	Configure and Build Robo 3T	2026-04-14T01:17:33.9405217Z * Context: Robomongo::CreateCollectionDialog
build-app	Configure and Build Robo 3T	2026-04-14T01:17:33.9406039Z * Source: Option available for MMAPv1 storage engine only and deprecated since database version 3.0
build-app	Configure and Build Robo 3T	2026-04-14T01:17:33.9406731Z 
build-app	Configure and Build Robo 3T	2026-04-14T01:17:33.9406896Z * Context: Robomongo::CreateCollectionDialog
build-app	Configure and Build Robo 3T	2026-04-14T01:17:33.9407711Z * Source: Option available for WiredTiger storage engine only and database version 3.0 and higher.
build-app	Configure and Build Robo 3T	2026-04-14T01:17:33.9408408Z 
build-app	Configure and Build Robo 3T	2026-04-14T01:17:33.9408576Z * Context: Robomongo::CreateCollectionDialog
build-app	Configure and Build Robo 3T	2026-04-14T01:17:33.9409159Z * Source: Option available for database version 3.2 and higher.
build-app	Configure and Build Robo 3T	2026-04-14T01:17:33.9409609Z 
build-app	Configure and Build Robo 3T	2026-04-14T01:17:33.9409744Z * Context: Robomongo::ExportDialog
build-app	Configure and Build Robo 3T	2026-04-14T01:17:33.9410208Z * Source: "Fields" option is required in CSV mode.
build-app	Configure and Build Robo 3T	2026-04-14T01:17:33.9410566Z 
build-app	Configure and Build Robo 3T	2026-04-14T01:17:33.9410697Z * Context: Robomongo::ExportDialog
build-app	Configure and Build Robo 3T	2026-04-14T01:17:33.9411084Z * Source: Exporting...
build-app	Configure and Build Robo 3T	2026-04-14T01:17:33.9411298Z 
build-app	Configure and Build Robo 3T	2026-04-14T01:17:33.9411431Z * Context: Robomongo::ExportDialog
build-app	Configure and Build Robo 3T	2026-04-14T01:17:33.9411808Z * Source: Error
build-app	Configure and Build Robo 3T	2026-04-14T01:17:33.9411985Z 
build-app	Configure and Build Robo 3T	2026-04-14T01:17:33.9412115Z * Context: Robomongo::ExportDialog
build-app	Configure and Build Robo 3T	2026-04-14T01:17:33.9412508Z * Source: Exported file: 
build-app	Configure and Build Robo 3T	2026-04-14T01:17:33.9412735Z 
build-app	Configure and Build Robo 3T	2026-04-14T01:17:33.9413078Z * Context: Robomongo::ExportDialog
build-app	Configure and Build Robo 3T	2026-04-14T01:17:33.9413487Z * Source: Number of records exported:
build-app	Configure and Build Robo 3T	2026-04-14T01:17:33.9413793Z 
build-app	Configure and Build Robo 3T	2026-04-14T01:17:33.9413926Z * Context: Robomongo::ExportDialog
build-app	Configure and Build Robo 3T	2026-04-14T01:17:33.9414302Z * Source: E&xport
build-app	Configure and Build Robo 3T	2026-04-14T01:17:33.9414488Z 
build-app	Configure and Build Robo 3T	2026-04-14T01:17:33.9414626Z * Context: Robomongo::ExportDialog
build-app	Configure and Build Robo 3T	2026-04-14T01:17:33.9415013Z * Source: Selected Collection
build-app	Configure and Build Robo 3T	2026-04-14T01:17:33.9415267Z 
build-app	Configure and Build Robo 3T	2026-04-14T01:17:33.9415400Z * Context: Robomongo::ExportDialog
build-app	Configure and Build Robo 3T	2026-04-14T01:17:33.9415779Z * Source: Manual Mode
build-app	Configure and Build Robo 3T	2026-04-14T01:17:33.9415978Z 
build-app	Configure and Build Robo 3T	2026-04-14T01:17:33.9416108Z * Context: Robomongo::ExportDialog
build-app	Configure and Build Robo 3T	2026-04-14T01:17:33.9416479Z * Source: Auto Mode
build-app	Configure and Build Robo 3T	2026-04-14T01:17:33.9416661Z 
build-app	Configure and Build Robo 3T	2026-04-14T01:17:33.9416795Z * Context: Robomongo::ExportDialog
build-app	Configure and Build Robo 3T	2026-04-14T01:17:33.9417177Z * Source: Manual Export
build-app	Configure and Build Robo 3T	2026-04-14T01:17:33.9417387Z 
build-app	Configure and Build Robo 3T	2026-04-14T01:17:33.9417518Z * Context: Robomongo::ExportDialog
build-app	Configure and Build Robo 3T	2026-04-14T01:17:33.9417904Z * Source: Export Summary
build-app	Configure and Build Robo 3T	2026-04-14T01:17:33.9418130Z 
build-app	Configure and Build Robo 3T	2026-04-14T01:17:33.9418266Z * Context: Robomongo::ExportDialog
build-app	Configure and Build Robo 3T	2026-04-14T01:17:33.9418649Z * Source: Selected Server
build-app	Configure and Build Robo 3T	2026-04-14T01:17:33.9418879Z 
build-app	Configure and Build Robo 3T	2026-04-14T01:17:33.9419008Z * Context: Robomongo::ExportDialog
build-app	Configure and Build Robo 3T	2026-04-14T01:17:33.9419411Z * Source: Output Properties
build-app	Configure and Build Robo 3T	2026-04-14T01:17:33.9419649Z 
build-app	Configure and Build Robo 3T	2026-04-14T01:17:33.9419804Z * Context: Robomongo::AddEditIndexDialog
build-app	Configure and Build Robo 3T	2026-04-14T01:17:33.9421152Z * Source: Document that contains field and weight pairs. The weight is a number ranging from 1 to 99,999 and denotes the significance of the field relative to the other indexed fields. 
build-app	Configure and Build Robo 3T	2026-04-14T01:17:33.9422384Z 
build-app	Configure and Build Robo 3T	2026-04-14T01:17:33.9422528Z * Context: Robomongo::AddEditIndexDialog
build-app	Configure and Build Robo 3T	2026-04-14T01:17:33.9423287Z * Source: Invalid json
build-app	Configure and Build Robo 3T	2026-04-14T01:17:33.9423497Z 
build-app	Configure and Build Robo 3T	2026-04-14T01:17:33.9423645Z * Context: Robomongo::AddEditIndexDialog
build-app	Configure and Build Robo 3T	2026-04-14T01:17:33.9424838Z * Source: For a <i>text</i> index, the language that determines the list of stop words and the rules for the stemmer and tokenizer. The default value is <b>english</b>
build-app	Configure and Build Robo 3T	2026-04-14T01:17:33.9425924Z 
build-app	Configure and Build Robo 3T	2026-04-14T01:17:33.9426073Z * Context: Robomongo::AddEditIndexDialog
build-app	Configure and Build Robo 3T	2026-04-14T01:17:33.9427453Z * Source: For a <i>text</i> index, specify the name of the field in the document that contains, for that document, the language to override the default language. The default value is <b>language</b>
build-app	Configure and Build Robo 3T	2026-04-14T01:17:33.9428897Z 
build-app	Configure and Build Robo 3T	2026-04-14T01:17:33.9429056Z * Context: Robomongo::AddEditIndexDialog
build-app	Configure and Build Robo 3T	2026-04-14T01:17:33.9429456Z * Source: Warning
build-app	Configure and Build Robo 3T	2026-04-14T01:17:33.9429637Z 
build-app	Configure and Build Robo 3T	2026-04-14T01:17:33.9429778Z * Context: Robomongo::AddEditIndexDialog
build-app	Configure and Build Robo 3T	2026-04-14T01:17:33.9430998Z * Source: If set, creates a unique index so that the collection will not accept insertion of documents where the index key or keys match an existing value in the index.
build-app	Configure and Build Robo 3T	2026-04-14T01:17:33.9432111Z 
build-app	Configure and Build Robo 3T	2026-04-14T01:17:33.9432263Z * Context: Robomongo::AddEditIndexDialog
build-app	Configure and Build Robo 3T	2026-04-14T01:17:33.9432669Z * Source: Name:   
build-app	Configure and Build Robo 3T	2026-04-14T01:17:33.9432855Z 
build-app	Configure and Build Robo 3T	2026-04-14T01:17:33.9433006Z * Context: Robomongo::AddEditIndexDialog
build-app	Configure and Build Robo 3T	2026-04-14T01:17:33.9433597Z * Source: Choose any name that will help you to identify this index.
build-app	Configure and Build Robo 3T	2026-04-14T01:17:33.9434068Z 
build-app	Configure and Build Robo 3T	2026-04-14T01:17:33.9434209Z * Context: Robomongo::AddEditIndexDialog
build-app	Configure and Build Robo 3T	2026-04-14T01:17:33.9435403Z * Source: Document that contains pairs with the name of the field or fields to index and order of the index. A 1 specifies ascending and a -1 specifies descending.
build-app	Configure and Build Robo 3T	2026-04-14T01:17:33.9436489Z 
build-app	Configure and Build Robo 3T	2026-04-14T01:17:33.9436632Z * Context: Robomongo::AddEditIndexDialog
build-app	Configure and Build Robo 3T	2026-04-14T01:17:33.9437507Z * Source: Builds the index in the background so that building an index does not block other database activities.
build-app	Configure and Build Robo 3T	2026-04-14T01:17:33.9438269Z 
build-app	Configure and Build Robo 3T	2026-04-14T01:17:33.9438413Z * Context: Robomongo::AddEditIndexDialog
build-app	Configure and Build Robo 3T	2026-04-14T01:17:33.9439708Z * Source: Specifies a <i>time to live</i>, in seconds, to control how long MongoDB retains documents in this collection
build-app	Configure and Build Robo 3T	2026-04-14T01:17:33.9440849Z 
build-app	Configure and Build Robo 3T	2026-04-14T01:17:33.9441017Z * Context: Robomongo::AddEditIndexDialog
build-app	Configure and Build Robo 3T	2026-04-14T01:17:33.9441631Z * Source: Keys:   
build-app	Configure and Build Robo 3T	2026-04-14T01:17:33.9441818Z 
build-app	Configure and Build Robo 3T	2026-04-14T01:17:33.9441966Z * Context: Robomongo::AddEditIndexDialog
build-app	Configure and Build Robo 3T	2026-04-14T01:17:33.9443251Z * Source: If set, the index only references documents with the specified field. These indexes use less space but behave differently in some situations (particularly sorts).
build-app	Configure and Build Robo 3T	2026-04-14T01:17:33.9444434Z 
build-app	Configure and Build Robo 3T	2026-04-14T01:17:33.9444579Z * Context: Robomongo::CreateUserDialog
build-app	Configure and Build Robo 3T	2026-04-14T01:17:33.9444990Z * Source: clusterAdmin
build-app	Configure and Build Robo 3T	2026-04-14T01:17:33.9445199Z 
build-app	Configure and Build Robo 3T	2026-04-14T01:17:33.9445340Z * Context: Robomongo::CreateUserDialog
build-app	Configure and Build Robo 3T	2026-04-14T01:17:33.9445766Z * Source: readAnyDatabase
build-app	Configure and Build Robo 3T	2026-04-14T01:17:33.9445997Z 
build-app	Configure and Build Robo 3T	2026-04-14T01:17:33.9446148Z * Context: Robomongo::CreateUserDialog
build-app	Configure and Build Robo 3T	2026-04-14T01:17:33.9446544Z * Source: dbAdmin
build-app	Configure and Build Robo 3T	2026-04-14T01:17:33.9446729Z 
build-app	Configure and Build Robo 3T	2026-04-14T01:17:33.9446869Z * Context: Robomongo::CreateUserDialog
build-app	Configure and Build Robo 3T	2026-04-14T01:17:33.9447273Z * Source: userAdmin
build-app	Configure and Build Robo 3T	2026-04-14T01:17:33.9447467Z 
build-app	Configure and Build Robo 3T	2026-04-14T01:17:33.9447611Z * Context: Robomongo::CreateUserDialog
build-app	Configure and Build Robo 3T	2026-04-14T01:17:33.9448026Z * Source: dbAdminAnyDatabase
build-app	Configure and Build Robo 3T	2026-04-14T01:17:33.9448288Z 
build-app	Configure and Build Robo 3T	2026-04-14T01:17:33.9448433Z * Context: Robomongo::AddEditIndexDialog
build-app	Configure and Build Robo 3T	2026-04-14T01:17:33.9448868Z * Source: Index Properties
build-app	Configure and Build Robo 3T	2026-04-14T01:17:33.9449098Z 
build-app	Configure and Build Robo 3T	2026-04-14T01:17:33.9449237Z * Context: Robomongo::CreateUserDialog
build-app	Configure and Build Robo 3T	2026-04-14T01:17:33.9449662Z * Source: readWriteAnyDatabase
build-app	Configure and Build Robo 3T	2026-04-14T01:17:33.9449926Z 
build-app	Configure and Build Robo 3T	2026-04-14T01:17:33.9450062Z * Context: Robomongo::CreateUserDialog
build-app	Configure and Build Robo 3T	2026-04-14T01:17:33.9450488Z * Source: userAdminAnyDatabase
build-app	Configure and Build Robo 3T	2026-04-14T01:17:33.9450744Z 
build-app	Configure and Build Robo 3T	2026-04-14T01:17:33.9450872Z * Context: Robomongo::FindFrame
build-app	Configure and Build Robo 3T	2026-04-14T01:17:33.9451277Z * Source: The specified text was not found.
build-app	Configure and Build Robo 3T	2026-04-14T01:17:33.9451597Z 
build-app	Configure and Build Robo 3T	2026-04-14T01:17:33.9451791Z * Context: Robomongo::ConnectionDiagnosticDialog
build-app	Configure and Build Robo 3T	2026-04-14T01:17:33.9452254Z * Source: Diagnostic
build-app	Configure and Build Robo 3T	2026-04-14T01:17:33.9452454Z 
build-app	Configure and Build Robo 3T	2026-04-14T01:17:33.9452577Z * Context: Robomongo::FindFrame
build-app	Configure and Build Robo 3T	2026-04-14T01:17:33.9452945Z * Source: Match case
build-app	Configure and Build Robo 3T	2026-04-14T01:17:33.9453133Z 
build-app	Configure and Build Robo 3T	2026-04-14T01:17:33.9453263Z * Context: Robomongo::FindFrame
build-app	Configure and Build Robo 3T	2026-04-14T01:17:33.9453616Z * Source: Search
build-app	Configure and Build Robo 3T	2026-04-14T01:17:33.9453795Z 
build-app	Configure and Build Robo 3T	2026-04-14T01:17:33.9454143Z * Context: Robomongo::ConnectionDiagnosticDialog
build-app	Configure and Build Robo 3T	2026-04-14T01:17:33.9454615Z * Source: Error details
build-app	Configure and Build Robo 3T	2026-04-14T01:17:33.9454825Z 
build-app	Configure and Build Robo 3T	2026-04-14T01:17:33.9455006Z * Context: Robomongo::ConnectionDiagnosticDialog
build-app	Configure and Build Robo 3T	2026-04-14T01:17:33.9455547Z * Source: Connecting to SSH server at <b>%1:%2</b>...
build-app	Configure and Build Robo 3T	2026-04-14T01:17:33.9455911Z 
build-app	Configure and Build Robo 3T	2026-04-14T01:17:33.9456098Z * Context: Robomongo::ConnectionDiagnosticDialog
build-app	Configure and Build Robo 3T	2026-04-14T01:17:33.9456548Z * Source: &Close
build-app	Configure and Build Robo 3T	2026-04-14T01:17:33.9456722Z 
build-app	Configure and Build Robo 3T	2026-04-14T01:17:33.9456903Z * Context: Robomongo::ConnectionDiagnosticDialog
build-app	Configure and Build Robo 3T	2026-04-14T01:17:33.9457534Z * Source: <a href='error' style='color: #777777;'>Show error details</a>
build-app	Configure and Build Robo 3T	2026-04-14T01:17:33.9458007Z 
build-app	Configure and Build Robo 3T	2026-04-14T01:17:33.9458145Z * Context: Robomongo::QueryWidget
build-app	Configure and Build Robo 3T	2026-04-14T01:17:33.9458519Z * Source: New Shell
build-app	Configure and Build Robo 3T	2026-04-14T01:17:33.9458703Z 
build-app	Configure and Build Robo 3T	2026-04-14T01:17:33.9458831Z * Context: Robomongo::QueryWidget
build-app	Configure and Build Robo 3T	2026-04-14T01:17:33.9459421Z * Source:   Script executed successfully, but there are no results to show.
build-app	Configure and Build Robo 3T	2026-04-14T01:17:33.9459944Z 
build-app	Configure and Build Robo 3T	2026-04-14T01:17:33.9460084Z * Context: Robomongo::QueryWidget
build-app	Configure and Build Robo 3T	2026-04-14T01:17:33.9460414Z * Source:  second)
build-app	Configure and Build Robo 3T	2026-04-14T01:17:33.9460868Z 
build-app	Configure and Build Robo 3T	2026-04-14T01:17:33.9461004Z * Context: Robomongo::QueryWidget
build-app	Configure and Build Robo 3T	2026-04-14T01:17:33.9461394Z * Source: Change Shell Timeout
build-app	Configure and Build Robo 3T	2026-04-14T01:17:33.9461645Z 
build-app	Configure and Build Robo 3T	2026-04-14T01:17:33.9461768Z * Context: Robomongo::FindFrame
build-app	Configure and Build Robo 3T	2026-04-14T01:17:33.9462117Z * Source: Next
build-app	Configure and Build Robo 3T	2026-04-14T01:17:33.9462280Z 
build-app	Configure and Build Robo 3T	2026-04-14T01:17:33.9462406Z * Context: Robomongo::FindFrame
build-app	Configure and Build Robo 3T	2026-04-14T01:17:33.9462746Z * Source: Previous
build-app	Configure and Build Robo 3T	2026-04-14T01:17:33.9462930Z 
build-app	Configure and Build Robo 3T	2026-04-14T01:17:33.9463063Z * Context: Robomongo::PagingWidget
build-app	Configure and Build Robo 3T	2026-04-14T01:17:33.9463437Z * Source: Skip
build-app	Configure and Build Robo 3T	2026-04-14T01:17:33.9463600Z 
build-app	Configure and Build Robo 3T	2026-04-14T01:17:33.9463901Z * Context: Robomongo::PagingWidget
build-app	Configure and Build Robo 3T	2026-04-14T01:17:33.9464387Z * Source: Batch Size (number of documents shown at once)
build-app	Configure and Build Robo 3T	2026-04-14T01:17:33.9464787Z 
build-app	Configure and Build Robo 3T	2026-04-14T01:17:33.9464914Z * Context: Robomongo::QueryWidget
build-app	Configure and Build Robo 3T	2026-04-14T01:17:33.9465305Z * Source: Failed to load documents.
build-app	Configure and Build Robo 3T	2026-04-14T01:17:33.9465595Z 
build-app	Configure and Build Robo 3T	2026-04-14T01:17:33.9465688Z Error:
build-app	Configure and Build Robo 3T	2026-04-14T01:17:33.9465906Z %1
build-app	Configure and Build Robo 3T	2026-04-14T01:17:33.9466036Z 
build-app	Configure and Build Robo 3T	2026-04-14T01:17:33.9466163Z * Context: Robomongo::QueryWidget
build-app	Configure and Build Robo 3T	2026-04-14T01:17:33.9466595Z * Source: Error
build-app	Configure and Build Robo 3T	2026-04-14T01:17:33.9466767Z 
build-app	Configure and Build Robo 3T	2026-04-14T01:17:33.9466940Z * Context: Robomongo::OutputItemContentWidget
build-app	Configure and Build Robo 3T	2026-04-14T01:17:33.9467385Z * Source: Loading...
build-app	Configure and Build Robo 3T	2026-04-14T01:17:33.9467579Z 
build-app	Configure and Build Robo 3T	2026-04-14T01:17:33.9467710Z * Context: Robomongo::QueryWidget
build-app	Configure and Build Robo 3T	2026-04-14T01:17:33.9468130Z * Source: The script has reached shell timeout
build-app	Configure and Build Robo 3T	2026-04-14T01:17:33.9468478Z 
build-app	Configure and Build Robo 3T	2026-04-14T01:17:33.9468605Z * Context: Robomongo::QueryWidget
build-app	Configure and Build Robo 3T	2026-04-14T01:17:33.9468971Z * Source:  seconds)
build-app	Configure and Build Robo 3T	2026-04-14T01:17:33.9469157Z 
build-app	Configure and Build Robo 3T	2026-04-14T01:17:33.9469288Z * Context: Robomongo::QueryWidget
build-app	Configure and Build Robo 3T	2026-04-14T01:17:33.9469677Z * Source: Failed to execute script.
build-app	Configure and Build Robo 3T	2026-04-14T01:17:33.9469966Z 
build-app	Configure and Build Robo 3T	2026-04-14T01:17:33.9469974Z 
build-app	Configure and Build Robo 3T	2026-04-14T01:17:33.9469980Z 
build-app	Configure and Build Robo 3T	2026-04-14T01:17:33.9470110Z * Context: Robomongo::QueryWidget
build-app	Configure and Build Robo 3T	2026-04-14T01:17:33.9470625Z * Source: At least one of the scripts has reached shell timeout
build-app	Configure and Build Robo 3T	2026-04-14T01:17:33.9471060Z 
build-app	Configure and Build Robo 3T	2026-04-14T01:17:33.9471195Z * Context: Robomongo::ExportDialog
build-app	Configure and Build Robo 3T	2026-04-14T01:17:33.9471560Z * Source: Fields:
build-app	Configure and Build Robo 3T	2026-04-14T01:17:33.9471742Z 
build-app	Configure and Build Robo 3T	2026-04-14T01:17:33.9471873Z * Context: Robomongo::ExportDialog
build-app	Configure and Build Robo 3T	2026-04-14T01:17:33.9472243Z * Source: Format:
build-app	Configure and Build Robo 3T	2026-04-14T01:17:33.9472414Z 
build-app	Configure and Build Robo 3T	2026-04-14T01:17:33.9472544Z * Context: Robomongo::ExportDialog
build-app	Configure and Build Robo 3T	2026-04-14T01:17:33.9472915Z * Source: JSON
build-app	Configure and Build Robo 3T	2026-04-14T01:17:33.9473077Z 
build-app	Configure and Build Robo 3T	2026-04-14T01:17:33.9473215Z * Context: Robomongo::ExportDialog
build-app	Configure and Build Robo 3T	2026-04-14T01:17:33.9473584Z * Source: CSV
build-app	Configure and Build Robo 3T	2026-04-14T01:17:33.9473742Z 
build-app	Configure and Build Robo 3T	2026-04-14T01:17:33.9473877Z * Context: Robomongo::ExportDialog
build-app	Configure and Build Robo 3T	2026-04-14T01:17:33.9474252Z * Source: Directory:
build-app	Configure and Build Robo 3T	2026-04-14T01:17:33.9474441Z 
build-app	Configure and Build Robo 3T	2026-04-14T01:17:33.9474573Z * Context: Robomongo::ExportDialog
build-app	Configure and Build Robo 3T	2026-04-14T01:17:33.9474935Z * Source: Command:
build-app	Configure and Build Robo 3T	2026-04-14T01:17:33.9475295Z 
build-app	Configure and Build Robo 3T	2026-04-14T01:17:33.9475425Z * Context: Robomongo::ExportDialog
build-app	Configure and Build Robo 3T	2026-04-14T01:17:33.9475793Z * Source: Query:
build-app	Configure and Build Robo 3T	2026-04-14T01:17:33.9475965Z 
build-app	Configure and Build Robo 3T	2026-04-14T01:17:33.9476093Z * Context: Robomongo::ExportDialog
build-app	Configure and Build Robo 3T	2026-04-14T01:17:33.9476465Z * Source: File Name:
build-app	Configure and Build Robo 3T	2026-04-14T01:17:33.9476655Z 
build-app	Configure and Build Robo 3T	2026-04-14T01:17:33.9476782Z * Context: Robomongo::ExportDialog
build-app	Configure and Build Robo 3T	2026-04-14T01:17:33.9477293Z * Source: <a href='error' style='color: #777777;'>Hide details</a>
build-app	Configure and Build Robo 3T	2026-04-14T01:17:33.9477727Z 
build-app	Configure and Build Robo 3T	2026-04-14T01:17:33.9477854Z * Context: Robomongo::ExportDialog
build-app	Configure and Build Robo 3T	2026-04-14T01:17:33.9478234Z * Source: Database Name:
build-app	Configure and Build Robo 3T	2026-04-14T01:17:33.9478452Z 
build-app	Configure and Build Robo 3T	2026-04-14T01:17:33.9478585Z * Context: Robomongo::ExportDialog
build-app	Configure and Build Robo 3T	2026-04-14T01:17:33.9478964Z * Source: Export Collection
build-app	Configure and Build Robo 3T	2026-04-14T01:17:33.9479213Z 
build-app	Configure and Build Robo 3T	2026-04-14T01:17:33.9479342Z * Context: Robomongo::ExportDialog
build-app	Configure and Build Robo 3T	2026-04-14T01:17:33.9479852Z * Source: <a href='error' style='color: #777777;'>Show details</a>
build-app	Configure and Build Robo 3T	2026-04-14T01:17:33.9480280Z 
build-app	Configure and Build Robo 3T	2026-04-14T01:17:33.9480413Z * Context: Robomongo::ExportDialog
build-app	Configure and Build Robo 3T	2026-04-14T01:17:33.9481060Z * Source: Database: 
build-app	Configure and Build Robo 3T	2026-04-14T01:17:33.9481264Z 
build-app	Configure and Build Robo 3T	2026-04-14T01:17:33.9481395Z * Context: Robomongo::ExportDialog
build-app	Configure and Build Robo 3T	2026-04-14T01:17:33.9481781Z * Source: Collection: 
build-app	Configure and Build Robo 3T	2026-04-14T01:17:33.9481984Z 
build-app	Configure and Build Robo 3T	2026-04-14T01:17:33.9482116Z * Context: Robomongo::ExportDialog
build-app	Configure and Build Robo 3T	2026-04-14T01:17:33.9482499Z * Source: Collection Name:
build-app	Configure and Build Robo 3T	2026-04-14T01:17:33.9482738Z 
build-app	Configure and Build Robo 3T	2026-04-14T01:17:33.9482866Z * Context: Robomongo::ExportDialog
build-app	Configure and Build Robo 3T	2026-04-14T01:17:33.9483236Z * Source: Server: 
build-app	Configure and Build Robo 3T	2026-04-14T01:17:33.9483412Z 
build-app	Configure and Build Robo 3T	2026-04-14T01:17:33.9483597Z * Context: Robomongo::ConnectionDiagnosticDialog
build-app	Configure and Build Robo 3T	2026-04-14T01:17:33.9484215Z * Source: Authorization failed on <b>%1</b> database as <b>%2</b>
build-app	Configure and Build Robo 3T	2026-04-14T01:17:33.9484660Z 
build-app	Configure and Build Robo 3T	2026-04-14T01:17:33.9485020Z * Context: Robomongo::ConnectionDiagnosticDialog
build-app	Configure and Build Robo 3T	2026-04-14T01:17:33.9485504Z * Source: No chance to authorize
build-app	Configure and Build Robo 3T	2026-04-14T01:17:33.9485764Z 
build-app	Configure and Build Robo 3T	2026-04-14T01:17:33.9485941Z * Context: Robomongo::ConnectionDiagnosticDialog
build-app	Configure and Build Robo 3T	2026-04-14T01:17:33.9486525Z * Source: Authorizing on <b>%1</b> database as <b>%2</b>...
build-app	Configure and Build Robo 3T	2026-04-14T01:17:33.9486924Z 
build-app	Configure and Build Robo 3T	2026-04-14T01:17:33.9487112Z * Context: Robomongo::ConnectionDiagnosticDialog
build-app	Configure and Build Robo 3T	2026-04-14T01:17:33.9487651Z * Source: Authorized on <b>%1</b> database as <b>%2</b>
build-app	Configure and Build Robo 3T	2026-04-14T01:17:33.9488034Z 
build-app	Configure and Build Robo 3T	2026-04-14T01:17:33.9488212Z * Context: Robomongo::ConnectionDiagnosticDialog
build-app	Configure and Build Robo 3T	2026-04-14T01:17:33.9488705Z * Source: Failed to load list of databases
build-app	Configure and Build Robo 3T	2026-04-14T01:17:33.9489017Z 
build-app	Configure and Build Robo 3T	2026-04-14T01:17:33.9489204Z * Context: Robomongo::ConnectionDiagnosticDialog
build-app	Configure and Build Robo 3T	2026-04-14T01:17:33.9489699Z * Source: No chance to load list of databases
build-app	Configure and Build Robo 3T	2026-04-14T01:17:33.9490032Z 
build-app	Configure and Build Robo 3T	2026-04-14T01:17:33.9490214Z * Context: Robomongo::ConnectionDiagnosticDialog
build-app	Configure and Build Robo 3T	2026-04-14T01:17:33.9490708Z * Source: Loading list of databases...
build-app	Configure and Build Robo 3T	2026-04-14T01:17:33.9491002Z 
build-app	Configure and Build Robo 3T	2026-04-14T01:17:33.9491190Z * Context: Robomongo::ConnectionDiagnosticDialog
build-app	Configure and Build Robo 3T	2026-04-14T01:17:33.9491683Z * Source: Access to databases is available
build-app	Configure and Build Robo 3T	2026-04-14T01:17:33.9492008Z 
build-app	Configure and Build Robo 3T	2026-04-14T01:17:33.9492190Z * Context: Robomongo::ConnectionDiagnosticDialog
build-app	Configure and Build Robo 3T	2026-04-14T01:17:33.9492655Z * Source:  via SSH tunnel
build-app	Configure and Build Robo 3T	2026-04-14T01:17:33.9492874Z 
build-app	Configure and Build Robo 3T	2026-04-14T01:17:33.9493054Z * Context: Robomongo::ConnectionDiagnosticDialog
build-app	Configure and Build Robo 3T	2026-04-14T01:17:33.9493515Z * Source:  via TLS tunnel
build-app	Configure and Build Robo 3T	2026-04-14T01:17:33.9493731Z 
build-app	Configure and Build Robo 3T	2026-04-14T01:17:33.9493919Z * Context: Robomongo::ConnectionDiagnosticDialog
build-app	Configure and Build Robo 3T	2026-04-14T01:17:33.9494435Z * Source: Connected to SSH server at <b>%1:%2</b>
build-app	Configure and Build Robo 3T	2026-04-14T01:17:33.9494781Z 
build-app	Configure and Build Robo 3T	2026-04-14T01:17:33.9494958Z * Context: Robomongo::ConnectionDiagnosticDialog
build-app	Configure and Build Robo 3T	2026-04-14T01:17:33.9495515Z * Source: Unable to connect to SSH server at <b>%1:%2</b>
build-app	Configure and Build Robo 3T	2026-04-14T01:17:33.9495908Z 
build-app	Configure and Build Robo 3T	2026-04-14T01:17:33.9496092Z * Context: Robomongo::ConnectionDiagnosticDialog
build-app	Configure and Build Robo 3T	2026-04-14T01:17:33.9496580Z * Source: Failed to connect to <b>%1</b>%2
build-app	Configure and Build Robo 3T	2026-04-14T01:17:33.9496899Z 
build-app	Configure and Build Robo 3T	2026-04-14T01:17:33.9497079Z * Context: Robomongo::ConnectionDiagnosticDialog
build-app	Configure and Build Robo 3T	2026-04-14T01:17:33.9497768Z * Source: No chance to try connection to <b>%1</b>%2
build-app	Configure and Build Robo 3T	2026-04-14T01:17:33.9498132Z 
build-app	Configure and Build Robo 3T	2026-04-14T01:17:33.9498318Z * Context: Robomongo::ConnectionDiagnosticDialog
build-app	Configure and Build Robo 3T	2026-04-14T01:17:33.9498790Z * Source: Connecting to <b>%1</b>%2...
build-app	Configure and Build Robo 3T	2026-04-14T01:17:33.9499085Z 
build-app	Configure and Build Robo 3T	2026-04-14T01:17:33.9499266Z * Context: Robomongo::ConnectionDiagnosticDialog
build-app	Configure and Build Robo 3T	2026-04-14T01:17:33.9499741Z * Source: Connected to <b>%1</b>%2
build-app	Configure and Build Robo 3T	2026-04-14T01:17:33.9500011Z 
build-app	Configure and Build Robo 3T	2026-04-14T01:17:33.9500163Z * Context: Robomongo::AddEditIndexDialog
build-app	Configure and Build Robo 3T	2026-04-14T01:17:33.9500570Z * Source: Text weights
build-app	Configure and Build Robo 3T	2026-04-14T01:17:33.9500779Z 
build-app	Configure and Build Robo 3T	2026-04-14T01:17:33.9503039Z * Context: Robomongo::AddEditIndexDialog
build-app	Configure and Build Robo 3T	2026-04-14T01:17:33.9503588Z * Source: Please check json text.
build-app	Configure and Build Robo 3T	2026-04-14T01:17:33.9503876Z 
build-app	Configure and Build Robo 3T	2026-04-14T01:17:33.9503900Z 
build-app	Configure and Build Robo 3T	2026-04-14T01:17:33.9504064Z * Context: Robomongo::AddEditIndexDialog
build-app	Configure and Build Robo 3T	2026-04-14T01:17:33.9513503Z * Source: Default language:
build-app	Configure and Build Robo 3T	2026-04-14T01:17:33.9513786Z 
build-app	Configure and Build Robo 3T	2026-04-14T01:17:33.9513962Z * Context: Robomongo::AddEditIndexDialog
build-app	Configure and Build Robo 3T	2026-04-14T01:17:33.9514435Z * Source: Language override:
build-app	Configure and Build Robo 3T	2026-04-14T01:17:33.9514691Z 
build-app	Configure and Build Robo 3T	2026-04-14T01:17:33.9514828Z * Context: Robomongo::AboutDialog
build-app	Configure and Build Robo 3T	2026-04-14T01:17:33.9519121Z * Source: <h3>%1 %2 (Build %3 - %4/%5)</h3>Shell-centric MongoDB management tool.<br/><a href=\"https://%6\">Submit</a> issues/proposals on GitHub.<br/><br/><a href=\"https://%7\">%7</a> <br/>Copyright 2014-%5 <a href= %8 >%9</a>. All rights reserved.<br/><br/>The program is provided AS IS with NO WARRANTY OF ANY KIND, INCLUDING THE WARRANTY OF DESIGN, MERCHANTABILITY AND FITNESS FOR A PARTICULAR PURPOSE.<br/><br><b>Dependencies: <br></b>Mongo-Shell %10<br>Qt %11<br>OpenSSL %12<br>libssh2 %13<br>QJson %14<br>QScintilla %15<br>Google Test %16<br>ESPRIMA %17<br><br><b>Credits: <br/></b>Some icons are designed by Freepik <a href=https://www.flaticon.com>www.flaticon.com</a><br/>
build-app	Configure and Build Robo 3T	2026-04-14T01:17:33.9523932Z 
build-app	Configure and Build Robo 3T	2026-04-14T01:17:33.9524104Z * Context: Robomongo::ExportDialog
build-app	Configure and Build Robo 3T	2026-04-14T01:17:33.9524513Z * Source: Select Directory
build-app	Configure and Build Robo 3T	2026-04-14T01:17:33.9524761Z 
build-app	Configure and Build Robo 3T	2026-04-14T01:17:33.9524912Z * Context: Robomongo::AddEditIndexDialog
build-app	Configure and Build Robo 3T	2026-04-14T01:17:33.9525485Z * Source: MongoDB does not support direct (one step) edit index. 
build-app	Configure and Build Robo 3T	2026-04-14T01:17:33.9527610Z To edit an existing index, the index must be dropped and recreated. This means if the recreate step fails, the index being edited might have already been dropped. In this case, Robo 3T will try to recover (recreate) the index being edited. Please consider backing up your index first. 
build-app	Configure and Build Robo 3T	2026-04-14T01:17:33.9529463Z 
build-app	Configure and Build Robo 3T	2026-04-14T01:17:33.9529598Z Are you sure you want to proceed?
build-app	Configure and Build Robo 3T	2026-04-14T01:17:33.9529876Z 
build-app	Configure and Build Robo 3T	2026-04-14T01:17:33.9530035Z * Context: Robomongo::AddEditIndexDialog
build-app	Configure and Build Robo 3T	2026-04-14T01:17:33.9530669Z * Source: Text Search
build-app	Configure and Build Robo 3T	2026-04-14T01:17:33.9530968Z 
build-app	Configure and Build Robo 3T	2026-04-14T01:17:33.9531144Z * Context: Robomongo::AddEditIndexDialog
build-app	Configure and Build Robo 3T	2026-04-14T01:17:33.9531577Z * Source: Unique
build-app	Configure and Build Robo 3T	2026-04-14T01:17:33.9531758Z 
build-app	Configure and Build Robo 3T	2026-04-14T01:17:33.9531914Z * Context: Robomongo::AddEditIndexDialog
build-app	Configure and Build Robo 3T	2026-04-14T01:17:33.9532333Z * Source: Basic
build-app	Configure and Build Robo 3T	2026-04-14T01:17:33.9532511Z 
build-app	Configure and Build Robo 3T	2026-04-14T01:17:33.9532657Z * Context: Robomongo::AddEditIndexDialog
build-app	Configure and Build Robo 3T	2026-04-14T01:17:33.9533068Z * Source: Advanced
build-app	Configure and Build Robo 3T	2026-04-14T01:17:33.9533248Z 
build-app	Configure and Build Robo 3T	2026-04-14T01:17:33.9533393Z * Context: Robomongo::AddEditIndexDialog
build-app	Configure and Build Robo 3T	2026-04-14T01:17:33.9533796Z * Source: seconds
build-app	Configure and Build Robo 3T	2026-04-14T01:17:33.9533968Z 
build-app	Configure and Build Robo 3T	2026-04-14T01:17:33.9534117Z * Context: Robomongo::AddEditIndexDialog
build-app	Configure and Build Robo 3T	2026-04-14T01:17:33.9534527Z * Source: Expire after
build-app	Configure and Build Robo 3T	2026-04-14T01:17:33.9534741Z 
build-app	Configure and Build Robo 3T	2026-04-14T01:17:33.9534884Z * Context: Robomongo::AddEditIndexDialog
build-app	Configure and Build Robo 3T	2026-04-14T01:17:33.9535290Z * Source: Sparse
build-app	Configure and Build Robo 3T	2026-04-14T01:17:33.9535463Z 
build-app	Configure and Build Robo 3T	2026-04-14T01:17:33.9535615Z * Context: Robomongo::AddEditIndexDialog
build-app	Configure and Build Robo 3T	2026-04-14T01:17:33.9536052Z * Source: Create index in background
build-app	Configure and Build Robo 3T	2026-04-14T01:17:33.9536351Z 
build-app	Configure and Build Robo 3T	2026-04-14T01:17:33.9536495Z * Context: Robomongo::DocumentTextEditor
build-app	Configure and Build Robo 3T	2026-04-14T01:17:33.9536897Z * Source: Robo 3T
build-app	Configure and Build Robo 3T	2026-04-14T01:17:33.9537066Z 
build-app	Configure and Build Robo 3T	2026-04-14T01:17:33.9537207Z * Context: Robomongo::DocumentTextEditor
build-app	Configure and Build Robo 3T	2026-04-14T01:17:33.9537852Z * Source: Edit Document
build-app	Configure and Build Robo 3T	2026-04-14T01:17:33.9538070Z 
build-app	Configure and Build Robo 3T	2026-04-14T01:17:33.9538199Z * Context: Robomongo::MainWindow
build-app	Configure and Build Robo 3T	2026-04-14T01:17:33.9538585Z * Source: Connections Toolbar
build-app	Configure and Build Robo 3T	2026-04-14T01:17:33.9538829Z 
build-app	Configure and Build Robo 3T	2026-04-14T01:17:33.9538958Z * Context: Robomongo::MainWindow
build-app	Configure and Build Robo 3T	2026-04-14T01:17:33.9541715Z * Source: Open/Save Toolbar
build-app	Configure and Build Robo 3T	2026-04-14T01:17:33.9541989Z 
build-app	Configure and Build Robo 3T	2026-04-14T01:17:33.9542142Z * Context: Robomongo::MainWindow
build-app	Configure and Build Robo 3T	2026-04-14T01:17:33.9542519Z * Source: Check For Updates
build-app	Configure and Build Robo 3T	2026-04-14T01:17:33.9543086Z 
build-app	Configure and Build Robo 3T	2026-04-14T01:17:33.9543271Z * Context: Robomongo::MainWindow
build-app	Configure and Build Robo 3T	2026-04-14T01:17:33.9543721Z * Source: Change Shell Timeout...
build-app	Configure and Build Robo 3T	2026-04-14T01:17:33.9544026Z 
build-app	Configure and Build Robo 3T	2026-04-14T01:17:33.9544390Z * Context: Robomongo::EulaDialog
build-app	Configure and Build Robo 3T	2026-04-14T01:17:33.9544797Z * Source: I agree
build-app	Configure and Build Robo 3T	2026-04-14T01:17:33.9544986Z 
build-app	Configure and Build Robo 3T	2026-04-14T01:17:33.9545124Z * Context: Robomongo::EulaDialog
build-app	Configure and Build Robo 3T	2026-04-14T01:17:33.9545498Z * Source: I don't agree
build-app	Configure and Build Robo 3T	2026-04-14T01:17:33.9545719Z 
build-app	Configure and Build Robo 3T	2026-04-14T01:17:33.9545847Z * Context: Robomongo::MainWindow
build-app	Configure and Build Robo 3T	2026-04-14T01:17:33.9546220Z * Source: Execution Toolbar
build-app	Configure and Build Robo 3T	2026-04-14T01:17:33.9546462Z 
build-app	Configure and Build Robo 3T	2026-04-14T01:17:33.9546587Z * Context: Robomongo::MainWindow
build-app	Configure and Build Robo 3T	2026-04-14T01:17:33.9546951Z * Source: Robo 3T - 
build-app	Configure and Build Robo 3T	2026-04-14T01:17:33.9547146Z 
build-app	Configure and Build Robo 3T	2026-04-14T01:17:33.9547315Z * Context: Robomongo::CreateCollectionDialog
build-app	Configure and Build Robo 3T	2026-04-14T01:17:33.9547758Z * Source: JSON is valid!
build-app	Configure and Build Robo 3T	2026-04-14T01:17:33.9547979Z 
build-app	Configure and Build Robo 3T	2026-04-14T01:17:33.9548149Z * Context: Robomongo::CreateCollectionDialog
build-app	Configure and Build Robo 3T	2026-04-14T01:17:33.9548692Z * Source: Maximum size is required for capped collections
build-app	Configure and Build Robo 3T	2026-04-14T01:17:33.9549095Z 
build-app	Configure and Build Robo 3T	2026-04-14T01:17:33.9549258Z * Context: Robomongo::CreateCollectionDialog
build-app	Configure and Build Robo 3T	2026-04-14T01:17:33.9549692Z * Source: Parsing error
build-app	Configure and Build Robo 3T	2026-04-14T01:17:33.9550111Z 
build-app	Configure and Build Robo 3T	2026-04-14T01:17:33.9550285Z * Context: Robomongo::CreateCollectionDialog
build-app	Configure and Build Robo 3T	2026-04-14T01:17:33.9550714Z * Source: Validation
build-app	Configure and Build Robo 3T	2026-04-14T01:17:33.9550910Z 
build-app	Configure and Build Robo 3T	2026-04-14T01:17:33.9551068Z * Context: Robomongo::CreateCollectionDialog
build-app	Configure and Build Robo 3T	2026-04-14T01:17:33.9551624Z * Source: Enter the configuration for the storage engine: 
build-app	Configure and Build Robo 3T	2026-04-14T01:17:33.9552023Z 
build-app	Configure and Build Robo 3T	2026-04-14T01:17:33.9552184Z * Context: Robomongo::CreateCollectionDialog
build-app	Configure and Build Robo 3T	2026-04-14T01:17:33.9552626Z * Source: Validation Level: 
build-app	Configure and Build Robo 3T	2026-04-14T01:17:33.9552870Z 
build-app	Configure and Build Robo 3T	2026-04-14T01:17:33.9553031Z * Context: Robomongo::CreateCollectionDialog
build-app	Configure and Build Robo 3T	2026-04-14T01:17:33.9553479Z * Source: Use power-of-2 sizes
build-app	Configure and Build Robo 3T	2026-04-14T01:17:33.9553730Z 
build-app	Configure and Build Robo 3T	2026-04-14T01:17:33.9553891Z * Context: Robomongo::CreateCollectionDialog
build-app	Configure and Build Robo 3T	2026-04-14T01:17:33.9554314Z * Source: No Padding
build-app	Configure and Build Robo 3T	2026-04-14T01:17:33.9554504Z 
build-app	Configure and Build Robo 3T	2026-04-14T01:17:33.9554669Z * Context: Robomongo::CreateCollectionDialog
build-app	Configure and Build Robo 3T	2026-04-14T01:17:33.9555336Z * Source: Enter a default configuration for indexes when creating a collection: 
build-app	Configure and Build Robo 3T	2026-04-14T01:17:33.9555900Z 
build-app	Configure and Build Robo 3T	2026-04-14T01:17:33.9556058Z * Context: Robomongo::CreateCollectionDialog
build-app	Configure and Build Robo 3T	2026-04-14T01:17:33.9556615Z * Source: Unable to parse JSON:<br /> <b>%1</b>, at (%2, %3).
build-app	Configure and Build Robo 3T	2026-04-14T01:17:33.9557022Z 
build-app	Configure and Build Robo 3T	2026-04-14T01:17:33.9557192Z * Context: Robomongo::CreateCollectionDialog
build-app	Configure and Build Robo 3T	2026-04-14T01:17:33.9557631Z * Source: Validation Action: 
build-app	Configure and Build Robo 3T	2026-04-14T01:17:33.9557881Z 
build-app	Configure and Build Robo 3T	2026-04-14T01:17:33.9558042Z * Context: Robomongo::CreateCollectionDialog
build-app	Configure and Build Robo 3T	2026-04-14T01:17:33.9558597Z * Source: Enter the validator document for this collection: 
build-app	Configure and Build Robo 3T	2026-04-14T01:17:33.9559004Z 
build-app	Configure and Build Robo 3T	2026-04-14T01:17:33.9559168Z * Context: Robomongo::CreateCollectionDialog
build-app	Configure and Build Robo 3T	2026-04-14T01:17:33.9559605Z * Source: Index Option Defaults
build-app	Configure and Build Robo 3T	2026-04-14T01:17:33.9559865Z 
build-app	Configure and Build Robo 3T	2026-04-14T01:17:33.9560026Z * Context: Robomongo::CreateCollectionDialog
build-app	Configure and Build Robo 3T	2026-04-14T01:17:33.9560450Z * Source: Advanced
build-app	Configure and Build Robo 3T	2026-04-14T01:17:33.9560632Z 
build-app	Configure and Build Robo 3T	2026-04-14T01:17:33.9560797Z * Context: Robomongo::CreateCollectionDialog
build-app	Configure and Build Robo 3T	2026-04-14T01:17:33.9561245Z * Source: Storage Engine
build-app	Configure and Build Robo 3T	2026-04-14T01:17:33.9561470Z 
build-app	Configure and Build Robo 3T	2026-04-14T01:17:33.9562726Z * Context: Robomongo::CreateCollectionDialog
build-app	Configure and Build Robo 3T	2026-04-14T01:17:33.9563208Z * Source: Validator
build-app	Configure and Build Robo 3T	2026-04-14T01:17:33.9563595Z 
build-app	Configure and Build Robo 3T	2026-04-14T01:17:33.9563778Z * Context: Robomongo::CreateCollectionDialog
build-app	Configure and Build Robo 3T	2026-04-14T01:17:33.9564286Z * Source: Maximum number of documents: 
build-app	Configure and Build Robo 3T	2026-04-14T01:17:33.9564607Z 
build-app	Configure and Build Robo 3T	2026-04-14T01:17:33.9564798Z * Context: Robomongo::CreateCollectionDialog
build-app	Configure and Build Robo 3T	2026-04-14T01:17:33.9565332Z * Source: Auto index _id
build-app	Configure and Build Robo 3T	2026-04-14T01:17:33.9565563Z 
build-app	Configure and Build Robo 3T	2026-04-14T01:17:33.9565723Z * Context: Robomongo::CreateCollectionDialog
build-app	Configure and Build Robo 3T	2026-04-14T01:17:33.9566190Z * Source: Create capped collection
build-app	Configure and Build Robo 3T	2026-04-14T01:17:33.9566482Z 
build-app	Configure and Build Robo 3T	2026-04-14T01:17:33.9566661Z * Context: Robomongo::CreateCollectionDialog
build-app	Configure and Build Robo 3T	2026-04-14T01:17:33.9567130Z * Source: Maximum size in bytes: 
build-app	Configure and Build Robo 3T	2026-04-14T01:17:33.9567421Z 
build-app	Configure and Build Robo 3T	2026-04-14T01:17:33.9567558Z * Context: Robomongo::ExportDialog
build-app	Configure and Build Robo 3T	2026-04-14T01:17:33.9567942Z * Source: Output:
build-app	Configure and Build Robo 3T	2026-04-14T01:17:33.9568115Z 
build-app	Configure and Build Robo 3T	2026-04-14T01:17:33.9568123Z 
build-app	Configure and Build Robo 3T	2026-04-14T01:17:33.9568290Z * Context: Robomongo::CreateCollectionDialog
build-app	Configure and Build Robo 3T	2026-04-14T01:17:33.9568745Z * Source: Create Collection
build-app	Configure and Build Robo 3T	2026-04-14T01:17:33.9569000Z 
build-app	Configure and Build Robo 3T	2026-04-14T01:17:33.9569513Z * Context: Robomongo::ExportDialog
build-app	Configure and Build Robo 3T	2026-04-14T01:17:33.9569977Z * Source: Export Successful: 
build-app	Configure and Build Robo 3T	2026-04-14T01:17:33.9570183Z 
build-app	Configure and Build Robo 3T	2026-04-14T01:17:33.9570189Z 
build-app	Configure and Build Robo 3T	2026-04-14T01:17:33.9570328Z * Context: Robomongo::ExportDialog
build-app	Configure and Build Robo 3T	2026-04-14T01:17:33.9571464Z * Source: Export Failed.
build-app	Configure and Build Robo 3T	2026-04-14T01:17:33.9571713Z 
build-app	Configure and Build Robo 3T	2026-04-14T01:17:33.9571723Z 
build-app	Configure and Build Robo 3T	2026-04-14T01:17:33.9571889Z * Context: Robomongo::CreateCollectionDialog
build-app	Configure and Build Robo 3T	2026-04-14T01:17:33.9572581Z * Source: Validate JSON
build-app	Configure and Build Robo 3T	2026-04-14T01:17:33.9572964Z 
build-app	Configure and Build Robo 3T	2026-04-14T01:17:33.9573149Z * Context: Robomongo::CreateCollectionDialog
build-app	Configure and Build Robo 3T	2026-04-14T01:17:33.9573603Z * Source: Options
build-app	Configure and Build Robo 3T	2026-04-14T01:17:33.9574401Z 
build-app	Configure and Build Robo 3T	2026-04-14T01:17:33.9574860Z * Context: Robomongo::CreateCollectionDialog
build-app	Configure and Build Robo 3T	2026-04-14T01:17:33.9575942Z * Source: Collection Name:
build-app	Configure and Build Robo 3T	2026-04-14T01:17:33.9576219Z 
build-app	Configure and Build Robo 3T	2026-04-14T01:17:33.9576411Z * Context: Robomongo::CreateCollectionDialog
build-app	Configure and Build Robo 3T	2026-04-14T01:17:33.9576838Z * Source: C&reate
build-app	Configure and Build Robo 3T	2026-04-14T01:17:33.9577009Z 
build-app	Configure and Build Robo 3T	2026-04-14T01:17:33.9577163Z * Context: Robomongo::ConnectionsDialog
build-app	Configure and Build Robo 3T	2026-04-14T01:17:33.9577614Z * Source: TLS
build-app	Configure and Build Robo 3T	2026-04-14T01:17:33.9577785Z 
build-app	Configure and Build Robo 3T	2026-04-14T01:17:33.9577933Z * Context: Robomongo::ConnectionsDialog
build-app	Configure and Build Robo 3T	2026-04-14T01:17:33.9578332Z * Source: SSH
build-app	Configure and Build Robo 3T	2026-04-14T01:17:33.9578497Z 
build-app	Configure and Build Robo 3T	2026-04-14T01:17:33.9578651Z * Context: Robomongo::ConnectionsDialog
build-app	Configure and Build Robo 3T	2026-04-14T01:17:33.9579062Z * Source:  node
build-app	Configure and Build Robo 3T	2026-04-14T01:17:33.9579246Z 
build-app	Configure and Build Robo 3T	2026-04-14T01:17:33.9579399Z * Context: Robomongo::ConnectionsDialog
build-app	Configure and Build Robo 3T	2026-04-14T01:17:33.9579795Z * Source: Replica Set
build-app	Configure and Build Robo 3T	2026-04-14T01:17:33.9580406Z 
build-app	Configure and Build Robo 3T	2026-04-14T01:17:33.9580549Z * Context: Robomongo::ConnectionsDialog
build-app	Configure and Build Robo 3T	2026-04-14T01:17:33.9580939Z * Source: records
build-app	Configure and Build Robo 3T	2026-04-14T01:17:33.9581115Z 
build-app	Configure and Build Robo 3T	2026-04-14T01:17:33.9581264Z * Context: Robomongo::ConnectionsDialog
build-app	Configure and Build Robo 3T	2026-04-14T01:17:33.9581673Z * Source: record
build-app	Configure and Build Robo 3T	2026-04-14T01:17:33.9581869Z 
build-app	Configure and Build Robo 3T	2026-04-14T01:17:33.9582021Z * Context: Robomongo::ConnectionsDialog
build-app	Configure and Build Robo 3T	2026-04-14T01:17:33.9582439Z * Source: , TLS
build-app	Configure and Build Robo 3T	2026-04-14T01:17:33.9582628Z 
build-app	Configure and Build Robo 3T	2026-04-14T01:17:33.9582747Z * Context: Robomongo::ConnectionsDialog
build-app	Configure and Build Robo 3T	2026-04-14T01:17:33.9582962Z * Source: , SSH
build-app	Configure and Build Robo 3T	2026-04-14T01:17:33.9583058Z 
build-app	Configure and Build Robo 3T	2026-04-14T01:17:33.9583140Z * Context: Robomongo::PreferencesDialog
build-app	Configure and Build Robo 3T	2026-04-14T01:17:33.9583837Z * Source: UTC
build-app	Configure and Build Robo 3T	2026-04-14T01:17:33.9584019Z 
build-app	Configure and Build Robo 3T	2026-04-14T01:17:33.9584171Z * Context: Robomongo::ConnectionsDialog
build-app	Configure and Build Robo 3T	2026-04-14T01:17:33.9584566Z * Source:  nodes
build-app	Configure and Build Robo 3T	2026-04-14T01:17:33.9584744Z 
build-app	Configure and Build Robo 3T	2026-04-14T01:17:33.9584880Z * Context: Robomongo::PreferencesDialog
build-app	Configure and Build Robo 3T	2026-04-14T01:17:33.9585287Z * Source: Load .mongorc.js
build-app	Configure and Build Robo 3T	2026-04-14T01:17:33.9585513Z 
build-app	Configure and Build Robo 3T	2026-04-14T01:17:33.9585661Z * Context: Robomongo::PreferencesDialog
build-app	Configure and Build Robo 3T	2026-04-14T01:17:33.9586362Z * Source: Disable connection shortcuts
build-app	Configure and Build Robo 3T	2026-04-14T01:17:33.9586688Z 
build-app	Configure and Build Robo 3T	2026-04-14T01:17:33.9586868Z * Context: Robomongo::PreferencesDialog
build-app	Configure and Build Robo 3T	2026-04-14T01:17:33.9587313Z * Source: Legacy UUID Encoding:
build-app	Configure and Build Robo 3T	2026-04-14T01:17:33.9587523Z 
build-app	Configure and Build Robo 3T	2026-04-14T01:17:33.9587609Z * Context: Robomongo::PreferencesDialog
build-app	Configure and Build Robo 3T	2026-04-14T01:17:33.9587831Z * Source: Styles:
build-app	Configure and Build Robo 3T	2026-04-14T01:17:33.9588582Z 
build-app	Configure and Build Robo 3T	2026-04-14T01:17:33.9588833Z Updating 'D:/b/src/robomongo/robomongo_zh_CN_gui.qm'...
build-app	Configure and Build Robo 3T	2026-04-14T01:17:33.9589486Z     Generated 420 translation(s) (420 finished and 0 unfinished)
build-app	Configure and Build Robo 3T	2026-04-14T01:17:33.9591277Z [133/253] C:\Windows\system32\cmd.exe /C "cd /D D:\b\src\robomongo && D:\a\robomongo\Qt\5.15.2\msvc2019_64\bin\lrelease.exe R:/src/robomongo/resources/translations/robomongo_zh_CN_welcome.ts -qm D:/b/src/robomongo/robomongo_zh_CN_welcome.qm"
build-app	Configure and Build Robo 3T	2026-04-14T01:17:33.9593338Z Updating 'D:/b/src/robomongo/robomongo_zh_CN_welcome.qm'...
build-app	Configure and Build Robo 3T	2026-04-14T01:17:33.9594030Z     Generated 9 translation(s) (9 finished and 0 unfinished)
build-app	Configure and Build Robo 3T	2026-04-14T01:17:33.9595812Z [134/253] C:\Windows\system32\cmd.exe /C "cd /D D:\b\src\robomongo && D:\a\robomongo\Qt\5.15.2\msvc2019_64\bin\lrelease.exe R:/src/robomongo/resources/translations/robomongo_zh_CN_explorer.ts -qm D:/b/src/robomongo/robomongo_zh_CN_explorer.qm"
build-app	Configure and Build Robo 3T	2026-04-14T01:17:33.9598460Z Warning: dropping duplicate messages in 'D:/b/src/robomongo/robomongo_zh_CN_explorer.qm':
build-app	Configure and Build Robo 3T	2026-04-14T01:17:33.9599147Z 
build-app	Configure and Build Robo 3T	2026-04-14T01:17:33.9599355Z * Context: Robomongo::ExplorerCollectionTreeItem
build-app	Configure and Build Robo 3T	2026-04-14T01:17:33.9599843Z * Source: edit
build-app	Configure and Build Robo 3T	2026-04-14T01:17:33.9600018Z 
build-app	Configure and Build Robo 3T	2026-04-14T01:17:33.9600211Z * Context: Robomongo::ExplorerCollectionTreeItem
build-app	Configure and Build Robo 3T	2026-04-14T01:17:33.9600966Z * Source: Operation failed
build-app	Configure and Build Robo 3T	2026-04-14T01:17:33.9601562Z 
build-app	Configure and Build Robo 3T	2026-04-14T01:17:33.9601759Z * Context: Robomongo::ExplorerCollectionTreeItem
build-app	Configure and Build Robo 3T	2026-04-14T01:17:33.9602451Z * Source: Error
build-app	Configure and Build Robo 3T	2026-04-14T01:17:33.9602648Z 
build-app	Configure and Build Robo 3T	2026-04-14T01:17:33.9603310Z * Context: Robomongo::ExplorerCollectionTreeItem
build-app	Configure and Build Robo 3T	2026-04-14T01:17:33.9603865Z * Source: add
build-app	Configure and Build Robo 3T	2026-04-14T01:17:33.9604042Z 
build-app	Configure and Build Robo 3T	2026-04-14T01:17:33.9604234Z * Context: Robomongo::ExplorerServerTreeItem
build-app	Configure and Build Robo 3T	2026-04-14T01:17:33.9604913Z * Source: &Create
build-app	Configure and Build Robo 3T	2026-04-14T01:17:33.9605100Z 
build-app	Configure and Build Robo 3T	2026-04-14T01:17:33.9605268Z * Context: Robomongo::ExplorerServerTreeItem
build-app	Configure and Build Robo 3T	2026-04-14T01:17:33.9605709Z * Source: Database Name:
build-app	Configure and Build Robo 3T	2026-04-14T01:17:33.9605931Z 
build-app	Configure and Build Robo 3T	2026-04-14T01:17:33.9606104Z * Context: Robomongo::ExplorerServerTreeItem
build-app	Configure and Build Robo 3T	2026-04-14T01:17:33.9606527Z * Source: Error
build-app	Configure and Build Robo 3T	2026-04-14T01:17:33.9606702Z 
build-app	Configure and Build Robo 3T	2026-04-14T01:17:33.9606864Z * Context: Robomongo::ExplorerServerTreeItem
build-app	Configure and Build Robo 3T	2026-04-14T01:17:33.9607350Z * Source: Replica set's primary is unreachable.
build-app	Configure and Build Robo 3T	2026-04-14T01:17:33.9607692Z 
build-app	Configure and Build Robo 3T	2026-04-14T01:17:33.9607784Z Reason:
build-app	Configure and Build Robo 3T	2026-04-14T01:17:33.9608034Z Connection failure. 
build-app	Configure and Build Robo 3T	2026-04-14T01:17:33.9608233Z 
build-app	Configure and Build Robo 3T	2026-04-14T01:17:33.9608440Z * Context: Robomongo::ExplorerCollectionIndexesDir
build-app	Configure and Build Robo 3T	2026-04-14T01:17:33.9608904Z * Source: Indexes
build-app	Configure and Build Robo 3T	2026-04-14T01:17:33.9609085Z 
build-app	Configure and Build Robo 3T	2026-04-14T01:17:33.9609264Z * Context: Robomongo::ExplorerDatabaseTreeItem
build-app	Configure and Build Robo 3T	2026-04-14T01:17:33.9609709Z * Source: Open Shell
build-app	Configure and Build Robo 3T	2026-04-14T01:17:33.9609909Z 
build-app	Configure and Build Robo 3T	2026-04-14T01:17:33.9610089Z * Context: Robomongo::ExplorerDatabaseTreeItem
build-app	Configure and Build Robo 3T	2026-04-14T01:17:33.9610544Z * Source: Database Statistics
build-app	Configure and Build Robo 3T	2026-04-14T01:17:33.9610795Z 
build-app	Configure and Build Robo 3T	2026-04-14T01:17:33.9610957Z * Context: Robomongo::ExplorerServerTreeItem
build-app	Configure and Build Robo 3T	2026-04-14T01:17:33.9611384Z * Source: System
build-app	Configure and Build Robo 3T	2026-04-14T01:17:33.9611554Z 
build-app	Configure and Build Robo 3T	2026-04-14T01:17:33.9611717Z * Context: Robomongo::ExplorerServerTreeItem
build-app	Configure and Build Robo 3T	2026-04-14T01:17:33.9612146Z * Source:  [Offline]
build-app	Configure and Build Robo 3T	2026-04-14T01:17:33.9612342Z 
build-app	Configure and Build Robo 3T	2026-04-14T01:17:33.9612520Z * Context: Robomongo::ExplorerDatabaseTreeItem
build-app	Configure and Build Robo 3T	2026-04-14T01:17:33.9613325Z * Source: Drop Database...
build-app	Configure and Build Robo 3T	2026-04-14T01:17:33.9613574Z 
build-app	Configure and Build Robo 3T	2026-04-14T01:17:33.9613766Z * Context: Robomongo::ExplorerDatabaseTreeItem
build-app	Configure and Build Robo 3T	2026-04-14T01:17:33.9614221Z * Source: Repair Database...
build-app	Configure and Build Robo 3T	2026-04-14T01:17:33.9614473Z 
build-app	Configure and Build Robo 3T	2026-04-14T01:17:33.9614650Z * Context: Robomongo::ExplorerDatabaseTreeItem
build-app	Configure and Build Robo 3T	2026-04-14T01:17:33.9615119Z * Source: Current Operations
build-app	Configure and Build Robo 3T	2026-04-14T01:17:33.9615356Z 
build-app	Configure and Build Robo 3T	2026-04-14T01:17:33.9615536Z * Context: Robomongo::ExplorerDatabaseTreeItem
build-app	Configure and Build Robo 3T	2026-04-14T01:17:33.9615995Z * Source: Kill Operation...
build-app	Configure and Build Robo 3T	2026-04-14T01:17:33.9616236Z 
build-app	Configure and Build Robo 3T	2026-04-14T01:17:33.9616399Z * Context: Robomongo::ExplorerServerTreeItem
build-app	Configure and Build Robo 3T	2026-04-14T01:17:33.9616845Z * Source: Create Database
build-app	Configure and Build Robo 3T	2026-04-14T01:17:33.9617255Z 
build-app	Configure and Build Robo 3T	2026-04-14T01:17:33.9617419Z * Context: Robomongo::ExplorerServerTreeItem
build-app	Configure and Build Robo 3T	2026-04-14T01:17:33.9617852Z * Source: Server Status
build-app	Configure and Build Robo 3T	2026-04-14T01:17:33.9618064Z 
build-app	Configure and Build Robo 3T	2026-04-14T01:17:33.9618226Z * Context: Robomongo::ExplorerServerTreeItem
build-app	Configure and Build Robo 3T	2026-04-14T01:17:33.9618651Z * Source: Open Shell
build-app	Configure and Build Robo 3T	2026-04-14T01:17:33.9618837Z 
build-app	Configure and Build Robo 3T	2026-04-14T01:17:33.9618998Z * Context: Robomongo::ExplorerServerTreeItem
build-app	Configure and Build Robo 3T	2026-04-14T01:17:33.9619414Z * Source: Refresh
build-app	Configure and Build Robo 3T	2026-04-14T01:17:33.9619586Z 
build-app	Configure and Build Robo 3T	2026-04-14T01:17:33.9620055Z * Context: Robomongo::ExplorerServerTreeItem
build-app	Configure and Build Robo 3T	2026-04-14T01:17:33.9620438Z * Source: Show Log
build-app	Configure and Build Robo 3T	2026-04-14T01:17:33.9620551Z 
build-app	Configure and Build Robo 3T	2026-04-14T01:17:33.9620650Z * Context: Robomongo::ExplorerServerTreeItem
build-app	Configure and Build Robo 3T	2026-04-14T01:17:33.9620897Z * Source: Disconnect
build-app	Configure and Build Robo 3T	2026-04-14T01:17:33.9621026Z 
build-app	Configure and Build Robo 3T	2026-04-14T01:17:33.9621123Z * Context: Robomongo::ExplorerServerTreeItem
build-app	Configure and Build Robo 3T	2026-04-14T01:17:33.9621357Z * Source: MongoDB Version
build-app	Configure and Build Robo 3T	2026-04-14T01:17:33.9621484Z 
build-app	Configure and Build Robo 3T	2026-04-14T01:17:33.9621569Z * Context: Robomongo::ExplorerServerTreeItem
build-app	Configure and Build Robo 3T	2026-04-14T01:17:33.9621804Z * Source: Host Info
build-app	Configure and Build Robo 3T	2026-04-14T01:17:33.9621904Z 
build-app	Configure and Build Robo 3T	2026-04-14T01:17:33.9622005Z * Context: Robomongo::ExplorerCollectionTreeItem
build-app	Configure and Build Robo 3T	2026-04-14T01:17:33.9622266Z * Source: Update Documents...
build-app	Configure and Build Robo 3T	2026-04-14T01:17:33.9622417Z 
build-app	Configure and Build Robo 3T	2026-04-14T01:17:33.9622522Z * Context: Robomongo::ExplorerCollectionTreeItem
build-app	Configure and Build Robo 3T	2026-04-14T01:17:33.9622782Z * Source: Remove Documents...
build-app	Configure and Build Robo 3T	2026-04-14T01:17:33.9622913Z 
build-app	Configure and Build Robo 3T	2026-04-14T01:17:33.9623011Z * Context: Robomongo::ExplorerDatabaseTreeItem
build-app	Configure and Build Robo 3T	2026-04-14T01:17:33.9623419Z * Source: Repair Database
build-app	Configure and Build Robo 3T	2026-04-14T01:17:33.9623637Z 
build-app	Configure and Build Robo 3T	2026-04-14T01:17:33.9623826Z * Context: Robomongo::ExplorerCollectionTreeItem
build-app	Configure and Build Robo 3T	2026-04-14T01:17:33.9624281Z * Source: Insert Document...
build-app	Configure and Build Robo 3T	2026-04-14T01:17:33.9624758Z 
build-app	Configure and Build Robo 3T	2026-04-14T01:17:33.9624963Z * Context: Robomongo::ExplorerCollectionTreeItem
build-app	Configure and Build Robo 3T	2026-04-14T01:17:33.9625441Z * Source: Storage Size
build-app	Configure and Build Robo 3T	2026-04-14T01:17:33.9625655Z 
build-app	Configure and Build Robo 3T	2026-04-14T01:17:33.9625864Z * Context: Robomongo::ExplorerCollectionTreeItem
build-app	Configure and Build Robo 3T	2026-04-14T01:17:33.9626390Z * Source: Total Index Size
build-app	Configure and Build Robo 3T	2026-04-14T01:17:33.9626642Z 
build-app	Configure and Build Robo 3T	2026-04-14T01:17:33.9626853Z * Context: Robomongo::ExplorerCollectionTreeItem
build-app	Configure and Build Robo 3T	2026-04-14T01:17:33.9627369Z * Source: Remove All Documents...
build-app	Configure and Build Robo 3T	2026-04-14T01:17:33.9627694Z 
build-app	Configure and Build Robo 3T	2026-04-14T01:17:33.9627822Z * Context: Robomongo::ExplorerCollectionTreeItem
build-app	Configure and Build Robo 3T	2026-04-14T01:17:33.9628081Z * Source: Statistics
build-app	Configure and Build Robo 3T	2026-04-14T01:17:33.9628196Z 
build-app	Configure and Build Robo 3T	2026-04-14T01:17:33.9628298Z * Context: Robomongo::ExplorerDatabaseTreeItem
build-app	Configure and Build Robo 3T	2026-04-14T01:17:33.9628554Z * Source: Functions
build-app	Configure and Build Robo 3T	2026-04-14T01:17:33.9628656Z 
build-app	Configure and Build Robo 3T	2026-04-14T01:17:33.9628754Z * Context: Robomongo::ExplorerDatabaseTreeItem
build-app	Configure and Build Robo 3T	2026-04-14T01:17:33.9628999Z * Source: Users
build-app	Configure and Build Robo 3T	2026-04-14T01:17:33.9629096Z 
build-app	Configure and Build Robo 3T	2026-04-14T01:17:33.9629200Z * Context: Robomongo::ExplorerDatabaseTreeItem
build-app	Configure and Build Robo 3T	2026-04-14T01:17:33.9629450Z * Source: Refresh
build-app	Configure and Build Robo 3T	2026-04-14T01:17:33.9629556Z 
build-app	Configure and Build Robo 3T	2026-04-14T01:17:33.9629652Z * Context: Robomongo::ExplorerDatabaseTreeItem
build-app	Configure and Build Robo 3T	2026-04-14T01:17:33.9629901Z * Source: Collections
build-app	Configure and Build Robo 3T	2026-04-14T01:17:33.9630017Z 
build-app	Configure and Build Robo 3T	2026-04-14T01:17:33.9630122Z * Context: Robomongo::ExplorerDatabaseTreeItem
build-app	Configure and Build Robo 3T	2026-04-14T01:17:33.9630375Z * Source: Drop Database
build-app	Configure and Build Robo 3T	2026-04-14T01:17:33.9630498Z 
build-app	Configure and Build Robo 3T	2026-04-14T01:17:33.9630595Z * Context: Robomongo::ExplorerDatabaseTreeItem
build-app	Configure and Build Robo 3T	2026-04-14T01:17:33.9630853Z * Source: Repair <b>%1</b> database?
build-app	Configure and Build Robo 3T	2026-04-14T01:17:33.9631009Z 
build-app	Configure and Build Robo 3T	2026-04-14T01:17:33.9631108Z * Context: Robomongo::ExplorerDatabaseTreeItem
build-app	Configure and Build Robo 3T	2026-04-14T01:17:33.9631400Z * Source: System
build-app	Configure and Build Robo 3T	2026-04-14T01:17:33.9631498Z 
build-app	Configure and Build Robo 3T	2026-04-14T01:17:33.9631595Z * Context: Robomongo::ExplorerDatabaseTreeItem
build-app	Configure and Build Robo 3T	2026-04-14T01:17:33.9631850Z * Source: Drop <b>%1</b> database?
build-app	Configure and Build Robo 3T	2026-04-14T01:17:33.9632008Z 
build-app	Configure and Build Robo 3T	2026-04-14T01:17:33.9632111Z * Context: Robomongo::ExplorerCollectionTreeItem
build-app	Configure and Build Robo 3T	2026-04-14T01:17:33.9632433Z * Source: Remove all documents from <b>%1</b> collection?
build-app	Configure and Build Robo 3T	2026-04-14T01:17:33.9632652Z 
build-app	Configure and Build Robo 3T	2026-04-14T01:17:33.9632754Z * Context: Robomongo::ExplorerCollectionTreeItem
build-app	Configure and Build Robo 3T	2026-04-14T01:17:33.9633019Z * Source: Duplicate Collection
build-app	Configure and Build Robo 3T	2026-04-14T01:17:33.9633340Z 
build-app	Configure and Build Robo 3T	2026-04-14T01:17:33.9633451Z * Context: Robomongo::ExplorerCollectionTreeItem
build-app	Configure and Build Robo 3T	2026-04-14T01:17:33.9633713Z * Source: Insert Document
build-app	Configure and Build Robo 3T	2026-04-14T01:17:33.9633836Z 
build-app	Configure and Build Robo 3T	2026-04-14T01:17:33.9633936Z * Context: Robomongo::ExplorerCollectionTreeItem
build-app	Configure and Build Robo 3T	2026-04-14T01:17:33.9634199Z * Source: Remove All Documents
build-app	Configure and Build Robo 3T	2026-04-14T01:17:33.9634337Z 
build-app	Configure and Build Robo 3T	2026-04-14T01:17:33.9634448Z * Context: Robomongo::ExplorerCollectionTreeItem
build-app	Configure and Build Robo 3T	2026-04-14T01:17:33.9634705Z * Source: Rename Collection
build-app	Configure and Build Robo 3T	2026-04-14T01:17:33.9634839Z 
build-app	Configure and Build Robo 3T	2026-04-14T01:17:33.9634943Z * Context: Robomongo::ExplorerCollectionTreeItem
build-app	Configure and Build Robo 3T	2026-04-14T01:17:33.9635198Z * Source: &Rename
build-app	Configure and Build Robo 3T	2026-04-14T01:17:33.9635298Z 
build-app	Configure and Build Robo 3T	2026-04-14T01:17:33.9635403Z * Context: Robomongo::ExplorerCollectionTreeItem
build-app	Configure and Build Robo 3T	2026-04-14T01:17:33.9635649Z * Source: &Duplicate
build-app	Configure and Build Robo 3T	2026-04-14T01:17:33.9635762Z 
build-app	Configure and Build Robo 3T	2026-04-14T01:17:33.9635861Z * Context: Robomongo::ExplorerCollectionTreeItem
build-app	Configure and Build Robo 3T	2026-04-14T01:17:33.9636111Z * Source: New Collection Name:
build-app	Configure and Build Robo 3T	2026-04-14T01:17:33.9636243Z 
build-app	Configure and Build Robo 3T	2026-04-14T01:17:33.9636343Z * Context: Robomongo::ExplorerCollectionTreeItem
build-app	Configure and Build Robo 3T	2026-04-14T01:17:33.9636597Z * Source: Shard Distribution
build-app	Configure and Build Robo 3T	2026-04-14T01:17:33.9636731Z 
build-app	Configure and Build Robo 3T	2026-04-14T01:17:33.9636827Z * Context: Robomongo::ExplorerCollectionTreeItem
build-app	Configure and Build Robo 3T	2026-04-14T01:17:33.9637077Z * Source: Drop Collection...
build-app	Configure and Build Robo 3T	2026-04-14T01:17:33.9637202Z 
build-app	Configure and Build Robo 3T	2026-04-14T01:17:33.9637301Z * Context: Robomongo::ExplorerCollectionTreeItem
build-app	Configure and Build Robo 3T	2026-04-14T01:17:33.9637542Z * Source: Total Size
build-app	Configure and Build Robo 3T	2026-04-14T01:17:33.9637644Z 
build-app	Configure and Build Robo 3T	2026-04-14T01:17:33.9637748Z * Context: Robomongo::ExplorerCollectionTreeItem
build-app	Configure and Build Robo 3T	2026-04-14T01:17:33.9637990Z * Source: Shard Version
build-app	Configure and Build Robo 3T	2026-04-14T01:17:33.9638107Z 
build-app	Configure and Build Robo 3T	2026-04-14T01:17:33.9638205Z * Context: Robomongo::ExplorerCollectionTreeItem
build-app	Configure and Build Robo 3T	2026-04-14T01:17:33.9638549Z * Source: View Documents
build-app	Configure and Build Robo 3T	2026-04-14T01:17:33.9638669Z 
build-app	Configure and Build Robo 3T	2026-04-14T01:17:33.9638774Z * Context: Robomongo::ExplorerCollectionTreeItem
build-app	Configure and Build Robo 3T	2026-04-14T01:17:33.9639010Z * Source: Indexes
build-app	Configure and Build Robo 3T	2026-04-14T01:17:33.9639110Z 
build-app	Configure and Build Robo 3T	2026-04-14T01:17:33.9639207Z * Context: Robomongo::ExplorerCollectionTreeItem
build-app	Configure and Build Robo 3T	2026-04-14T01:17:33.9639469Z * Source: Rename Collection...
build-app	Configure and Build Robo 3T	2026-04-14T01:17:33.9639600Z 
build-app	Configure and Build Robo 3T	2026-04-14T01:17:33.9639699Z * Context: Robomongo::ExplorerCollectionTreeItem
build-app	Configure and Build Robo 3T	2026-04-14T01:17:33.9640363Z * Source: Duplicate Collection...
build-app	Configure and Build Robo 3T	2026-04-14T01:17:33.9640537Z 
build-app	Configure and Build Robo 3T	2026-04-14T01:17:33.9640654Z * Context: Robomongo::ExplorerCollectionIndexesDir
build-app	Configure and Build Robo 3T	2026-04-14T01:17:33.9640919Z * Source: View Indexes
build-app	Configure and Build Robo 3T	2026-04-14T01:17:33.9641028Z 
build-app	Configure and Build Robo 3T	2026-04-14T01:17:33.9641137Z * Context: Robomongo::ExplorerCollectionIndexesDir
build-app	Configure and Build Robo 3T	2026-04-14T01:17:33.9641388Z * Source: Refresh
build-app	Configure and Build Robo 3T	2026-04-14T01:17:33.9641484Z 
build-app	Configure and Build Robo 3T	2026-04-14T01:17:33.9641594Z * Context: Robomongo::ExplorerCollectionIndexesDir
build-app	Configure and Build Robo 3T	2026-04-14T01:17:33.9641844Z * Source: Add Index...
build-app	Configure and Build Robo 3T	2026-04-14T01:17:33.9641963Z 
build-app	Configure and Build Robo 3T	2026-04-14T01:17:33.9642067Z * Context: Robomongo::ExplorerCollectionIndexesDir
build-app	Configure and Build Robo 3T	2026-04-14T01:17:33.9642327Z * Source: Rebuild Indexes...
build-app	Configure and Build Robo 3T	2026-04-14T01:17:33.9642459Z 
build-app	Configure and Build Robo 3T	2026-04-14T01:17:33.9642572Z * Context: Robomongo::ExplorerCollectionIndexItem
build-app	Configure and Build Robo 3T	2026-04-14T01:17:33.9642823Z * Source: Index
build-app	Configure and Build Robo 3T	2026-04-14T01:17:33.9642925Z 
build-app	Configure and Build Robo 3T	2026-04-14T01:17:33.9643014Z * Context: Robomongo::ExplorerUserTreeItem
build-app	Configure and Build Robo 3T	2026-04-14T01:17:33.9643250Z * Source: Drop User
build-app	Configure and Build Robo 3T	2026-04-14T01:17:33.9643351Z 
build-app	Configure and Build Robo 3T	2026-04-14T01:17:33.9643457Z * Context: Robomongo::ExplorerCollectionIndexItem
build-app	Configure and Build Robo 3T	2026-04-14T01:17:33.9643714Z * Source: Drop Index...
build-app	Configure and Build Robo 3T	2026-04-14T01:17:33.9643834Z 
build-app	Configure and Build Robo 3T	2026-04-14T01:17:33.9643936Z * Context: Robomongo::ExplorerCollectionIndexItem
build-app	Configure and Build Robo 3T	2026-04-14T01:17:33.9644188Z * Source: Edit Index...
build-app	Configure and Build Robo 3T	2026-04-14T01:17:33.9644301Z 
build-app	Configure and Build Robo 3T	2026-04-14T01:17:33.9644423Z * Context: Robomongo::ExplorerDatabaseCategoryTreeItem
build-app	Configure and Build Robo 3T	2026-04-14T01:17:33.9644697Z * Source: Refresh
build-app	Configure and Build Robo 3T	2026-04-14T01:17:33.9644788Z 
build-app	Configure and Build Robo 3T	2026-04-14T01:17:33.9644919Z * Context: Robomongo::ExplorerDatabaseCategoryTreeItem
build-app	Configure and Build Robo 3T	2026-04-14T01:17:33.9645179Z * Source: View Users
build-app	Configure and Build Robo 3T	2026-04-14T01:17:33.9645288Z 
build-app	Configure and Build Robo 3T	2026-04-14T01:17:33.9645408Z * Context: Robomongo::ExplorerDatabaseCategoryTreeItem
build-app	Configure and Build Robo 3T	2026-04-14T01:17:33.9645816Z * Source: Create Collection...
build-app	Configure and Build Robo 3T	2026-04-14T01:17:33.9645954Z 
build-app	Configure and Build Robo 3T	2026-04-14T01:17:33.9646075Z * Context: Robomongo::ExplorerDatabaseCategoryTreeItem
build-app	Configure and Build Robo 3T	2026-04-14T01:17:33.9646365Z * Source: Collections Statistics
build-app	Configure and Build Robo 3T	2026-04-14T01:17:33.9646508Z 
build-app	Configure and Build Robo 3T	2026-04-14T01:17:33.9646634Z * Context: Robomongo::ExplorerDatabaseCategoryTreeItem
build-app	Configure and Build Robo 3T	2026-04-14T01:17:33.9646900Z * Source: Add Function...
build-app	Configure and Build Robo 3T	2026-04-14T01:17:33.9647029Z 
build-app	Configure and Build Robo 3T	2026-04-14T01:17:33.9647141Z * Context: Robomongo::ExplorerDatabaseCategoryTreeItem
build-app	Configure and Build Robo 3T	2026-04-14T01:17:33.9647409Z * Source: Create Function
build-app	Configure and Build Robo 3T	2026-04-14T01:17:33.9647525Z 
build-app	Configure and Build Robo 3T	2026-04-14T01:17:33.9647652Z * Context: Robomongo::ExplorerDatabaseCategoryTreeItem
build-app	Configure and Build Robo 3T	2026-04-14T01:17:33.9647909Z * Source: Add User...
build-app	Configure and Build Robo 3T	2026-04-14T01:17:33.9648023Z 
build-app	Configure and Build Robo 3T	2026-04-14T01:17:33.9648143Z * Context: Robomongo::ExplorerDatabaseCategoryTreeItem
build-app	Configure and Build Robo 3T	2026-04-14T01:17:33.9648416Z * Source: View Functions
build-app	Configure and Build Robo 3T	2026-04-14T01:17:33.9648535Z 
build-app	Configure and Build Robo 3T	2026-04-14T01:17:33.9648640Z * Context: Robomongo::ExplorerReplicaSetTreeItem
build-app	Configure and Build Robo 3T	2026-04-14T01:17:33.9648896Z * Source: Show Log
build-app	Configure and Build Robo 3T	2026-04-14T01:17:33.9649001Z 
build-app	Configure and Build Robo 3T	2026-04-14T01:17:33.9649102Z * Context: Robomongo::ExplorerReplicaSetTreeItem
build-app	Configure and Build Robo 3T	2026-04-14T01:17:33.9649346Z * Source: [Primary]
build-app	Configure and Build Robo 3T	2026-04-14T01:17:33.9649445Z 
build-app	Configure and Build Robo 3T	2026-04-14T01:17:33.9649543Z * Context: Robomongo::ExplorerReplicaSetTreeItem
build-app	Configure and Build Robo 3T	2026-04-14T01:17:33.9649796Z * Source: MongoDB Version
build-app	Configure and Build Robo 3T	2026-04-14T01:17:33.9649911Z 
build-app	Configure and Build Robo 3T	2026-04-14T01:17:33.9650019Z * Context: Robomongo::ExplorerReplicaSetTreeItem
build-app	Configure and Build Robo 3T	2026-04-14T01:17:33.9650256Z * Source: Host Info
build-app	Configure and Build Robo 3T	2026-04-14T01:17:33.9650357Z 
build-app	Configure and Build Robo 3T	2026-04-14T01:17:33.9650454Z * Context: Robomongo::ExplorerReplicaSetTreeItem
build-app	Configure and Build Robo 3T	2026-04-14T01:17:33.9650696Z * Source: [Unknown]
build-app	Configure and Build Robo 3T	2026-04-14T01:17:33.9650790Z 
build-app	Configure and Build Robo 3T	2026-04-14T01:17:33.9650902Z * Context: Robomongo::ExplorerReplicaSetFolderItem
build-app	Configure and Build Robo 3T	2026-04-14T01:17:33.9651258Z * Source: Replica Set (%1 nodes)
build-app	Configure and Build Robo 3T	2026-04-14T01:17:33.9651400Z 
build-app	Configure and Build Robo 3T	2026-04-14T01:17:33.9651499Z * Context: Robomongo::ExplorerReplicaSetTreeItem
build-app	Configure and Build Robo 3T	2026-04-14T01:17:33.9651746Z * Source: [Secondary]
build-app	Configure and Build Robo 3T	2026-04-14T01:17:33.9651855Z 
build-app	Configure and Build Robo 3T	2026-04-14T01:17:33.9651953Z * Context: Robomongo::ExplorerReplicaSetTreeItem
build-app	Configure and Build Robo 3T	2026-04-14T01:17:33.9652203Z * Source: [Not Reachable]
build-app	Configure and Build Robo 3T	2026-04-14T01:17:33.9652320Z 
build-app	Configure and Build Robo 3T	2026-04-14T01:17:33.9652419Z * Context: Robomongo::ExplorerFunctionTreeItem
build-app	Configure and Build Robo 3T	2026-04-14T01:17:33.9652665Z * Source: Remove Function
build-app	Configure and Build Robo 3T	2026-04-14T01:17:33.9652779Z 
build-app	Configure and Build Robo 3T	2026-04-14T01:17:33.9652876Z * Context: Robomongo::ExplorerFunctionTreeItem
build-app	Configure and Build Robo 3T	2026-04-14T01:17:33.9653135Z * Source: Edit Function
build-app	Configure and Build Robo 3T	2026-04-14T01:17:33.9653250Z 
build-app	Configure and Build Robo 3T	2026-04-14T01:17:33.9653351Z * Context: Robomongo::ExplorerUserTreeItem
build-app	Configure and Build Robo 3T	2026-04-14T01:17:33.9653575Z * Source: View User
build-app	Configure and Build Robo 3T	2026-04-14T01:17:33.9653678Z 
build-app	Configure and Build Robo 3T	2026-04-14T01:17:33.9653765Z * Context: Robomongo::ExplorerUserTreeItem
build-app	Configure and Build Robo 3T	2026-04-14T01:17:33.9653995Z * Source: User
build-app	Configure and Build Robo 3T	2026-04-14T01:17:33.9654084Z 
build-app	Configure and Build Robo 3T	2026-04-14T01:17:33.9654189Z * Context: Robomongo::ExplorerReplicaSetTreeItem
build-app	Configure and Build Robo 3T	2026-04-14T01:17:33.9654445Z * Source: Open Direct Connection
build-app	Configure and Build Robo 3T	2026-04-14T01:17:33.9654590Z 
build-app	Configure and Build Robo 3T	2026-04-14T01:17:33.9654750Z * Context: Robomongo::ExplorerReplicaSetTreeItem
build-app	Configure and Build Robo 3T	2026-04-14T01:17:33.9655228Z * Source: Server Status
build-app	Configure and Build Robo 3T	2026-04-14T01:17:33.9655447Z 
build-app	Configure and Build Robo 3T	2026-04-14T01:17:33.9655622Z * Context: Robomongo::ExplorerFunctionTreeItem
build-app	Configure and Build Robo 3T	2026-04-14T01:17:33.9656082Z * Source: Function
build-app	Configure and Build Robo 3T	2026-04-14T01:17:33.9656271Z 
build-app	Configure and Build Robo 3T	2026-04-14T01:17:33.9656473Z * Context: Robomongo::ExplorerReplicaSetTreeItem
build-app	Configure and Build Robo 3T	2026-04-14T01:17:33.9656890Z * Source: Open Shell
build-app	Configure and Build Robo 3T	2026-04-14T01:17:33.9657003Z 
build-app	Configure and Build Robo 3T	2026-04-14T01:17:33.9657108Z * Context: Robomongo::ExplorerCollectionTreeItem
build-app	Configure and Build Robo 3T	2026-04-14T01:17:33.9657375Z * Source: Failed to drop index "%1"
build-app	Configure and Build Robo 3T	2026-04-14T01:17:33.9657527Z 
build-app	Configure and Build Robo 3T	2026-04-14T01:17:33.9657646Z * Context: Robomongo::ExplorerCollectionTreeItem
build-app	Configure and Build Robo 3T	2026-04-14T01:17:33.9657892Z * Source: Reason: 
build-app	Configure and Build Robo 3T	2026-04-14T01:17:33.9658005Z 
build-app	Configure and Build Robo 3T	2026-04-14T01:17:33.9658107Z * Context: Robomongo::ExplorerCollectionTreeItem
build-app	Configure and Build Robo 3T	2026-04-14T01:17:33.9658367Z * Source: Failed to %1 index "%2"
build-app	Configure and Build Robo 3T	2026-04-14T01:17:33.9658513Z 
build-app	Configure and Build Robo 3T	2026-04-14T01:17:33.9658617Z * Context: Robomongo::ExplorerCollectionTreeItem
build-app	Configure and Build Robo 3T	2026-04-14T01:17:33.9659510Z * Source: Error: %1
build-app	Configure and Build Robo 3T	2026-04-14T01:17:33.9659714Z 
build-app	Configure and Build Robo 3T	2026-04-14T01:17:33.9659920Z * Context: Robomongo::ExplorerReplicaSetTreeItem
build-app	Configure and Build Robo 3T	2026-04-14T01:17:33.9660731Z * Source:  [member of 
build-app	Configure and Build Robo 3T	2026-04-14T01:17:33.9660956Z 
build-app	Configure and Build Robo 3T	2026-04-14T01:17:33.9661073Z * Context: Robomongo::ExplorerServerTreeItem
build-app	Configure and Build Robo 3T	2026-04-14T01:17:33.9661343Z * Source: Cannot load list of databases.
build-app	Configure and Build Robo 3T	2026-04-14T01:17:33.9661513Z 
build-app	Configure and Build Robo 3T	2026-04-14T01:17:33.9661571Z Error:
build-app	Configure and Build Robo 3T	2026-04-14T01:17:33.9661650Z 
build-app	Configure and Build Robo 3T	2026-04-14T01:17:33.9661654Z 
build-app	Configure and Build Robo 3T	2026-04-14T01:17:33.9661762Z * Context: Robomongo::ExplorerCollectionTreeItem
build-app	Configure and Build Robo 3T	2026-04-14T01:17:33.9662001Z * Source: Drop
build-app	Configure and Build Robo 3T	2026-04-14T01:17:33.9662098Z 
build-app	Configure and Build Robo 3T	2026-04-14T01:17:33.9662197Z * Context: Robomongo::ExplorerCollectionTreeItem
build-app	Configure and Build Robo 3T	2026-04-14T01:17:33.9662456Z * Source: collection
build-app	Configure and Build Robo 3T	2026-04-14T01:17:33.9662560Z 
build-app	Configure and Build Robo 3T	2026-04-14T01:17:33.9662676Z * Context: Robomongo::ExplorerReplicaSetFolderItem
build-app	Configure and Build Robo 3T	2026-04-14T01:17:33.9662925Z * Source: Refresh
build-app	Configure and Build Robo 3T	2026-04-14T01:17:33.9663028Z 
build-app	Configure and Build Robo 3T	2026-04-14T01:17:33.9663137Z * Context: Robomongo::ExplorerCollectionTreeItem
build-app	Configure and Build Robo 3T	2026-04-14T01:17:33.9663397Z * Source: Cannot load list of indexes.
build-app	Configure and Build Robo 3T	2026-04-14T01:17:33.9663553Z 
build-app	Configure and Build Robo 3T	2026-04-14T01:17:33.9663603Z Error:
build-app	Configure and Build Robo 3T	2026-04-14T01:17:33.9663686Z 
build-app	Configure and Build Robo 3T	2026-04-14T01:17:33.9663690Z 
build-app	Configure and Build Robo 3T	2026-04-14T01:17:33.9663795Z * Context: Robomongo::ExplorerReplicaSetFolderItem
build-app	Configure and Build Robo 3T	2026-04-14T01:17:33.9664057Z * Source: Replica Set ...
build-app	Configure and Build Robo 3T	2026-04-14T01:17:33.9664178Z 
build-app	Configure and Build Robo 3T	2026-04-14T01:17:33.9664288Z * Context: Robomongo::ExplorerReplicaSetFolderItem
build-app	Configure and Build Robo 3T	2026-04-14T01:17:33.9664547Z * Source: Status of Replica Set
build-app	Configure and Build Robo 3T	2026-04-14T01:17:33.9664691Z 
build-app	Configure and Build Robo 3T	2026-04-14T01:17:33.9664832Z Updating 'D:/b/src/robomongo/robomongo_zh_CN_explorer.qm'...
build-app	Configure and Build Robo 3T	2026-04-14T01:17:33.9665212Z     Generated 104 translation(s) (104 finished and 0 unfinished)
build-app	Configure and Build Robo 3T	2026-04-14T01:17:33.9666265Z [135/253] C:\Windows\system32\cmd.exe /C "cd /D D:\b\src\robomongo && "C:\Program Files\CMake\bin\cmake.exe" -E cmake_autorcc D:/b/src/robomongo/CMakeFiles/robomongo_autogen.dir/AutoRcc_robo_3YJK5W5UP7_Info.json Release"
build-app	Configure and Build Robo 3T	2026-04-14T01:17:33.9667699Z [136/253] C:\Windows\system32\cmd.exe /C "cd /D D:\b\src\robomongo && D:\a\robomongo\Qt\5.15.2\msvc2019_64\bin\rcc.exe --name translations --output D:/b/src/robomongo/qrc_translations.cpp D:/b/src/robomongo/translations.qrc"
build-app	Configure and Build Robo 3T	2026-04-14T01:17:33.9986283Z [137/253] C:\Windows\system32\cmd.exe /C "cd /D D:\b\src\robomongo && "C:\Program Files\CMake\bin\cmake.exe" -E cmake_autorcc D:/b/src/robomongo/CMakeFiles/robomongo_autogen.dir/AutoRcc_gui_YHP5W5E6RA_Info.json Release"
build-app	Configure and Build Robo 3T	2026-04-14T01:17:35.3751469Z [138/253] C:\PROGRA~1\MICROS~2\2022\ENTERP~1\VC\Tools\MSVC\1416~1.270\bin\HostX64\x64\cl.exe  /nologo /TP -DBOOST_THREAD_DONT_PROVIDE_INTERRUPTIONS -DBOOST_THREAD_DONT_PROVIDE_VARIADIC_THREAD -DBOOST_THREAD_HAS_BUG -DBOOST_THREAD_NO_DEPRECATED -DBOOST_THREAD_VERSION=4 -DBUILDING_ROBO -DBUILD_NUMBER=\"26a32aa\" -DESPRIMA_VERSION=\"2.7.3\" -DGOOGLE_TEST_VERSION=\"1.8.1\" -DLIBSSH2_VERSION=\"1.9.0\" -DMONGO_CONFIG_HAVE_HEADER_UNISTD_H -DMongoDB_VERSION=\"\" -DOPENSSL_VERSION=\"1.1.1u\" -DPCRE_STATIC -DPROJECT_COMPANYNAME="\"3T Software Labs Ltd\"" -DPROJECT_COMPANYNAME_DOMAIN=\"https://studio3t.com/\" -DPROJECT_COPYRIGHT="\"Copyright (C) 2014-2017 3T Software Labs Ltd All Rights Reserved.\"" -DPROJECT_DOMAIN=\"www.robomongo.org\" -DPROJECT_GITHUB_FORK=\"www.github.com/Studio3T/robomongo\" -DPROJECT_GITHUB_ISSUES=\"www.github.com/Studio3T/robomongo/issues\" -DPROJECT_NAME="\"Robo 3T\"" -DPROJECT_NAME_LOWERCASE="\"robo 3t\"" -DPROJECT_NAME_TITLE="\"Robo 3T\"" -DPROJECT_QT_VERSION=\"5.15.2\" -DPROJECT_VERSION=\"1.5.1\" -DPROJECT_VERSION_SHORT=\"1.5\" -DQJSON_STATIC -DQJSON_VERSION=\"0.8.1\" -DQT_CORE_LIB -DQT_GUI_LIB -DQT_NETWORK_LIB -DQT_NO_DEBUG -DQT_PRINTSUPPORT_LIB -DQT_WIDGETS_LIB -DQT_XML_LIB -DSCINTILLA_QT -DSCI_LEXER -D_SILENCE_CXX17_ITERATOR_BASE_CLASS_DEPRECATION_WARNING -D_SILENCE_CXX17_OLD_ALLOCATOR_MEMBERS_DEPRECATION_WARNING -ID:\b\src\robomongo\robomongo_autogen\include -IR:\src -IR:\src\third-party\qjson-0.8.1\sources\src -IR:\src\third-party\qscintilla-2.8.4\sources\Qt4Qt5 -IR:\src\third-party\qscintilla-2.8.4\sources\include -IR:\src\third-party\qscintilla-2.8.4\sources\lexlib -IR:\src\third-party\qscintilla-2.8.4\sources\src -ID:\b\src -IR:\src\third-party\libssh2-1.9.0\sources\include -ID:\a\robomongo\Qt\5.15.2\msvc2019_64\include -ID:\a\robomongo\Qt\5.15.2\msvc2019_64\include\QtWidgets -ID:\a\robomongo\Qt\5.15.2\msvc2019_64\include\QtGui -ID:\a\robomongo\Qt\5.15.2\msvc2019_64\include\QtANGLE -ID:\a\robomongo\Qt\5.15.2\msvc2019_64\include\QtCore -ID:\a\robomongo\Qt\5.15.2\msvc2019_64\.\mkspecs\win32-msvc -ID:\a\robomongo\Qt\5.15.2\msvc2019_64\include\QtNetwork -ID:\a\robomongo\Qt\5.15.2\msvc2019_64\include\QtXml -ID:\a\robomongo\Qt\5.15.2\msvc2019_64\include\QtPrintSupport -IS:\src -IS:\src\third_party\abseil-cpp-master\abseil-cpp -IS:\src\third_party\boost-1.70.0 -IS:\src\third_party\fmt\dist\include -IS:\src\third_party\mozjs-60\include -IS:\src\third_party\mozjs-60\mongo_sources -IS:\src\third_party\pcre-8.42 -IS:\src\third_party\SafeInt -IS:\build\opt -IS:\src\third_party\mozjs-60\platform\x86_64\windows\include -I"C:\Program Files\OpenSSL\include" /DWIN32 /D_WINDOWS /W3 /GR /EHsc -D_UNICODE -DUNICODE -DWIN32 -D_WIN32 -D_CRT_SECURE_NO_WARNINGS -DBOOST_ALL_NO_LIB /wd4355 /wd4800 /wd4267 /wd4244 /wd4290 /wd4068 /wd4351 /MP /MD /O2 /Ob2 /DNDEBUG -std:c++17 /wd4477 /wd4291 /showIncludes /Fosrc\robomongo\CMakeFiles\robomongo.dir\core\utils\StdUtils.cpp.obj /Fdsrc\robomongo\CMakeFiles\robomongo.dir\ /FS -c R:\src\robomongo\core\utils\StdUtils.cpp
build-app	Configure and Build Robo 3T	2026-04-14T01:17:40.7565934Z [139/253] C:\PROGRA~1\MICROS~2\2022\ENTERP~1\VC\Tools\MSVC\1416~1.270\bin\HostX64\x64\cl.exe  /nologo /TP -DBOOST_THREAD_DONT_PROVIDE_INTERRUPTIONS -DBOOST_THREAD_DONT_PROVIDE_VARIADIC_THREAD -DBOOST_THREAD_HAS_BUG -DBOOST_THREAD_NO_DEPRECATED -DBOOST_THREAD_VERSION=4 -DBUILDING_ROBO -DBUILD_NUMBER=\"26a32aa\" -DESPRIMA_VERSION=\"2.7.3\" -DGOOGLE_TEST_VERSION=\"1.8.1\" -DLIBSSH2_VERSION=\"1.9.0\" -DMONGO_CONFIG_HAVE_HEADER_UNISTD_H -DMongoDB_VERSION=\"\" -DOPENSSL_VERSION=\"1.1.1u\" -DPCRE_STATIC -DPROJECT_COMPANYNAME="\"3T Software Labs Ltd\"" -DPROJECT_COMPANYNAME_DOMAIN=\"https://studio3t.com/\" -DPROJECT_COPYRIGHT="\"Copyright (C) 2014-2017 3T Software Labs Ltd All Rights Reserved.\"" -DPROJECT_DOMAIN=\"www.robomongo.org\" -DPROJECT_GITHUB_FORK=\"www.github.com/Studio3T/robomongo\" -DPROJECT_GITHUB_ISSUES=\"www.github.com/Studio3T/robomongo/issues\" -DPROJECT_NAME="\"Robo 3T\"" -DPROJECT_NAME_LOWERCASE="\"robo 3t\"" -DPROJECT_NAME_TITLE="\"Robo 3T\"" -DPROJECT_QT_VERSION=\"5.15.2\" -DPROJECT_VERSION=\"1.5.1\" -DPROJECT_VERSION_SHORT=\"1.5\" -DQJSON_STATIC -DQJSON_VERSION=\"0.8.1\" -DQT_CORE_LIB -DQT_GUI_LIB -DQT_NETWORK_LIB -DQT_NO_DEBUG -DQT_PRINTSUPPORT_LIB -DQT_WIDGETS_LIB -DQT_XML_LIB -DSCINTILLA_QT -DSCI_LEXER -D_SILENCE_CXX17_ITERATOR_BASE_CLASS_DEPRECATION_WARNING -D_SILENCE_CXX17_OLD_ALLOCATOR_MEMBERS_DEPRECATION_WARNING -ID:\b\src\robomongo\robomongo_autogen\include -IR:\src -IR:\src\third-party\qjson-0.8.1\sources\src -IR:\src\third-party\qscintilla-2.8.4\sources\Qt4Qt5 -IR:\src\third-party\qscintilla-2.8.4\sources\include -IR:\src\third-party\qscintilla-2.8.4\sources\lexlib -IR:\src\third-party\qscintilla-2.8.4\sources\src -ID:\b\src -IR:\src\third-party\libssh2-1.9.0\sources\include -ID:\a\robomongo\Qt\5.15.2\msvc2019_64\include -ID:\a\robomongo\Qt\5.15.2\msvc2019_64\include\QtWidgets -ID:\a\robomongo\Qt\5.15.2\msvc2019_64\include\QtGui -ID:\a\robomongo\Qt\5.15.2\msvc2019_64\include\QtANGLE -ID:\a\robomongo\Qt\5.15.2\msvc2019_64\include\QtCore -ID:\a\robomongo\Qt\5.15.2\msvc2019_64\.\mkspecs\win32-msvc -ID:\a\robomongo\Qt\5.15.2\msvc2019_64\include\QtNetwork -ID:\a\robomongo\Qt\5.15.2\msvc2019_64\include\QtXml -ID:\a\robomongo\Qt\5.15.2\msvc2019_64\include\QtPrintSupport -IS:\src -IS:\src\third_party\abseil-cpp-master\abseil-cpp -IS:\src\third_party\boost-1.70.0 -IS:\src\third_party\fmt\dist\include -IS:\src\third_party\mozjs-60\include -IS:\src\third_party\mozjs-60\mongo_sources -IS:\src\third_party\pcre-8.42 -IS:\src\third_party\SafeInt -IS:\build\opt -IS:\src\third_party\mozjs-60\platform\x86_64\windows\include -I"C:\Program Files\OpenSSL\include" /DWIN32 /D_WINDOWS /W3 /GR /EHsc -D_UNICODE -DUNICODE -DWIN32 -D_WIN32 -D_CRT_SECURE_NO_WARNINGS -DBOOST_ALL_NO_LIB /wd4355 /wd4800 /wd4267 /wd4244 /wd4290 /wd4068 /wd4351 /MP /MD /O2 /Ob2 /DNDEBUG -std:c++17 /wd4477 /wd4291 /showIncludes /Fosrc\robomongo\CMakeFiles\robomongo.dir\core\utils\QtUtils.cpp.obj /Fdsrc\robomongo\CMakeFiles\robomongo.dir\ /FS -c R:\src\robomongo\core\utils\QtUtils.cpp
build-app	Configure and Build Robo 3T	2026-04-14T01:17:42.1648854Z [140/253] C:\PROGRA~1\MICROS~2\2022\ENTERP~1\VC\Tools\MSVC\1416~1.270\bin\HostX64\x64\cl.exe  /nologo /TP -DBOOST_THREAD_DONT_PROVIDE_INTERRUPTIONS -DBOOST_THREAD_DONT_PROVIDE_VARIADIC_THREAD -DBOOST_THREAD_HAS_BUG -DBOOST_THREAD_NO_DEPRECATED -DBOOST_THREAD_VERSION=4 -DBUILDING_ROBO -DBUILD_NUMBER=\"26a32aa\" -DESPRIMA_VERSION=\"2.7.3\" -DGOOGLE_TEST_VERSION=\"1.8.1\" -DLIBSSH2_VERSION=\"1.9.0\" -DMONGO_CONFIG_HAVE_HEADER_UNISTD_H -DMongoDB_VERSION=\"\" -DOPENSSL_VERSION=\"1.1.1u\" -DPCRE_STATIC -DPROJECT_COMPANYNAME="\"3T Software Labs Ltd\"" -DPROJECT_COMPANYNAME_DOMAIN=\"https://studio3t.com/\" -DPROJECT_COPYRIGHT="\"Copyright (C) 2014-2017 3T Software Labs Ltd All Rights Reserved.\"" -DPROJECT_DOMAIN=\"www.robomongo.org\" -DPROJECT_GITHUB_FORK=\"www.github.com/Studio3T/robomongo\" -DPROJECT_GITHUB_ISSUES=\"www.github.com/Studio3T/robomongo/issues\" -DPROJECT_NAME="\"Robo 3T\"" -DPROJECT_NAME_LOWERCASE="\"robo 3t\"" -DPROJECT_NAME_TITLE="\"Robo 3T\"" -DPROJECT_QT_VERSION=\"5.15.2\" -DPROJECT_VERSION=\"1.5.1\" -DPROJECT_VERSION_SHORT=\"1.5\" -DQJSON_STATIC -DQJSON_VERSION=\"0.8.1\" -DQT_CORE_LIB -DQT_GUI_LIB -DQT_NETWORK_LIB -DQT_NO_DEBUG -DQT_PRINTSUPPORT_LIB -DQT_WIDGETS_LIB -DQT_XML_LIB -DSCINTILLA_QT -DSCI_LEXER -D_SILENCE_CXX17_ITERATOR_BASE_CLASS_DEPRECATION_WARNING -D_SILENCE_CXX17_OLD_ALLOCATOR_MEMBERS_DEPRECATION_WARNING -ID:\b\src\robomongo\robomongo_autogen\include -IR:\src -IR:\src\third-party\qjson-0.8.1\sources\src -IR:\src\third-party\qscintilla-2.8.4\sources\Qt4Qt5 -IR:\src\third-party\qscintilla-2.8.4\sources\include -IR:\src\third-party\qscintilla-2.8.4\sources\lexlib -IR:\src\third-party\qscintilla-2.8.4\sources\src -ID:\b\src -IR:\src\third-party\libssh2-1.9.0\sources\include -ID:\a\robomongo\Qt\5.15.2\msvc2019_64\include -ID:\a\robomongo\Qt\5.15.2\msvc2019_64\include\QtWidgets -ID:\a\robomongo\Qt\5.15.2\msvc2019_64\include\QtGui -ID:\a\robomongo\Qt\5.15.2\msvc2019_64\include\QtANGLE -ID:\a\robomongo\Qt\5.15.2\msvc2019_64\include\QtCore -ID:\a\robomongo\Qt\5.15.2\msvc2019_64\.\mkspecs\win32-msvc -ID:\a\robomongo\Qt\5.15.2\msvc2019_64\include\QtNetwork -ID:\a\robomongo\Qt\5.15.2\msvc2019_64\include\QtXml -ID:\a\robomongo\Qt\5.15.2\msvc2019_64\include\QtPrintSupport -IS:\src -IS:\src\third_party\abseil-cpp-master\abseil-cpp -IS:\src\third_party\boost-1.70.0 -IS:\src\third_party\fmt\dist\include -IS:\src\third_party\mozjs-60\include -IS:\src\third_party\mozjs-60\mongo_sources -IS:\src\third_party\pcre-8.42 -IS:\src\third_party\SafeInt -IS:\build\opt -IS:\src\third_party\mozjs-60\platform\x86_64\windows\include -I"C:\Program Files\OpenSSL\include" /DWIN32 /D_WINDOWS /W3 /GR /EHsc -D_UNICODE -DUNICODE -DWIN32 -D_WIN32 -D_CRT_SECURE_NO_WARNINGS -DBOOST_ALL_NO_LIB /wd4355 /wd4800 /wd4267 /wd4244 /wd4290 /wd4068 /wd4351 /MP /MD /O2 /Ob2 /DNDEBUG -std:c++17 /wd4477 /wd4291 /showIncludes /Fosrc\robomongo\CMakeFiles\robomongo.dir\core\HexUtils.cpp.obj /Fdsrc\robomongo\CMakeFiles\robomongo.dir\ /FS -c R:\src\robomongo\core\HexUtils.cpp
build-app	Configure and Build Robo 3T	2026-04-14T01:17:47.1859739Z [141/253] C:\PROGRA~1\MICROS~2\2022\ENTERP~1\VC\Tools\MSVC\1416~1.270\bin\HostX64\x64\cl.exe  /nologo /TP -DBOOST_THREAD_DONT_PROVIDE_INTERRUPTIONS -DBOOST_THREAD_DONT_PROVIDE_VARIADIC_THREAD -DBOOST_THREAD_HAS_BUG -DBOOST_THREAD_NO_DEPRECATED -DBOOST_THREAD_VERSION=4 -DBUILDING_ROBO -DBUILD_NUMBER=\"26a32aa\" -DESPRIMA_VERSION=\"2.7.3\" -DGOOGLE_TEST_VERSION=\"1.8.1\" -DLIBSSH2_VERSION=\"1.9.0\" -DMONGO_CONFIG_HAVE_HEADER_UNISTD_H -DMongoDB_VERSION=\"\" -DOPENSSL_VERSION=\"1.1.1u\" -DPCRE_STATIC -DPROJECT_COMPANYNAME="\"3T Software Labs Ltd\"" -DPROJECT_COMPANYNAME_DOMAIN=\"https://studio3t.com/\" -DPROJECT_COPYRIGHT="\"Copyright (C) 2014-2017 3T Software Labs Ltd All Rights Reserved.\"" -DPROJECT_DOMAIN=\"www.robomongo.org\" -DPROJECT_GITHUB_FORK=\"www.github.com/Studio3T/robomongo\" -DPROJECT_GITHUB_ISSUES=\"www.github.com/Studio3T/robomongo/issues\" -DPROJECT_NAME="\"Robo 3T\"" -DPROJECT_NAME_LOWERCASE="\"robo 3t\"" -DPROJECT_NAME_TITLE="\"Robo 3T\"" -DPROJECT_QT_VERSION=\"5.15.2\" -DPROJECT_VERSION=\"1.5.1\" -DPROJECT_VERSION_SHORT=\"1.5\" -DQJSON_STATIC -DQJSON_VERSION=\"0.8.1\" -DQT_CORE_LIB -DQT_GUI_LIB -DQT_NETWORK_LIB -DQT_NO_DEBUG -DQT_PRINTSUPPORT_LIB -DQT_WIDGETS_LIB -DQT_XML_LIB -DSCINTILLA_QT -DSCI_LEXER -D_SILENCE_CXX17_ITERATOR_BASE_CLASS_DEPRECATION_WARNING -D_SILENCE_CXX17_OLD_ALLOCATOR_MEMBERS_DEPRECATION_WARNING -ID:\b\src\robomongo\robomongo_autogen\include -IR:\src -IR:\src\third-party\qjson-0.8.1\sources\src -IR:\src\third-party\qscintilla-2.8.4\sources\Qt4Qt5 -IR:\src\third-party\qscintilla-2.8.4\sources\include -IR:\src\third-party\qscintilla-2.8.4\sources\lexlib -IR:\src\third-party\qscintilla-2.8.4\sources\src -ID:\b\src -IR:\src\third-party\libssh2-1.9.0\sources\include -ID:\a\robomongo\Qt\5.15.2\msvc2019_64\include -ID:\a\robomongo\Qt\5.15.2\msvc2019_64\include\QtWidgets -ID:\a\robomongo\Qt\5.15.2\msvc2019_64\include\QtGui -ID:\a\robomongo\Qt\5.15.2\msvc2019_64\include\QtANGLE -ID:\a\robomongo\Qt\5.15.2\msvc2019_64\include\QtCore -ID:\a\robomongo\Qt\5.15.2\msvc2019_64\.\mkspecs\win32-msvc -ID:\a\robomongo\Qt\5.15.2\msvc2019_64\include\QtNetwork -ID:\a\robomongo\Qt\5.15.2\msvc2019_64\include\QtXml -ID:\a\robomongo\Qt\5.15.2\msvc2019_64\include\QtPrintSupport -IS:\src -IS:\src\third_party\abseil-cpp-master\abseil-cpp -IS:\src\third_party\boost-1.70.0 -IS:\src\third_party\fmt\dist\include -IS:\src\third_party\mozjs-60\include -IS:\src\third_party\mozjs-60\mongo_sources -IS:\src\third_party\pcre-8.42 -IS:\src\third_party\SafeInt -IS:\build\opt -IS:\src\third_party\mozjs-60\platform\x86_64\windows\include -I"C:\Program Files\OpenSSL\include" /DWIN32 /D_WINDOWS /W3 /GR /EHsc -D_UNICODE -DUNICODE -DWIN32 -D_WIN32 -D_CRT_SECURE_NO_WARNINGS -DBOOST_ALL_NO_LIB /wd4355 /wd4800 /wd4267 /wd4244 /wd4290 /wd4068 /wd4351 /MP /MD /O2 /Ob2 /DNDEBUG -std:c++17 /wd4477 /wd4291 /showIncludes /Fosrc\robomongo\CMakeFiles\robomongo.dir\core\settings\CredentialSettings.cpp.obj /Fdsrc\robomongo\CMakeFiles\robomongo.dir\ /FS -c R:\src\robomongo\core\settings\CredentialSettings.cpp
build-app	Configure and Build Robo 3T	2026-04-14T01:17:48.9056600Z [142/253] C:\PROGRA~1\MICROS~2\2022\ENTERP~1\VC\Tools\MSVC\1416~1.270\bin\HostX64\x64\cl.exe  /nologo /TP -DBOOST_THREAD_DONT_PROVIDE_INTERRUPTIONS -DBOOST_THREAD_DONT_PROVIDE_VARIADIC_THREAD -DBOOST_THREAD_HAS_BUG -DBOOST_THREAD_NO_DEPRECATED -DBOOST_THREAD_VERSION=4 -DBUILDING_ROBO -DBUILD_NUMBER=\"26a32aa\" -DESPRIMA_VERSION=\"2.7.3\" -DGOOGLE_TEST_VERSION=\"1.8.1\" -DLIBSSH2_VERSION=\"1.9.0\" -DMONGO_CONFIG_HAVE_HEADER_UNISTD_H -DMongoDB_VERSION=\"\" -DOPENSSL_VERSION=\"1.1.1u\" -DPCRE_STATIC -DPROJECT_COMPANYNAME="\"3T Software Labs Ltd\"" -DPROJECT_COMPANYNAME_DOMAIN=\"https://studio3t.com/\" -DPROJECT_COPYRIGHT="\"Copyright (C) 2014-2017 3T Software Labs Ltd All Rights Reserved.\"" -DPROJECT_DOMAIN=\"www.robomongo.org\" -DPROJECT_GITHUB_FORK=\"www.github.com/Studio3T/robomongo\" -DPROJECT_GITHUB_ISSUES=\"www.github.com/Studio3T/robomongo/issues\" -DPROJECT_NAME="\"Robo 3T\"" -DPROJECT_NAME_LOWERCASE="\"robo 3t\"" -DPROJECT_NAME_TITLE="\"Robo 3T\"" -DPROJECT_QT_VERSION=\"5.15.2\" -DPROJECT_VERSION=\"1.5.1\" -DPROJECT_VERSION_SHORT=\"1.5\" -DQJSON_STATIC -DQJSON_VERSION=\"0.8.1\" -DQT_CORE_LIB -DQT_GUI_LIB -DQT_NETWORK_LIB -DQT_NO_DEBUG -DQT_PRINTSUPPORT_LIB -DQT_WIDGETS_LIB -DQT_XML_LIB -DSCINTILLA_QT -DSCI_LEXER -D_SILENCE_CXX17_ITERATOR_BASE_CLASS_DEPRECATION_WARNING -D_SILENCE_CXX17_OLD_ALLOCATOR_MEMBERS_DEPRECATION_WARNING -ID:\b\src\robomongo\robomongo_autogen\include -IR:\src -IR:\src\third-party\qjson-0.8.1\sources\src -IR:\src\third-party\qscintilla-2.8.4\sources\Qt4Qt5 -IR:\src\third-party\qscintilla-2.8.4\sources\include -IR:\src\third-party\qscintilla-2.8.4\sources\lexlib -IR:\src\third-party\qscintilla-2.8.4\sources\src -ID:\b\src -IR:\src\third-party\libssh2-1.9.0\sources\include -ID:\a\robomongo\Qt\5.15.2\msvc2019_64\include -ID:\a\robomongo\Qt\5.15.2\msvc2019_64\include\QtWidgets -ID:\a\robomongo\Qt\5.15.2\msvc2019_64\include\QtGui -ID:\a\robomongo\Qt\5.15.2\msvc2019_64\include\QtANGLE -ID:\a\robomongo\Qt\5.15.2\msvc2019_64\include\QtCore -ID:\a\robomongo\Qt\5.15.2\msvc2019_64\.\mkspecs\win32-msvc -ID:\a\robomongo\Qt\5.15.2\msvc2019_64\include\QtNetwork -ID:\a\robomongo\Qt\5.15.2\msvc2019_64\include\QtXml -ID:\a\robomongo\Qt\5.15.2\msvc2019_64\include\QtPrintSupport -IS:\src -IS:\src\third_party\abseil-cpp-master\abseil-cpp -IS:\src\third_party\boost-1.70.0 -IS:\src\third_party\fmt\dist\include -IS:\src\third_party\mozjs-60\include -IS:\src\third_party\mozjs-60\mongo_sources -IS:\src\third_party\pcre-8.42 -IS:\src\third_party\SafeInt -IS:\build\opt -IS:\src\third_party\mozjs-60\platform\x86_64\windows\include -I"C:\Program Files\OpenSSL\include" /DWIN32 /D_WINDOWS /W3 /GR /EHsc -D_UNICODE -DUNICODE -DWIN32 -D_WIN32 -D_CRT_SECURE_NO_WARNINGS -DBOOST_ALL_NO_LIB /wd4355 /wd4800 /wd4267 /wd4244 /wd4290 /wd4068 /wd4351 /MP /MD /O2 /Ob2 /DNDEBUG -std:c++17 /wd4477 /wd4291 /showIncludes /Fosrc\robomongo\CMakeFiles\robomongo.dir\core\utils\Logger.cpp.obj /Fdsrc\robomongo\CMakeFiles\robomongo.dir\ /FS -c R:\src\robomongo\core\utils\Logger.cpp
build-app	Configure and Build Robo 3T	2026-04-14T01:17:49.1582806Z [143/253] C:\PROGRA~1\MICROS~2\2022\ENTERP~1\VC\Tools\MSVC\1416~1.270\bin\HostX64\x64\cl.exe  /nologo /TP -DBOOST_THREAD_DONT_PROVIDE_INTERRUPTIONS -DBOOST_THREAD_DONT_PROVIDE_VARIADIC_THREAD -DBOOST_THREAD_HAS_BUG -DBOOST_THREAD_NO_DEPRECATED -DBOOST_THREAD_VERSION=4 -DBUILDING_ROBO -DBUILD_NUMBER=\"26a32aa\" -DESPRIMA_VERSION=\"2.7.3\" -DGOOGLE_TEST_VERSION=\"1.8.1\" -DLIBSSH2_VERSION=\"1.9.0\" -DMONGO_CONFIG_HAVE_HEADER_UNISTD_H -DMongoDB_VERSION=\"\" -DOPENSSL_VERSION=\"1.1.1u\" -DPCRE_STATIC -DPROJECT_COMPANYNAME="\"3T Software Labs Ltd\"" -DPROJECT_COMPANYNAME_DOMAIN=\"https://studio3t.com/\" -DPROJECT_COPYRIGHT="\"Copyright (C) 2014-2017 3T Software Labs Ltd All Rights Reserved.\"" -DPROJECT_DOMAIN=\"www.robomongo.org\" -DPROJECT_GITHUB_FORK=\"www.github.com/Studio3T/robomongo\" -DPROJECT_GITHUB_ISSUES=\"www.github.com/Studio3T/robomongo/issues\" -DPROJECT_NAME="\"Robo 3T\"" -DPROJECT_NAME_LOWERCASE="\"robo 3t\"" -DPROJECT_NAME_TITLE="\"Robo 3T\"" -DPROJECT_QT_VERSION=\"5.15.2\" -DPROJECT_VERSION=\"1.5.1\" -DPROJECT_VERSION_SHORT=\"1.5\" -DQJSON_STATIC -DQJSON_VERSION=\"0.8.1\" -DQT_CORE_LIB -DQT_GUI_LIB -DQT_NETWORK_LIB -DQT_NO_DEBUG -DQT_PRINTSUPPORT_LIB -DQT_WIDGETS_LIB -DQT_XML_LIB -DSCINTILLA_QT -DSCI_LEXER -D_SILENCE_CXX17_ITERATOR_BASE_CLASS_DEPRECATION_WARNING -D_SILENCE_CXX17_OLD_ALLOCATOR_MEMBERS_DEPRECATION_WARNING -ID:\b\src\robomongo\robomongo_autogen\include -IR:\src -IR:\src\third-party\qjson-0.8.1\sources\src -IR:\src\third-party\qscintilla-2.8.4\sources\Qt4Qt5 -IR:\src\third-party\qscintilla-2.8.4\sources\include -IR:\src\third-party\qscintilla-2.8.4\sources\lexlib -IR:\src\third-party\qscintilla-2.8.4\sources\src -ID:\b\src -IR:\src\third-party\libssh2-1.9.0\sources\include -ID:\a\robomongo\Qt\5.15.2\msvc2019_64\include -ID:\a\robomongo\Qt\5.15.2\msvc2019_64\include\QtWidgets -ID:\a\robomongo\Qt\5.15.2\msvc2019_64\include\QtGui -ID:\a\robomongo\Qt\5.15.2\msvc2019_64\include\QtANGLE -ID:\a\robomongo\Qt\5.15.2\msvc2019_64\include\QtCore -ID:\a\robomongo\Qt\5.15.2\msvc2019_64\.\mkspecs\win32-msvc -ID:\a\robomongo\Qt\5.15.2\msvc2019_64\include\QtNetwork -ID:\a\robomongo\Qt\5.15.2\msvc2019_64\include\QtXml -ID:\a\robomongo\Qt\5.15.2\msvc2019_64\include\QtPrintSupport -IS:\src -IS:\src\third_party\abseil-cpp-master\abseil-cpp -IS:\src\third_party\boost-1.70.0 -IS:\src\third_party\fmt\dist\include -IS:\src\third_party\mozjs-60\include -IS:\src\third_party\mozjs-60\mongo_sources -IS:\src\third_party\pcre-8.42 -IS:\src\third_party\SafeInt -IS:\build\opt -IS:\src\third_party\mozjs-60\platform\x86_64\windows\include -I"C:\Program Files\OpenSSL\include" /DWIN32 /D_WINDOWS /W3 /GR /EHsc -D_UNICODE -DUNICODE -DWIN32 -D_WIN32 -D_CRT_SECURE_NO_WARNINGS -DBOOST_ALL_NO_LIB /wd4355 /wd4800 /wd4267 /wd4244 /wd4290 /wd4068 /wd4351 /MP /MD /O2 /Ob2 /DNDEBUG -std:c++17 /wd4477 /wd4291 /showIncludes /Fosrc\robomongo\CMakeFiles\robomongo.dir\core\Enums.cpp.obj /Fdsrc\robomongo\CMakeFiles\robomongo.dir\ /FS -c R:\src\robomongo\core\Enums.cpp
build-app	Configure and Build Robo 3T	2026-04-14T01:17:51.9634751Z [144/253] C:\PROGRA~1\MICROS~2\2022\ENTERP~1\VC\Tools\MSVC\1416~1.270\bin\HostX64\x64\cl.exe  /nologo /TP -DBOOST_THREAD_DONT_PROVIDE_INTERRUPTIONS -DBOOST_THREAD_DONT_PROVIDE_VARIADIC_THREAD -DBOOST_THREAD_HAS_BUG -DBOOST_THREAD_NO_DEPRECATED -DBOOST_THREAD_VERSION=4 -DBUILDING_ROBO -DBUILD_NUMBER=\"26a32aa\" -DESPRIMA_VERSION=\"2.7.3\" -DGOOGLE_TEST_VERSION=\"1.8.1\" -DLIBSSH2_VERSION=\"1.9.0\" -DMONGO_CONFIG_HAVE_HEADER_UNISTD_H -DMongoDB_VERSION=\"\" -DOPENSSL_VERSION=\"1.1.1u\" -DPCRE_STATIC -DPROJECT_COMPANYNAME="\"3T Software Labs Ltd\"" -DPROJECT_COMPANYNAME_DOMAIN=\"https://studio3t.com/\" -DPROJECT_COPYRIGHT="\"Copyright (C) 2014-2017 3T Software Labs Ltd All Rights Reserved.\"" -DPROJECT_DOMAIN=\"www.robomongo.org\" -DPROJECT_GITHUB_FORK=\"www.github.com/Studio3T/robomongo\" -DPROJECT_GITHUB_ISSUES=\"www.github.com/Studio3T/robomongo/issues\" -DPROJECT_NAME="\"Robo 3T\"" -DPROJECT_NAME_LOWERCASE="\"robo 3t\"" -DPROJECT_NAME_TITLE="\"Robo 3T\"" -DPROJECT_QT_VERSION=\"5.15.2\" -DPROJECT_VERSION=\"1.5.1\" -DPROJECT_VERSION_SHORT=\"1.5\" -DQJSON_STATIC -DQJSON_VERSION=\"0.8.1\" -DQT_CORE_LIB -DQT_GUI_LIB -DQT_NETWORK_LIB -DQT_NO_DEBUG -DQT_PRINTSUPPORT_LIB -DQT_WIDGETS_LIB -DQT_XML_LIB -DSCINTILLA_QT -DSCI_LEXER -D_SILENCE_CXX17_ITERATOR_BASE_CLASS_DEPRECATION_WARNING -D_SILENCE_CXX17_OLD_ALLOCATOR_MEMBERS_DEPRECATION_WARNING -ID:\b\src\robomongo\robomongo_autogen\include -IR:\src -IR:\src\third-party\qjson-0.8.1\sources\src -IR:\src\third-party\qscintilla-2.8.4\sources\Qt4Qt5 -IR:\src\third-party\qscintilla-2.8.4\sources\include -IR:\src\third-party\qscintilla-2.8.4\sources\lexlib -IR:\src\third-party\qscintilla-2.8.4\sources\src -ID:\b\src -IR:\src\third-party\libssh2-1.9.0\sources\include -ID:\a\robomongo\Qt\5.15.2\msvc2019_64\include -ID:\a\robomongo\Qt\5.15.2\msvc2019_64\include\QtWidgets -ID:\a\robomongo\Qt\5.15.2\msvc2019_64\include\QtGui -ID:\a\robomongo\Qt\5.15.2\msvc2019_64\include\QtANGLE -ID:\a\robomongo\Qt\5.15.2\msvc2019_64\include\QtCore -ID:\a\robomongo\Qt\5.15.2\msvc2019_64\.\mkspecs\win32-msvc -ID:\a\robomongo\Qt\5.15.2\msvc2019_64\include\QtNetwork -ID:\a\robomongo\Qt\5.15.2\msvc2019_64\include\QtXml -ID:\a\robomongo\Qt\5.15.2\msvc2019_64\include\QtPrintSupport -IS:\src -IS:\src\third_party\abseil-cpp-master\abseil-cpp -IS:\src\third_party\boost-1.70.0 -IS:\src\third_party\fmt\dist\include -IS:\src\third_party\mozjs-60\include -IS:\src\third_party\mozjs-60\mongo_sources -IS:\src\third_party\pcre-8.42 -IS:\src\third_party\SafeInt -IS:\build\opt -IS:\src\third_party\mozjs-60\platform\x86_64\windows\include -I"C:\Program Files\OpenSSL\include" /DWIN32 /D_WINDOWS /W3 /GR /EHsc -D_UNICODE -DUNICODE -DWIN32 -D_WIN32 -D_CRT_SECURE_NO_WARNINGS -DBOOST_ALL_NO_LIB /wd4355 /wd4800 /wd4267 /wd4244 /wd4290 /wd4068 /wd4351 /MP /MD /O2 /Ob2 /DNDEBUG -std:c++17 /wd4477 /wd4291 /showIncludes /Fosrc\robomongo\CMakeFiles\robomongo.dir\app\main.cpp.obj /Fdsrc\robomongo\CMakeFiles\robomongo.dir\ /FS -c R:\src\robomongo\app\main.cpp
build-app	Configure and Build Robo 3T	2026-04-14T01:17:52.9232188Z [145/253] C:\PROGRA~1\MICROS~2\2022\ENTERP~1\VC\Tools\MSVC\1416~1.270\bin\HostX64\x64\cl.exe  /nologo /TP -DBOOST_THREAD_DONT_PROVIDE_INTERRUPTIONS -DBOOST_THREAD_DONT_PROVIDE_VARIADIC_THREAD -DBOOST_THREAD_HAS_BUG -DBOOST_THREAD_NO_DEPRECATED -DBOOST_THREAD_VERSION=4 -DBUILDING_ROBO -DBUILD_NUMBER=\"26a32aa\" -DESPRIMA_VERSION=\"2.7.3\" -DGOOGLE_TEST_VERSION=\"1.8.1\" -DLIBSSH2_VERSION=\"1.9.0\" -DMONGO_CONFIG_HAVE_HEADER_UNISTD_H -DMongoDB_VERSION=\"\" -DOPENSSL_VERSION=\"1.1.1u\" -DPCRE_STATIC -DPROJECT_COMPANYNAME="\"3T Software Labs Ltd\"" -DPROJECT_COMPANYNAME_DOMAIN=\"https://studio3t.com/\" -DPROJECT_COPYRIGHT="\"Copyright (C) 2014-2017 3T Software Labs Ltd All Rights Reserved.\"" -DPROJECT_DOMAIN=\"www.robomongo.org\" -DPROJECT_GITHUB_FORK=\"www.github.com/Studio3T/robomongo\" -DPROJECT_GITHUB_ISSUES=\"www.github.com/Studio3T/robomongo/issues\" -DPROJECT_NAME="\"Robo 3T\"" -DPROJECT_NAME_LOWERCASE="\"robo 3t\"" -DPROJECT_NAME_TITLE="\"Robo 3T\"" -DPROJECT_QT_VERSION=\"5.15.2\" -DPROJECT_VERSION=\"1.5.1\" -DPROJECT_VERSION_SHORT=\"1.5\" -DQJSON_STATIC -DQJSON_VERSION=\"0.8.1\" -DQT_CORE_LIB -DQT_GUI_LIB -DQT_NETWORK_LIB -DQT_NO_DEBUG -DQT_PRINTSUPPORT_LIB -DQT_WIDGETS_LIB -DQT_XML_LIB -DSCINTILLA_QT -DSCI_LEXER -D_SILENCE_CXX17_ITERATOR_BASE_CLASS_DEPRECATION_WARNING -D_SILENCE_CXX17_OLD_ALLOCATOR_MEMBERS_DEPRECATION_WARNING -ID:\b\src\robomongo\robomongo_autogen\include -IR:\src -IR:\src\third-party\qjson-0.8.1\sources\src -IR:\src\third-party\qscintilla-2.8.4\sources\Qt4Qt5 -IR:\src\third-party\qscintilla-2.8.4\sources\include -IR:\src\third-party\qscintilla-2.8.4\sources\lexlib -IR:\src\third-party\qscintilla-2.8.4\sources\src -ID:\b\src -IR:\src\third-party\libssh2-1.9.0\sources\include -ID:\a\robomongo\Qt\5.15.2\msvc2019_64\include -ID:\a\robomongo\Qt\5.15.2\msvc2019_64\include\QtWidgets -ID:\a\robomongo\Qt\5.15.2\msvc2019_64\include\QtGui -ID:\a\robomongo\Qt\5.15.2\msvc2019_64\include\QtANGLE -ID:\a\robomongo\Qt\5.15.2\msvc2019_64\include\QtCore -ID:\a\robomongo\Qt\5.15.2\msvc2019_64\.\mkspecs\win32-msvc -ID:\a\robomongo\Qt\5.15.2\msvc2019_64\include\QtNetwork -ID:\a\robomongo\Qt\5.15.2\msvc2019_64\include\QtXml -ID:\a\robomongo\Qt\5.15.2\msvc2019_64\include\QtPrintSupport -IS:\src -IS:\src\third_party\abseil-cpp-master\abseil-cpp -IS:\src\third_party\boost-1.70.0 -IS:\src\third_party\fmt\dist\include -IS:\src\third_party\mozjs-60\include -IS:\src\third_party\mozjs-60\mongo_sources -IS:\src\third_party\pcre-8.42 -IS:\src\third_party\SafeInt -IS:\build\opt -IS:\src\third_party\mozjs-60\platform\x86_64\windows\include -I"C:\Program Files\OpenSSL\include" /DWIN32 /D_WINDOWS /W3 /GR /EHsc -D_UNICODE -DUNICODE -DWIN32 -D_WIN32 -D_CRT_SECURE_NO_WARNINGS -DBOOST_ALL_NO_LIB /wd4355 /wd4800 /wd4267 /wd4244 /wd4290 /wd4068 /wd4351 /MP /MD /O2 /Ob2 /DNDEBUG -std:c++17 /wd4477 /wd4291 /showIncludes /Fosrc\robomongo\CMakeFiles\robomongo.dir\core\Event.cpp.obj /Fdsrc\robomongo\CMakeFiles\robomongo.dir\ /FS -c R:\src\robomongo\core\Event.cpp
build-app	Configure and Build Robo 3T	2026-04-14T01:17:53.5763854Z [146/253] C:\PROGRA~1\MICROS~2\2022\ENTERP~1\VC\Tools\MSVC\1416~1.270\bin\HostX64\x64\cl.exe  /nologo /TP -DBOOST_THREAD_DONT_PROVIDE_INTERRUPTIONS -DBOOST_THREAD_DONT_PROVIDE_VARIADIC_THREAD -DBOOST_THREAD_HAS_BUG -DBOOST_THREAD_NO_DEPRECATED -DBOOST_THREAD_VERSION=4 -DBUILDING_ROBO -DBUILD_NUMBER=\"26a32aa\" -DESPRIMA_VERSION=\"2.7.3\" -DGOOGLE_TEST_VERSION=\"1.8.1\" -DLIBSSH2_VERSION=\"1.9.0\" -DMONGO_CONFIG_HAVE_HEADER_UNISTD_H -DMongoDB_VERSION=\"\" -DOPENSSL_VERSION=\"1.1.1u\" -DPCRE_STATIC -DPROJECT_COMPANYNAME="\"3T Software Labs Ltd\"" -DPROJECT_COMPANYNAME_DOMAIN=\"https://studio3t.com/\" -DPROJECT_COPYRIGHT="\"Copyright (C) 2014-2017 3T Software Labs Ltd All Rights Reserved.\"" -DPROJECT_DOMAIN=\"www.robomongo.org\" -DPROJECT_GITHUB_FORK=\"www.github.com/Studio3T/robomongo\" -DPROJECT_GITHUB_ISSUES=\"www.github.com/Studio3T/robomongo/issues\" -DPROJECT_NAME="\"Robo 3T\"" -DPROJECT_NAME_LOWERCASE="\"robo 3t\"" -DPROJECT_NAME_TITLE="\"Robo 3T\"" -DPROJECT_QT_VERSION=\"5.15.2\" -DPROJECT_VERSION=\"1.5.1\" -DPROJECT_VERSION_SHORT=\"1.5\" -DQJSON_STATIC -DQJSON_VERSION=\"0.8.1\" -DQT_CORE_LIB -DQT_GUI_LIB -DQT_NETWORK_LIB -DQT_NO_DEBUG -DQT_PRINTSUPPORT_LIB -DQT_WIDGETS_LIB -DQT_XML_LIB -DSCINTILLA_QT -DSCI_LEXER -D_SILENCE_CXX17_ITERATOR_BASE_CLASS_DEPRECATION_WARNING -D_SILENCE_CXX17_OLD_ALLOCATOR_MEMBERS_DEPRECATION_WARNING -ID:\b\src\robomongo\robomongo_autogen\include -IR:\src -IR:\src\third-party\qjson-0.8.1\sources\src -IR:\src\third-party\qscintilla-2.8.4\sources\Qt4Qt5 -IR:\src\third-party\qscintilla-2.8.4\sources\include -IR:\src\third-party\qscintilla-2.8.4\sources\lexlib -IR:\src\third-party\qscintilla-2.8.4\sources\src -ID:\b\src -IR:\src\third-party\libssh2-1.9.0\sources\include -ID:\a\robomongo\Qt\5.15.2\msvc2019_64\include -ID:\a\robomongo\Qt\5.15.2\msvc2019_64\include\QtWidgets -ID:\a\robomongo\Qt\5.15.2\msvc2019_64\include\QtGui -ID:\a\robomongo\Qt\5.15.2\msvc2019_64\include\QtANGLE -ID:\a\robomongo\Qt\5.15.2\msvc2019_64\include\QtCore -ID:\a\robomongo\Qt\5.15.2\msvc2019_64\.\mkspecs\win32-msvc -ID:\a\robomongo\Qt\5.15.2\msvc2019_64\include\QtNetwork -ID:\a\robomongo\Qt\5.15.2\msvc2019_64\include\QtXml -ID:\a\robomongo\Qt\5.15.2\msvc2019_64\include\QtPrintSupport -IS:\src -IS:\src\third_party\abseil-cpp-master\abseil-cpp -IS:\src\third_party\boost-1.70.0 -IS:\src\third_party\fmt\dist\include -IS:\src\third_party\mozjs-60\include -IS:\src\third_party\mozjs-60\mongo_sources -IS:\src\third_party\pcre-8.42 -IS:\src\third_party\SafeInt -IS:\build\opt -IS:\src\third_party\mozjs-60\platform\x86_64\windows\include -I"C:\Program Files\OpenSSL\include" /DWIN32 /D_WINDOWS /W3 /GR /EHsc -D_UNICODE -DUNICODE -DWIN32 -D_WIN32 -D_CRT_SECURE_NO_WARNINGS -DBOOST_ALL_NO_LIB /wd4355 /wd4800 /wd4267 /wd4244 /wd4290 /wd4068 /wd4351 /MP /MD /O2 /Ob2 /DNDEBUG -std:c++17 /wd4477 /wd4291 /showIncludes /Fosrc\robomongo\CMakeFiles\robomongo.dir\robomongo_autogen\mocs_compilation.cpp.obj /Fdsrc\robomongo\CMakeFiles\robomongo.dir\ /FS -c D:\b\src\robomongo\robomongo_autogen\mocs_compilation.cpp
build-app	Configure and Build Robo 3T	2026-04-14T01:17:53.6965522Z [147/253] C:\PROGRA~1\MICROS~2\2022\ENTERP~1\VC\Tools\MSVC\1416~1.270\bin\HostX64\x64\cl.exe  /nologo /TP -DBOOST_THREAD_DONT_PROVIDE_INTERRUPTIONS -DBOOST_THREAD_DONT_PROVIDE_VARIADIC_THREAD -DBOOST_THREAD_HAS_BUG -DBOOST_THREAD_NO_DEPRECATED -DBOOST_THREAD_VERSION=4 -DBUILDING_ROBO -DBUILD_NUMBER=\"26a32aa\" -DESPRIMA_VERSION=\"2.7.3\" -DGOOGLE_TEST_VERSION=\"1.8.1\" -DLIBSSH2_VERSION=\"1.9.0\" -DMONGO_CONFIG_HAVE_HEADER_UNISTD_H -DMongoDB_VERSION=\"\" -DOPENSSL_VERSION=\"1.1.1u\" -DPCRE_STATIC -DPROJECT_COMPANYNAME="\"3T Software Labs Ltd\"" -DPROJECT_COMPANYNAME_DOMAIN=\"https://studio3t.com/\" -DPROJECT_COPYRIGHT="\"Copyright (C) 2014-2017 3T Software Labs Ltd All Rights Reserved.\"" -DPROJECT_DOMAIN=\"www.robomongo.org\" -DPROJECT_GITHUB_FORK=\"www.github.com/Studio3T/robomongo\" -DPROJECT_GITHUB_ISSUES=\"www.github.com/Studio3T/robomongo/issues\" -DPROJECT_NAME="\"Robo 3T\"" -DPROJECT_NAME_LOWERCASE="\"robo 3t\"" -DPROJECT_NAME_TITLE="\"Robo 3T\"" -DPROJECT_QT_VERSION=\"5.15.2\" -DPROJECT_VERSION=\"1.5.1\" -DPROJECT_VERSION_SHORT=\"1.5\" -DQJSON_STATIC -DQJSON_VERSION=\"0.8.1\" -DQT_CORE_LIB -DQT_GUI_LIB -DQT_NETWORK_LIB -DQT_NO_DEBUG -DQT_PRINTSUPPORT_LIB -DQT_WIDGETS_LIB -DQT_XML_LIB -DSCINTILLA_QT -DSCI_LEXER -D_SILENCE_CXX17_ITERATOR_BASE_CLASS_DEPRECATION_WARNING -D_SILENCE_CXX17_OLD_ALLOCATOR_MEMBERS_DEPRECATION_WARNING -ID:\b\src\robomongo\robomongo_autogen\include -IR:\src -IR:\src\third-party\qjson-0.8.1\sources\src -IR:\src\third-party\qscintilla-2.8.4\sources\Qt4Qt5 -IR:\src\third-party\qscintilla-2.8.4\sources\include -IR:\src\third-party\qscintilla-2.8.4\sources\lexlib -IR:\src\third-party\qscintilla-2.8.4\sources\src -ID:\b\src -IR:\src\third-party\libssh2-1.9.0\sources\include -ID:\a\robomongo\Qt\5.15.2\msvc2019_64\include -ID:\a\robomongo\Qt\5.15.2\msvc2019_64\include\QtWidgets -ID:\a\robomongo\Qt\5.15.2\msvc2019_64\include\QtGui -ID:\a\robomongo\Qt\5.15.2\msvc2019_64\include\QtANGLE -ID:\a\robomongo\Qt\5.15.2\msvc2019_64\include\QtCore -ID:\a\robomongo\Qt\5.15.2\msvc2019_64\.\mkspecs\win32-msvc -ID:\a\robomongo\Qt\5.15.2\msvc2019_64\include\QtNetwork -ID:\a\robomongo\Qt\5.15.2\msvc2019_64\include\QtXml -ID:\a\robomongo\Qt\5.15.2\msvc2019_64\include\QtPrintSupport -IS:\src -IS:\src\third_party\abseil-cpp-master\abseil-cpp -IS:\src\third_party\boost-1.70.0 -IS:\src\third_party\fmt\dist\include -IS:\src\third_party\mozjs-60\include -IS:\src\third_party\mozjs-60\mongo_sources -IS:\src\third_party\pcre-8.42 -IS:\src\third_party\SafeInt -IS:\build\opt -IS:\src\third_party\mozjs-60\platform\x86_64\windows\include -I"C:\Program Files\OpenSSL\include" /DWIN32 /D_WINDOWS /W3 /GR /EHsc -D_UNICODE -DUNICODE -DWIN32 -D_WIN32 -D_CRT_SECURE_NO_WARNINGS -DBOOST_ALL_NO_LIB /wd4355 /wd4800 /wd4267 /wd4244 /wd4290 /wd4068 /wd4351 /MP /MD /O2 /Ob2 /DNDEBUG -std:c++17 /wd4477 /wd4291 /showIncludes /Fosrc\robomongo\CMakeFiles\robomongo.dir\core\EventError.cpp.obj /Fdsrc\robomongo\CMakeFiles\robomongo.dir\ /FS -c R:\src\robomongo\core\EventError.cpp
build-app	Configure and Build Robo 3T	2026-04-14T01:17:55.4471829Z [148/253] C:\PROGRA~1\MICROS~2\2022\ENTERP~1\VC\Tools\MSVC\1416~1.270\bin\HostX64\x64\cl.exe  /nologo /TP -DBOOST_THREAD_DONT_PROVIDE_INTERRUPTIONS -DBOOST_THREAD_DONT_PROVIDE_VARIADIC_THREAD -DBOOST_THREAD_HAS_BUG -DBOOST_THREAD_NO_DEPRECATED -DBOOST_THREAD_VERSION=4 -DBUILDING_ROBO -DBUILD_NUMBER=\"26a32aa\" -DESPRIMA_VERSION=\"2.7.3\" -DGOOGLE_TEST_VERSION=\"1.8.1\" -DLIBSSH2_VERSION=\"1.9.0\" -DMONGO_CONFIG_HAVE_HEADER_UNISTD_H -DMongoDB_VERSION=\"\" -DOPENSSL_VERSION=\"1.1.1u\" -DPCRE_STATIC -DPROJECT_COMPANYNAME="\"3T Software Labs Ltd\"" -DPROJECT_COMPANYNAME_DOMAIN=\"https://studio3t.com/\" -DPROJECT_COPYRIGHT="\"Copyright (C) 2014-2017 3T Software Labs Ltd All Rights Reserved.\"" -DPROJECT_DOMAIN=\"www.robomongo.org\" -DPROJECT_GITHUB_FORK=\"www.github.com/Studio3T/robomongo\" -DPROJECT_GITHUB_ISSUES=\"www.github.com/Studio3T/robomongo/issues\" -DPROJECT_NAME="\"Robo 3T\"" -DPROJECT_NAME_LOWERCASE="\"robo 3t\"" -DPROJECT_NAME_TITLE="\"Robo 3T\"" -DPROJECT_QT_VERSION=\"5.15.2\" -DPROJECT_VERSION=\"1.5.1\" -DPROJECT_VERSION_SHORT=\"1.5\" -DQJSON_STATIC -DQJSON_VERSION=\"0.8.1\" -DQT_CORE_LIB -DQT_GUI_LIB -DQT_NETWORK_LIB -DQT_NO_DEBUG -DQT_PRINTSUPPORT_LIB -DQT_WIDGETS_LIB -DQT_XML_LIB -DSCINTILLA_QT -DSCI_LEXER -D_SILENCE_CXX17_ITERATOR_BASE_CLASS_DEPRECATION_WARNING -D_SILENCE_CXX17_OLD_ALLOCATOR_MEMBERS_DEPRECATION_WARNING -ID:\b\src\robomongo\robomongo_autogen\include -IR:\src -IR:\src\third-party\qjson-0.8.1\sources\src -IR:\src\third-party\qscintilla-2.8.4\sources\Qt4Qt5 -IR:\src\third-party\qscintilla-2.8.4\sources\include -IR:\src\third-party\qscintilla-2.8.4\sources\lexlib -IR:\src\third-party\qscintilla-2.8.4\sources\src -ID:\b\src -IR:\src\third-party\libssh2-1.9.0\sources\include -ID:\a\robomongo\Qt\5.15.2\msvc2019_64\include -ID:\a\robomongo\Qt\5.15.2\msvc2019_64\include\QtWidgets -ID:\a\robomongo\Qt\5.15.2\msvc2019_64\include\QtGui -ID:\a\robomongo\Qt\5.15.2\msvc2019_64\include\QtANGLE -ID:\a\robomongo\Qt\5.15.2\msvc2019_64\include\QtCore -ID:\a\robomongo\Qt\5.15.2\msvc2019_64\.\mkspecs\win32-msvc -ID:\a\robomongo\Qt\5.15.2\msvc2019_64\include\QtNetwork -ID:\a\robomongo\Qt\5.15.2\msvc2019_64\include\QtXml -ID:\a\robomongo\Qt\5.15.2\msvc2019_64\include\QtPrintSupport -IS:\src -IS:\src\third_party\abseil-cpp-master\abseil-cpp -IS:\src\third_party\boost-1.70.0 -IS:\src\third_party\fmt\dist\include -IS:\src\third_party\mozjs-60\include -IS:\src\third_party\mozjs-60\mongo_sources -IS:\src\third_party\pcre-8.42 -IS:\src\third_party\SafeInt -IS:\build\opt -IS:\src\third_party\mozjs-60\platform\x86_64\windows\include -I"C:\Program Files\OpenSSL\include" /DWIN32 /D_WINDOWS /W3 /GR /EHsc -D_UNICODE -DUNICODE -DWIN32 -D_WIN32 -D_CRT_SECURE_NO_WARNINGS -DBOOST_ALL_NO_LIB /wd4355 /wd4800 /wd4267 /wd4244 /wd4290 /wd4068 /wd4351 /MP /MD /O2 /Ob2 /DNDEBUG -std:c++17 /wd4477 /wd4291 /showIncludes /Fosrc\robomongo\CMakeFiles\robomongo.dir\core\EventBusSubscriber.cpp.obj /Fdsrc\robomongo\CMakeFiles\robomongo.dir\ /FS -c R:\src\robomongo\core\EventBusSubscriber.cpp
build-app	Configure and Build Robo 3T	2026-04-14T01:17:57.8079827Z [149/253] C:\PROGRA~1\MICROS~2\2022\ENTERP~1\VC\Tools\MSVC\1416~1.270\bin\HostX64\x64\cl.exe  /nologo /TP -DBOOST_THREAD_DONT_PROVIDE_INTERRUPTIONS -DBOOST_THREAD_DONT_PROVIDE_VARIADIC_THREAD -DBOOST_THREAD_HAS_BUG -DBOOST_THREAD_NO_DEPRECATED -DBOOST_THREAD_VERSION=4 -DBUILDING_ROBO -DBUILD_NUMBER=\"26a32aa\" -DESPRIMA_VERSION=\"2.7.3\" -DGOOGLE_TEST_VERSION=\"1.8.1\" -DLIBSSH2_VERSION=\"1.9.0\" -DMONGO_CONFIG_HAVE_HEADER_UNISTD_H -DMongoDB_VERSION=\"\" -DOPENSSL_VERSION=\"1.1.1u\" -DPCRE_STATIC -DPROJECT_COMPANYNAME="\"3T Software Labs Ltd\"" -DPROJECT_COMPANYNAME_DOMAIN=\"https://studio3t.com/\" -DPROJECT_COPYRIGHT="\"Copyright (C) 2014-2017 3T Software Labs Ltd All Rights Reserved.\"" -DPROJECT_DOMAIN=\"www.robomongo.org\" -DPROJECT_GITHUB_FORK=\"www.github.com/Studio3T/robomongo\" -DPROJECT_GITHUB_ISSUES=\"www.github.com/Studio3T/robomongo/issues\" -DPROJECT_NAME="\"Robo 3T\"" -DPROJECT_NAME_LOWERCASE="\"robo 3t\"" -DPROJECT_NAME_TITLE="\"Robo 3T\"" -DPROJECT_QT_VERSION=\"5.15.2\" -DPROJECT_VERSION=\"1.5.1\" -DPROJECT_VERSION_SHORT=\"1.5\" -DQJSON_STATIC -DQJSON_VERSION=\"0.8.1\" -DQT_CORE_LIB -DQT_GUI_LIB -DQT_NETWORK_LIB -DQT_NO_DEBUG -DQT_PRINTSUPPORT_LIB -DQT_WIDGETS_LIB -DQT_XML_LIB -DSCINTILLA_QT -DSCI_LEXER -D_SILENCE_CXX17_ITERATOR_BASE_CLASS_DEPRECATION_WARNING -D_SILENCE_CXX17_OLD_ALLOCATOR_MEMBERS_DEPRECATION_WARNING -ID:\b\src\robomongo\robomongo_autogen\include -IR:\src -IR:\src\third-party\qjson-0.8.1\sources\src -IR:\src\third-party\qscintilla-2.8.4\sources\Qt4Qt5 -IR:\src\third-party\qscintilla-2.8.4\sources\include -IR:\src\third-party\qscintilla-2.8.4\sources\lexlib -IR:\src\third-party\qscintilla-2.8.4\sources\src -ID:\b\src -IR:\src\third-party\libssh2-1.9.0\sources\include -ID:\a\robomongo\Qt\5.15.2\msvc2019_64\include -ID:\a\robomongo\Qt\5.15.2\msvc2019_64\include\QtWidgets -ID:\a\robomongo\Qt\5.15.2\msvc2019_64\include\QtGui -ID:\a\robomongo\Qt\5.15.2\msvc2019_64\include\QtANGLE -ID:\a\robomongo\Qt\5.15.2\msvc2019_64\include\QtCore -ID:\a\robomongo\Qt\5.15.2\msvc2019_64\.\mkspecs\win32-msvc -ID:\a\robomongo\Qt\5.15.2\msvc2019_64\include\QtNetwork -ID:\a\robomongo\Qt\5.15.2\msvc2019_64\include\QtXml -ID:\a\robomongo\Qt\5.15.2\msvc2019_64\include\QtPrintSupport -IS:\src -IS:\src\third_party\abseil-cpp-master\abseil-cpp -IS:\src\third_party\boost-1.70.0 -IS:\src\third_party\fmt\dist\include -IS:\src\third_party\mozjs-60\include -IS:\src\third_party\mozjs-60\mongo_sources -IS:\src\third_party\pcre-8.42 -IS:\src\third_party\SafeInt -IS:\build\opt -IS:\src\third_party\mozjs-60\platform\x86_64\windows\include -I"C:\Program Files\OpenSSL\include" /DWIN32 /D_WINDOWS /W3 /GR /EHsc -D_UNICODE -DUNICODE -DWIN32 -D_WIN32 -D_CRT_SECURE_NO_WARNINGS -DBOOST_ALL_NO_LIB /wd4355 /wd4800 /wd4267 /wd4244 /wd4290 /wd4068 /wd4351 /MP /MD /O2 /Ob2 /DNDEBUG -std:c++17 /wd4477 /wd4291 /showIncludes /Fosrc\robomongo\CMakeFiles\robomongo.dir\core\EventBusDispatcher.cpp.obj /Fdsrc\robomongo\CMakeFiles\robomongo.dir\ /FS -c R:\src\robomongo\core\EventBusDispatcher.cpp
build-app	Configure and Build Robo 3T	2026-04-14T01:17:58.3259806Z [150/253] C:\PROGRA~1\MICROS~2\2022\ENTERP~1\VC\Tools\MSVC\1416~1.270\bin\HostX64\x64\cl.exe  /nologo /TP -DBOOST_THREAD_DONT_PROVIDE_INTERRUPTIONS -DBOOST_THREAD_DONT_PROVIDE_VARIADIC_THREAD -DBOOST_THREAD_HAS_BUG -DBOOST_THREAD_NO_DEPRECATED -DBOOST_THREAD_VERSION=4 -DBUILDING_ROBO -DBUILD_NUMBER=\"26a32aa\" -DESPRIMA_VERSION=\"2.7.3\" -DGOOGLE_TEST_VERSION=\"1.8.1\" -DLIBSSH2_VERSION=\"1.9.0\" -DMONGO_CONFIG_HAVE_HEADER_UNISTD_H -DMongoDB_VERSION=\"\" -DOPENSSL_VERSION=\"1.1.1u\" -DPCRE_STATIC -DPROJECT_COMPANYNAME="\"3T Software Labs Ltd\"" -DPROJECT_COMPANYNAME_DOMAIN=\"https://studio3t.com/\" -DPROJECT_COPYRIGHT="\"Copyright (C) 2014-2017 3T Software Labs Ltd All Rights Reserved.\"" -DPROJECT_DOMAIN=\"www.robomongo.org\" -DPROJECT_GITHUB_FORK=\"www.github.com/Studio3T/robomongo\" -DPROJECT_GITHUB_ISSUES=\"www.github.com/Studio3T/robomongo/issues\" -DPROJECT_NAME="\"Robo 3T\"" -DPROJECT_NAME_LOWERCASE="\"robo 3t\"" -DPROJECT_NAME_TITLE="\"Robo 3T\"" -DPROJECT_QT_VERSION=\"5.15.2\" -DPROJECT_VERSION=\"1.5.1\" -DPROJECT_VERSION_SHORT=\"1.5\" -DQJSON_STATIC -DQJSON_VERSION=\"0.8.1\" -DQT_CORE_LIB -DQT_GUI_LIB -DQT_NETWORK_LIB -DQT_NO_DEBUG -DQT_PRINTSUPPORT_LIB -DQT_WIDGETS_LIB -DQT_XML_LIB -DSCINTILLA_QT -DSCI_LEXER -D_SILENCE_CXX17_ITERATOR_BASE_CLASS_DEPRECATION_WARNING -D_SILENCE_CXX17_OLD_ALLOCATOR_MEMBERS_DEPRECATION_WARNING -ID:\b\src\robomongo\robomongo_autogen\include -IR:\src -IR:\src\third-party\qjson-0.8.1\sources\src -IR:\src\third-party\qscintilla-2.8.4\sources\Qt4Qt5 -IR:\src\third-party\qscintilla-2.8.4\sources\include -IR:\src\third-party\qscintilla-2.8.4\sources\lexlib -IR:\src\third-party\qscintilla-2.8.4\sources\src -ID:\b\src -IR:\src\third-party\libssh2-1.9.0\sources\include -ID:\a\robomongo\Qt\5.15.2\msvc2019_64\include -ID:\a\robomongo\Qt\5.15.2\msvc2019_64\include\QtWidgets -ID:\a\robomongo\Qt\5.15.2\msvc2019_64\include\QtGui -ID:\a\robomongo\Qt\5.15.2\msvc2019_64\include\QtANGLE -ID:\a\robomongo\Qt\5.15.2\msvc2019_64\include\QtCore -ID:\a\robomongo\Qt\5.15.2\msvc2019_64\.\mkspecs\win32-msvc -ID:\a\robomongo\Qt\5.15.2\msvc2019_64\include\QtNetwork -ID:\a\robomongo\Qt\5.15.2\msvc2019_64\include\QtXml -ID:\a\robomongo\Qt\5.15.2\msvc2019_64\include\QtPrintSupport -IS:\src -IS:\src\third_party\abseil-cpp-master\abseil-cpp -IS:\src\third_party\boost-1.70.0 -IS:\src\third_party\fmt\dist\include -IS:\src\third_party\mozjs-60\include -IS:\src\third_party\mozjs-60\mongo_sources -IS:\src\third_party\pcre-8.42 -IS:\src\third_party\SafeInt -IS:\build\opt -IS:\src\third_party\mozjs-60\platform\x86_64\windows\include -I"C:\Program Files\OpenSSL\include" /DWIN32 /D_WINDOWS /W3 /GR /EHsc -D_UNICODE -DUNICODE -DWIN32 -D_WIN32 -D_CRT_SECURE_NO_WARNINGS -DBOOST_ALL_NO_LIB /wd4355 /wd4800 /wd4267 /wd4244 /wd4290 /wd4068 /wd4351 /MP /MD /O2 /Ob2 /DNDEBUG -std:c++17 /wd4477 /wd4291 /showIncludes /Fosrc\robomongo\CMakeFiles\robomongo.dir\core\EventWrapper.cpp.obj /Fdsrc\robomongo\CMakeFiles\robomongo.dir\ /FS -c R:\src\robomongo\core\EventWrapper.cpp
build-app	Configure and Build Robo 3T	2026-04-14T01:17:59.4126224Z [151/253] C:\PROGRA~1\MICROS~2\2022\ENTERP~1\VC\Tools\MSVC\1416~1.270\bin\HostX64\x64\cl.exe  /nologo /TP -DBOOST_THREAD_DONT_PROVIDE_INTERRUPTIONS -DBOOST_THREAD_DONT_PROVIDE_VARIADIC_THREAD -DBOOST_THREAD_HAS_BUG -DBOOST_THREAD_NO_DEPRECATED -DBOOST_THREAD_VERSION=4 -DBUILDING_ROBO -DBUILD_NUMBER=\"26a32aa\" -DESPRIMA_VERSION=\"2.7.3\" -DGOOGLE_TEST_VERSION=\"1.8.1\" -DLIBSSH2_VERSION=\"1.9.0\" -DMONGO_CONFIG_HAVE_HEADER_UNISTD_H -DMongoDB_VERSION=\"\" -DOPENSSL_VERSION=\"1.1.1u\" -DPCRE_STATIC -DPROJECT_COMPANYNAME="\"3T Software Labs Ltd\"" -DPROJECT_COMPANYNAME_DOMAIN=\"https://studio3t.com/\" -DPROJECT_COPYRIGHT="\"Copyright (C) 2014-2017 3T Software Labs Ltd All Rights Reserved.\"" -DPROJECT_DOMAIN=\"www.robomongo.org\" -DPROJECT_GITHUB_FORK=\"www.github.com/Studio3T/robomongo\" -DPROJECT_GITHUB_ISSUES=\"www.github.com/Studio3T/robomongo/issues\" -DPROJECT_NAME="\"Robo 3T\"" -DPROJECT_NAME_LOWERCASE="\"robo 3t\"" -DPROJECT_NAME_TITLE="\"Robo 3T\"" -DPROJECT_QT_VERSION=\"5.15.2\" -DPROJECT_VERSION=\"1.5.1\" -DPROJECT_VERSION_SHORT=\"1.5\" -DQJSON_STATIC -DQJSON_VERSION=\"0.8.1\" -DQT_CORE_LIB -DQT_GUI_LIB -DQT_NETWORK_LIB -DQT_NO_DEBUG -DQT_PRINTSUPPORT_LIB -DQT_WIDGETS_LIB -DQT_XML_LIB -DSCINTILLA_QT -DSCI_LEXER -D_SILENCE_CXX17_ITERATOR_BASE_CLASS_DEPRECATION_WARNING -D_SILENCE_CXX17_OLD_ALLOCATOR_MEMBERS_DEPRECATION_WARNING -ID:\b\src\robomongo\robomongo_autogen\include -IR:\src -IR:\src\third-party\qjson-0.8.1\sources\src -IR:\src\third-party\qscintilla-2.8.4\sources\Qt4Qt5 -IR:\src\third-party\qscintilla-2.8.4\sources\include -IR:\src\third-party\qscintilla-2.8.4\sources\lexlib -IR:\src\third-party\qscintilla-2.8.4\sources\src -ID:\b\src -IR:\src\third-party\libssh2-1.9.0\sources\include -ID:\a\robomongo\Qt\5.15.2\msvc2019_64\include -ID:\a\robomongo\Qt\5.15.2\msvc2019_64\include\QtWidgets -ID:\a\robomongo\Qt\5.15.2\msvc2019_64\include\QtGui -ID:\a\robomongo\Qt\5.15.2\msvc2019_64\include\QtANGLE -ID:\a\robomongo\Qt\5.15.2\msvc2019_64\include\QtCore -ID:\a\robomongo\Qt\5.15.2\msvc2019_64\.\mkspecs\win32-msvc -ID:\a\robomongo\Qt\5.15.2\msvc2019_64\include\QtNetwork -ID:\a\robomongo\Qt\5.15.2\msvc2019_64\include\QtXml -ID:\a\robomongo\Qt\5.15.2\msvc2019_64\include\QtPrintSupport -IS:\src -IS:\src\third_party\abseil-cpp-master\abseil-cpp -IS:\src\third_party\boost-1.70.0 -IS:\src\third_party\fmt\dist\include -IS:\src\third_party\mozjs-60\include -IS:\src\third_party\mozjs-60\mongo_sources -IS:\src\third_party\pcre-8.42 -IS:\src\third_party\SafeInt -IS:\build\opt -IS:\src\third_party\mozjs-60\platform\x86_64\windows\include -I"C:\Program Files\OpenSSL\include" /DWIN32 /D_WINDOWS /W3 /GR /EHsc -D_UNICODE -DUNICODE -DWIN32 -D_WIN32 -D_CRT_SECURE_NO_WARNINGS -DBOOST_ALL_NO_LIB /wd4355 /wd4800 /wd4267 /wd4244 /wd4290 /wd4068 /wd4351 /MP /MD /O2 /Ob2 /DNDEBUG -std:c++17 /wd4477 /wd4291 /showIncludes /Fosrc\robomongo\CMakeFiles\robomongo.dir\core\KeyboardManager.cpp.obj /Fdsrc\robomongo\CMakeFiles\robomongo.dir\ /FS -c R:\src\robomongo\core\KeyboardManager.cpp
build-app	Configure and Build Robo 3T	2026-04-14T01:18:00.2877273Z [152/253] C:\PROGRA~1\MICROS~2\2022\ENTERP~1\VC\Tools\MSVC\1416~1.270\bin\HostX64\x64\cl.exe  /nologo /TP -DBOOST_THREAD_DONT_PROVIDE_INTERRUPTIONS -DBOOST_THREAD_DONT_PROVIDE_VARIADIC_THREAD -DBOOST_THREAD_HAS_BUG -DBOOST_THREAD_NO_DEPRECATED -DBOOST_THREAD_VERSION=4 -DBUILDING_ROBO -DBUILD_NUMBER=\"26a32aa\" -DESPRIMA_VERSION=\"2.7.3\" -DGOOGLE_TEST_VERSION=\"1.8.1\" -DLIBSSH2_VERSION=\"1.9.0\" -DMONGO_CONFIG_HAVE_HEADER_UNISTD_H -DMongoDB_VERSION=\"\" -DOPENSSL_VERSION=\"1.1.1u\" -DPCRE_STATIC -DPROJECT_COMPANYNAME="\"3T Software Labs Ltd\"" -DPROJECT_COMPANYNAME_DOMAIN=\"https://studio3t.com/\" -DPROJECT_COPYRIGHT="\"Copyright (C) 2014-2017 3T Software Labs Ltd All Rights Reserved.\"" -DPROJECT_DOMAIN=\"www.robomongo.org\" -DPROJECT_GITHUB_FORK=\"www.github.com/Studio3T/robomongo\" -DPROJECT_GITHUB_ISSUES=\"www.github.com/Studio3T/robomongo/issues\" -DPROJECT_NAME="\"Robo 3T\"" -DPROJECT_NAME_LOWERCASE="\"robo 3t\"" -DPROJECT_NAME_TITLE="\"Robo 3T\"" -DPROJECT_QT_VERSION=\"5.15.2\" -DPROJECT_VERSION=\"1.5.1\" -DPROJECT_VERSION_SHORT=\"1.5\" -DQJSON_STATIC -DQJSON_VERSION=\"0.8.1\" -DQT_CORE_LIB -DQT_GUI_LIB -DQT_NETWORK_LIB -DQT_NO_DEBUG -DQT_PRINTSUPPORT_LIB -DQT_WIDGETS_LIB -DQT_XML_LIB -DSCINTILLA_QT -DSCI_LEXER -D_SILENCE_CXX17_ITERATOR_BASE_CLASS_DEPRECATION_WARNING -D_SILENCE_CXX17_OLD_ALLOCATOR_MEMBERS_DEPRECATION_WARNING -ID:\b\src\robomongo\robomongo_autogen\include -IR:\src -IR:\src\third-party\qjson-0.8.1\sources\src -IR:\src\third-party\qscintilla-2.8.4\sources\Qt4Qt5 -IR:\src\third-party\qscintilla-2.8.4\sources\include -IR:\src\third-party\qscintilla-2.8.4\sources\lexlib -IR:\src\third-party\qscintilla-2.8.4\sources\src -ID:\b\src -IR:\src\third-party\libssh2-1.9.0\sources\include -ID:\a\robomongo\Qt\5.15.2\msvc2019_64\include -ID:\a\robomongo\Qt\5.15.2\msvc2019_64\include\QtWidgets -ID:\a\robomongo\Qt\5.15.2\msvc2019_64\include\QtGui -ID:\a\robomongo\Qt\5.15.2\msvc2019_64\include\QtANGLE -ID:\a\robomongo\Qt\5.15.2\msvc2019_64\include\QtCore -ID:\a\robomongo\Qt\5.15.2\msvc2019_64\.\mkspecs\win32-msvc -ID:\a\robomongo\Qt\5.15.2\msvc2019_64\include\QtNetwork -ID:\a\robomongo\Qt\5.15.2\msvc2019_64\include\QtXml -ID:\a\robomongo\Qt\5.15.2\msvc2019_64\include\QtPrintSupport -IS:\src -IS:\src\third_party\abseil-cpp-master\abseil-cpp -IS:\src\third_party\boost-1.70.0 -IS:\src\third_party\fmt\dist\include -IS:\src\third_party\mozjs-60\include -IS:\src\third_party\mozjs-60\mongo_sources -IS:\src\third_party\pcre-8.42 -IS:\src\third_party\SafeInt -IS:\build\opt -IS:\src\third_party\mozjs-60\platform\x86_64\windows\include -I"C:\Program Files\OpenSSL\include" /DWIN32 /D_WINDOWS /W3 /GR /EHsc -D_UNICODE -DUNICODE -DWIN32 -D_WIN32 -D_CRT_SECURE_NO_WARNINGS -DBOOST_ALL_NO_LIB /wd4355 /wd4800 /wd4267 /wd4244 /wd4290 /wd4068 /wd4351 /MP /MD /O2 /Ob2 /DNDEBUG -std:c++17 /wd4477 /wd4291 /showIncludes /Fosrc\robomongo\CMakeFiles\robomongo.dir\core\domain\MongoNamespace.cpp.obj /Fdsrc\robomongo\CMakeFiles\robomongo.dir\ /FS -c R:\src\robomongo\core\domain\MongoNamespace.cpp
build-app	Configure and Build Robo 3T	2026-04-14T01:18:00.8676308Z [153/253] C:\PROGRA~1\MICROS~2\2022\ENTERP~1\VC\Tools\MSVC\1416~1.270\bin\HostX64\x64\cl.exe  /nologo /TP -DBOOST_THREAD_DONT_PROVIDE_INTERRUPTIONS -DBOOST_THREAD_DONT_PROVIDE_VARIADIC_THREAD -DBOOST_THREAD_HAS_BUG -DBOOST_THREAD_NO_DEPRECATED -DBOOST_THREAD_VERSION=4 -DBUILDING_ROBO -DBUILD_NUMBER=\"26a32aa\" -DESPRIMA_VERSION=\"2.7.3\" -DGOOGLE_TEST_VERSION=\"1.8.1\" -DLIBSSH2_VERSION=\"1.9.0\" -DMONGO_CONFIG_HAVE_HEADER_UNISTD_H -DMongoDB_VERSION=\"\" -DOPENSSL_VERSION=\"1.1.1u\" -DPCRE_STATIC -DPROJECT_COMPANYNAME="\"3T Software Labs Ltd\"" -DPROJECT_COMPANYNAME_DOMAIN=\"https://studio3t.com/\" -DPROJECT_COPYRIGHT="\"Copyright (C) 2014-2017 3T Software Labs Ltd All Rights Reserved.\"" -DPROJECT_DOMAIN=\"www.robomongo.org\" -DPROJECT_GITHUB_FORK=\"www.github.com/Studio3T/robomongo\" -DPROJECT_GITHUB_ISSUES=\"www.github.com/Studio3T/robomongo/issues\" -DPROJECT_NAME="\"Robo 3T\"" -DPROJECT_NAME_LOWERCASE="\"robo 3t\"" -DPROJECT_NAME_TITLE="\"Robo 3T\"" -DPROJECT_QT_VERSION=\"5.15.2\" -DPROJECT_VERSION=\"1.5.1\" -DPROJECT_VERSION_SHORT=\"1.5\" -DQJSON_STATIC -DQJSON_VERSION=\"0.8.1\" -DQT_CORE_LIB -DQT_GUI_LIB -DQT_NETWORK_LIB -DQT_NO_DEBUG -DQT_PRINTSUPPORT_LIB -DQT_WIDGETS_LIB -DQT_XML_LIB -DSCINTILLA_QT -DSCI_LEXER -D_SILENCE_CXX17_ITERATOR_BASE_CLASS_DEPRECATION_WARNING -D_SILENCE_CXX17_OLD_ALLOCATOR_MEMBERS_DEPRECATION_WARNING -ID:\b\src\robomongo\robomongo_autogen\include -IR:\src -IR:\src\third-party\qjson-0.8.1\sources\src -IR:\src\third-party\qscintilla-2.8.4\sources\Qt4Qt5 -IR:\src\third-party\qscintilla-2.8.4\sources\include -IR:\src\third-party\qscintilla-2.8.4\sources\lexlib -IR:\src\third-party\qscintilla-2.8.4\sources\src -ID:\b\src -IR:\src\third-party\libssh2-1.9.0\sources\include -ID:\a\robomongo\Qt\5.15.2\msvc2019_64\include -ID:\a\robomongo\Qt\5.15.2\msvc2019_64\include\QtWidgets -ID:\a\robomongo\Qt\5.15.2\msvc2019_64\include\QtGui -ID:\a\robomongo\Qt\5.15.2\msvc2019_64\include\QtANGLE -ID:\a\robomongo\Qt\5.15.2\msvc2019_64\include\QtCore -ID:\a\robomongo\Qt\5.15.2\msvc2019_64\.\mkspecs\win32-msvc -ID:\a\robomongo\Qt\5.15.2\msvc2019_64\include\QtNetwork -ID:\a\robomongo\Qt\5.15.2\msvc2019_64\include\QtXml -ID:\a\robomongo\Qt\5.15.2\msvc2019_64\include\QtPrintSupport -IS:\src -IS:\src\third_party\abseil-cpp-master\abseil-cpp -IS:\src\third_party\boost-1.70.0 -IS:\src\third_party\fmt\dist\include -IS:\src\third_party\mozjs-60\include -IS:\src\third_party\mozjs-60\mongo_sources -IS:\src\third_party\pcre-8.42 -IS:\src\third_party\SafeInt -IS:\build\opt -IS:\src\third_party\mozjs-60\platform\x86_64\windows\include -I"C:\Program Files\OpenSSL\include" /DWIN32 /D_WINDOWS /W3 /GR /EHsc -D_UNICODE -DUNICODE -DWIN32 -D_WIN32 -D_CRT_SECURE_NO_WARNINGS -DBOOST_ALL_NO_LIB /wd4355 /wd4800 /wd4267 /wd4244 /wd4290 /wd4068 /wd4351 /MP /MD /O2 /Ob2 /DNDEBUG -std:c++17 /wd4477 /wd4291 /showIncludes /Fosrc\robomongo\CMakeFiles\robomongo.dir\core\utils\BsonUtils.cpp.obj /Fdsrc\robomongo\CMakeFiles\robomongo.dir\ /FS -c R:\src\robomongo\core\utils\BsonUtils.cpp
build-app	Configure and Build Robo 3T	2026-04-14T01:18:01.4143059Z [154/253] C:\PROGRA~1\MICROS~2\2022\ENTERP~1\VC\Tools\MSVC\1416~1.270\bin\HostX64\x64\cl.exe  /nologo /TP -DBOOST_THREAD_DONT_PROVIDE_INTERRUPTIONS -DBOOST_THREAD_DONT_PROVIDE_VARIADIC_THREAD -DBOOST_THREAD_HAS_BUG -DBOOST_THREAD_NO_DEPRECATED -DBOOST_THREAD_VERSION=4 -DBUILDING_ROBO -DBUILD_NUMBER=\"26a32aa\" -DESPRIMA_VERSION=\"2.7.3\" -DGOOGLE_TEST_VERSION=\"1.8.1\" -DLIBSSH2_VERSION=\"1.9.0\" -DMONGO_CONFIG_HAVE_HEADER_UNISTD_H -DMongoDB_VERSION=\"\" -DOPENSSL_VERSION=\"1.1.1u\" -DPCRE_STATIC -DPROJECT_COMPANYNAME="\"3T Software Labs Ltd\"" -DPROJECT_COMPANYNAME_DOMAIN=\"https://studio3t.com/\" -DPROJECT_COPYRIGHT="\"Copyright (C) 2014-2017 3T Software Labs Ltd All Rights Reserved.\"" -DPROJECT_DOMAIN=\"www.robomongo.org\" -DPROJECT_GITHUB_FORK=\"www.github.com/Studio3T/robomongo\" -DPROJECT_GITHUB_ISSUES=\"www.github.com/Studio3T/robomongo/issues\" -DPROJECT_NAME="\"Robo 3T\"" -DPROJECT_NAME_LOWERCASE="\"robo 3t\"" -DPROJECT_NAME_TITLE="\"Robo 3T\"" -DPROJECT_QT_VERSION=\"5.15.2\" -DPROJECT_VERSION=\"1.5.1\" -DPROJECT_VERSION_SHORT=\"1.5\" -DQJSON_STATIC -DQJSON_VERSION=\"0.8.1\" -DQT_CORE_LIB -DQT_GUI_LIB -DQT_NETWORK_LIB -DQT_NO_DEBUG -DQT_PRINTSUPPORT_LIB -DQT_WIDGETS_LIB -DQT_XML_LIB -DSCINTILLA_QT -DSCI_LEXER -D_SILENCE_CXX17_ITERATOR_BASE_CLASS_DEPRECATION_WARNING -D_SILENCE_CXX17_OLD_ALLOCATOR_MEMBERS_DEPRECATION_WARNING -ID:\b\src\robomongo\robomongo_autogen\include -IR:\src -IR:\src\third-party\qjson-0.8.1\sources\src -IR:\src\third-party\qscintilla-2.8.4\sources\Qt4Qt5 -IR:\src\third-party\qscintilla-2.8.4\sources\include -IR:\src\third-party\qscintilla-2.8.4\sources\lexlib -IR:\src\third-party\qscintilla-2.8.4\sources\src -ID:\b\src -IR:\src\third-party\libssh2-1.9.0\sources\include -ID:\a\robomongo\Qt\5.15.2\msvc2019_64\include -ID:\a\robomongo\Qt\5.15.2\msvc2019_64\include\QtWidgets -ID:\a\robomongo\Qt\5.15.2\msvc2019_64\include\QtGui -ID:\a\robomongo\Qt\5.15.2\msvc2019_64\include\QtANGLE -ID:\a\robomongo\Qt\5.15.2\msvc2019_64\include\QtCore -ID:\a\robomongo\Qt\5.15.2\msvc2019_64\.\mkspecs\win32-msvc -ID:\a\robomongo\Qt\5.15.2\msvc2019_64\include\QtNetwork -ID:\a\robomongo\Qt\5.15.2\msvc2019_64\include\QtXml -ID:\a\robomongo\Qt\5.15.2\msvc2019_64\include\QtPrintSupport -IS:\src -IS:\src\third_party\abseil-cpp-master\abseil-cpp -IS:\src\third_party\boost-1.70.0 -IS:\src\third_party\fmt\dist\include -IS:\src\third_party\mozjs-60\include -IS:\src\third_party\mozjs-60\mongo_sources -IS:\src\third_party\pcre-8.42 -IS:\src\third_party\SafeInt -IS:\build\opt -IS:\src\third_party\mozjs-60\platform\x86_64\windows\include -I"C:\Program Files\OpenSSL\include" /DWIN32 /D_WINDOWS /W3 /GR /EHsc -D_UNICODE -DUNICODE -DWIN32 -D_WIN32 -D_CRT_SECURE_NO_WARNINGS -DBOOST_ALL_NO_LIB /wd4355 /wd4800 /wd4267 /wd4244 /wd4290 /wd4068 /wd4351 /MP /MD /O2 /Ob2 /DNDEBUG -std:c++17 /wd4477 /wd4291 /showIncludes /Fosrc\robomongo\CMakeFiles\robomongo.dir\core\EventBus.cpp.obj /Fdsrc\robomongo\CMakeFiles\robomongo.dir\ /FS -c R:\src\robomongo\core\EventBus.cpp
build-app	Configure and Build Robo 3T	2026-04-14T01:18:01.6164027Z [155/253] C:\PROGRA~1\MICROS~2\2022\ENTERP~1\VC\Tools\MSVC\1416~1.270\bin\HostX64\x64\cl.exe  /nologo /TP -DBOOST_THREAD_DONT_PROVIDE_INTERRUPTIONS -DBOOST_THREAD_DONT_PROVIDE_VARIADIC_THREAD -DBOOST_THREAD_HAS_BUG -DBOOST_THREAD_NO_DEPRECATED -DBOOST_THREAD_VERSION=4 -DBUILDING_ROBO -DBUILD_NUMBER=\"26a32aa\" -DESPRIMA_VERSION=\"2.7.3\" -DGOOGLE_TEST_VERSION=\"1.8.1\" -DLIBSSH2_VERSION=\"1.9.0\" -DMONGO_CONFIG_HAVE_HEADER_UNISTD_H -DMongoDB_VERSION=\"\" -DOPENSSL_VERSION=\"1.1.1u\" -DPCRE_STATIC -DPROJECT_COMPANYNAME="\"3T Software Labs Ltd\"" -DPROJECT_COMPANYNAME_DOMAIN=\"https://studio3t.com/\" -DPROJECT_COPYRIGHT="\"Copyright (C) 2014-2017 3T Software Labs Ltd All Rights Reserved.\"" -DPROJECT_DOMAIN=\"www.robomongo.org\" -DPROJECT_GITHUB_FORK=\"www.github.com/Studio3T/robomongo\" -DPROJECT_GITHUB_ISSUES=\"www.github.com/Studio3T/robomongo/issues\" -DPROJECT_NAME="\"Robo 3T\"" -DPROJECT_NAME_LOWERCASE="\"robo 3t\"" -DPROJECT_NAME_TITLE="\"Robo 3T\"" -DPROJECT_QT_VERSION=\"5.15.2\" -DPROJECT_VERSION=\"1.5.1\" -DPROJECT_VERSION_SHORT=\"1.5\" -DQJSON_STATIC -DQJSON_VERSION=\"0.8.1\" -DQT_CORE_LIB -DQT_GUI_LIB -DQT_NETWORK_LIB -DQT_NO_DEBUG -DQT_PRINTSUPPORT_LIB -DQT_WIDGETS_LIB -DQT_XML_LIB -DSCINTILLA_QT -DSCI_LEXER -D_SILENCE_CXX17_ITERATOR_BASE_CLASS_DEPRECATION_WARNING -D_SILENCE_CXX17_OLD_ALLOCATOR_MEMBERS_DEPRECATION_WARNING -ID:\b\src\robomongo\robomongo_autogen\include -IR:\src -IR:\src\third-party\qjson-0.8.1\sources\src -IR:\src\third-party\qscintilla-2.8.4\sources\Qt4Qt5 -IR:\src\third-party\qscintilla-2.8.4\sources\include -IR:\src\third-party\qscintilla-2.8.4\sources\lexlib -IR:\src\third-party\qscintilla-2.8.4\sources\src -ID:\b\src -IR:\src\third-party\libssh2-1.9.0\sources\include -ID:\a\robomongo\Qt\5.15.2\msvc2019_64\include -ID:\a\robomongo\Qt\5.15.2\msvc2019_64\include\QtWidgets -ID:\a\robomongo\Qt\5.15.2\msvc2019_64\include\QtGui -ID:\a\robomongo\Qt\5.15.2\msvc2019_64\include\QtANGLE -ID:\a\robomongo\Qt\5.15.2\msvc2019_64\include\QtCore -ID:\a\robomongo\Qt\5.15.2\msvc2019_64\.\mkspecs\win32-msvc -ID:\a\robomongo\Qt\5.15.2\msvc2019_64\include\QtNetwork -ID:\a\robomongo\Qt\5.15.2\msvc2019_64\include\QtXml -ID:\a\robomongo\Qt\5.15.2\msvc2019_64\include\QtPrintSupport -IS:\src -IS:\src\third_party\abseil-cpp-master\abseil-cpp -IS:\src\third_party\boost-1.70.0 -IS:\src\third_party\fmt\dist\include -IS:\src\third_party\mozjs-60\include -IS:\src\third_party\mozjs-60\mongo_sources -IS:\src\third_party\pcre-8.42 -IS:\src\third_party\SafeInt -IS:\build\opt -IS:\src\third_party\mozjs-60\platform\x86_64\windows\include -I"C:\Program Files\OpenSSL\include" /DWIN32 /D_WINDOWS /W3 /GR /EHsc -D_UNICODE -DUNICODE -DWIN32 -D_WIN32 -D_CRT_SECURE_NO_WARNINGS -DBOOST_ALL_NO_LIB /wd4355 /wd4800 /wd4267 /wd4244 /wd4290 /wd4068 /wd4351 /MP /MD /O2 /Ob2 /DNDEBUG -std:c++17 /wd4477 /wd4291 /showIncludes /Fosrc\robomongo\CMakeFiles\robomongo.dir\core\settings\ConnectionSettings.cpp.obj /Fdsrc\robomongo\CMakeFiles\robomongo.dir\ /FS -c R:\src\robomongo\core\settings\ConnectionSettings.cpp
build-app	Configure and Build Robo 3T	2026-04-14T01:18:01.9976948Z [156/253] C:\PROGRA~1\MICROS~2\2022\ENTERP~1\VC\Tools\MSVC\1416~1.270\bin\HostX64\x64\cl.exe  /nologo /TP -DBOOST_THREAD_DONT_PROVIDE_INTERRUPTIONS -DBOOST_THREAD_DONT_PROVIDE_VARIADIC_THREAD -DBOOST_THREAD_HAS_BUG -DBOOST_THREAD_NO_DEPRECATED -DBOOST_THREAD_VERSION=4 -DBUILDING_ROBO -DBUILD_NUMBER=\"26a32aa\" -DESPRIMA_VERSION=\"2.7.3\" -DGOOGLE_TEST_VERSION=\"1.8.1\" -DLIBSSH2_VERSION=\"1.9.0\" -DMONGO_CONFIG_HAVE_HEADER_UNISTD_H -DMongoDB_VERSION=\"\" -DOPENSSL_VERSION=\"1.1.1u\" -DPCRE_STATIC -DPROJECT_COMPANYNAME="\"3T Software Labs Ltd\"" -DPROJECT_COMPANYNAME_DOMAIN=\"https://studio3t.com/\" -DPROJECT_COPYRIGHT="\"Copyright (C) 2014-2017 3T Software Labs Ltd All Rights Reserved.\"" -DPROJECT_DOMAIN=\"www.robomongo.org\" -DPROJECT_GITHUB_FORK=\"www.github.com/Studio3T/robomongo\" -DPROJECT_GITHUB_ISSUES=\"www.github.com/Studio3T/robomongo/issues\" -DPROJECT_NAME="\"Robo 3T\"" -DPROJECT_NAME_LOWERCASE="\"robo 3t\"" -DPROJECT_NAME_TITLE="\"Robo 3T\"" -DPROJECT_QT_VERSION=\"5.15.2\" -DPROJECT_VERSION=\"1.5.1\" -DPROJECT_VERSION_SHORT=\"1.5\" -DQJSON_STATIC -DQJSON_VERSION=\"0.8.1\" -DQT_CORE_LIB -DQT_GUI_LIB -DQT_NETWORK_LIB -DQT_NO_DEBUG -DQT_PRINTSUPPORT_LIB -DQT_WIDGETS_LIB -DQT_XML_LIB -DSCINTILLA_QT -DSCI_LEXER -D_SILENCE_CXX17_ITERATOR_BASE_CLASS_DEPRECATION_WARNING -D_SILENCE_CXX17_OLD_ALLOCATOR_MEMBERS_DEPRECATION_WARNING -ID:\b\src\robomongo\robomongo_autogen\include -IR:\src -IR:\src\third-party\qjson-0.8.1\sources\src -IR:\src\third-party\qscintilla-2.8.4\sources\Qt4Qt5 -IR:\src\third-party\qscintilla-2.8.4\sources\include -IR:\src\third-party\qscintilla-2.8.4\sources\lexlib -IR:\src\third-party\qscintilla-2.8.4\sources\src -ID:\b\src -IR:\src\third-party\libssh2-1.9.0\sources\include -ID:\a\robomongo\Qt\5.15.2\msvc2019_64\include -ID:\a\robomongo\Qt\5.15.2\msvc2019_64\include\QtWidgets -ID:\a\robomongo\Qt\5.15.2\msvc2019_64\include\QtGui -ID:\a\robomongo\Qt\5.15.2\msvc2019_64\include\QtANGLE -ID:\a\robomongo\Qt\5.15.2\msvc2019_64\include\QtCore -ID:\a\robomongo\Qt\5.15.2\msvc2019_64\.\mkspecs\win32-msvc -ID:\a\robomongo\Qt\5.15.2\msvc2019_64\include\QtNetwork -ID:\a\robomongo\Qt\5.15.2\msvc2019_64\include\QtXml -ID:\a\robomongo\Qt\5.15.2\msvc2019_64\include\QtPrintSupport -IS:\src -IS:\src\third_party\abseil-cpp-master\abseil-cpp -IS:\src\third_party\boost-1.70.0 -IS:\src\third_party\fmt\dist\include -IS:\src\third_party\mozjs-60\include -IS:\src\third_party\mozjs-60\mongo_sources -IS:\src\third_party\pcre-8.42 -IS:\src\third_party\SafeInt -IS:\build\opt -IS:\src\third_party\mozjs-60\platform\x86_64\windows\include -I"C:\Program Files\OpenSSL\include" /DWIN32 /D_WINDOWS /W3 /GR /EHsc -D_UNICODE -DUNICODE -DWIN32 -D_WIN32 -D_CRT_SECURE_NO_WARNINGS -DBOOST_ALL_NO_LIB /wd4355 /wd4800 /wd4267 /wd4244 /wd4290 /wd4068 /wd4351 /MP /MD /O2 /Ob2 /DNDEBUG -std:c++17 /wd4477 /wd4291 /showIncludes /Fosrc\robomongo\CMakeFiles\robomongo.dir\core\domain\CursorPosition.cpp.obj /Fdsrc\robomongo\CMakeFiles\robomongo.dir\ /FS -c R:\src\robomongo\core\domain\CursorPosition.cpp
build-app	Configure and Build Robo 3T	2026-04-14T01:18:07.5524761Z [157/253] C:\PROGRA~1\MICROS~2\2022\ENTERP~1\VC\Tools\MSVC\1416~1.270\bin\HostX64\x64\cl.exe  /nologo /TP -DBOOST_THREAD_DONT_PROVIDE_INTERRUPTIONS -DBOOST_THREAD_DONT_PROVIDE_VARIADIC_THREAD -DBOOST_THREAD_HAS_BUG -DBOOST_THREAD_NO_DEPRECATED -DBOOST_THREAD_VERSION=4 -DBUILDING_ROBO -DBUILD_NUMBER=\"26a32aa\" -DESPRIMA_VERSION=\"2.7.3\" -DGOOGLE_TEST_VERSION=\"1.8.1\" -DLIBSSH2_VERSION=\"1.9.0\" -DMONGO_CONFIG_HAVE_HEADER_UNISTD_H -DMongoDB_VERSION=\"\" -DOPENSSL_VERSION=\"1.1.1u\" -DPCRE_STATIC -DPROJECT_COMPANYNAME="\"3T Software Labs Ltd\"" -DPROJECT_COMPANYNAME_DOMAIN=\"https://studio3t.com/\" -DPROJECT_COPYRIGHT="\"Copyright (C) 2014-2017 3T Software Labs Ltd All Rights Reserved.\"" -DPROJECT_DOMAIN=\"www.robomongo.org\" -DPROJECT_GITHUB_FORK=\"www.github.com/Studio3T/robomongo\" -DPROJECT_GITHUB_ISSUES=\"www.github.com/Studio3T/robomongo/issues\" -DPROJECT_NAME="\"Robo 3T\"" -DPROJECT_NAME_LOWERCASE="\"robo 3t\"" -DPROJECT_NAME_TITLE="\"Robo 3T\"" -DPROJECT_QT_VERSION=\"5.15.2\" -DPROJECT_VERSION=\"1.5.1\" -DPROJECT_VERSION_SHORT=\"1.5\" -DQJSON_STATIC -DQJSON_VERSION=\"0.8.1\" -DQT_CORE_LIB -DQT_GUI_LIB -DQT_NETWORK_LIB -DQT_NO_DEBUG -DQT_PRINTSUPPORT_LIB -DQT_WIDGETS_LIB -DQT_XML_LIB -DSCINTILLA_QT -DSCI_LEXER -D_SILENCE_CXX17_ITERATOR_BASE_CLASS_DEPRECATION_WARNING -D_SILENCE_CXX17_OLD_ALLOCATOR_MEMBERS_DEPRECATION_WARNING -ID:\b\src\robomongo\robomongo_autogen\include -IR:\src -IR:\src\third-party\qjson-0.8.1\sources\src -IR:\src\third-party\qscintilla-2.8.4\sources\Qt4Qt5 -IR:\src\third-party\qscintilla-2.8.4\sources\include -IR:\src\third-party\qscintilla-2.8.4\sources\lexlib -IR:\src\third-party\qscintilla-2.8.4\sources\src -ID:\b\src -IR:\src\third-party\libssh2-1.9.0\sources\include -ID:\a\robomongo\Qt\5.15.2\msvc2019_64\include -ID:\a\robomongo\Qt\5.15.2\msvc2019_64\include\QtWidgets -ID:\a\robomongo\Qt\5.15.2\msvc2019_64\include\QtGui -ID:\a\robomongo\Qt\5.15.2\msvc2019_64\include\QtANGLE -ID:\a\robomongo\Qt\5.15.2\msvc2019_64\include\QtCore -ID:\a\robomongo\Qt\5.15.2\msvc2019_64\.\mkspecs\win32-msvc -ID:\a\robomongo\Qt\5.15.2\msvc2019_64\include\QtNetwork -ID:\a\robomongo\Qt\5.15.2\msvc2019_64\include\QtXml -ID:\a\robomongo\Qt\5.15.2\msvc2019_64\include\QtPrintSupport -IS:\src -IS:\src\third_party\abseil-cpp-master\abseil-cpp -IS:\src\third_party\boost-1.70.0 -IS:\src\third_party\fmt\dist\include -IS:\src\third_party\mozjs-60\include -IS:\src\third_party\mozjs-60\mongo_sources -IS:\src\third_party\pcre-8.42 -IS:\src\third_party\SafeInt -IS:\build\opt -IS:\src\third_party\mozjs-60\platform\x86_64\windows\include -I"C:\Program Files\OpenSSL\include" /DWIN32 /D_WINDOWS /W3 /GR /EHsc -D_UNICODE -DUNICODE -DWIN32 -D_WIN32 -D_CRT_SECURE_NO_WARNINGS -DBOOST_ALL_NO_LIB /wd4355 /wd4800 /wd4267 /wd4244 /wd4290 /wd4068 /wd4351 /MP /MD /O2 /Ob2 /DNDEBUG -std:c++17 /wd4477 /wd4291 /showIncludes /Fosrc\robomongo\CMakeFiles\robomongo.dir\core\domain\ScriptInfo.cpp.obj /Fdsrc\robomongo\CMakeFiles\robomongo.dir\ /FS -c R:\src\robomongo\core\domain\ScriptInfo.cpp
build-app	Configure and Build Robo 3T	2026-04-14T01:18:08.4735039Z [158/253] C:\PROGRA~1\MICROS~2\2022\ENTERP~1\VC\Tools\MSVC\1416~1.270\bin\HostX64\x64\cl.exe  /nologo /TP -DBOOST_THREAD_DONT_PROVIDE_INTERRUPTIONS -DBOOST_THREAD_DONT_PROVIDE_VARIADIC_THREAD -DBOOST_THREAD_HAS_BUG -DBOOST_THREAD_NO_DEPRECATED -DBOOST_THREAD_VERSION=4 -DBUILDING_ROBO -DBUILD_NUMBER=\"26a32aa\" -DESPRIMA_VERSION=\"2.7.3\" -DGOOGLE_TEST_VERSION=\"1.8.1\" -DLIBSSH2_VERSION=\"1.9.0\" -DMONGO_CONFIG_HAVE_HEADER_UNISTD_H -DMongoDB_VERSION=\"\" -DOPENSSL_VERSION=\"1.1.1u\" -DPCRE_STATIC -DPROJECT_COMPANYNAME="\"3T Software Labs Ltd\"" -DPROJECT_COMPANYNAME_DOMAIN=\"https://studio3t.com/\" -DPROJECT_COPYRIGHT="\"Copyright (C) 2014-2017 3T Software Labs Ltd All Rights Reserved.\"" -DPROJECT_DOMAIN=\"www.robomongo.org\" -DPROJECT_GITHUB_FORK=\"www.github.com/Studio3T/robomongo\" -DPROJECT_GITHUB_ISSUES=\"www.github.com/Studio3T/robomongo/issues\" -DPROJECT_NAME="\"Robo 3T\"" -DPROJECT_NAME_LOWERCASE="\"robo 3t\"" -DPROJECT_NAME_TITLE="\"Robo 3T\"" -DPROJECT_QT_VERSION=\"5.15.2\" -DPROJECT_VERSION=\"1.5.1\" -DPROJECT_VERSION_SHORT=\"1.5\" -DQJSON_STATIC -DQJSON_VERSION=\"0.8.1\" -DQT_CORE_LIB -DQT_GUI_LIB -DQT_NETWORK_LIB -DQT_NO_DEBUG -DQT_PRINTSUPPORT_LIB -DQT_WIDGETS_LIB -DQT_XML_LIB -DSCINTILLA_QT -DSCI_LEXER -D_SILENCE_CXX17_ITERATOR_BASE_CLASS_DEPRECATION_WARNING -D_SILENCE_CXX17_OLD_ALLOCATOR_MEMBERS_DEPRECATION_WARNING -ID:\b\src\robomongo\robomongo_autogen\include -IR:\src -IR:\src\third-party\qjson-0.8.1\sources\src -IR:\src\third-party\qscintilla-2.8.4\sources\Qt4Qt5 -IR:\src\third-party\qscintilla-2.8.4\sources\include -IR:\src\third-party\qscintilla-2.8.4\sources\lexlib -IR:\src\third-party\qscintilla-2.8.4\sources\src -ID:\b\src -IR:\src\third-party\libssh2-1.9.0\sources\include -ID:\a\robomongo\Qt\5.15.2\msvc2019_64\include -ID:\a\robomongo\Qt\5.15.2\msvc2019_64\include\QtWidgets -ID:\a\robomongo\Qt\5.15.2\msvc2019_64\include\QtGui -ID:\a\robomongo\Qt\5.15.2\msvc2019_64\include\QtANGLE -ID:\a\robomongo\Qt\5.15.2\msvc2019_64\include\QtCore -ID:\a\robomongo\Qt\5.15.2\msvc2019_64\.\mkspecs\win32-msvc -ID:\a\robomongo\Qt\5.15.2\msvc2019_64\include\QtNetwork -ID:\a\robomongo\Qt\5.15.2\msvc2019_64\include\QtXml -ID:\a\robomongo\Qt\5.15.2\msvc2019_64\include\QtPrintSupport -IS:\src -IS:\src\third_party\abseil-cpp-master\abseil-cpp -IS:\src\third_party\boost-1.70.0 -IS:\src\third_party\fmt\dist\include -IS:\src\third_party\mozjs-60\include -IS:\src\third_party\mozjs-60\mongo_sources -IS:\src\third_party\pcre-8.42 -IS:\src\third_party\SafeInt -IS:\build\opt -IS:\src\third_party\mozjs-60\platform\x86_64\windows\include -I"C:\Program Files\OpenSSL\include" /DWIN32 /D_WINDOWS /W3 /GR /EHsc -D_UNICODE -DUNICODE -DWIN32 -D_WIN32 -D_CRT_SECURE_NO_WARNINGS -DBOOST_ALL_NO_LIB /wd4355 /wd4800 /wd4267 /wd4244 /wd4290 /wd4068 /wd4351 /MP /MD /O2 /Ob2 /DNDEBUG -std:c++17 /wd4477 /wd4291 /showIncludes /Fosrc\robomongo\CMakeFiles\robomongo.dir\core\domain\MongoUtils.cpp.obj /Fdsrc\robomongo\CMakeFiles\robomongo.dir\ /FS -c R:\src\robomongo\core\domain\MongoUtils.cpp
build-app	Configure and Build Robo 3T	2026-04-14T01:18:11.0172522Z [159/253] C:\PROGRA~1\MICROS~2\2022\ENTERP~1\VC\Tools\MSVC\1416~1.270\bin\HostX64\x64\cl.exe  /nologo /TP -DBOOST_THREAD_DONT_PROVIDE_INTERRUPTIONS -DBOOST_THREAD_DONT_PROVIDE_VARIADIC_THREAD -DBOOST_THREAD_HAS_BUG -DBOOST_THREAD_NO_DEPRECATED -DBOOST_THREAD_VERSION=4 -DBUILDING_ROBO -DBUILD_NUMBER=\"26a32aa\" -DESPRIMA_VERSION=\"2.7.3\" -DGOOGLE_TEST_VERSION=\"1.8.1\" -DLIBSSH2_VERSION=\"1.9.0\" -DMONGO_CONFIG_HAVE_HEADER_UNISTD_H -DMongoDB_VERSION=\"\" -DOPENSSL_VERSION=\"1.1.1u\" -DPCRE_STATIC -DPROJECT_COMPANYNAME="\"3T Software Labs Ltd\"" -DPROJECT_COMPANYNAME_DOMAIN=\"https://studio3t.com/\" -DPROJECT_COPYRIGHT="\"Copyright (C) 2014-2017 3T Software Labs Ltd All Rights Reserved.\"" -DPROJECT_DOMAIN=\"www.robomongo.org\" -DPROJECT_GITHUB_FORK=\"www.github.com/Studio3T/robomongo\" -DPROJECT_GITHUB_ISSUES=\"www.github.com/Studio3T/robomongo/issues\" -DPROJECT_NAME="\"Robo 3T\"" -DPROJECT_NAME_LOWERCASE="\"robo 3t\"" -DPROJECT_NAME_TITLE="\"Robo 3T\"" -DPROJECT_QT_VERSION=\"5.15.2\" -DPROJECT_VERSION=\"1.5.1\" -DPROJECT_VERSION_SHORT=\"1.5\" -DQJSON_STATIC -DQJSON_VERSION=\"0.8.1\" -DQT_CORE_LIB -DQT_GUI_LIB -DQT_NETWORK_LIB -DQT_NO_DEBUG -DQT_PRINTSUPPORT_LIB -DQT_WIDGETS_LIB -DQT_XML_LIB -DSCINTILLA_QT -DSCI_LEXER -D_SILENCE_CXX17_ITERATOR_BASE_CLASS_DEPRECATION_WARNING -D_SILENCE_CXX17_OLD_ALLOCATOR_MEMBERS_DEPRECATION_WARNING -ID:\b\src\robomongo\robomongo_autogen\include -IR:\src -IR:\src\third-party\qjson-0.8.1\sources\src -IR:\src\third-party\qscintilla-2.8.4\sources\Qt4Qt5 -IR:\src\third-party\qscintilla-2.8.4\sources\include -IR:\src\third-party\qscintilla-2.8.4\sources\lexlib -IR:\src\third-party\qscintilla-2.8.4\sources\src -ID:\b\src -IR:\src\third-party\libssh2-1.9.0\sources\include -ID:\a\robomongo\Qt\5.15.2\msvc2019_64\include -ID:\a\robomongo\Qt\5.15.2\msvc2019_64\include\QtWidgets -ID:\a\robomongo\Qt\5.15.2\msvc2019_64\include\QtGui -ID:\a\robomongo\Qt\5.15.2\msvc2019_64\include\QtANGLE -ID:\a\robomongo\Qt\5.15.2\msvc2019_64\include\QtCore -ID:\a\robomongo\Qt\5.15.2\msvc2019_64\.\mkspecs\win32-msvc -ID:\a\robomongo\Qt\5.15.2\msvc2019_64\include\QtNetwork -ID:\a\robomongo\Qt\5.15.2\msvc2019_64\include\QtXml -ID:\a\robomongo\Qt\5.15.2\msvc2019_64\include\QtPrintSupport -IS:\src -IS:\src\third_party\abseil-cpp-master\abseil-cpp -IS:\src\third_party\boost-1.70.0 -IS:\src\third_party\fmt\dist\include -IS:\src\third_party\mozjs-60\include -IS:\src\third_party\mozjs-60\mongo_sources -IS:\src\third_party\pcre-8.42 -IS:\src\third_party\SafeInt -IS:\build\opt -IS:\src\third_party\mozjs-60\platform\x86_64\windows\include -I"C:\Program Files\OpenSSL\include" /DWIN32 /D_WINDOWS /W3 /GR /EHsc -D_UNICODE -DUNICODE -DWIN32 -D_WIN32 -D_CRT_SECURE_NO_WARNINGS -DBOOST_ALL_NO_LIB /wd4355 /wd4800 /wd4267 /wd4244 /wd4290 /wd4068 /wd4351 /MP /MD /O2 /Ob2 /DNDEBUG -std:c++17 /wd4477 /wd4291 /showIncludes /Fosrc\robomongo\CMakeFiles\robomongo.dir\core\domain\MongoFunction.cpp.obj /Fdsrc\robomongo\CMakeFiles\robomongo.dir\ /FS -c R:\src\robomongo\core\domain\MongoFunction.cpp
build-app	Configure and Build Robo 3T	2026-04-14T01:18:11.4416722Z [160/253] C:\PROGRA~1\MICROS~2\2022\ENTERP~1\VC\Tools\MSVC\1416~1.270\bin\HostX64\x64\cl.exe  /nologo /TP -DBOOST_THREAD_DONT_PROVIDE_INTERRUPTIONS -DBOOST_THREAD_DONT_PROVIDE_VARIADIC_THREAD -DBOOST_THREAD_HAS_BUG -DBOOST_THREAD_NO_DEPRECATED -DBOOST_THREAD_VERSION=4 -DBUILDING_ROBO -DBUILD_NUMBER=\"26a32aa\" -DESPRIMA_VERSION=\"2.7.3\" -DGOOGLE_TEST_VERSION=\"1.8.1\" -DLIBSSH2_VERSION=\"1.9.0\" -DMONGO_CONFIG_HAVE_HEADER_UNISTD_H -DMongoDB_VERSION=\"\" -DOPENSSL_VERSION=\"1.1.1u\" -DPCRE_STATIC -DPROJECT_COMPANYNAME="\"3T Software Labs Ltd\"" -DPROJECT_COMPANYNAME_DOMAIN=\"https://studio3t.com/\" -DPROJECT_COPYRIGHT="\"Copyright (C) 2014-2017 3T Software Labs Ltd All Rights Reserved.\"" -DPROJECT_DOMAIN=\"www.robomongo.org\" -DPROJECT_GITHUB_FORK=\"www.github.com/Studio3T/robomongo\" -DPROJECT_GITHUB_ISSUES=\"www.github.com/Studio3T/robomongo/issues\" -DPROJECT_NAME="\"Robo 3T\"" -DPROJECT_NAME_LOWERCASE="\"robo 3t\"" -DPROJECT_NAME_TITLE="\"Robo 3T\"" -DPROJECT_QT_VERSION=\"5.15.2\" -DPROJECT_VERSION=\"1.5.1\" -DPROJECT_VERSION_SHORT=\"1.5\" -DQJSON_STATIC -DQJSON_VERSION=\"0.8.1\" -DQT_CORE_LIB -DQT_GUI_LIB -DQT_NETWORK_LIB -DQT_NO_DEBUG -DQT_PRINTSUPPORT_LIB -DQT_WIDGETS_LIB -DQT_XML_LIB -DSCINTILLA_QT -DSCI_LEXER -D_SILENCE_CXX17_ITERATOR_BASE_CLASS_DEPRECATION_WARNING -D_SILENCE_CXX17_OLD_ALLOCATOR_MEMBERS_DEPRECATION_WARNING -ID:\b\src\robomongo\robomongo_autogen\include -IR:\src -IR:\src\third-party\qjson-0.8.1\sources\src -IR:\src\third-party\qscintilla-2.8.4\sources\Qt4Qt5 -IR:\src\third-party\qscintilla-2.8.4\sources\include -IR:\src\third-party\qscintilla-2.8.4\sources\lexlib -IR:\src\third-party\qscintilla-2.8.4\sources\src -ID:\b\src -IR:\src\third-party\libssh2-1.9.0\sources\include -ID:\a\robomongo\Qt\5.15.2\msvc2019_64\include -ID:\a\robomongo\Qt\5.15.2\msvc2019_64\include\QtWidgets -ID:\a\robomongo\Qt\5.15.2\msvc2019_64\include\QtGui -ID:\a\robomongo\Qt\5.15.2\msvc2019_64\include\QtANGLE -ID:\a\robomongo\Qt\5.15.2\msvc2019_64\include\QtCore -ID:\a\robomongo\Qt\5.15.2\msvc2019_64\.\mkspecs\win32-msvc -ID:\a\robomongo\Qt\5.15.2\msvc2019_64\include\QtNetwork -ID:\a\robomongo\Qt\5.15.2\msvc2019_64\include\QtXml -ID:\a\robomongo\Qt\5.15.2\msvc2019_64\include\QtPrintSupport -IS:\src -IS:\src\third_party\abseil-cpp-master\abseil-cpp -IS:\src\third_party\boost-1.70.0 -IS:\src\third_party\fmt\dist\include -IS:\src\third_party\mozjs-60\include -IS:\src\third_party\mozjs-60\mongo_sources -IS:\src\third_party\pcre-8.42 -IS:\src\third_party\SafeInt -IS:\build\opt -IS:\src\third_party\mozjs-60\platform\x86_64\windows\include -I"C:\Program Files\OpenSSL\include" /DWIN32 /D_WINDOWS /W3 /GR /EHsc -D_UNICODE -DUNICODE -DWIN32 -D_WIN32 -D_CRT_SECURE_NO_WARNINGS -DBOOST_ALL_NO_LIB /wd4355 /wd4800 /wd4267 /wd4244 /wd4290 /wd4068 /wd4351 /MP /MD /O2 /Ob2 /DNDEBUG -std:c++17 /wd4477 /wd4291 /showIncludes /Fosrc\robomongo\CMakeFiles\robomongo.dir\core\domain\MongoCollectionInfo.cpp.obj /Fdsrc\robomongo\CMakeFiles\robomongo.dir\ /FS -c R:\src\robomongo\core\domain\MongoCollectionInfo.cpp
build-app	Configure and Build Robo 3T	2026-04-14T01:18:12.4321214Z [161/253] C:\PROGRA~1\MICROS~2\2022\ENTERP~1\VC\Tools\MSVC\1416~1.270\bin\HostX64\x64\cl.exe  /nologo /TP -DBOOST_THREAD_DONT_PROVIDE_INTERRUPTIONS -DBOOST_THREAD_DONT_PROVIDE_VARIADIC_THREAD -DBOOST_THREAD_HAS_BUG -DBOOST_THREAD_NO_DEPRECATED -DBOOST_THREAD_VERSION=4 -DBUILDING_ROBO -DBUILD_NUMBER=\"26a32aa\" -DESPRIMA_VERSION=\"2.7.3\" -DGOOGLE_TEST_VERSION=\"1.8.1\" -DLIBSSH2_VERSION=\"1.9.0\" -DMONGO_CONFIG_HAVE_HEADER_UNISTD_H -DMongoDB_VERSION=\"\" -DOPENSSL_VERSION=\"1.1.1u\" -DPCRE_STATIC -DPROJECT_COMPANYNAME="\"3T Software Labs Ltd\"" -DPROJECT_COMPANYNAME_DOMAIN=\"https://studio3t.com/\" -DPROJECT_COPYRIGHT="\"Copyright (C) 2014-2017 3T Software Labs Ltd All Rights Reserved.\"" -DPROJECT_DOMAIN=\"www.robomongo.org\" -DPROJECT_GITHUB_FORK=\"www.github.com/Studio3T/robomongo\" -DPROJECT_GITHUB_ISSUES=\"www.github.com/Studio3T/robomongo/issues\" -DPROJECT_NAME="\"Robo 3T\"" -DPROJECT_NAME_LOWERCASE="\"robo 3t\"" -DPROJECT_NAME_TITLE="\"Robo 3T\"" -DPROJECT_QT_VERSION=\"5.15.2\" -DPROJECT_VERSION=\"1.5.1\" -DPROJECT_VERSION_SHORT=\"1.5\" -DQJSON_STATIC -DQJSON_VERSION=\"0.8.1\" -DQT_CORE_LIB -DQT_GUI_LIB -DQT_NETWORK_LIB -DQT_NO_DEBUG -DQT_PRINTSUPPORT_LIB -DQT_WIDGETS_LIB -DQT_XML_LIB -DSCINTILLA_QT -DSCI_LEXER -D_SILENCE_CXX17_ITERATOR_BASE_CLASS_DEPRECATION_WARNING -D_SILENCE_CXX17_OLD_ALLOCATOR_MEMBERS_DEPRECATION_WARNING -ID:\b\src\robomongo\robomongo_autogen\include -IR:\src -IR:\src\third-party\qjson-0.8.1\sources\src -IR:\src\third-party\qscintilla-2.8.4\sources\Qt4Qt5 -IR:\src\third-party\qscintilla-2.8.4\sources\include -IR:\src\third-party\qscintilla-2.8.4\sources\lexlib -IR:\src\third-party\qscintilla-2.8.4\sources\src -ID:\b\src -IR:\src\third-party\libssh2-1.9.0\sources\include -ID:\a\robomongo\Qt\5.15.2\msvc2019_64\include -ID:\a\robomongo\Qt\5.15.2\msvc2019_64\include\QtWidgets -ID:\a\robomongo\Qt\5.15.2\msvc2019_64\include\QtGui -ID:\a\robomongo\Qt\5.15.2\msvc2019_64\include\QtANGLE -ID:\a\robomongo\Qt\5.15.2\msvc2019_64\include\QtCore -ID:\a\robomongo\Qt\5.15.2\msvc2019_64\.\mkspecs\win32-msvc -ID:\a\robomongo\Qt\5.15.2\msvc2019_64\include\QtNetwork -ID:\a\robomongo\Qt\5.15.2\msvc2019_64\include\QtXml -ID:\a\robomongo\Qt\5.15.2\msvc2019_64\include\QtPrintSupport -IS:\src -IS:\src\third_party\abseil-cpp-master\abseil-cpp -IS:\src\third_party\boost-1.70.0 -IS:\src\third_party\fmt\dist\include -IS:\src\third_party\mozjs-60\include -IS:\src\third_party\mozjs-60\mongo_sources -IS:\src\third_party\pcre-8.42 -IS:\src\third_party\SafeInt -IS:\build\opt -IS:\src\third_party\mozjs-60\platform\x86_64\windows\include -I"C:\Program Files\OpenSSL\include" /DWIN32 /D_WINDOWS /W3 /GR /EHsc -D_UNICODE -DUNICODE -DWIN32 -D_WIN32 -D_CRT_SECURE_NO_WARNINGS -DBOOST_ALL_NO_LIB /wd4355 /wd4800 /wd4267 /wd4244 /wd4290 /wd4068 /wd4351 /MP /MD /O2 /Ob2 /DNDEBUG -std:c++17 /wd4477 /wd4291 /showIncludes /Fosrc\robomongo\CMakeFiles\robomongo.dir\core\domain\MongoQueryInfo.cpp.obj /Fdsrc\robomongo\CMakeFiles\robomongo.dir\ /FS -c R:\src\robomongo\core\domain\MongoQueryInfo.cpp
build-app	Configure and Build Robo 3T	2026-04-14T01:18:13.7075998Z [162/253] C:\PROGRA~1\MICROS~2\2022\ENTERP~1\VC\Tools\MSVC\1416~1.270\bin\HostX64\x64\cl.exe  /nologo /TP -DBOOST_THREAD_DONT_PROVIDE_INTERRUPTIONS -DBOOST_THREAD_DONT_PROVIDE_VARIADIC_THREAD -DBOOST_THREAD_HAS_BUG -DBOOST_THREAD_NO_DEPRECATED -DBOOST_THREAD_VERSION=4 -DBUILDING_ROBO -DBUILD_NUMBER=\"26a32aa\" -DESPRIMA_VERSION=\"2.7.3\" -DGOOGLE_TEST_VERSION=\"1.8.1\" -DLIBSSH2_VERSION=\"1.9.0\" -DMONGO_CONFIG_HAVE_HEADER_UNISTD_H -DMongoDB_VERSION=\"\" -DOPENSSL_VERSION=\"1.1.1u\" -DPCRE_STATIC -DPROJECT_COMPANYNAME="\"3T Software Labs Ltd\"" -DPROJECT_COMPANYNAME_DOMAIN=\"https://studio3t.com/\" -DPROJECT_COPYRIGHT="\"Copyright (C) 2014-2017 3T Software Labs Ltd All Rights Reserved.\"" -DPROJECT_DOMAIN=\"www.robomongo.org\" -DPROJECT_GITHUB_FORK=\"www.github.com/Studio3T/robomongo\" -DPROJECT_GITHUB_ISSUES=\"www.github.com/Studio3T/robomongo/issues\" -DPROJECT_NAME="\"Robo 3T\"" -DPROJECT_NAME_LOWERCASE="\"robo 3t\"" -DPROJECT_NAME_TITLE="\"Robo 3T\"" -DPROJECT_QT_VERSION=\"5.15.2\" -DPROJECT_VERSION=\"1.5.1\" -DPROJECT_VERSION_SHORT=\"1.5\" -DQJSON_STATIC -DQJSON_VERSION=\"0.8.1\" -DQT_CORE_LIB -DQT_GUI_LIB -DQT_NETWORK_LIB -DQT_NO_DEBUG -DQT_PRINTSUPPORT_LIB -DQT_WIDGETS_LIB -DQT_XML_LIB -DSCINTILLA_QT -DSCI_LEXER -D_SILENCE_CXX17_ITERATOR_BASE_CLASS_DEPRECATION_WARNING -D_SILENCE_CXX17_OLD_ALLOCATOR_MEMBERS_DEPRECATION_WARNING -ID:\b\src\robomongo\robomongo_autogen\include -IR:\src -IR:\src\third-party\qjson-0.8.1\sources\src -IR:\src\third-party\qscintilla-2.8.4\sources\Qt4Qt5 -IR:\src\third-party\qscintilla-2.8.4\sources\include -IR:\src\third-party\qscintilla-2.8.4\sources\lexlib -IR:\src\third-party\qscintilla-2.8.4\sources\src -ID:\b\src -IR:\src\third-party\libssh2-1.9.0\sources\include -ID:\a\robomongo\Qt\5.15.2\msvc2019_64\include -ID:\a\robomongo\Qt\5.15.2\msvc2019_64\include\QtWidgets -ID:\a\robomongo\Qt\5.15.2\msvc2019_64\include\QtGui -ID:\a\robomongo\Qt\5.15.2\msvc2019_64\include\QtANGLE -ID:\a\robomongo\Qt\5.15.2\msvc2019_64\include\QtCore -ID:\a\robomongo\Qt\5.15.2\msvc2019_64\.\mkspecs\win32-msvc -ID:\a\robomongo\Qt\5.15.2\msvc2019_64\include\QtNetwork -ID:\a\robomongo\Qt\5.15.2\msvc2019_64\include\QtXml -ID:\a\robomongo\Qt\5.15.2\msvc2019_64\include\QtPrintSupport -IS:\src -IS:\src\third_party\abseil-cpp-master\abseil-cpp -IS:\src\third_party\boost-1.70.0 -IS:\src\third_party\fmt\dist\include -IS:\src\third_party\mozjs-60\include -IS:\src\third_party\mozjs-60\mongo_sources -IS:\src\third_party\pcre-8.42 -IS:\src\third_party\SafeInt -IS:\build\opt -IS:\src\third_party\mozjs-60\platform\x86_64\windows\include -I"C:\Program Files\OpenSSL\include" /DWIN32 /D_WINDOWS /W3 /GR /EHsc -D_UNICODE -DUNICODE -DWIN32 -D_WIN32 -D_CRT_SECURE_NO_WARNINGS -DBOOST_ALL_NO_LIB /wd4355 /wd4800 /wd4267 /wd4244 /wd4290 /wd4068 /wd4351 /MP /MD /O2 /Ob2 /DNDEBUG -std:c++17 /wd4477 /wd4291 /showIncludes /Fosrc\robomongo\CMakeFiles\robomongo.dir\core\events\MongoEventsInfo.cpp.obj /Fdsrc\robomongo\CMakeFiles\robomongo.dir\ /FS -c R:\src\robomongo\core\events\MongoEventsInfo.cpp
build-app	Configure and Build Robo 3T	2026-04-14T01:18:15.0901059Z [163/253] C:\PROGRA~1\MICROS~2\2022\ENTERP~1\VC\Tools\MSVC\1416~1.270\bin\HostX64\x64\cl.exe  /nologo /TP -DBOOST_THREAD_DONT_PROVIDE_INTERRUPTIONS -DBOOST_THREAD_DONT_PROVIDE_VARIADIC_THREAD -DBOOST_THREAD_HAS_BUG -DBOOST_THREAD_NO_DEPRECATED -DBOOST_THREAD_VERSION=4 -DBUILDING_ROBO -DBUILD_NUMBER=\"26a32aa\" -DESPRIMA_VERSION=\"2.7.3\" -DGOOGLE_TEST_VERSION=\"1.8.1\" -DLIBSSH2_VERSION=\"1.9.0\" -DMONGO_CONFIG_HAVE_HEADER_UNISTD_H -DMongoDB_VERSION=\"\" -DOPENSSL_VERSION=\"1.1.1u\" -DPCRE_STATIC -DPROJECT_COMPANYNAME="\"3T Software Labs Ltd\"" -DPROJECT_COMPANYNAME_DOMAIN=\"https://studio3t.com/\" -DPROJECT_COPYRIGHT="\"Copyright (C) 2014-2017 3T Software Labs Ltd All Rights Reserved.\"" -DPROJECT_DOMAIN=\"www.robomongo.org\" -DPROJECT_GITHUB_FORK=\"www.github.com/Studio3T/robomongo\" -DPROJECT_GITHUB_ISSUES=\"www.github.com/Studio3T/robomongo/issues\" -DPROJECT_NAME="\"Robo 3T\"" -DPROJECT_NAME_LOWERCASE="\"robo 3t\"" -DPROJECT_NAME_TITLE="\"Robo 3T\"" -DPROJECT_QT_VERSION=\"5.15.2\" -DPROJECT_VERSION=\"1.5.1\" -DPROJECT_VERSION_SHORT=\"1.5\" -DQJSON_STATIC -DQJSON_VERSION=\"0.8.1\" -DQT_CORE_LIB -DQT_GUI_LIB -DQT_NETWORK_LIB -DQT_NO_DEBUG -DQT_PRINTSUPPORT_LIB -DQT_WIDGETS_LIB -DQT_XML_LIB -DSCINTILLA_QT -DSCI_LEXER -D_SILENCE_CXX17_ITERATOR_BASE_CLASS_DEPRECATION_WARNING -D_SILENCE_CXX17_OLD_ALLOCATOR_MEMBERS_DEPRECATION_WARNING -ID:\b\src\robomongo\robomongo_autogen\include -IR:\src -IR:\src\third-party\qjson-0.8.1\sources\src -IR:\src\third-party\qscintilla-2.8.4\sources\Qt4Qt5 -IR:\src\third-party\qscintilla-2.8.4\sources\include -IR:\src\third-party\qscintilla-2.8.4\sources\lexlib -IR:\src\third-party\qscintilla-2.8.4\sources\src -ID:\b\src -IR:\src\third-party\libssh2-1.9.0\sources\include -ID:\a\robomongo\Qt\5.15.2\msvc2019_64\include -ID:\a\robomongo\Qt\5.15.2\msvc2019_64\include\QtWidgets -ID:\a\robomongo\Qt\5.15.2\msvc2019_64\include\QtGui -ID:\a\robomongo\Qt\5.15.2\msvc2019_64\include\QtANGLE -ID:\a\robomongo\Qt\5.15.2\msvc2019_64\include\QtCore -ID:\a\robomongo\Qt\5.15.2\msvc2019_64\.\mkspecs\win32-msvc -ID:\a\robomongo\Qt\5.15.2\msvc2019_64\include\QtNetwork -ID:\a\robomongo\Qt\5.15.2\msvc2019_64\include\QtXml -ID:\a\robomongo\Qt\5.15.2\msvc2019_64\include\QtPrintSupport -IS:\src -IS:\src\third_party\abseil-cpp-master\abseil-cpp -IS:\src\third_party\boost-1.70.0 -IS:\src\third_party\fmt\dist\include -IS:\src\third_party\mozjs-60\include -IS:\src\third_party\mozjs-60\mongo_sources -IS:\src\third_party\pcre-8.42 -IS:\src\third_party\SafeInt -IS:\build\opt -IS:\src\third_party\mozjs-60\platform\x86_64\windows\include -I"C:\Program Files\OpenSSL\include" /DWIN32 /D_WINDOWS /W3 /GR /EHsc -D_UNICODE -DUNICODE -DWIN32 -D_WIN32 -D_CRT_SECURE_NO_WARNINGS -DBOOST_ALL_NO_LIB /wd4355 /wd4800 /wd4267 /wd4244 /wd4290 /wd4068 /wd4351 /MP /MD /O2 /Ob2 /DNDEBUG -std:c++17 /wd4477 /wd4291 /showIncludes /Fosrc\robomongo\CMakeFiles\robomongo.dir\core\domain\MongoCollection.cpp.obj /Fdsrc\robomongo\CMakeFiles\robomongo.dir\ /FS -c R:\src\robomongo\core\domain\MongoCollection.cpp
build-app	Configure and Build Robo 3T	2026-04-14T01:18:18.4071195Z [164/253] C:\PROGRA~1\MICROS~2\2022\ENTERP~1\VC\Tools\MSVC\1416~1.270\bin\HostX64\x64\cl.exe  /nologo /TP -DBOOST_THREAD_DONT_PROVIDE_INTERRUPTIONS -DBOOST_THREAD_DONT_PROVIDE_VARIADIC_THREAD -DBOOST_THREAD_HAS_BUG -DBOOST_THREAD_NO_DEPRECATED -DBOOST_THREAD_VERSION=4 -DBUILDING_ROBO -DBUILD_NUMBER=\"26a32aa\" -DESPRIMA_VERSION=\"2.7.3\" -DGOOGLE_TEST_VERSION=\"1.8.1\" -DLIBSSH2_VERSION=\"1.9.0\" -DMONGO_CONFIG_HAVE_HEADER_UNISTD_H -DMongoDB_VERSION=\"\" -DOPENSSL_VERSION=\"1.1.1u\" -DPCRE_STATIC -DPROJECT_COMPANYNAME="\"3T Software Labs Ltd\"" -DPROJECT_COMPANYNAME_DOMAIN=\"https://studio3t.com/\" -DPROJECT_COPYRIGHT="\"Copyright (C) 2014-2017 3T Software Labs Ltd All Rights Reserved.\"" -DPROJECT_DOMAIN=\"www.robomongo.org\" -DPROJECT_GITHUB_FORK=\"www.github.com/Studio3T/robomongo\" -DPROJECT_GITHUB_ISSUES=\"www.github.com/Studio3T/robomongo/issues\" -DPROJECT_NAME="\"Robo 3T\"" -DPROJECT_NAME_LOWERCASE="\"robo 3t\"" -DPROJECT_NAME_TITLE="\"Robo 3T\"" -DPROJECT_QT_VERSION=\"5.15.2\" -DPROJECT_VERSION=\"1.5.1\" -DPROJECT_VERSION_SHORT=\"1.5\" -DQJSON_STATIC -DQJSON_VERSION=\"0.8.1\" -DQT_CORE_LIB -DQT_GUI_LIB -DQT_NETWORK_LIB -DQT_NO_DEBUG -DQT_PRINTSUPPORT_LIB -DQT_WIDGETS_LIB -DQT_XML_LIB -DSCINTILLA_QT -DSCI_LEXER -D_SILENCE_CXX17_ITERATOR_BASE_CLASS_DEPRECATION_WARNING -D_SILENCE_CXX17_OLD_ALLOCATOR_MEMBERS_DEPRECATION_WARNING -ID:\b\src\robomongo\robomongo_autogen\include -IR:\src -IR:\src\third-party\qjson-0.8.1\sources\src -IR:\src\third-party\qscintilla-2.8.4\sources\Qt4Qt5 -IR:\src\third-party\qscintilla-2.8.4\sources\include -IR:\src\third-party\qscintilla-2.8.4\sources\lexlib -IR:\src\third-party\qscintilla-2.8.4\sources\src -ID:\b\src -IR:\src\third-party\libssh2-1.9.0\sources\include -ID:\a\robomongo\Qt\5.15.2\msvc2019_64\include -ID:\a\robomongo\Qt\5.15.2\msvc2019_64\include\QtWidgets -ID:\a\robomongo\Qt\5.15.2\msvc2019_64\include\QtGui -ID:\a\robomongo\Qt\5.15.2\msvc2019_64\include\QtANGLE -ID:\a\robomongo\Qt\5.15.2\msvc2019_64\include\QtCore -ID:\a\robomongo\Qt\5.15.2\msvc2019_64\.\mkspecs\win32-msvc -ID:\a\robomongo\Qt\5.15.2\msvc2019_64\include\QtNetwork -ID:\a\robomongo\Qt\5.15.2\msvc2019_64\include\QtXml -ID:\a\robomongo\Qt\5.15.2\msvc2019_64\include\QtPrintSupport -IS:\src -IS:\src\third_party\abseil-cpp-master\abseil-cpp -IS:\src\third_party\boost-1.70.0 -IS:\src\third_party\fmt\dist\include -IS:\src\third_party\mozjs-60\include -IS:\src\third_party\mozjs-60\mongo_sources -IS:\src\third_party\pcre-8.42 -IS:\src\third_party\SafeInt -IS:\build\opt -IS:\src\third_party\mozjs-60\platform\x86_64\windows\include -I"C:\Program Files\OpenSSL\include" /DWIN32 /D_WINDOWS /W3 /GR /EHsc -D_UNICODE -DUNICODE -DWIN32 -D_WIN32 -D_CRT_SECURE_NO_WARNINGS -DBOOST_ALL_NO_LIB /wd4355 /wd4800 /wd4267 /wd4244 /wd4290 /wd4068 /wd4351 /MP /MD /O2 /Ob2 /DNDEBUG -std:c++17 /wd4477 /wd4291 /showIncludes /Fosrc\robomongo\CMakeFiles\robomongo.dir\shell\db\ptimeutil.cpp.obj /Fdsrc\robomongo\CMakeFiles\robomongo.dir\ /FS -c R:\src\robomongo\shell\db\ptimeutil.cpp
build-app	Configure and Build Robo 3T	2026-04-14T01:18:19.8952030Z [165/253] C:\PROGRA~1\MICROS~2\2022\ENTERP~1\VC\Tools\MSVC\1416~1.270\bin\HostX64\x64\cl.exe  /nologo /TP -DBOOST_THREAD_DONT_PROVIDE_INTERRUPTIONS -DBOOST_THREAD_DONT_PROVIDE_VARIADIC_THREAD -DBOOST_THREAD_HAS_BUG -DBOOST_THREAD_NO_DEPRECATED -DBOOST_THREAD_VERSION=4 -DBUILDING_ROBO -DBUILD_NUMBER=\"26a32aa\" -DESPRIMA_VERSION=\"2.7.3\" -DGOOGLE_TEST_VERSION=\"1.8.1\" -DLIBSSH2_VERSION=\"1.9.0\" -DMONGO_CONFIG_HAVE_HEADER_UNISTD_H -DMongoDB_VERSION=\"\" -DOPENSSL_VERSION=\"1.1.1u\" -DPCRE_STATIC -DPROJECT_COMPANYNAME="\"3T Software Labs Ltd\"" -DPROJECT_COMPANYNAME_DOMAIN=\"https://studio3t.com/\" -DPROJECT_COPYRIGHT="\"Copyright (C) 2014-2017 3T Software Labs Ltd All Rights Reserved.\"" -DPROJECT_DOMAIN=\"www.robomongo.org\" -DPROJECT_GITHUB_FORK=\"www.github.com/Studio3T/robomongo\" -DPROJECT_GITHUB_ISSUES=\"www.github.com/Studio3T/robomongo/issues\" -DPROJECT_NAME="\"Robo 3T\"" -DPROJECT_NAME_LOWERCASE="\"robo 3t\"" -DPROJECT_NAME_TITLE="\"Robo 3T\"" -DPROJECT_QT_VERSION=\"5.15.2\" -DPROJECT_VERSION=\"1.5.1\" -DPROJECT_VERSION_SHORT=\"1.5\" -DQJSON_STATIC -DQJSON_VERSION=\"0.8.1\" -DQT_CORE_LIB -DQT_GUI_LIB -DQT_NETWORK_LIB -DQT_NO_DEBUG -DQT_PRINTSUPPORT_LIB -DQT_WIDGETS_LIB -DQT_XML_LIB -DSCINTILLA_QT -DSCI_LEXER -D_SILENCE_CXX17_ITERATOR_BASE_CLASS_DEPRECATION_WARNING -D_SILENCE_CXX17_OLD_ALLOCATOR_MEMBERS_DEPRECATION_WARNING -ID:\b\src\robomongo\robomongo_autogen\include -IR:\src -IR:\src\third-party\qjson-0.8.1\sources\src -IR:\src\third-party\qscintilla-2.8.4\sources\Qt4Qt5 -IR:\src\third-party\qscintilla-2.8.4\sources\include -IR:\src\third-party\qscintilla-2.8.4\sources\lexlib -IR:\src\third-party\qscintilla-2.8.4\sources\src -ID:\b\src -IR:\src\third-party\libssh2-1.9.0\sources\include -ID:\a\robomongo\Qt\5.15.2\msvc2019_64\include -ID:\a\robomongo\Qt\5.15.2\msvc2019_64\include\QtWidgets -ID:\a\robomongo\Qt\5.15.2\msvc2019_64\include\QtGui -ID:\a\robomongo\Qt\5.15.2\msvc2019_64\include\QtANGLE -ID:\a\robomongo\Qt\5.15.2\msvc2019_64\include\QtCore -ID:\a\robomongo\Qt\5.15.2\msvc2019_64\.\mkspecs\win32-msvc -ID:\a\robomongo\Qt\5.15.2\msvc2019_64\include\QtNetwork -ID:\a\robomongo\Qt\5.15.2\msvc2019_64\include\QtXml -ID:\a\robomongo\Qt\5.15.2\msvc2019_64\include\QtPrintSupport -IS:\src -IS:\src\third_party\abseil-cpp-master\abseil-cpp -IS:\src\third_party\boost-1.70.0 -IS:\src\third_party\fmt\dist\include -IS:\src\third_party\mozjs-60\include -IS:\src\third_party\mozjs-60\mongo_sources -IS:\src\third_party\pcre-8.42 -IS:\src\third_party\SafeInt -IS:\build\opt -IS:\src\third_party\mozjs-60\platform\x86_64\windows\include -I"C:\Program Files\OpenSSL\include" /DWIN32 /D_WINDOWS /W3 /GR /EHsc -D_UNICODE -DUNICODE -DWIN32 -D_WIN32 -D_CRT_SECURE_NO_WARNINGS -DBOOST_ALL_NO_LIB /wd4355 /wd4800 /wd4267 /wd4244 /wd4290 /wd4068 /wd4351 /MP /MD /O2 /Ob2 /DNDEBUG -std:c++17 /wd4477 /wd4291 /showIncludes /Fosrc\robomongo\CMakeFiles\robomongo.dir\gui\AppStyle.cpp.obj /Fdsrc\robomongo\CMakeFiles\robomongo.dir\ /FS -c R:\src\robomongo\gui\AppStyle.cpp
build-app	Configure and Build Robo 3T	2026-04-14T01:18:23.9021761Z [166/253] C:\PROGRA~1\MICROS~2\2022\ENTERP~1\VC\Tools\MSVC\1416~1.270\bin\HostX64\x64\cl.exe  /nologo /TP -DBOOST_THREAD_DONT_PROVIDE_INTERRUPTIONS -DBOOST_THREAD_DONT_PROVIDE_VARIADIC_THREAD -DBOOST_THREAD_HAS_BUG -DBOOST_THREAD_NO_DEPRECATED -DBOOST_THREAD_VERSION=4 -DBUILDING_ROBO -DBUILD_NUMBER=\"26a32aa\" -DESPRIMA_VERSION=\"2.7.3\" -DGOOGLE_TEST_VERSION=\"1.8.1\" -DLIBSSH2_VERSION=\"1.9.0\" -DMONGO_CONFIG_HAVE_HEADER_UNISTD_H -DMongoDB_VERSION=\"\" -DOPENSSL_VERSION=\"1.1.1u\" -DPCRE_STATIC -DPROJECT_COMPANYNAME="\"3T Software Labs Ltd\"" -DPROJECT_COMPANYNAME_DOMAIN=\"https://studio3t.com/\" -DPROJECT_COPYRIGHT="\"Copyright (C) 2014-2017 3T Software Labs Ltd All Rights Reserved.\"" -DPROJECT_DOMAIN=\"www.robomongo.org\" -DPROJECT_GITHUB_FORK=\"www.github.com/Studio3T/robomongo\" -DPROJECT_GITHUB_ISSUES=\"www.github.com/Studio3T/robomongo/issues\" -DPROJECT_NAME="\"Robo 3T\"" -DPROJECT_NAME_LOWERCASE="\"robo 3t\"" -DPROJECT_NAME_TITLE="\"Robo 3T\"" -DPROJECT_QT_VERSION=\"5.15.2\" -DPROJECT_VERSION=\"1.5.1\" -DPROJECT_VERSION_SHORT=\"1.5\" -DQJSON_STATIC -DQJSON_VERSION=\"0.8.1\" -DQT_CORE_LIB -DQT_GUI_LIB -DQT_NETWORK_LIB -DQT_NO_DEBUG -DQT_PRINTSUPPORT_LIB -DQT_WIDGETS_LIB -DQT_XML_LIB -DSCINTILLA_QT -DSCI_LEXER -D_SILENCE_CXX17_ITERATOR_BASE_CLASS_DEPRECATION_WARNING -D_SILENCE_CXX17_OLD_ALLOCATOR_MEMBERS_DEPRECATION_WARNING -ID:\b\src\robomongo\robomongo_autogen\include -IR:\src -IR:\src\third-party\qjson-0.8.1\sources\src -IR:\src\third-party\qscintilla-2.8.4\sources\Qt4Qt5 -IR:\src\third-party\qscintilla-2.8.4\sources\include -IR:\src\third-party\qscintilla-2.8.4\sources\lexlib -IR:\src\third-party\qscintilla-2.8.4\sources\src -ID:\b\src -IR:\src\third-party\libssh2-1.9.0\sources\include -ID:\a\robomongo\Qt\5.15.2\msvc2019_64\include -ID:\a\robomongo\Qt\5.15.2\msvc2019_64\include\QtWidgets -ID:\a\robomongo\Qt\5.15.2\msvc2019_64\include\QtGui -ID:\a\robomongo\Qt\5.15.2\msvc2019_64\include\QtANGLE -ID:\a\robomongo\Qt\5.15.2\msvc2019_64\include\QtCore -ID:\a\robomongo\Qt\5.15.2\msvc2019_64\.\mkspecs\win32-msvc -ID:\a\robomongo\Qt\5.15.2\msvc2019_64\include\QtNetwork -ID:\a\robomongo\Qt\5.15.2\msvc2019_64\include\QtXml -ID:\a\robomongo\Qt\5.15.2\msvc2019_64\include\QtPrintSupport -IS:\src -IS:\src\third_party\abseil-cpp-master\abseil-cpp -IS:\src\third_party\boost-1.70.0 -IS:\src\third_party\fmt\dist\include -IS:\src\third_party\mozjs-60\include -IS:\src\third_party\mozjs-60\mongo_sources -IS:\src\third_party\pcre-8.42 -IS:\src\third_party\SafeInt -IS:\build\opt -IS:\src\third_party\mozjs-60\platform\x86_64\windows\include -I"C:\Program Files\OpenSSL\include" /DWIN32 /D_WINDOWS /W3 /GR /EHsc -D_UNICODE -DUNICODE -DWIN32 -D_WIN32 -D_CRT_SECURE_NO_WARNINGS -DBOOST_ALL_NO_LIB /wd4355 /wd4800 /wd4267 /wd4244 /wd4290 /wd4068 /wd4351 /MP /MD /O2 /Ob2 /DNDEBUG -std:c++17 /wd4477 /wd4291 /showIncludes /Fosrc\robomongo\CMakeFiles\robomongo.dir\shell\bson\json.cpp.obj /Fdsrc\robomongo\CMakeFiles\robomongo.dir\ /FS -c R:\src\robomongo\shell\bson\json.cpp
build-app	Configure and Build Robo 3T	2026-04-14T01:18:24.3473182Z [167/253] C:\PROGRA~1\MICROS~2\2022\ENTERP~1\VC\Tools\MSVC\1416~1.270\bin\HostX64\x64\cl.exe  /nologo /TP -DBOOST_THREAD_DONT_PROVIDE_INTERRUPTIONS -DBOOST_THREAD_DONT_PROVIDE_VARIADIC_THREAD -DBOOST_THREAD_HAS_BUG -DBOOST_THREAD_NO_DEPRECATED -DBOOST_THREAD_VERSION=4 -DBUILDING_ROBO -DBUILD_NUMBER=\"26a32aa\" -DESPRIMA_VERSION=\"2.7.3\" -DGOOGLE_TEST_VERSION=\"1.8.1\" -DLIBSSH2_VERSION=\"1.9.0\" -DMONGO_CONFIG_HAVE_HEADER_UNISTD_H -DMongoDB_VERSION=\"\" -DOPENSSL_VERSION=\"1.1.1u\" -DPCRE_STATIC -DPROJECT_COMPANYNAME="\"3T Software Labs Ltd\"" -DPROJECT_COMPANYNAME_DOMAIN=\"https://studio3t.com/\" -DPROJECT_COPYRIGHT="\"Copyright (C) 2014-2017 3T Software Labs Ltd All Rights Reserved.\"" -DPROJECT_DOMAIN=\"www.robomongo.org\" -DPROJECT_GITHUB_FORK=\"www.github.com/Studio3T/robomongo\" -DPROJECT_GITHUB_ISSUES=\"www.github.com/Studio3T/robomongo/issues\" -DPROJECT_NAME="\"Robo 3T\"" -DPROJECT_NAME_LOWERCASE="\"robo 3t\"" -DPROJECT_NAME_TITLE="\"Robo 3T\"" -DPROJECT_QT_VERSION=\"5.15.2\" -DPROJECT_VERSION=\"1.5.1\" -DPROJECT_VERSION_SHORT=\"1.5\" -DQJSON_STATIC -DQJSON_VERSION=\"0.8.1\" -DQT_CORE_LIB -DQT_GUI_LIB -DQT_NETWORK_LIB -DQT_NO_DEBUG -DQT_PRINTSUPPORT_LIB -DQT_WIDGETS_LIB -DQT_XML_LIB -DSCINTILLA_QT -DSCI_LEXER -D_SILENCE_CXX17_ITERATOR_BASE_CLASS_DEPRECATION_WARNING -D_SILENCE_CXX17_OLD_ALLOCATOR_MEMBERS_DEPRECATION_WARNING -ID:\b\src\robomongo\robomongo_autogen\include -IR:\src -IR:\src\third-party\qjson-0.8.1\sources\src -IR:\src\third-party\qscintilla-2.8.4\sources\Qt4Qt5 -IR:\src\third-party\qscintilla-2.8.4\sources\include -IR:\src\third-party\qscintilla-2.8.4\sources\lexlib -IR:\src\third-party\qscintilla-2.8.4\sources\src -ID:\b\src -IR:\src\third-party\libssh2-1.9.0\sources\include -ID:\a\robomongo\Qt\5.15.2\msvc2019_64\include -ID:\a\robomongo\Qt\5.15.2\msvc2019_64\include\QtWidgets -ID:\a\robomongo\Qt\5.15.2\msvc2019_64\include\QtGui -ID:\a\robomongo\Qt\5.15.2\msvc2019_64\include\QtANGLE -ID:\a\robomongo\Qt\5.15.2\msvc2019_64\include\QtCore -ID:\a\robomongo\Qt\5.15.2\msvc2019_64\.\mkspecs\win32-msvc -ID:\a\robomongo\Qt\5.15.2\msvc2019_64\include\QtNetwork -ID:\a\robomongo\Qt\5.15.2\msvc2019_64\include\QtXml -ID:\a\robomongo\Qt\5.15.2\msvc2019_64\include\QtPrintSupport -IS:\src -IS:\src\third_party\abseil-cpp-master\abseil-cpp -IS:\src\third_party\boost-1.70.0 -IS:\src\third_party\fmt\dist\include -IS:\src\third_party\mozjs-60\include -IS:\src\third_party\mozjs-60\mongo_sources -IS:\src\third_party\pcre-8.42 -IS:\src\third_party\SafeInt -IS:\build\opt -IS:\src\third_party\mozjs-60\platform\x86_64\windows\include -I"C:\Program Files\OpenSSL\include" /DWIN32 /D_WINDOWS /W3 /GR /EHsc -D_UNICODE -DUNICODE -DWIN32 -D_WIN32 -D_CRT_SECURE_NO_WARNINGS -DBOOST_ALL_NO_LIB /wd4355 /wd4800 /wd4267 /wd4244 /wd4290 /wd4068 /wd4351 /MP /MD /O2 /Ob2 /DNDEBUG -std:c++17 /wd4477 /wd4291 /showIncludes /Fosrc\robomongo\CMakeFiles\robomongo.dir\core\domain\MongoDocument.cpp.obj /Fdsrc\robomongo\CMakeFiles\robomongo.dir\ /FS -c R:\src\robomongo\core\domain\MongoDocument.cpp
build-app	Configure and Build Robo 3T	2026-04-14T01:18:25.2991923Z [168/253] C:\PROGRA~1\MICROS~2\2022\ENTERP~1\VC\Tools\MSVC\1416~1.270\bin\HostX64\x64\cl.exe  /nologo /TP -DBOOST_THREAD_DONT_PROVIDE_INTERRUPTIONS -DBOOST_THREAD_DONT_PROVIDE_VARIADIC_THREAD -DBOOST_THREAD_HAS_BUG -DBOOST_THREAD_NO_DEPRECATED -DBOOST_THREAD_VERSION=4 -DBUILDING_ROBO -DBUILD_NUMBER=\"26a32aa\" -DESPRIMA_VERSION=\"2.7.3\" -DGOOGLE_TEST_VERSION=\"1.8.1\" -DLIBSSH2_VERSION=\"1.9.0\" -DMONGO_CONFIG_HAVE_HEADER_UNISTD_H -DMongoDB_VERSION=\"\" -DOPENSSL_VERSION=\"1.1.1u\" -DPCRE_STATIC -DPROJECT_COMPANYNAME="\"3T Software Labs Ltd\"" -DPROJECT_COMPANYNAME_DOMAIN=\"https://studio3t.com/\" -DPROJECT_COPYRIGHT="\"Copyright (C) 2014-2017 3T Software Labs Ltd All Rights Reserved.\"" -DPROJECT_DOMAIN=\"www.robomongo.org\" -DPROJECT_GITHUB_FORK=\"www.github.com/Studio3T/robomongo\" -DPROJECT_GITHUB_ISSUES=\"www.github.com/Studio3T/robomongo/issues\" -DPROJECT_NAME="\"Robo 3T\"" -DPROJECT_NAME_LOWERCASE="\"robo 3t\"" -DPROJECT_NAME_TITLE="\"Robo 3T\"" -DPROJECT_QT_VERSION=\"5.15.2\" -DPROJECT_VERSION=\"1.5.1\" -DPROJECT_VERSION_SHORT=\"1.5\" -DQJSON_STATIC -DQJSON_VERSION=\"0.8.1\" -DQT_CORE_LIB -DQT_GUI_LIB -DQT_NETWORK_LIB -DQT_NO_DEBUG -DQT_PRINTSUPPORT_LIB -DQT_WIDGETS_LIB -DQT_XML_LIB -DSCINTILLA_QT -DSCI_LEXER -D_SILENCE_CXX17_ITERATOR_BASE_CLASS_DEPRECATION_WARNING -D_SILENCE_CXX17_OLD_ALLOCATOR_MEMBERS_DEPRECATION_WARNING -ID:\b\src\robomongo\robomongo_autogen\include -IR:\src -IR:\src\third-party\qjson-0.8.1\sources\src -IR:\src\third-party\qscintilla-2.8.4\sources\Qt4Qt5 -IR:\src\third-party\qscintilla-2.8.4\sources\include -IR:\src\third-party\qscintilla-2.8.4\sources\lexlib -IR:\src\third-party\qscintilla-2.8.4\sources\src -ID:\b\src -IR:\src\third-party\libssh2-1.9.0\sources\include -ID:\a\robomongo\Qt\5.15.2\msvc2019_64\include -ID:\a\robomongo\Qt\5.15.2\msvc2019_64\include\QtWidgets -ID:\a\robomongo\Qt\5.15.2\msvc2019_64\include\QtGui -ID:\a\robomongo\Qt\5.15.2\msvc2019_64\include\QtANGLE -ID:\a\robomongo\Qt\5.15.2\msvc2019_64\include\QtCore -ID:\a\robomongo\Qt\5.15.2\msvc2019_64\.\mkspecs\win32-msvc -ID:\a\robomongo\Qt\5.15.2\msvc2019_64\include\QtNetwork -ID:\a\robomongo\Qt\5.15.2\msvc2019_64\include\QtXml -ID:\a\robomongo\Qt\5.15.2\msvc2019_64\include\QtPrintSupport -IS:\src -IS:\src\third_party\abseil-cpp-master\abseil-cpp -IS:\src\third_party\boost-1.70.0 -IS:\src\third_party\fmt\dist\include -IS:\src\third_party\mozjs-60\include -IS:\src\third_party\mozjs-60\mongo_sources -IS:\src\third_party\pcre-8.42 -IS:\src\third_party\SafeInt -IS:\build\opt -IS:\src\third_party\mozjs-60\platform\x86_64\windows\include -I"C:\Program Files\OpenSSL\include" /DWIN32 /D_WINDOWS /W3 /GR /EHsc -D_UNICODE -DUNICODE -DWIN32 -D_WIN32 -D_CRT_SECURE_NO_WARNINGS -DBOOST_ALL_NO_LIB /wd4355 /wd4800 /wd4267 /wd4244 /wd4290 /wd4068 /wd4351 /MP /MD /O2 /Ob2 /DNDEBUG -std:c++17 /wd4477 /wd4291 /showIncludes /Fosrc\robomongo\CMakeFiles\robomongo.dir\core\events\MongoEvents.cpp.obj /Fdsrc\robomongo\CMakeFiles\robomongo.dir\ /FS -c R:\src\robomongo\core\events\MongoEvents.cpp
build-app	Configure and Build Robo 3T	2026-04-14T01:18:28.1249708Z [169/253] C:\PROGRA~1\MICROS~2\2022\ENTERP~1\VC\Tools\MSVC\1416~1.270\bin\HostX64\x64\cl.exe  /nologo /TP -DBOOST_THREAD_DONT_PROVIDE_INTERRUPTIONS -DBOOST_THREAD_DONT_PROVIDE_VARIADIC_THREAD -DBOOST_THREAD_HAS_BUG -DBOOST_THREAD_NO_DEPRECATED -DBOOST_THREAD_VERSION=4 -DBUILDING_ROBO -DBUILD_NUMBER=\"26a32aa\" -DESPRIMA_VERSION=\"2.7.3\" -DGOOGLE_TEST_VERSION=\"1.8.1\" -DLIBSSH2_VERSION=\"1.9.0\" -DMONGO_CONFIG_HAVE_HEADER_UNISTD_H -DMongoDB_VERSION=\"\" -DOPENSSL_VERSION=\"1.1.1u\" -DPCRE_STATIC -DPROJECT_COMPANYNAME="\"3T Software Labs Ltd\"" -DPROJECT_COMPANYNAME_DOMAIN=\"https://studio3t.com/\" -DPROJECT_COPYRIGHT="\"Copyright (C) 2014-2017 3T Software Labs Ltd All Rights Reserved.\"" -DPROJECT_DOMAIN=\"www.robomongo.org\" -DPROJECT_GITHUB_FORK=\"www.github.com/Studio3T/robomongo\" -DPROJECT_GITHUB_ISSUES=\"www.github.com/Studio3T/robomongo/issues\" -DPROJECT_NAME="\"Robo 3T\"" -DPROJECT_NAME_LOWERCASE="\"robo 3t\"" -DPROJECT_NAME_TITLE="\"Robo 3T\"" -DPROJECT_QT_VERSION=\"5.15.2\" -DPROJECT_VERSION=\"1.5.1\" -DPROJECT_VERSION_SHORT=\"1.5\" -DQJSON_STATIC -DQJSON_VERSION=\"0.8.1\" -DQT_CORE_LIB -DQT_GUI_LIB -DQT_NETWORK_LIB -DQT_NO_DEBUG -DQT_PRINTSUPPORT_LIB -DQT_WIDGETS_LIB -DQT_XML_LIB -DSCINTILLA_QT -DSCI_LEXER -D_SILENCE_CXX17_ITERATOR_BASE_CLASS_DEPRECATION_WARNING -D_SILENCE_CXX17_OLD_ALLOCATOR_MEMBERS_DEPRECATION_WARNING -ID:\b\src\robomongo\robomongo_autogen\include -IR:\src -IR:\src\third-party\qjson-0.8.1\sources\src -IR:\src\third-party\qscintilla-2.8.4\sources\Qt4Qt5 -IR:\src\third-party\qscintilla-2.8.4\sources\include -IR:\src\third-party\qscintilla-2.8.4\sources\lexlib -IR:\src\third-party\qscintilla-2.8.4\sources\src -ID:\b\src -IR:\src\third-party\libssh2-1.9.0\sources\include -ID:\a\robomongo\Qt\5.15.2\msvc2019_64\include -ID:\a\robomongo\Qt\5.15.2\msvc2019_64\include\QtWidgets -ID:\a\robomongo\Qt\5.15.2\msvc2019_64\include\QtGui -ID:\a\robomongo\Qt\5.15.2\msvc2019_64\include\QtANGLE -ID:\a\robomongo\Qt\5.15.2\msvc2019_64\include\QtCore -ID:\a\robomongo\Qt\5.15.2\msvc2019_64\.\mkspecs\win32-msvc -ID:\a\robomongo\Qt\5.15.2\msvc2019_64\include\QtNetwork -ID:\a\robomongo\Qt\5.15.2\msvc2019_64\include\QtXml -ID:\a\robomongo\Qt\5.15.2\msvc2019_64\include\QtPrintSupport -IS:\src -IS:\src\third_party\abseil-cpp-master\abseil-cpp -IS:\src\third_party\boost-1.70.0 -IS:\src\third_party\fmt\dist\include -IS:\src\third_party\mozjs-60\include -IS:\src\third_party\mozjs-60\mongo_sources -IS:\src\third_party\pcre-8.42 -IS:\src\third_party\SafeInt -IS:\build\opt -IS:\src\third_party\mozjs-60\platform\x86_64\windows\include -I"C:\Program Files\OpenSSL\include" /DWIN32 /D_WINDOWS /W3 /GR /EHsc -D_UNICODE -DUNICODE -DWIN32 -D_WIN32 -D_CRT_SECURE_NO_WARNINGS -DBOOST_ALL_NO_LIB /wd4355 /wd4800 /wd4267 /wd4244 /wd4290 /wd4068 /wd4351 /MP /MD /O2 /Ob2 /DNDEBUG -std:c++17 /wd4477 /wd4291 /showIncludes /Fosrc\robomongo\CMakeFiles\robomongo.dir\core\engine\ScriptEngine.cpp.obj /Fdsrc\robomongo\CMakeFiles\robomongo.dir\ /FS -c R:\src\robomongo\core\engine\ScriptEngine.cpp
build-app	Configure and Build Robo 3T	2026-04-14T01:18:33.4087283Z [170/253] C:\PROGRA~1\MICROS~2\2022\ENTERP~1\VC\Tools\MSVC\1416~1.270\bin\HostX64\x64\cl.exe  /nologo /TP -DBOOST_THREAD_DONT_PROVIDE_INTERRUPTIONS -DBOOST_THREAD_DONT_PROVIDE_VARIADIC_THREAD -DBOOST_THREAD_HAS_BUG -DBOOST_THREAD_NO_DEPRECATED -DBOOST_THREAD_VERSION=4 -DBUILDING_ROBO -DBUILD_NUMBER=\"26a32aa\" -DESPRIMA_VERSION=\"2.7.3\" -DGOOGLE_TEST_VERSION=\"1.8.1\" -DLIBSSH2_VERSION=\"1.9.0\" -DMONGO_CONFIG_HAVE_HEADER_UNISTD_H -DMongoDB_VERSION=\"\" -DOPENSSL_VERSION=\"1.1.1u\" -DPCRE_STATIC -DPROJECT_COMPANYNAME="\"3T Software Labs Ltd\"" -DPROJECT_COMPANYNAME_DOMAIN=\"https://studio3t.com/\" -DPROJECT_COPYRIGHT="\"Copyright (C) 2014-2017 3T Software Labs Ltd All Rights Reserved.\"" -DPROJECT_DOMAIN=\"www.robomongo.org\" -DPROJECT_GITHUB_FORK=\"www.github.com/Studio3T/robomongo\" -DPROJECT_GITHUB_ISSUES=\"www.github.com/Studio3T/robomongo/issues\" -DPROJECT_NAME="\"Robo 3T\"" -DPROJECT_NAME_LOWERCASE="\"robo 3t\"" -DPROJECT_NAME_TITLE="\"Robo 3T\"" -DPROJECT_QT_VERSION=\"5.15.2\" -DPROJECT_VERSION=\"1.5.1\" -DPROJECT_VERSION_SHORT=\"1.5\" -DQJSON_STATIC -DQJSON_VERSION=\"0.8.1\" -DQT_CORE_LIB -DQT_GUI_LIB -DQT_NETWORK_LIB -DQT_NO_DEBUG -DQT_PRINTSUPPORT_LIB -DQT_WIDGETS_LIB -DQT_XML_LIB -DSCINTILLA_QT -DSCI_LEXER -D_SILENCE_CXX17_ITERATOR_BASE_CLASS_DEPRECATION_WARNING -D_SILENCE_CXX17_OLD_ALLOCATOR_MEMBERS_DEPRECATION_WARNING -ID:\b\src\robomongo\robomongo_autogen\include -IR:\src -IR:\src\third-party\qjson-0.8.1\sources\src -IR:\src\third-party\qscintilla-2.8.4\sources\Qt4Qt5 -IR:\src\third-party\qscintilla-2.8.4\sources\include -IR:\src\third-party\qscintilla-2.8.4\sources\lexlib -IR:\src\third-party\qscintilla-2.8.4\sources\src -ID:\b\src -IR:\src\third-party\libssh2-1.9.0\sources\include -ID:\a\robomongo\Qt\5.15.2\msvc2019_64\include -ID:\a\robomongo\Qt\5.15.2\msvc2019_64\include\QtWidgets -ID:\a\robomongo\Qt\5.15.2\msvc2019_64\include\QtGui -ID:\a\robomongo\Qt\5.15.2\msvc2019_64\include\QtANGLE -ID:\a\robomongo\Qt\5.15.2\msvc2019_64\include\QtCore -ID:\a\robomongo\Qt\5.15.2\msvc2019_64\.\mkspecs\win32-msvc -ID:\a\robomongo\Qt\5.15.2\msvc2019_64\include\QtNetwork -ID:\a\robomongo\Qt\5.15.2\msvc2019_64\include\QtXml -ID:\a\robomongo\Qt\5.15.2\msvc2019_64\include\QtPrintSupport -IS:\src -IS:\src\third_party\abseil-cpp-master\abseil-cpp -IS:\src\third_party\boost-1.70.0 -IS:\src\third_party\fmt\dist\include -IS:\src\third_party\mozjs-60\include -IS:\src\third_party\mozjs-60\mongo_sources -IS:\src\third_party\pcre-8.42 -IS:\src\third_party\SafeInt -IS:\build\opt -IS:\src\third_party\mozjs-60\platform\x86_64\windows\include -I"C:\Program Files\OpenSSL\include" /DWIN32 /D_WINDOWS /W3 /GR /EHsc -D_UNICODE -DUNICODE -DWIN32 -D_WIN32 -D_CRT_SECURE_NO_WARNINGS -DBOOST_ALL_NO_LIB /wd4355 /wd4800 /wd4267 /wd4244 /wd4290 /wd4068 /wd4351 /MP /MD /O2 /Ob2 /DNDEBUG -std:c++17 /wd4477 /wd4291 /showIncludes /Fosrc\robomongo\CMakeFiles\robomongo.dir\core\domain\MongoShell.cpp.obj /Fdsrc\robomongo\CMakeFiles\robomongo.dir\ /FS -c R:\src\robomongo\core\domain\MongoShell.cpp
build-app	Configure and Build Robo 3T	2026-04-14T01:18:33.4694345Z [171/253] C:\PROGRA~1\MICROS~2\2022\ENTERP~1\VC\Tools\MSVC\1416~1.270\bin\HostX64\x64\cl.exe  /nologo /TP -DBOOST_THREAD_DONT_PROVIDE_INTERRUPTIONS -DBOOST_THREAD_DONT_PROVIDE_VARIADIC_THREAD -DBOOST_THREAD_HAS_BUG -DBOOST_THREAD_NO_DEPRECATED -DBOOST_THREAD_VERSION=4 -DBUILDING_ROBO -DBUILD_NUMBER=\"26a32aa\" -DESPRIMA_VERSION=\"2.7.3\" -DGOOGLE_TEST_VERSION=\"1.8.1\" -DLIBSSH2_VERSION=\"1.9.0\" -DMONGO_CONFIG_HAVE_HEADER_UNISTD_H -DMongoDB_VERSION=\"\" -DOPENSSL_VERSION=\"1.1.1u\" -DPCRE_STATIC -DPROJECT_COMPANYNAME="\"3T Software Labs Ltd\"" -DPROJECT_COMPANYNAME_DOMAIN=\"https://studio3t.com/\" -DPROJECT_COPYRIGHT="\"Copyright (C) 2014-2017 3T Software Labs Ltd All Rights Reserved.\"" -DPROJECT_DOMAIN=\"www.robomongo.org\" -DPROJECT_GITHUB_FORK=\"www.github.com/Studio3T/robomongo\" -DPROJECT_GITHUB_ISSUES=\"www.github.com/Studio3T/robomongo/issues\" -DPROJECT_NAME="\"Robo 3T\"" -DPROJECT_NAME_LOWERCASE="\"robo 3t\"" -DPROJECT_NAME_TITLE="\"Robo 3T\"" -DPROJECT_QT_VERSION=\"5.15.2\" -DPROJECT_VERSION=\"1.5.1\" -DPROJECT_VERSION_SHORT=\"1.5\" -DQJSON_STATIC -DQJSON_VERSION=\"0.8.1\" -DQT_CORE_LIB -DQT_GUI_LIB -DQT_NETWORK_LIB -DQT_NO_DEBUG -DQT_PRINTSUPPORT_LIB -DQT_WIDGETS_LIB -DQT_XML_LIB -DSCINTILLA_QT -DSCI_LEXER -D_SILENCE_CXX17_ITERATOR_BASE_CLASS_DEPRECATION_WARNING -D_SILENCE_CXX17_OLD_ALLOCATOR_MEMBERS_DEPRECATION_WARNING -ID:\b\src\robomongo\robomongo_autogen\include -IR:\src -IR:\src\third-party\qjson-0.8.1\sources\src -IR:\src\third-party\qscintilla-2.8.4\sources\Qt4Qt5 -IR:\src\third-party\qscintilla-2.8.4\sources\include -IR:\src\third-party\qscintilla-2.8.4\sources\lexlib -IR:\src\third-party\qscintilla-2.8.4\sources\src -ID:\b\src -IR:\src\third-party\libssh2-1.9.0\sources\include -ID:\a\robomongo\Qt\5.15.2\msvc2019_64\include -ID:\a\robomongo\Qt\5.15.2\msvc2019_64\include\QtWidgets -ID:\a\robomongo\Qt\5.15.2\msvc2019_64\include\QtGui -ID:\a\robomongo\Qt\5.15.2\msvc2019_64\include\QtANGLE -ID:\a\robomongo\Qt\5.15.2\msvc2019_64\include\QtCore -ID:\a\robomongo\Qt\5.15.2\msvc2019_64\.\mkspecs\win32-msvc -ID:\a\robomongo\Qt\5.15.2\msvc2019_64\include\QtNetwork -ID:\a\robomongo\Qt\5.15.2\msvc2019_64\include\QtXml -ID:\a\robomongo\Qt\5.15.2\msvc2019_64\include\QtPrintSupport -IS:\src -IS:\src\third_party\abseil-cpp-master\abseil-cpp -IS:\src\third_party\boost-1.70.0 -IS:\src\third_party\fmt\dist\include -IS:\src\third_party\mozjs-60\include -IS:\src\third_party\mozjs-60\mongo_sources -IS:\src\third_party\pcre-8.42 -IS:\src\third_party\SafeInt -IS:\build\opt -IS:\src\third_party\mozjs-60\platform\x86_64\windows\include -I"C:\Program Files\OpenSSL\include" /DWIN32 /D_WINDOWS /W3 /GR /EHsc -D_UNICODE -DUNICODE -DWIN32 -D_WIN32 -D_CRT_SECURE_NO_WARNINGS -DBOOST_ALL_NO_LIB /wd4355 /wd4800 /wd4267 /wd4244 /wd4290 /wd4068 /wd4351 /MP /MD /O2 /Ob2 /DNDEBUG -std:c++17 /wd4477 /wd4291 /showIncludes /Fosrc\robomongo\CMakeFiles\robomongo.dir\core\domain\MongoServer.cpp.obj /Fdsrc\robomongo\CMakeFiles\robomongo.dir\ /FS -c R:\src\robomongo\core\domain\MongoServer.cpp
build-app	Configure and Build Robo 3T	2026-04-14T01:18:35.6078068Z [172/253] C:\PROGRA~1\MICROS~2\2022\ENTERP~1\VC\Tools\MSVC\1416~1.270\bin\HostX64\x64\cl.exe  /nologo /TP -DBOOST_THREAD_DONT_PROVIDE_INTERRUPTIONS -DBOOST_THREAD_DONT_PROVIDE_VARIADIC_THREAD -DBOOST_THREAD_HAS_BUG -DBOOST_THREAD_NO_DEPRECATED -DBOOST_THREAD_VERSION=4 -DBUILDING_ROBO -DBUILD_NUMBER=\"26a32aa\" -DESPRIMA_VERSION=\"2.7.3\" -DGOOGLE_TEST_VERSION=\"1.8.1\" -DLIBSSH2_VERSION=\"1.9.0\" -DMONGO_CONFIG_HAVE_HEADER_UNISTD_H -DMongoDB_VERSION=\"\" -DOPENSSL_VERSION=\"1.1.1u\" -DPCRE_STATIC -DPROJECT_COMPANYNAME="\"3T Software Labs Ltd\"" -DPROJECT_COMPANYNAME_DOMAIN=\"https://studio3t.com/\" -DPROJECT_COPYRIGHT="\"Copyright (C) 2014-2017 3T Software Labs Ltd All Rights Reserved.\"" -DPROJECT_DOMAIN=\"www.robomongo.org\" -DPROJECT_GITHUB_FORK=\"www.github.com/Studio3T/robomongo\" -DPROJECT_GITHUB_ISSUES=\"www.github.com/Studio3T/robomongo/issues\" -DPROJECT_NAME="\"Robo 3T\"" -DPROJECT_NAME_LOWERCASE="\"robo 3t\"" -DPROJECT_NAME_TITLE="\"Robo 3T\"" -DPROJECT_QT_VERSION=\"5.15.2\" -DPROJECT_VERSION=\"1.5.1\" -DPROJECT_VERSION_SHORT=\"1.5\" -DQJSON_STATIC -DQJSON_VERSION=\"0.8.1\" -DQT_CORE_LIB -DQT_GUI_LIB -DQT_NETWORK_LIB -DQT_NO_DEBUG -DQT_PRINTSUPPORT_LIB -DQT_WIDGETS_LIB -DQT_XML_LIB -DSCINTILLA_QT -DSCI_LEXER -D_SILENCE_CXX17_ITERATOR_BASE_CLASS_DEPRECATION_WARNING -D_SILENCE_CXX17_OLD_ALLOCATOR_MEMBERS_DEPRECATION_WARNING -ID:\b\src\robomongo\robomongo_autogen\include -IR:\src -IR:\src\third-party\qjson-0.8.1\sources\src -IR:\src\third-party\qscintilla-2.8.4\sources\Qt4Qt5 -IR:\src\third-party\qscintilla-2.8.4\sources\include -IR:\src\third-party\qscintilla-2.8.4\sources\lexlib -IR:\src\third-party\qscintilla-2.8.4\sources\src -ID:\b\src -IR:\src\third-party\libssh2-1.9.0\sources\include -ID:\a\robomongo\Qt\5.15.2\msvc2019_64\include -ID:\a\robomongo\Qt\5.15.2\msvc2019_64\include\QtWidgets -ID:\a\robomongo\Qt\5.15.2\msvc2019_64\include\QtGui -ID:\a\robomongo\Qt\5.15.2\msvc2019_64\include\QtANGLE -ID:\a\robomongo\Qt\5.15.2\msvc2019_64\include\QtCore -ID:\a\robomongo\Qt\5.15.2\msvc2019_64\.\mkspecs\win32-msvc -ID:\a\robomongo\Qt\5.15.2\msvc2019_64\include\QtNetwork -ID:\a\robomongo\Qt\5.15.2\msvc2019_64\include\QtXml -ID:\a\robomongo\Qt\5.15.2\msvc2019_64\include\QtPrintSupport -IS:\src -IS:\src\third_party\abseil-cpp-master\abseil-cpp -IS:\src\third_party\boost-1.70.0 -IS:\src\third_party\fmt\dist\include -IS:\src\third_party\mozjs-60\include -IS:\src\third_party\mozjs-60\mongo_sources -IS:\src\third_party\pcre-8.42 -IS:\src\third_party\SafeInt -IS:\build\opt -IS:\src\third_party\mozjs-60\platform\x86_64\windows\include -I"C:\Program Files\OpenSSL\include" /DWIN32 /D_WINDOWS /W3 /GR /EHsc -D_UNICODE -DUNICODE -DWIN32 -D_WIN32 -D_CRT_SECURE_NO_WARNINGS -DBOOST_ALL_NO_LIB /wd4355 /wd4800 /wd4267 /wd4244 /wd4290 /wd4068 /wd4351 /MP /MD /O2 /Ob2 /DNDEBUG -std:c++17 /wd4477 /wd4291 /showIncludes /Fosrc\robomongo\CMakeFiles\robomongo.dir\core\domain\MongoDatabase.cpp.obj /Fdsrc\robomongo\CMakeFiles\robomongo.dir\ /FS -c R:\src\robomongo\core\domain\MongoDatabase.cpp
build-app	Configure and Build Robo 3T	2026-04-14T01:18:36.6277528Z [173/253] C:\PROGRA~1\MICROS~2\2022\ENTERP~1\VC\Tools\MSVC\1416~1.270\bin\HostX64\x64\cl.exe  /nologo /TP -DBOOST_THREAD_DONT_PROVIDE_INTERRUPTIONS -DBOOST_THREAD_DONT_PROVIDE_VARIADIC_THREAD -DBOOST_THREAD_HAS_BUG -DBOOST_THREAD_NO_DEPRECATED -DBOOST_THREAD_VERSION=4 -DBUILDING_ROBO -DBUILD_NUMBER=\"26a32aa\" -DESPRIMA_VERSION=\"2.7.3\" -DGOOGLE_TEST_VERSION=\"1.8.1\" -DLIBSSH2_VERSION=\"1.9.0\" -DMONGO_CONFIG_HAVE_HEADER_UNISTD_H -DMongoDB_VERSION=\"\" -DOPENSSL_VERSION=\"1.1.1u\" -DPCRE_STATIC -DPROJECT_COMPANYNAME="\"3T Software Labs Ltd\"" -DPROJECT_COMPANYNAME_DOMAIN=\"https://studio3t.com/\" -DPROJECT_COPYRIGHT="\"Copyright (C) 2014-2017 3T Software Labs Ltd All Rights Reserved.\"" -DPROJECT_DOMAIN=\"www.robomongo.org\" -DPROJECT_GITHUB_FORK=\"www.github.com/Studio3T/robomongo\" -DPROJECT_GITHUB_ISSUES=\"www.github.com/Studio3T/robomongo/issues\" -DPROJECT_NAME="\"Robo 3T\"" -DPROJECT_NAME_LOWERCASE="\"robo 3t\"" -DPROJECT_NAME_TITLE="\"Robo 3T\"" -DPROJECT_QT_VERSION=\"5.15.2\" -DPROJECT_VERSION=\"1.5.1\" -DPROJECT_VERSION_SHORT=\"1.5\" -DQJSON_STATIC -DQJSON_VERSION=\"0.8.1\" -DQT_CORE_LIB -DQT_GUI_LIB -DQT_NETWORK_LIB -DQT_NO_DEBUG -DQT_PRINTSUPPORT_LIB -DQT_WIDGETS_LIB -DQT_XML_LIB -DSCINTILLA_QT -DSCI_LEXER -D_SILENCE_CXX17_ITERATOR_BASE_CLASS_DEPRECATION_WARNING -D_SILENCE_CXX17_OLD_ALLOCATOR_MEMBERS_DEPRECATION_WARNING -ID:\b\src\robomongo\robomongo_autogen\include -IR:\src -IR:\src\third-party\qjson-0.8.1\sources\src -IR:\src\third-party\qscintilla-2.8.4\sources\Qt4Qt5 -IR:\src\third-party\qscintilla-2.8.4\sources\include -IR:\src\third-party\qscintilla-2.8.4\sources\lexlib -IR:\src\third-party\qscintilla-2.8.4\sources\src -ID:\b\src -IR:\src\third-party\libssh2-1.9.0\sources\include -ID:\a\robomongo\Qt\5.15.2\msvc2019_64\include -ID:\a\robomongo\Qt\5.15.2\msvc2019_64\include\QtWidgets -ID:\a\robomongo\Qt\5.15.2\msvc2019_64\include\QtGui -ID:\a\robomongo\Qt\5.15.2\msvc2019_64\include\QtANGLE -ID:\a\robomongo\Qt\5.15.2\msvc2019_64\include\QtCore -ID:\a\robomongo\Qt\5.15.2\msvc2019_64\.\mkspecs\win32-msvc -ID:\a\robomongo\Qt\5.15.2\msvc2019_64\include\QtNetwork -ID:\a\robomongo\Qt\5.15.2\msvc2019_64\include\QtXml -ID:\a\robomongo\Qt\5.15.2\msvc2019_64\include\QtPrintSupport -IS:\src -IS:\src\third_party\abseil-cpp-master\abseil-cpp -IS:\src\third_party\boost-1.70.0 -IS:\src\third_party\fmt\dist\include -IS:\src\third_party\mozjs-60\include -IS:\src\third_party\mozjs-60\mongo_sources -IS:\src\third_party\pcre-8.42 -IS:\src\third_party\SafeInt -IS:\build\opt -IS:\src\third_party\mozjs-60\platform\x86_64\windows\include -I"C:\Program Files\OpenSSL\include" /DWIN32 /D_WINDOWS /W3 /GR /EHsc -D_UNICODE -DUNICODE -DWIN32 -D_WIN32 -D_CRT_SECURE_NO_WARNINGS -DBOOST_ALL_NO_LIB /wd4355 /wd4800 /wd4267 /wd4244 /wd4290 /wd4068 /wd4351 /MP /MD /O2 /Ob2 /DNDEBUG -std:c++17 /wd4477 /wd4291 /showIncludes /Fosrc\robomongo\CMakeFiles\robomongo.dir\core\mongodb\MongoClient.cpp.obj /Fdsrc\robomongo\CMakeFiles\robomongo.dir\ /FS -c R:\src\robomongo\core\mongodb\MongoClient.cpp
build-app	Configure and Build Robo 3T	2026-04-14T01:18:37.9046418Z [174/253] C:\PROGRA~1\MICROS~2\2022\ENTERP~1\VC\Tools\MSVC\1416~1.270\bin\HostX64\x64\cl.exe  /nologo /TP -DBOOST_THREAD_DONT_PROVIDE_INTERRUPTIONS -DBOOST_THREAD_DONT_PROVIDE_VARIADIC_THREAD -DBOOST_THREAD_HAS_BUG -DBOOST_THREAD_NO_DEPRECATED -DBOOST_THREAD_VERSION=4 -DBUILDING_ROBO -DBUILD_NUMBER=\"26a32aa\" -DESPRIMA_VERSION=\"2.7.3\" -DGOOGLE_TEST_VERSION=\"1.8.1\" -DLIBSSH2_VERSION=\"1.9.0\" -DMONGO_CONFIG_HAVE_HEADER_UNISTD_H -DMongoDB_VERSION=\"\" -DOPENSSL_VERSION=\"1.1.1u\" -DPCRE_STATIC -DPROJECT_COMPANYNAME="\"3T Software Labs Ltd\"" -DPROJECT_COMPANYNAME_DOMAIN=\"https://studio3t.com/\" -DPROJECT_COPYRIGHT="\"Copyright (C) 2014-2017 3T Software Labs Ltd All Rights Reserved.\"" -DPROJECT_DOMAIN=\"www.robomongo.org\" -DPROJECT_GITHUB_FORK=\"www.github.com/Studio3T/robomongo\" -DPROJECT_GITHUB_ISSUES=\"www.github.com/Studio3T/robomongo/issues\" -DPROJECT_NAME="\"Robo 3T\"" -DPROJECT_NAME_LOWERCASE="\"robo 3t\"" -DPROJECT_NAME_TITLE="\"Robo 3T\"" -DPROJECT_QT_VERSION=\"5.15.2\" -DPROJECT_VERSION=\"1.5.1\" -DPROJECT_VERSION_SHORT=\"1.5\" -DQJSON_STATIC -DQJSON_VERSION=\"0.8.1\" -DQT_CORE_LIB -DQT_GUI_LIB -DQT_NETWORK_LIB -DQT_NO_DEBUG -DQT_PRINTSUPPORT_LIB -DQT_WIDGETS_LIB -DQT_XML_LIB -DSCINTILLA_QT -DSCI_LEXER -D_SILENCE_CXX17_ITERATOR_BASE_CLASS_DEPRECATION_WARNING -D_SILENCE_CXX17_OLD_ALLOCATOR_MEMBERS_DEPRECATION_WARNING -ID:\b\src\robomongo\robomongo_autogen\include -IR:\src -IR:\src\third-party\qjson-0.8.1\sources\src -IR:\src\third-party\qscintilla-2.8.4\sources\Qt4Qt5 -IR:\src\third-party\qscintilla-2.8.4\sources\include -IR:\src\third-party\qscintilla-2.8.4\sources\lexlib -IR:\src\third-party\qscintilla-2.8.4\sources\src -ID:\b\src -IR:\src\third-party\libssh2-1.9.0\sources\include -ID:\a\robomongo\Qt\5.15.2\msvc2019_64\include -ID:\a\robomongo\Qt\5.15.2\msvc2019_64\include\QtWidgets -ID:\a\robomongo\Qt\5.15.2\msvc2019_64\include\QtGui -ID:\a\robomongo\Qt\5.15.2\msvc2019_64\include\QtANGLE -ID:\a\robomongo\Qt\5.15.2\msvc2019_64\include\QtCore -ID:\a\robomongo\Qt\5.15.2\msvc2019_64\.\mkspecs\win32-msvc -ID:\a\robomongo\Qt\5.15.2\msvc2019_64\include\QtNetwork -ID:\a\robomongo\Qt\5.15.2\msvc2019_64\include\QtXml -ID:\a\robomongo\Qt\5.15.2\msvc2019_64\include\QtPrintSupport -IS:\src -IS:\src\third_party\abseil-cpp-master\abseil-cpp -IS:\src\third_party\boost-1.70.0 -IS:\src\third_party\fmt\dist\include -IS:\src\third_party\mozjs-60\include -IS:\src\third_party\mozjs-60\mongo_sources -IS:\src\third_party\pcre-8.42 -IS:\src\third_party\SafeInt -IS:\build\opt -IS:\src\third_party\mozjs-60\platform\x86_64\windows\include -I"C:\Program Files\OpenSSL\include" /DWIN32 /D_WINDOWS /W3 /GR /EHsc -D_UNICODE -DUNICODE -DWIN32 -D_WIN32 -D_CRT_SECURE_NO_WARNINGS -DBOOST_ALL_NO_LIB /wd4355 /wd4800 /wd4267 /wd4244 /wd4290 /wd4068 /wd4351 /MP /MD /O2 /Ob2 /DNDEBUG -std:c++17 /wd4477 /wd4291 /showIncludes /Fosrc\robomongo\CMakeFiles\robomongo.dir\core\domain\App.cpp.obj /Fdsrc\robomongo\CMakeFiles\robomongo.dir\ /FS -c R:\src\robomongo\core\domain\App.cpp
build-app	Configure and Build Robo 3T	2026-04-14T01:18:38.2094748Z [175/253] C:\PROGRA~1\MICROS~2\2022\ENTERP~1\VC\Tools\MSVC\1416~1.270\bin\HostX64\x64\cl.exe  /nologo /TP -DBOOST_THREAD_DONT_PROVIDE_INTERRUPTIONS -DBOOST_THREAD_DONT_PROVIDE_VARIADIC_THREAD -DBOOST_THREAD_HAS_BUG -DBOOST_THREAD_NO_DEPRECATED -DBOOST_THREAD_VERSION=4 -DBUILDING_ROBO -DBUILD_NUMBER=\"26a32aa\" -DESPRIMA_VERSION=\"2.7.3\" -DGOOGLE_TEST_VERSION=\"1.8.1\" -DLIBSSH2_VERSION=\"1.9.0\" -DMONGO_CONFIG_HAVE_HEADER_UNISTD_H -DMongoDB_VERSION=\"\" -DOPENSSL_VERSION=\"1.1.1u\" -DPCRE_STATIC -DPROJECT_COMPANYNAME="\"3T Software Labs Ltd\"" -DPROJECT_COMPANYNAME_DOMAIN=\"https://studio3t.com/\" -DPROJECT_COPYRIGHT="\"Copyright (C) 2014-2017 3T Software Labs Ltd All Rights Reserved.\"" -DPROJECT_DOMAIN=\"www.robomongo.org\" -DPROJECT_GITHUB_FORK=\"www.github.com/Studio3T/robomongo\" -DPROJECT_GITHUB_ISSUES=\"www.github.com/Studio3T/robomongo/issues\" -DPROJECT_NAME="\"Robo 3T\"" -DPROJECT_NAME_LOWERCASE="\"robo 3t\"" -DPROJECT_NAME_TITLE="\"Robo 3T\"" -DPROJECT_QT_VERSION=\"5.15.2\" -DPROJECT_VERSION=\"1.5.1\" -DPROJECT_VERSION_SHORT=\"1.5\" -DQJSON_STATIC -DQJSON_VERSION=\"0.8.1\" -DQT_CORE_LIB -DQT_GUI_LIB -DQT_NETWORK_LIB -DQT_NO_DEBUG -DQT_PRINTSUPPORT_LIB -DQT_WIDGETS_LIB -DQT_XML_LIB -DSCINTILLA_QT -DSCI_LEXER -D_SILENCE_CXX17_ITERATOR_BASE_CLASS_DEPRECATION_WARNING -D_SILENCE_CXX17_OLD_ALLOCATOR_MEMBERS_DEPRECATION_WARNING -ID:\b\src\robomongo\robomongo_autogen\include -IR:\src -IR:\src\third-party\qjson-0.8.1\sources\src -IR:\src\third-party\qscintilla-2.8.4\sources\Qt4Qt5 -IR:\src\third-party\qscintilla-2.8.4\sources\include -IR:\src\third-party\qscintilla-2.8.4\sources\lexlib -IR:\src\third-party\qscintilla-2.8.4\sources\src -ID:\b\src -IR:\src\third-party\libssh2-1.9.0\sources\include -ID:\a\robomongo\Qt\5.15.2\msvc2019_64\include -ID:\a\robomongo\Qt\5.15.2\msvc2019_64\include\QtWidgets -ID:\a\robomongo\Qt\5.15.2\msvc2019_64\include\QtGui -ID:\a\robomongo\Qt\5.15.2\msvc2019_64\include\QtANGLE -ID:\a\robomongo\Qt\5.15.2\msvc2019_64\include\QtCore -ID:\a\robomongo\Qt\5.15.2\msvc2019_64\.\mkspecs\win32-msvc -ID:\a\robomongo\Qt\5.15.2\msvc2019_64\include\QtNetwork -ID:\a\robomongo\Qt\5.15.2\msvc2019_64\include\QtXml -ID:\a\robomongo\Qt\5.15.2\msvc2019_64\include\QtPrintSupport -IS:\src -IS:\src\third_party\abseil-cpp-master\abseil-cpp -IS:\src\third_party\boost-1.70.0 -IS:\src\third_party\fmt\dist\include -IS:\src\third_party\mozjs-60\include -IS:\src\third_party\mozjs-60\mongo_sources -IS:\src\third_party\pcre-8.42 -IS:\src\third_party\SafeInt -IS:\build\opt -IS:\src\third_party\mozjs-60\platform\x86_64\windows\include -I"C:\Program Files\OpenSSL\include" /DWIN32 /D_WINDOWS /W3 /GR /EHsc -D_UNICODE -DUNICODE -DWIN32 -D_WIN32 -D_CRT_SECURE_NO_WARNINGS -DBOOST_ALL_NO_LIB /wd4355 /wd4800 /wd4267 /wd4244 /wd4290 /wd4068 /wd4351 /MP /MD /O2 /Ob2 /DNDEBUG -std:c++17 /wd4477 /wd4291 /showIncludes /Fosrc\robomongo\CMakeFiles\robomongo.dir\utils\StringOperations.cpp.obj /Fdsrc\robomongo\CMakeFiles\robomongo.dir\ /FS -c R:\src\robomongo\utils\StringOperations.cpp
build-app	Configure and Build Robo 3T	2026-04-14T01:18:38.4473877Z [176/253] C:\PROGRA~1\MICROS~2\2022\ENTERP~1\VC\Tools\MSVC\1416~1.270\bin\HostX64\x64\cl.exe  /nologo /TP -DBOOST_THREAD_DONT_PROVIDE_INTERRUPTIONS -DBOOST_THREAD_DONT_PROVIDE_VARIADIC_THREAD -DBOOST_THREAD_HAS_BUG -DBOOST_THREAD_NO_DEPRECATED -DBOOST_THREAD_VERSION=4 -DBUILDING_ROBO -DBUILD_NUMBER=\"26a32aa\" -DESPRIMA_VERSION=\"2.7.3\" -DGOOGLE_TEST_VERSION=\"1.8.1\" -DLIBSSH2_VERSION=\"1.9.0\" -DMONGO_CONFIG_HAVE_HEADER_UNISTD_H -DMongoDB_VERSION=\"\" -DOPENSSL_VERSION=\"1.1.1u\" -DPCRE_STATIC -DPROJECT_COMPANYNAME="\"3T Software Labs Ltd\"" -DPROJECT_COMPANYNAME_DOMAIN=\"https://studio3t.com/\" -DPROJECT_COPYRIGHT="\"Copyright (C) 2014-2017 3T Software Labs Ltd All Rights Reserved.\"" -DPROJECT_DOMAIN=\"www.robomongo.org\" -DPROJECT_GITHUB_FORK=\"www.github.com/Studio3T/robomongo\" -DPROJECT_GITHUB_ISSUES=\"www.github.com/Studio3T/robomongo/issues\" -DPROJECT_NAME="\"Robo 3T\"" -DPROJECT_NAME_LOWERCASE="\"robo 3t\"" -DPROJECT_NAME_TITLE="\"Robo 3T\"" -DPROJECT_QT_VERSION=\"5.15.2\" -DPROJECT_VERSION=\"1.5.1\" -DPROJECT_VERSION_SHORT=\"1.5\" -DQJSON_STATIC -DQJSON_VERSION=\"0.8.1\" -DQT_CORE_LIB -DQT_GUI_LIB -DQT_NETWORK_LIB -DQT_NO_DEBUG -DQT_PRINTSUPPORT_LIB -DQT_WIDGETS_LIB -DQT_XML_LIB -DSCINTILLA_QT -DSCI_LEXER -D_SILENCE_CXX17_ITERATOR_BASE_CLASS_DEPRECATION_WARNING -D_SILENCE_CXX17_OLD_ALLOCATOR_MEMBERS_DEPRECATION_WARNING -ID:\b\src\robomongo\robomongo_autogen\include -IR:\src -IR:\src\third-party\qjson-0.8.1\sources\src -IR:\src\third-party\qscintilla-2.8.4\sources\Qt4Qt5 -IR:\src\third-party\qscintilla-2.8.4\sources\include -IR:\src\third-party\qscintilla-2.8.4\sources\lexlib -IR:\src\third-party\qscintilla-2.8.4\sources\src -ID:\b\src -IR:\src\third-party\libssh2-1.9.0\sources\include -ID:\a\robomongo\Qt\5.15.2\msvc2019_64\include -ID:\a\robomongo\Qt\5.15.2\msvc2019_64\include\QtWidgets -ID:\a\robomongo\Qt\5.15.2\msvc2019_64\include\QtGui -ID:\a\robomongo\Qt\5.15.2\msvc2019_64\include\QtANGLE -ID:\a\robomongo\Qt\5.15.2\msvc2019_64\include\QtCore -ID:\a\robomongo\Qt\5.15.2\msvc2019_64\.\mkspecs\win32-msvc -ID:\a\robomongo\Qt\5.15.2\msvc2019_64\include\QtNetwork -ID:\a\robomongo\Qt\5.15.2\msvc2019_64\include\QtXml -ID:\a\robomongo\Qt\5.15.2\msvc2019_64\include\QtPrintSupport -IS:\src -IS:\src\third_party\abseil-cpp-master\abseil-cpp -IS:\src\third_party\boost-1.70.0 -IS:\src\third_party\fmt\dist\include -IS:\src\third_party\mozjs-60\include -IS:\src\third_party\mozjs-60\mongo_sources -IS:\src\third_party\pcre-8.42 -IS:\src\third_party\SafeInt -IS:\build\opt -IS:\src\third_party\mozjs-60\platform\x86_64\windows\include -I"C:\Program Files\OpenSSL\include" /DWIN32 /D_WINDOWS /W3 /GR /EHsc -D_UNICODE -DUNICODE -DWIN32 -D_WIN32 -D_CRT_SECURE_NO_WARNINGS -DBOOST_ALL_NO_LIB /wd4355 /wd4800 /wd4267 /wd4244 /wd4290 /wd4068 /wd4351 /MP /MD /O2 /Ob2 /DNDEBUG -std:c++17 /wd4477 /wd4291 /showIncludes /Fosrc\robomongo\CMakeFiles\robomongo.dir\core\mongodb\ReplicaSet.cpp.obj /Fdsrc\robomongo\CMakeFiles\robomongo.dir\ /FS -c R:\src\robomongo\core\mongodb\ReplicaSet.cpp
build-app	Configure and Build Robo 3T	2026-04-14T01:18:41.4141789Z [177/253] C:\PROGRA~1\MICROS~2\2022\ENTERP~1\VC\Tools\MSVC\1416~1.270\bin\HostX64\x64\cl.exe  /nologo /TP -DBOOST_THREAD_DONT_PROVIDE_INTERRUPTIONS -DBOOST_THREAD_DONT_PROVIDE_VARIADIC_THREAD -DBOOST_THREAD_HAS_BUG -DBOOST_THREAD_NO_DEPRECATED -DBOOST_THREAD_VERSION=4 -DBUILDING_ROBO -DBUILD_NUMBER=\"26a32aa\" -DESPRIMA_VERSION=\"2.7.3\" -DGOOGLE_TEST_VERSION=\"1.8.1\" -DLIBSSH2_VERSION=\"1.9.0\" -DMONGO_CONFIG_HAVE_HEADER_UNISTD_H -DMongoDB_VERSION=\"\" -DOPENSSL_VERSION=\"1.1.1u\" -DPCRE_STATIC -DPROJECT_COMPANYNAME="\"3T Software Labs Ltd\"" -DPROJECT_COMPANYNAME_DOMAIN=\"https://studio3t.com/\" -DPROJECT_COPYRIGHT="\"Copyright (C) 2014-2017 3T Software Labs Ltd All Rights Reserved.\"" -DPROJECT_DOMAIN=\"www.robomongo.org\" -DPROJECT_GITHUB_FORK=\"www.github.com/Studio3T/robomongo\" -DPROJECT_GITHUB_ISSUES=\"www.github.com/Studio3T/robomongo/issues\" -DPROJECT_NAME="\"Robo 3T\"" -DPROJECT_NAME_LOWERCASE="\"robo 3t\"" -DPROJECT_NAME_TITLE="\"Robo 3T\"" -DPROJECT_QT_VERSION=\"5.15.2\" -DPROJECT_VERSION=\"1.5.1\" -DPROJECT_VERSION_SHORT=\"1.5\" -DQJSON_STATIC -DQJSON_VERSION=\"0.8.1\" -DQT_CORE_LIB -DQT_GUI_LIB -DQT_NETWORK_LIB -DQT_NO_DEBUG -DQT_PRINTSUPPORT_LIB -DQT_WIDGETS_LIB -DQT_XML_LIB -DSCINTILLA_QT -DSCI_LEXER -D_SILENCE_CXX17_ITERATOR_BASE_CLASS_DEPRECATION_WARNING -D_SILENCE_CXX17_OLD_ALLOCATOR_MEMBERS_DEPRECATION_WARNING -ID:\b\src\robomongo\robomongo_autogen\include -IR:\src -IR:\src\third-party\qjson-0.8.1\sources\src -IR:\src\third-party\qscintilla-2.8.4\sources\Qt4Qt5 -IR:\src\third-party\qscintilla-2.8.4\sources\include -IR:\src\third-party\qscintilla-2.8.4\sources\lexlib -IR:\src\third-party\qscintilla-2.8.4\sources\src -ID:\b\src -IR:\src\third-party\libssh2-1.9.0\sources\include -ID:\a\robomongo\Qt\5.15.2\msvc2019_64\include -ID:\a\robomongo\Qt\5.15.2\msvc2019_64\include\QtWidgets -ID:\a\robomongo\Qt\5.15.2\msvc2019_64\include\QtGui -ID:\a\robomongo\Qt\5.15.2\msvc2019_64\include\QtANGLE -ID:\a\robomongo\Qt\5.15.2\msvc2019_64\include\QtCore -ID:\a\robomongo\Qt\5.15.2\msvc2019_64\.\mkspecs\win32-msvc -ID:\a\robomongo\Qt\5.15.2\msvc2019_64\include\QtNetwork -ID:\a\robomongo\Qt\5.15.2\msvc2019_64\include\QtXml -ID:\a\robomongo\Qt\5.15.2\msvc2019_64\include\QtPrintSupport -IS:\src -IS:\src\third_party\abseil-cpp-master\abseil-cpp -IS:\src\third_party\boost-1.70.0 -IS:\src\third_party\fmt\dist\include -IS:\src\third_party\mozjs-60\include -IS:\src\third_party\mozjs-60\mongo_sources -IS:\src\third_party\pcre-8.42 -IS:\src\third_party\SafeInt -IS:\build\opt -IS:\src\third_party\mozjs-60\platform\x86_64\windows\include -I"C:\Program Files\OpenSSL\include" /DWIN32 /D_WINDOWS /W3 /GR /EHsc -D_UNICODE -DUNICODE -DWIN32 -D_WIN32 -D_CRT_SECURE_NO_WARNINGS -DBOOST_ALL_NO_LIB /wd4355 /wd4800 /wd4267 /wd4244 /wd4290 /wd4068 /wd4351 /MP /MD /O2 /Ob2 /DNDEBUG -std:c++17 /wd4477 /wd4291 /showIncludes /Fosrc\robomongo\CMakeFiles\robomongo.dir\utils\SimpleCrypt.cpp.obj /Fdsrc\robomongo\CMakeFiles\robomongo.dir\ /FS -c R:\src\robomongo\utils\SimpleCrypt.cpp
build-app	Configure and Build Robo 3T	2026-04-14T01:18:41.4165156Z R:\src\robomongo\utils\SimpleCrypt.cpp(41): warning C4996: 'qsrand': use QRandomGenerator instead
build-app	Configure and Build Robo 3T	2026-04-14T01:18:41.4166298Z D:\a\robomongo\Qt\5.15.2\msvc2019_64\include\QtCore/qglobal.h(1278): note: see declaration of 'qsrand'
build-app	Configure and Build Robo 3T	2026-04-14T01:18:41.4168550Z R:\src\robomongo\utils\SimpleCrypt.cpp(50): warning C4996: 'qsrand': use QRandomGenerator instead
build-app	Configure and Build Robo 3T	2026-04-14T01:18:41.4169737Z D:\a\robomongo\Qt\5.15.2\msvc2019_64\include\QtCore/qglobal.h(1278): note: see declaration of 'qsrand'
build-app	Configure and Build Robo 3T	2026-04-14T01:18:41.4170914Z R:\src\robomongo\utils\SimpleCrypt.cpp(118): warning C4996: 'qrand': use QRandomGenerator instead
build-app	Configure and Build Robo 3T	2026-04-14T01:18:41.4172066Z D:\a\robomongo\Qt\5.15.2\msvc2019_64\include\QtCore/qglobal.h(1279): note: see declaration of 'qrand'
build-app	Configure and Build Robo 3T	2026-04-14T01:18:46.4816203Z [178/253] C:\PROGRA~1\MICROS~2\2022\ENTERP~1\VC\Tools\MSVC\1416~1.270\bin\HostX64\x64\cl.exe  /nologo /TP -DBOOST_THREAD_DONT_PROVIDE_INTERRUPTIONS -DBOOST_THREAD_DONT_PROVIDE_VARIADIC_THREAD -DBOOST_THREAD_HAS_BUG -DBOOST_THREAD_NO_DEPRECATED -DBOOST_THREAD_VERSION=4 -DBUILDING_ROBO -DBUILD_NUMBER=\"26a32aa\" -DESPRIMA_VERSION=\"2.7.3\" -DGOOGLE_TEST_VERSION=\"1.8.1\" -DLIBSSH2_VERSION=\"1.9.0\" -DMONGO_CONFIG_HAVE_HEADER_UNISTD_H -DMongoDB_VERSION=\"\" -DOPENSSL_VERSION=\"1.1.1u\" -DPCRE_STATIC -DPROJECT_COMPANYNAME="\"3T Software Labs Ltd\"" -DPROJECT_COMPANYNAME_DOMAIN=\"https://studio3t.com/\" -DPROJECT_COPYRIGHT="\"Copyright (C) 2014-2017 3T Software Labs Ltd All Rights Reserved.\"" -DPROJECT_DOMAIN=\"www.robomongo.org\" -DPROJECT_GITHUB_FORK=\"www.github.com/Studio3T/robomongo\" -DPROJECT_GITHUB_ISSUES=\"www.github.com/Studio3T/robomongo/issues\" -DPROJECT_NAME="\"Robo 3T\"" -DPROJECT_NAME_LOWERCASE="\"robo 3t\"" -DPROJECT_NAME_TITLE="\"Robo 3T\"" -DPROJECT_QT_VERSION=\"5.15.2\" -DPROJECT_VERSION=\"1.5.1\" -DPROJECT_VERSION_SHORT=\"1.5\" -DQJSON_STATIC -DQJSON_VERSION=\"0.8.1\" -DQT_CORE_LIB -DQT_GUI_LIB -DQT_NETWORK_LIB -DQT_NO_DEBUG -DQT_PRINTSUPPORT_LIB -DQT_WIDGETS_LIB -DQT_XML_LIB -DSCINTILLA_QT -DSCI_LEXER -D_SILENCE_CXX17_ITERATOR_BASE_CLASS_DEPRECATION_WARNING -D_SILENCE_CXX17_OLD_ALLOCATOR_MEMBERS_DEPRECATION_WARNING -ID:\b\src\robomongo\robomongo_autogen\include -IR:\src -IR:\src\third-party\qjson-0.8.1\sources\src -IR:\src\third-party\qscintilla-2.8.4\sources\Qt4Qt5 -IR:\src\third-party\qscintilla-2.8.4\sources\include -IR:\src\third-party\qscintilla-2.8.4\sources\lexlib -IR:\src\third-party\qscintilla-2.8.4\sources\src -ID:\b\src -IR:\src\third-party\libssh2-1.9.0\sources\include -ID:\a\robomongo\Qt\5.15.2\msvc2019_64\include -ID:\a\robomongo\Qt\5.15.2\msvc2019_64\include\QtWidgets -ID:\a\robomongo\Qt\5.15.2\msvc2019_64\include\QtGui -ID:\a\robomongo\Qt\5.15.2\msvc2019_64\include\QtANGLE -ID:\a\robomongo\Qt\5.15.2\msvc2019_64\include\QtCore -ID:\a\robomongo\Qt\5.15.2\msvc2019_64\.\mkspecs\win32-msvc -ID:\a\robomongo\Qt\5.15.2\msvc2019_64\include\QtNetwork -ID:\a\robomongo\Qt\5.15.2\msvc2019_64\include\QtXml -ID:\a\robomongo\Qt\5.15.2\msvc2019_64\include\QtPrintSupport -IS:\src -IS:\src\third_party\abseil-cpp-master\abseil-cpp -IS:\src\third_party\boost-1.70.0 -IS:\src\third_party\fmt\dist\include -IS:\src\third_party\mozjs-60\include -IS:\src\third_party\mozjs-60\mongo_sources -IS:\src\third_party\pcre-8.42 -IS:\src\third_party\SafeInt -IS:\build\opt -IS:\src\third_party\mozjs-60\platform\x86_64\windows\include -I"C:\Program Files\OpenSSL\include" /DWIN32 /D_WINDOWS /W3 /GR /EHsc -D_UNICODE -DUNICODE -DWIN32 -D_WIN32 -D_CRT_SECURE_NO_WARNINGS -DBOOST_ALL_NO_LIB /wd4355 /wd4800 /wd4267 /wd4244 /wd4290 /wd4068 /wd4351 /MP /MD /O2 /Ob2 /DNDEBUG -std:c++17 /wd4477 /wd4291 /showIncludes /Fosrc\robomongo\CMakeFiles\robomongo.dir\gui\GuiRegistry.cpp.obj /Fdsrc\robomongo\CMakeFiles\robomongo.dir\ /FS -c R:\src\robomongo\gui\GuiRegistry.cpp
build-app	Configure and Build Robo 3T	2026-04-14T01:18:47.3465104Z [179/253] C:\PROGRA~1\MICROS~2\2022\ENTERP~1\VC\Tools\MSVC\1416~1.270\bin\HostX64\x64\cl.exe  /nologo /TP -DBOOST_THREAD_DONT_PROVIDE_INTERRUPTIONS -DBOOST_THREAD_DONT_PROVIDE_VARIADIC_THREAD -DBOOST_THREAD_HAS_BUG -DBOOST_THREAD_NO_DEPRECATED -DBOOST_THREAD_VERSION=4 -DBUILDING_ROBO -DBUILD_NUMBER=\"26a32aa\" -DESPRIMA_VERSION=\"2.7.3\" -DGOOGLE_TEST_VERSION=\"1.8.1\" -DLIBSSH2_VERSION=\"1.9.0\" -DMONGO_CONFIG_HAVE_HEADER_UNISTD_H -DMongoDB_VERSION=\"\" -DOPENSSL_VERSION=\"1.1.1u\" -DPCRE_STATIC -DPROJECT_COMPANYNAME="\"3T Software Labs Ltd\"" -DPROJECT_COMPANYNAME_DOMAIN=\"https://studio3t.com/\" -DPROJECT_COPYRIGHT="\"Copyright (C) 2014-2017 3T Software Labs Ltd All Rights Reserved.\"" -DPROJECT_DOMAIN=\"www.robomongo.org\" -DPROJECT_GITHUB_FORK=\"www.github.com/Studio3T/robomongo\" -DPROJECT_GITHUB_ISSUES=\"www.github.com/Studio3T/robomongo/issues\" -DPROJECT_NAME="\"Robo 3T\"" -DPROJECT_NAME_LOWERCASE="\"robo 3t\"" -DPROJECT_NAME_TITLE="\"Robo 3T\"" -DPROJECT_QT_VERSION=\"5.15.2\" -DPROJECT_VERSION=\"1.5.1\" -DPROJECT_VERSION_SHORT=\"1.5\" -DQJSON_STATIC -DQJSON_VERSION=\"0.8.1\" -DQT_CORE_LIB -DQT_GUI_LIB -DQT_NETWORK_LIB -DQT_NO_DEBUG -DQT_PRINTSUPPORT_LIB -DQT_WIDGETS_LIB -DQT_XML_LIB -DSCINTILLA_QT -DSCI_LEXER -D_SILENCE_CXX17_ITERATOR_BASE_CLASS_DEPRECATION_WARNING -D_SILENCE_CXX17_OLD_ALLOCATOR_MEMBERS_DEPRECATION_WARNING -ID:\b\src\robomongo\robomongo_autogen\include -IR:\src -IR:\src\third-party\qjson-0.8.1\sources\src -IR:\src\third-party\qscintilla-2.8.4\sources\Qt4Qt5 -IR:\src\third-party\qscintilla-2.8.4\sources\include -IR:\src\third-party\qscintilla-2.8.4\sources\lexlib -IR:\src\third-party\qscintilla-2.8.4\sources\src -ID:\b\src -IR:\src\third-party\libssh2-1.9.0\sources\include -ID:\a\robomongo\Qt\5.15.2\msvc2019_64\include -ID:\a\robomongo\Qt\5.15.2\msvc2019_64\include\QtWidgets -ID:\a\robomongo\Qt\5.15.2\msvc2019_64\include\QtGui -ID:\a\robomongo\Qt\5.15.2\msvc2019_64\include\QtANGLE -ID:\a\robomongo\Qt\5.15.2\msvc2019_64\include\QtCore -ID:\a\robomongo\Qt\5.15.2\msvc2019_64\.\mkspecs\win32-msvc -ID:\a\robomongo\Qt\5.15.2\msvc2019_64\include\QtNetwork -ID:\a\robomongo\Qt\5.15.2\msvc2019_64\include\QtXml -ID:\a\robomongo\Qt\5.15.2\msvc2019_64\include\QtPrintSupport -IS:\src -IS:\src\third_party\abseil-cpp-master\abseil-cpp -IS:\src\third_party\boost-1.70.0 -IS:\src\third_party\fmt\dist\include -IS:\src\third_party\mozjs-60\include -IS:\src\third_party\mozjs-60\mongo_sources -IS:\src\third_party\pcre-8.42 -IS:\src\third_party\SafeInt -IS:\build\opt -IS:\src\third_party\mozjs-60\platform\x86_64\windows\include -I"C:\Program Files\OpenSSL\include" /DWIN32 /D_WINDOWS /W3 /GR /EHsc -D_UNICODE -DUNICODE -DWIN32 -D_WIN32 -D_CRT_SECURE_NO_WARNINGS -DBOOST_ALL_NO_LIB /wd4355 /wd4800 /wd4267 /wd4244 /wd4290 /wd4068 /wd4351 /MP /MD /O2 /Ob2 /DNDEBUG -std:c++17 /wd4477 /wd4291 /showIncludes /Fosrc\robomongo\CMakeFiles\robomongo.dir\core\AppRegistry.cpp.obj /Fdsrc\robomongo\CMakeFiles\robomongo.dir\ /FS -c R:\src\robomongo\core\AppRegistry.cpp
build-app	Configure and Build Robo 3T	2026-04-14T01:18:48.3587734Z [180/253] C:\PROGRA~1\MICROS~2\2022\ENTERP~1\VC\Tools\MSVC\1416~1.270\bin\HostX64\x64\cl.exe  /nologo /TP -DBOOST_THREAD_DONT_PROVIDE_INTERRUPTIONS -DBOOST_THREAD_DONT_PROVIDE_VARIADIC_THREAD -DBOOST_THREAD_HAS_BUG -DBOOST_THREAD_NO_DEPRECATED -DBOOST_THREAD_VERSION=4 -DBUILDING_ROBO -DBUILD_NUMBER=\"26a32aa\" -DESPRIMA_VERSION=\"2.7.3\" -DGOOGLE_TEST_VERSION=\"1.8.1\" -DLIBSSH2_VERSION=\"1.9.0\" -DMONGO_CONFIG_HAVE_HEADER_UNISTD_H -DMongoDB_VERSION=\"\" -DOPENSSL_VERSION=\"1.1.1u\" -DPCRE_STATIC -DPROJECT_COMPANYNAME="\"3T Software Labs Ltd\"" -DPROJECT_COMPANYNAME_DOMAIN=\"https://studio3t.com/\" -DPROJECT_COPYRIGHT="\"Copyright (C) 2014-2017 3T Software Labs Ltd All Rights Reserved.\"" -DPROJECT_DOMAIN=\"www.robomongo.org\" -DPROJECT_GITHUB_FORK=\"www.github.com/Studio3T/robomongo\" -DPROJECT_GITHUB_ISSUES=\"www.github.com/Studio3T/robomongo/issues\" -DPROJECT_NAME="\"Robo 3T\"" -DPROJECT_NAME_LOWERCASE="\"robo 3t\"" -DPROJECT_NAME_TITLE="\"Robo 3T\"" -DPROJECT_QT_VERSION=\"5.15.2\" -DPROJECT_VERSION=\"1.5.1\" -DPROJECT_VERSION_SHORT=\"1.5\" -DQJSON_STATIC -DQJSON_VERSION=\"0.8.1\" -DQT_CORE_LIB -DQT_GUI_LIB -DQT_NETWORK_LIB -DQT_NO_DEBUG -DQT_PRINTSUPPORT_LIB -DQT_WIDGETS_LIB -DQT_XML_LIB -DSCINTILLA_QT -DSCI_LEXER -D_SILENCE_CXX17_ITERATOR_BASE_CLASS_DEPRECATION_WARNING -D_SILENCE_CXX17_OLD_ALLOCATOR_MEMBERS_DEPRECATION_WARNING -ID:\b\src\robomongo\robomongo_autogen\include -IR:\src -IR:\src\third-party\qjson-0.8.1\sources\src -IR:\src\third-party\qscintilla-2.8.4\sources\Qt4Qt5 -IR:\src\third-party\qscintilla-2.8.4\sources\include -IR:\src\third-party\qscintilla-2.8.4\sources\lexlib -IR:\src\third-party\qscintilla-2.8.4\sources\src -ID:\b\src -IR:\src\third-party\libssh2-1.9.0\sources\include -ID:\a\robomongo\Qt\5.15.2\msvc2019_64\include -ID:\a\robomongo\Qt\5.15.2\msvc2019_64\include\QtWidgets -ID:\a\robomongo\Qt\5.15.2\msvc2019_64\include\QtGui -ID:\a\robomongo\Qt\5.15.2\msvc2019_64\include\QtANGLE -ID:\a\robomongo\Qt\5.15.2\msvc2019_64\include\QtCore -ID:\a\robomongo\Qt\5.15.2\msvc2019_64\.\mkspecs\win32-msvc -ID:\a\robomongo\Qt\5.15.2\msvc2019_64\include\QtNetwork -ID:\a\robomongo\Qt\5.15.2\msvc2019_64\include\QtXml -ID:\a\robomongo\Qt\5.15.2\msvc2019_64\include\QtPrintSupport -IS:\src -IS:\src\third_party\abseil-cpp-master\abseil-cpp -IS:\src\third_party\boost-1.70.0 -IS:\src\third_party\fmt\dist\include -IS:\src\third_party\mozjs-60\include -IS:\src\third_party\mozjs-60\mongo_sources -IS:\src\third_party\pcre-8.42 -IS:\src\third_party\SafeInt -IS:\build\opt -IS:\src\third_party\mozjs-60\platform\x86_64\windows\include -I"C:\Program Files\OpenSSL\include" /DWIN32 /D_WINDOWS /W3 /GR /EHsc -D_UNICODE -DUNICODE -DWIN32 -D_WIN32 -D_CRT_SECURE_NO_WARNINGS -DBOOST_ALL_NO_LIB /wd4355 /wd4800 /wd4267 /wd4244 /wd4290 /wd4068 /wd4351 /MP /MD /O2 /Ob2 /DNDEBUG -std:c++17 /wd4477 /wd4291 /showIncludes /Fosrc\robomongo\CMakeFiles\robomongo.dir\core\mongodb\MongoWorker.cpp.obj /Fdsrc\robomongo\CMakeFiles\robomongo.dir\ /FS -c R:\src\robomongo\core\mongodb\MongoWorker.cpp
build-app	Configure and Build Robo 3T	2026-04-14T01:18:48.4348767Z R:\src\robomongo\core\mongodb\MongoWorker.cpp(376): warning C4996: 'QList<QString>::toStdList': Use std::list<T>(list.begin(), list.end()) instead.
build-app	Configure and Build Robo 3T	2026-04-14T01:18:48.4774428Z D:\a\robomongo\Qt\5.15.2\msvc2019_64\include\QtCore/qlist.h(419): note: see declaration of 'QList<QString>::toStdList'
build-app	Configure and Build Robo 3T	2026-04-14T01:18:48.8666977Z [181/253] C:\PROGRA~1\MICROS~2\2022\ENTERP~1\VC\Tools\MSVC\1416~1.270\bin\HostX64\x64\cl.exe  /nologo /TP -DBOOST_THREAD_DONT_PROVIDE_INTERRUPTIONS -DBOOST_THREAD_DONT_PROVIDE_VARIADIC_THREAD -DBOOST_THREAD_HAS_BUG -DBOOST_THREAD_NO_DEPRECATED -DBOOST_THREAD_VERSION=4 -DBUILDING_ROBO -DBUILD_NUMBER=\"26a32aa\" -DESPRIMA_VERSION=\"2.7.3\" -DGOOGLE_TEST_VERSION=\"1.8.1\" -DLIBSSH2_VERSION=\"1.9.0\" -DMONGO_CONFIG_HAVE_HEADER_UNISTD_H -DMongoDB_VERSION=\"\" -DOPENSSL_VERSION=\"1.1.1u\" -DPCRE_STATIC -DPROJECT_COMPANYNAME="\"3T Software Labs Ltd\"" -DPROJECT_COMPANYNAME_DOMAIN=\"https://studio3t.com/\" -DPROJECT_COPYRIGHT="\"Copyright (C) 2014-2017 3T Software Labs Ltd All Rights Reserved.\"" -DPROJECT_DOMAIN=\"www.robomongo.org\" -DPROJECT_GITHUB_FORK=\"www.github.com/Studio3T/robomongo\" -DPROJECT_GITHUB_ISSUES=\"www.github.com/Studio3T/robomongo/issues\" -DPROJECT_NAME="\"Robo 3T\"" -DPROJECT_NAME_LOWERCASE="\"robo 3t\"" -DPROJECT_NAME_TITLE="\"Robo 3T\"" -DPROJECT_QT_VERSION=\"5.15.2\" -DPROJECT_VERSION=\"1.5.1\" -DPROJECT_VERSION_SHORT=\"1.5\" -DQJSON_STATIC -DQJSON_VERSION=\"0.8.1\" -DQT_CORE_LIB -DQT_GUI_LIB -DQT_NETWORK_LIB -DQT_NO_DEBUG -DQT_PRINTSUPPORT_LIB -DQT_WIDGETS_LIB -DQT_XML_LIB -DSCINTILLA_QT -DSCI_LEXER -D_SILENCE_CXX17_ITERATOR_BASE_CLASS_DEPRECATION_WARNING -D_SILENCE_CXX17_OLD_ALLOCATOR_MEMBERS_DEPRECATION_WARNING -ID:\b\src\robomongo\robomongo_autogen\include -IR:\src -IR:\src\third-party\qjson-0.8.1\sources\src -IR:\src\third-party\qscintilla-2.8.4\sources\Qt4Qt5 -IR:\src\third-party\qscintilla-2.8.4\sources\include -IR:\src\third-party\qscintilla-2.8.4\sources\lexlib -IR:\src\third-party\qscintilla-2.8.4\sources\src -ID:\b\src -IR:\src\third-party\libssh2-1.9.0\sources\include -ID:\a\robomongo\Qt\5.15.2\msvc2019_64\include -ID:\a\robomongo\Qt\5.15.2\msvc2019_64\include\QtWidgets -ID:\a\robomongo\Qt\5.15.2\msvc2019_64\include\QtGui -ID:\a\robomongo\Qt\5.15.2\msvc2019_64\include\QtANGLE -ID:\a\robomongo\Qt\5.15.2\msvc2019_64\include\QtCore -ID:\a\robomongo\Qt\5.15.2\msvc2019_64\.\mkspecs\win32-msvc -ID:\a\robomongo\Qt\5.15.2\msvc2019_64\include\QtNetwork -ID:\a\robomongo\Qt\5.15.2\msvc2019_64\include\QtXml -ID:\a\robomongo\Qt\5.15.2\msvc2019_64\include\QtPrintSupport -IS:\src -IS:\src\third_party\abseil-cpp-master\abseil-cpp -IS:\src\third_party\boost-1.70.0 -IS:\src\third_party\fmt\dist\include -IS:\src\third_party\mozjs-60\include -IS:\src\third_party\mozjs-60\mongo_sources -IS:\src\third_party\pcre-8.42 -IS:\src\third_party\SafeInt -IS:\build\opt -IS:\src\third_party\mozjs-60\platform\x86_64\windows\include -I"C:\Program Files\OpenSSL\include" /DWIN32 /D_WINDOWS /W3 /GR /EHsc -D_UNICODE -DUNICODE -DWIN32 -D_WIN32 -D_CRT_SECURE_NO_WARNINGS -DBOOST_ALL_NO_LIB /wd4355 /wd4800 /wd4267 /wd4244 /wd4290 /wd4068 /wd4351 /MP /MD /O2 /Ob2 /DNDEBUG -std:c++17 /wd4477 /wd4291 /showIncludes /Fosrc\robomongo\CMakeFiles\robomongo.dir\core\settings\SettingsManager.cpp.obj /Fdsrc\robomongo\CMakeFiles\robomongo.dir\ /FS -c R:\src\robomongo\core\settings\SettingsManager.cpp
build-app	Configure and Build Robo 3T	2026-04-14T01:18:48.8706686Z R:\src\robomongo\core\settings\SettingsManager.cpp(248): warning C4996: 'QList<QString>::toSet': Use QSet<T>(list.begin(), list.end()) instead.
build-app	Configure and Build Robo 3T	2026-04-14T01:18:48.8740693Z D:\a\robomongo\Qt\5.15.2\msvc2019_64\include\QtCore/qlist.h(413): note: see declaration of 'QList<QString>::toSet'
build-app	Configure and Build Robo 3T	2026-04-14T01:18:48.8866844Z R:\src\robomongo\core\settings\SettingsManager.cpp(251): warning C4996: 'QList<QString>::toSet': Use QSet<T>(list.begin(), list.end()) instead.
build-app	Configure and Build Robo 3T	2026-04-14T01:18:48.9028265Z D:\a\robomongo\Qt\5.15.2\msvc2019_64\include\QtCore/qlist.h(413): note: see declaration of 'QList<QString>::toSet'
build-app	Configure and Build Robo 3T	2026-04-14T01:18:50.8950095Z [182/253] C:\PROGRA~1\MICROS~2\2022\ENTERP~1\VC\Tools\MSVC\1416~1.270\bin\HostX64\x64\cl.exe  /nologo /TP -DBOOST_THREAD_DONT_PROVIDE_INTERRUPTIONS -DBOOST_THREAD_DONT_PROVIDE_VARIADIC_THREAD -DBOOST_THREAD_HAS_BUG -DBOOST_THREAD_NO_DEPRECATED -DBOOST_THREAD_VERSION=4 -DBUILDING_ROBO -DBUILD_NUMBER=\"26a32aa\" -DESPRIMA_VERSION=\"2.7.3\" -DGOOGLE_TEST_VERSION=\"1.8.1\" -DLIBSSH2_VERSION=\"1.9.0\" -DMONGO_CONFIG_HAVE_HEADER_UNISTD_H -DMongoDB_VERSION=\"\" -DOPENSSL_VERSION=\"1.1.1u\" -DPCRE_STATIC -DPROJECT_COMPANYNAME="\"3T Software Labs Ltd\"" -DPROJECT_COMPANYNAME_DOMAIN=\"https://studio3t.com/\" -DPROJECT_COPYRIGHT="\"Copyright (C) 2014-2017 3T Software Labs Ltd All Rights Reserved.\"" -DPROJECT_DOMAIN=\"www.robomongo.org\" -DPROJECT_GITHUB_FORK=\"www.github.com/Studio3T/robomongo\" -DPROJECT_GITHUB_ISSUES=\"www.github.com/Studio3T/robomongo/issues\" -DPROJECT_NAME="\"Robo 3T\"" -DPROJECT_NAME_LOWERCASE="\"robo 3t\"" -DPROJECT_NAME_TITLE="\"Robo 3T\"" -DPROJECT_QT_VERSION=\"5.15.2\" -DPROJECT_VERSION=\"1.5.1\" -DPROJECT_VERSION_SHORT=\"1.5\" -DQJSON_STATIC -DQJSON_VERSION=\"0.8.1\" -DQT_CORE_LIB -DQT_GUI_LIB -DQT_NETWORK_LIB -DQT_NO_DEBUG -DQT_PRINTSUPPORT_LIB -DQT_WIDGETS_LIB -DQT_XML_LIB -DSCINTILLA_QT -DSCI_LEXER -D_SILENCE_CXX17_ITERATOR_BASE_CLASS_DEPRECATION_WARNING -D_SILENCE_CXX17_OLD_ALLOCATOR_MEMBERS_DEPRECATION_WARNING -ID:\b\src\robomongo\robomongo_autogen\include -IR:\src -IR:\src\third-party\qjson-0.8.1\sources\src -IR:\src\third-party\qscintilla-2.8.4\sources\Qt4Qt5 -IR:\src\third-party\qscintilla-2.8.4\sources\include -IR:\src\third-party\qscintilla-2.8.4\sources\lexlib -IR:\src\third-party\qscintilla-2.8.4\sources\src -ID:\b\src -IR:\src\third-party\libssh2-1.9.0\sources\include -ID:\a\robomongo\Qt\5.15.2\msvc2019_64\include -ID:\a\robomongo\Qt\5.15.2\msvc2019_64\include\QtWidgets -ID:\a\robomongo\Qt\5.15.2\msvc2019_64\include\QtGui -ID:\a\robomongo\Qt\5.15.2\msvc2019_64\include\QtANGLE -ID:\a\robomongo\Qt\5.15.2\msvc2019_64\include\QtCore -ID:\a\robomongo\Qt\5.15.2\msvc2019_64\.\mkspecs\win32-msvc -ID:\a\robomongo\Qt\5.15.2\msvc2019_64\include\QtNetwork -ID:\a\robomongo\Qt\5.15.2\msvc2019_64\include\QtXml -ID:\a\robomongo\Qt\5.15.2\msvc2019_64\include\QtPrintSupport -IS:\src -IS:\src\third_party\abseil-cpp-master\abseil-cpp -IS:\src\third_party\boost-1.70.0 -IS:\src\third_party\fmt\dist\include -IS:\src\third_party\mozjs-60\include -IS:\src\third_party\mozjs-60\mongo_sources -IS:\src\third_party\pcre-8.42 -IS:\src\third_party\SafeInt -IS:\build\opt -IS:\src\third_party\mozjs-60\platform\x86_64\windows\include -I"C:\Program Files\OpenSSL\include" /DWIN32 /D_WINDOWS /W3 /GR /EHsc -D_UNICODE -DUNICODE -DWIN32 -D_WIN32 -D_CRT_SECURE_NO_WARNINGS -DBOOST_ALL_NO_LIB /wd4355 /wd4800 /wd4267 /wd4244 /wd4290 /wd4068 /wd4351 /MP /MD /O2 /Ob2 /DNDEBUG -std:c++17 /wd4477 /wd4291 /showIncludes /Fosrc\robomongo\CMakeFiles\robomongo.dir\utils\common.cpp.obj /Fdsrc\robomongo\CMakeFiles\robomongo.dir\ /FS -c R:\src\robomongo\utils\common.cpp
build-app	Configure and Build Robo 3T	2026-04-14T01:18:51.3897552Z [183/253] C:\PROGRA~1\MICROS~2\2022\ENTERP~1\VC\Tools\MSVC\1416~1.270\bin\HostX64\x64\cl.exe  /nologo /TP -DBOOST_THREAD_DONT_PROVIDE_INTERRUPTIONS -DBOOST_THREAD_DONT_PROVIDE_VARIADIC_THREAD -DBOOST_THREAD_HAS_BUG -DBOOST_THREAD_NO_DEPRECATED -DBOOST_THREAD_VERSION=4 -DBUILDING_ROBO -DBUILD_NUMBER=\"26a32aa\" -DESPRIMA_VERSION=\"2.7.3\" -DGOOGLE_TEST_VERSION=\"1.8.1\" -DLIBSSH2_VERSION=\"1.9.0\" -DMONGO_CONFIG_HAVE_HEADER_UNISTD_H -DMongoDB_VERSION=\"\" -DOPENSSL_VERSION=\"1.1.1u\" -DPCRE_STATIC -DPROJECT_COMPANYNAME="\"3T Software Labs Ltd\"" -DPROJECT_COMPANYNAME_DOMAIN=\"https://studio3t.com/\" -DPROJECT_COPYRIGHT="\"Copyright (C) 2014-2017 3T Software Labs Ltd All Rights Reserved.\"" -DPROJECT_DOMAIN=\"www.robomongo.org\" -DPROJECT_GITHUB_FORK=\"www.github.com/Studio3T/robomongo\" -DPROJECT_GITHUB_ISSUES=\"www.github.com/Studio3T/robomongo/issues\" -DPROJECT_NAME="\"Robo 3T\"" -DPROJECT_NAME_LOWERCASE="\"robo 3t\"" -DPROJECT_NAME_TITLE="\"Robo 3T\"" -DPROJECT_QT_VERSION=\"5.15.2\" -DPROJECT_VERSION=\"1.5.1\" -DPROJECT_VERSION_SHORT=\"1.5\" -DQJSON_STATIC -DQJSON_VERSION=\"0.8.1\" -DQT_CORE_LIB -DQT_GUI_LIB -DQT_NETWORK_LIB -DQT_NO_DEBUG -DQT_PRINTSUPPORT_LIB -DQT_WIDGETS_LIB -DQT_XML_LIB -DSCINTILLA_QT -DSCI_LEXER -D_SILENCE_CXX17_ITERATOR_BASE_CLASS_DEPRECATION_WARNING -D_SILENCE_CXX17_OLD_ALLOCATOR_MEMBERS_DEPRECATION_WARNING -ID:\b\src\robomongo\robomongo_autogen\include -IR:\src -IR:\src\third-party\qjson-0.8.1\sources\src -IR:\src\third-party\qscintilla-2.8.4\sources\Qt4Qt5 -IR:\src\third-party\qscintilla-2.8.4\sources\include -IR:\src\third-party\qscintilla-2.8.4\sources\lexlib -IR:\src\third-party\qscintilla-2.8.4\sources\src -ID:\b\src -IR:\src\third-party\libssh2-1.9.0\sources\include -ID:\a\robomongo\Qt\5.15.2\msvc2019_64\include -ID:\a\robomongo\Qt\5.15.2\msvc2019_64\include\QtWidgets -ID:\a\robomongo\Qt\5.15.2\msvc2019_64\include\QtGui -ID:\a\robomongo\Qt\5.15.2\msvc2019_64\include\QtANGLE -ID:\a\robomongo\Qt\5.15.2\msvc2019_64\include\QtCore -ID:\a\robomongo\Qt\5.15.2\msvc2019_64\.\mkspecs\win32-msvc -ID:\a\robomongo\Qt\5.15.2\msvc2019_64\include\QtNetwork -ID:\a\robomongo\Qt\5.15.2\msvc2019_64\include\QtXml -ID:\a\robomongo\Qt\5.15.2\msvc2019_64\include\QtPrintSupport -IS:\src -IS:\src\third_party\abseil-cpp-master\abseil-cpp -IS:\src\third_party\boost-1.70.0 -IS:\src\third_party\fmt\dist\include -IS:\src\third_party\mozjs-60\include -IS:\src\third_party\mozjs-60\mongo_sources -IS:\src\third_party\pcre-8.42 -IS:\src\third_party\SafeInt -IS:\build\opt -IS:\src\third_party\mozjs-60\platform\x86_64\windows\include -I"C:\Program Files\OpenSSL\include" /DWIN32 /D_WINDOWS /W3 /GR /EHsc -D_UNICODE -DUNICODE -DWIN32 -D_WIN32 -D_CRT_SECURE_NO_WARNINGS -DBOOST_ALL_NO_LIB /wd4355 /wd4800 /wd4267 /wd4244 /wd4290 /wd4068 /wd4351 /MP /MD /O2 /Ob2 /DNDEBUG -std:c++17 /wd4477 /wd4291 /showIncludes /Fosrc\robomongo\CMakeFiles\robomongo.dir\utils\RoboCrypt.cpp.obj /Fdsrc\robomongo\CMakeFiles\robomongo.dir\ /FS -c R:\src\robomongo\utils\RoboCrypt.cpp
build-app	Configure and Build Robo 3T	2026-04-14T01:18:51.7546086Z [184/253] C:\PROGRA~1\MICROS~2\2022\ENTERP~1\VC\Tools\MSVC\1416~1.270\bin\HostX64\x64\cl.exe  /nologo /TP -DBOOST_THREAD_DONT_PROVIDE_INTERRUPTIONS -DBOOST_THREAD_DONT_PROVIDE_VARIADIC_THREAD -DBOOST_THREAD_HAS_BUG -DBOOST_THREAD_NO_DEPRECATED -DBOOST_THREAD_VERSION=4 -DBUILDING_ROBO -DBUILD_NUMBER=\"26a32aa\" -DESPRIMA_VERSION=\"2.7.3\" -DGOOGLE_TEST_VERSION=\"1.8.1\" -DLIBSSH2_VERSION=\"1.9.0\" -DMONGO_CONFIG_HAVE_HEADER_UNISTD_H -DMongoDB_VERSION=\"\" -DOPENSSL_VERSION=\"1.1.1u\" -DPCRE_STATIC -DPROJECT_COMPANYNAME="\"3T Software Labs Ltd\"" -DPROJECT_COMPANYNAME_DOMAIN=\"https://studio3t.com/\" -DPROJECT_COPYRIGHT="\"Copyright (C) 2014-2017 3T Software Labs Ltd All Rights Reserved.\"" -DPROJECT_DOMAIN=\"www.robomongo.org\" -DPROJECT_GITHUB_FORK=\"www.github.com/Studio3T/robomongo\" -DPROJECT_GITHUB_ISSUES=\"www.github.com/Studio3T/robomongo/issues\" -DPROJECT_NAME="\"Robo 3T\"" -DPROJECT_NAME_LOWERCASE="\"robo 3t\"" -DPROJECT_NAME_TITLE="\"Robo 3T\"" -DPROJECT_QT_VERSION=\"5.15.2\" -DPROJECT_VERSION=\"1.5.1\" -DPROJECT_VERSION_SHORT=\"1.5\" -DQJSON_STATIC -DQJSON_VERSION=\"0.8.1\" -DQT_CORE_LIB -DQT_GUI_LIB -DQT_NETWORK_LIB -DQT_NO_DEBUG -DQT_PRINTSUPPORT_LIB -DQT_WIDGETS_LIB -DQT_XML_LIB -DSCINTILLA_QT -DSCI_LEXER -D_SILENCE_CXX17_ITERATOR_BASE_CLASS_DEPRECATION_WARNING -D_SILENCE_CXX17_OLD_ALLOCATOR_MEMBERS_DEPRECATION_WARNING -ID:\b\src\robomongo\robomongo_autogen\include -IR:\src -IR:\src\third-party\qjson-0.8.1\sources\src -IR:\src\third-party\qscintilla-2.8.4\sources\Qt4Qt5 -IR:\src\third-party\qscintilla-2.8.4\sources\include -IR:\src\third-party\qscintilla-2.8.4\sources\lexlib -IR:\src\third-party\qscintilla-2.8.4\sources\src -ID:\b\src -IR:\src\third-party\libssh2-1.9.0\sources\include -ID:\a\robomongo\Qt\5.15.2\msvc2019_64\include -ID:\a\robomongo\Qt\5.15.2\msvc2019_64\include\QtWidgets -ID:\a\robomongo\Qt\5.15.2\msvc2019_64\include\QtGui -ID:\a\robomongo\Qt\5.15.2\msvc2019_64\include\QtANGLE -ID:\a\robomongo\Qt\5.15.2\msvc2019_64\include\QtCore -ID:\a\robomongo\Qt\5.15.2\msvc2019_64\.\mkspecs\win32-msvc -ID:\a\robomongo\Qt\5.15.2\msvc2019_64\include\QtNetwork -ID:\a\robomongo\Qt\5.15.2\msvc2019_64\include\QtXml -ID:\a\robomongo\Qt\5.15.2\msvc2019_64\include\QtPrintSupport -IS:\src -IS:\src\third_party\abseil-cpp-master\abseil-cpp -IS:\src\third_party\boost-1.70.0 -IS:\src\third_party\fmt\dist\include -IS:\src\third_party\mozjs-60\include -IS:\src\third_party\mozjs-60\mongo_sources -IS:\src\third_party\pcre-8.42 -IS:\src\third_party\SafeInt -IS:\build\opt -IS:\src\third_party\mozjs-60\platform\x86_64\windows\include -I"C:\Program Files\OpenSSL\include" /DWIN32 /D_WINDOWS /W3 /GR /EHsc -D_UNICODE -DUNICODE -DWIN32 -D_WIN32 -D_CRT_SECURE_NO_WARNINGS -DBOOST_ALL_NO_LIB /wd4355 /wd4800 /wd4267 /wd4244 /wd4290 /wd4068 /wd4351 /MP /MD /O2 /Ob2 /DNDEBUG -std:c++17 /wd4477 /wd4291 /showIncludes /Fosrc\robomongo\CMakeFiles\robomongo.dir\gui\dialogs\AboutDialog.cpp.obj /Fdsrc\robomongo\CMakeFiles\robomongo.dir\ /FS -c R:\src\robomongo\gui\dialogs\AboutDialog.cpp
build-app	Configure and Build Robo 3T	2026-04-14T01:18:58.7547890Z [185/253] C:\PROGRA~1\MICROS~2\2022\ENTERP~1\VC\Tools\MSVC\1416~1.270\bin\HostX64\x64\cl.exe  /nologo /TP -DBOOST_THREAD_DONT_PROVIDE_INTERRUPTIONS -DBOOST_THREAD_DONT_PROVIDE_VARIADIC_THREAD -DBOOST_THREAD_HAS_BUG -DBOOST_THREAD_NO_DEPRECATED -DBOOST_THREAD_VERSION=4 -DBUILDING_ROBO -DBUILD_NUMBER=\"26a32aa\" -DESPRIMA_VERSION=\"2.7.3\" -DGOOGLE_TEST_VERSION=\"1.8.1\" -DLIBSSH2_VERSION=\"1.9.0\" -DMONGO_CONFIG_HAVE_HEADER_UNISTD_H -DMongoDB_VERSION=\"\" -DOPENSSL_VERSION=\"1.1.1u\" -DPCRE_STATIC -DPROJECT_COMPANYNAME="\"3T Software Labs Ltd\"" -DPROJECT_COMPANYNAME_DOMAIN=\"https://studio3t.com/\" -DPROJECT_COPYRIGHT="\"Copyright (C) 2014-2017 3T Software Labs Ltd All Rights Reserved.\"" -DPROJECT_DOMAIN=\"www.robomongo.org\" -DPROJECT_GITHUB_FORK=\"www.github.com/Studio3T/robomongo\" -DPROJECT_GITHUB_ISSUES=\"www.github.com/Studio3T/robomongo/issues\" -DPROJECT_NAME="\"Robo 3T\"" -DPROJECT_NAME_LOWERCASE="\"robo 3t\"" -DPROJECT_NAME_TITLE="\"Robo 3T\"" -DPROJECT_QT_VERSION=\"5.15.2\" -DPROJECT_VERSION=\"1.5.1\" -DPROJECT_VERSION_SHORT=\"1.5\" -DQJSON_STATIC -DQJSON_VERSION=\"0.8.1\" -DQT_CORE_LIB -DQT_GUI_LIB -DQT_NETWORK_LIB -DQT_NO_DEBUG -DQT_PRINTSUPPORT_LIB -DQT_WIDGETS_LIB -DQT_XML_LIB -DSCINTILLA_QT -DSCI_LEXER -D_SILENCE_CXX17_ITERATOR_BASE_CLASS_DEPRECATION_WARNING -D_SILENCE_CXX17_OLD_ALLOCATOR_MEMBERS_DEPRECATION_WARNING -ID:\b\src\robomongo\robomongo_autogen\include -IR:\src -IR:\src\third-party\qjson-0.8.1\sources\src -IR:\src\third-party\qscintilla-2.8.4\sources\Qt4Qt5 -IR:\src\third-party\qscintilla-2.8.4\sources\include -IR:\src\third-party\qscintilla-2.8.4\sources\lexlib -IR:\src\third-party\qscintilla-2.8.4\sources\src -ID:\b\src -IR:\src\third-party\libssh2-1.9.0\sources\include -ID:\a\robomongo\Qt\5.15.2\msvc2019_64\include -ID:\a\robomongo\Qt\5.15.2\msvc2019_64\include\QtWidgets -ID:\a\robomongo\Qt\5.15.2\msvc2019_64\include\QtGui -ID:\a\robomongo\Qt\5.15.2\msvc2019_64\include\QtANGLE -ID:\a\robomongo\Qt\5.15.2\msvc2019_64\include\QtCore -ID:\a\robomongo\Qt\5.15.2\msvc2019_64\.\mkspecs\win32-msvc -ID:\a\robomongo\Qt\5.15.2\msvc2019_64\include\QtNetwork -ID:\a\robomongo\Qt\5.15.2\msvc2019_64\include\QtXml -ID:\a\robomongo\Qt\5.15.2\msvc2019_64\include\QtPrintSupport -IS:\src -IS:\src\third_party\abseil-cpp-master\abseil-cpp -IS:\src\third_party\boost-1.70.0 -IS:\src\third_party\fmt\dist\include -IS:\src\third_party\mozjs-60\include -IS:\src\third_party\mozjs-60\mongo_sources -IS:\src\third_party\pcre-8.42 -IS:\src\third_party\SafeInt -IS:\build\opt -IS:\src\third_party\mozjs-60\platform\x86_64\windows\include -I"C:\Program Files\OpenSSL\include" /DWIN32 /D_WINDOWS /W3 /GR /EHsc -D_UNICODE -DUNICODE -DWIN32 -D_WIN32 -D_CRT_SECURE_NO_WARNINGS -DBOOST_ALL_NO_LIB /wd4355 /wd4800 /wd4267 /wd4244 /wd4290 /wd4068 /wd4351 /MP /MD /O2 /Ob2 /DNDEBUG -std:c++17 /wd4477 /wd4291 /showIncludes /Fosrc\robomongo\CMakeFiles\robomongo.dir\gui\dialogs\ConnectionAdvancedTab.cpp.obj /Fdsrc\robomongo\CMakeFiles\robomongo.dir\ /FS -c R:\src\robomongo\gui\dialogs\ConnectionAdvancedTab.cpp
build-app	Configure and Build Robo 3T	2026-04-14T01:18:59.7999949Z [186/253] C:\PROGRA~1\MICROS~2\2022\ENTERP~1\VC\Tools\MSVC\1416~1.270\bin\HostX64\x64\cl.exe  /nologo /TP -DBOOST_THREAD_DONT_PROVIDE_INTERRUPTIONS -DBOOST_THREAD_DONT_PROVIDE_VARIADIC_THREAD -DBOOST_THREAD_HAS_BUG -DBOOST_THREAD_NO_DEPRECATED -DBOOST_THREAD_VERSION=4 -DBUILDING_ROBO -DBUILD_NUMBER=\"26a32aa\" -DESPRIMA_VERSION=\"2.7.3\" -DGOOGLE_TEST_VERSION=\"1.8.1\" -DLIBSSH2_VERSION=\"1.9.0\" -DMONGO_CONFIG_HAVE_HEADER_UNISTD_H -DMongoDB_VERSION=\"\" -DOPENSSL_VERSION=\"1.1.1u\" -DPCRE_STATIC -DPROJECT_COMPANYNAME="\"3T Software Labs Ltd\"" -DPROJECT_COMPANYNAME_DOMAIN=\"https://studio3t.com/\" -DPROJECT_COPYRIGHT="\"Copyright (C) 2014-2017 3T Software Labs Ltd All Rights Reserved.\"" -DPROJECT_DOMAIN=\"www.robomongo.org\" -DPROJECT_GITHUB_FORK=\"www.github.com/Studio3T/robomongo\" -DPROJECT_GITHUB_ISSUES=\"www.github.com/Studio3T/robomongo/issues\" -DPROJECT_NAME="\"Robo 3T\"" -DPROJECT_NAME_LOWERCASE="\"robo 3t\"" -DPROJECT_NAME_TITLE="\"Robo 3T\"" -DPROJECT_QT_VERSION=\"5.15.2\" -DPROJECT_VERSION=\"1.5.1\" -DPROJECT_VERSION_SHORT=\"1.5\" -DQJSON_STATIC -DQJSON_VERSION=\"0.8.1\" -DQT_CORE_LIB -DQT_GUI_LIB -DQT_NETWORK_LIB -DQT_NO_DEBUG -DQT_PRINTSUPPORT_LIB -DQT_WIDGETS_LIB -DQT_XML_LIB -DSCINTILLA_QT -DSCI_LEXER -D_SILENCE_CXX17_ITERATOR_BASE_CLASS_DEPRECATION_WARNING -D_SILENCE_CXX17_OLD_ALLOCATOR_MEMBERS_DEPRECATION_WARNING -ID:\b\src\robomongo\robomongo_autogen\include -IR:\src -IR:\src\third-party\qjson-0.8.1\sources\src -IR:\src\third-party\qscintilla-2.8.4\sources\Qt4Qt5 -IR:\src\third-party\qscintilla-2.8.4\sources\include -IR:\src\third-party\qscintilla-2.8.4\sources\lexlib -IR:\src\third-party\qscintilla-2.8.4\sources\src -ID:\b\src -IR:\src\third-party\libssh2-1.9.0\sources\include -ID:\a\robomongo\Qt\5.15.2\msvc2019_64\include -ID:\a\robomongo\Qt\5.15.2\msvc2019_64\include\QtWidgets -ID:\a\robomongo\Qt\5.15.2\msvc2019_64\include\QtGui -ID:\a\robomongo\Qt\5.15.2\msvc2019_64\include\QtANGLE -ID:\a\robomongo\Qt\5.15.2\msvc2019_64\include\QtCore -ID:\a\robomongo\Qt\5.15.2\msvc2019_64\.\mkspecs\win32-msvc -ID:\a\robomongo\Qt\5.15.2\msvc2019_64\include\QtNetwork -ID:\a\robomongo\Qt\5.15.2\msvc2019_64\include\QtXml -ID:\a\robomongo\Qt\5.15.2\msvc2019_64\include\QtPrintSupport -IS:\src -IS:\src\third_party\abseil-cpp-master\abseil-cpp -IS:\src\third_party\boost-1.70.0 -IS:\src\third_party\fmt\dist\include -IS:\src\third_party\mozjs-60\include -IS:\src\third_party\mozjs-60\mongo_sources -IS:\src\third_party\pcre-8.42 -IS:\src\third_party\SafeInt -IS:\build\opt -IS:\src\third_party\mozjs-60\platform\x86_64\windows\include -I"C:\Program Files\OpenSSL\include" /DWIN32 /D_WINDOWS /W3 /GR /EHsc -D_UNICODE -DUNICODE -DWIN32 -D_WIN32 -D_CRT_SECURE_NO_WARNINGS -DBOOST_ALL_NO_LIB /wd4355 /wd4800 /wd4267 /wd4244 /wd4290 /wd4068 /wd4351 /MP /MD /O2 /Ob2 /DNDEBUG -std:c++17 /wd4477 /wd4291 /showIncludes /Fosrc\robomongo\CMakeFiles\robomongo.dir\gui\dialogs\ConnectionAuthTab.cpp.obj /Fdsrc\robomongo\CMakeFiles\robomongo.dir\ /FS -c R:\src\robomongo\gui\dialogs\ConnectionAuthTab.cpp
build-app	Configure and Build Robo 3T	2026-04-14T01:19:00.1304623Z [187/253] C:\PROGRA~1\MICROS~2\2022\ENTERP~1\VC\Tools\MSVC\1416~1.270\bin\HostX64\x64\cl.exe  /nologo /TP -DBOOST_THREAD_DONT_PROVIDE_INTERRUPTIONS -DBOOST_THREAD_DONT_PROVIDE_VARIADIC_THREAD -DBOOST_THREAD_HAS_BUG -DBOOST_THREAD_NO_DEPRECATED -DBOOST_THREAD_VERSION=4 -DBUILDING_ROBO -DBUILD_NUMBER=\"26a32aa\" -DESPRIMA_VERSION=\"2.7.3\" -DGOOGLE_TEST_VERSION=\"1.8.1\" -DLIBSSH2_VERSION=\"1.9.0\" -DMONGO_CONFIG_HAVE_HEADER_UNISTD_H -DMongoDB_VERSION=\"\" -DOPENSSL_VERSION=\"1.1.1u\" -DPCRE_STATIC -DPROJECT_COMPANYNAME="\"3T Software Labs Ltd\"" -DPROJECT_COMPANYNAME_DOMAIN=\"https://studio3t.com/\" -DPROJECT_COPYRIGHT="\"Copyright (C) 2014-2017 3T Software Labs Ltd All Rights Reserved.\"" -DPROJECT_DOMAIN=\"www.robomongo.org\" -DPROJECT_GITHUB_FORK=\"www.github.com/Studio3T/robomongo\" -DPROJECT_GITHUB_ISSUES=\"www.github.com/Studio3T/robomongo/issues\" -DPROJECT_NAME="\"Robo 3T\"" -DPROJECT_NAME_LOWERCASE="\"robo 3t\"" -DPROJECT_NAME_TITLE="\"Robo 3T\"" -DPROJECT_QT_VERSION=\"5.15.2\" -DPROJECT_VERSION=\"1.5.1\" -DPROJECT_VERSION_SHORT=\"1.5\" -DQJSON_STATIC -DQJSON_VERSION=\"0.8.1\" -DQT_CORE_LIB -DQT_GUI_LIB -DQT_NETWORK_LIB -DQT_NO_DEBUG -DQT_PRINTSUPPORT_LIB -DQT_WIDGETS_LIB -DQT_XML_LIB -DSCINTILLA_QT -DSCI_LEXER -D_SILENCE_CXX17_ITERATOR_BASE_CLASS_DEPRECATION_WARNING -D_SILENCE_CXX17_OLD_ALLOCATOR_MEMBERS_DEPRECATION_WARNING -ID:\b\src\robomongo\robomongo_autogen\include -IR:\src -IR:\src\third-party\qjson-0.8.1\sources\src -IR:\src\third-party\qscintilla-2.8.4\sources\Qt4Qt5 -IR:\src\third-party\qscintilla-2.8.4\sources\include -IR:\src\third-party\qscintilla-2.8.4\sources\lexlib -IR:\src\third-party\qscintilla-2.8.4\sources\src -ID:\b\src -IR:\src\third-party\libssh2-1.9.0\sources\include -ID:\a\robomongo\Qt\5.15.2\msvc2019_64\include -ID:\a\robomongo\Qt\5.15.2\msvc2019_64\include\QtWidgets -ID:\a\robomongo\Qt\5.15.2\msvc2019_64\include\QtGui -ID:\a\robomongo\Qt\5.15.2\msvc2019_64\include\QtANGLE -ID:\a\robomongo\Qt\5.15.2\msvc2019_64\include\QtCore -ID:\a\robomongo\Qt\5.15.2\msvc2019_64\.\mkspecs\win32-msvc -ID:\a\robomongo\Qt\5.15.2\msvc2019_64\include\QtNetwork -ID:\a\robomongo\Qt\5.15.2\msvc2019_64\include\QtXml -ID:\a\robomongo\Qt\5.15.2\msvc2019_64\include\QtPrintSupport -IS:\src -IS:\src\third_party\abseil-cpp-master\abseil-cpp -IS:\src\third_party\boost-1.70.0 -IS:\src\third_party\fmt\dist\include -IS:\src\third_party\mozjs-60\include -IS:\src\third_party\mozjs-60\mongo_sources -IS:\src\third_party\pcre-8.42 -IS:\src\third_party\SafeInt -IS:\build\opt -IS:\src\third_party\mozjs-60\platform\x86_64\windows\include -I"C:\Program Files\OpenSSL\include" /DWIN32 /D_WINDOWS /W3 /GR /EHsc -D_UNICODE -DUNICODE -DWIN32 -D_WIN32 -D_CRT_SECURE_NO_WARNINGS -DBOOST_ALL_NO_LIB /wd4355 /wd4800 /wd4267 /wd4244 /wd4290 /wd4068 /wd4351 /MP /MD /O2 /Ob2 /DNDEBUG -std:c++17 /wd4477 /wd4291 /showIncludes /Fosrc\robomongo\CMakeFiles\robomongo.dir\gui\dialogs\EulaDialog.cpp.obj /Fdsrc\robomongo\CMakeFiles\robomongo.dir\ /FS -c R:\src\robomongo\gui\dialogs\EulaDialog.cpp
build-app	Configure and Build Robo 3T	2026-04-14T01:19:00.1325700Z R:\src\robomongo\gui\dialogs\EulaDialog.cpp(146): warning C4996: 'QDesktopWidget::availableGeometry': Use QGuiApplication::screens()
build-app	Configure and Build Robo 3T	2026-04-14T01:19:00.1345275Z d:\a\robomongo\qt\5.15.2\msvc2019_64\include\qtwidgets\qdesktopwidget.h(88): note: see declaration of 'QDesktopWidget::availableGeometry'
build-app	Configure and Build Robo 3T	2026-04-14T01:19:02.4603847Z [188/253] C:\PROGRA~1\MICROS~2\2022\ENTERP~1\VC\Tools\MSVC\1416~1.270\bin\HostX64\x64\cl.exe  /nologo /TP -DBOOST_THREAD_DONT_PROVIDE_INTERRUPTIONS -DBOOST_THREAD_DONT_PROVIDE_VARIADIC_THREAD -DBOOST_THREAD_HAS_BUG -DBOOST_THREAD_NO_DEPRECATED -DBOOST_THREAD_VERSION=4 -DBUILDING_ROBO -DBUILD_NUMBER=\"26a32aa\" -DESPRIMA_VERSION=\"2.7.3\" -DGOOGLE_TEST_VERSION=\"1.8.1\" -DLIBSSH2_VERSION=\"1.9.0\" -DMONGO_CONFIG_HAVE_HEADER_UNISTD_H -DMongoDB_VERSION=\"\" -DOPENSSL_VERSION=\"1.1.1u\" -DPCRE_STATIC -DPROJECT_COMPANYNAME="\"3T Software Labs Ltd\"" -DPROJECT_COMPANYNAME_DOMAIN=\"https://studio3t.com/\" -DPROJECT_COPYRIGHT="\"Copyright (C) 2014-2017 3T Software Labs Ltd All Rights Reserved.\"" -DPROJECT_DOMAIN=\"www.robomongo.org\" -DPROJECT_GITHUB_FORK=\"www.github.com/Studio3T/robomongo\" -DPROJECT_GITHUB_ISSUES=\"www.github.com/Studio3T/robomongo/issues\" -DPROJECT_NAME="\"Robo 3T\"" -DPROJECT_NAME_LOWERCASE="\"robo 3t\"" -DPROJECT_NAME_TITLE="\"Robo 3T\"" -DPROJECT_QT_VERSION=\"5.15.2\" -DPROJECT_VERSION=\"1.5.1\" -DPROJECT_VERSION_SHORT=\"1.5\" -DQJSON_STATIC -DQJSON_VERSION=\"0.8.1\" -DQT_CORE_LIB -DQT_GUI_LIB -DQT_NETWORK_LIB -DQT_NO_DEBUG -DQT_PRINTSUPPORT_LIB -DQT_WIDGETS_LIB -DQT_XML_LIB -DSCINTILLA_QT -DSCI_LEXER -D_SILENCE_CXX17_ITERATOR_BASE_CLASS_DEPRECATION_WARNING -D_SILENCE_CXX17_OLD_ALLOCATOR_MEMBERS_DEPRECATION_WARNING -ID:\b\src\robomongo\robomongo_autogen\include -IR:\src -IR:\src\third-party\qjson-0.8.1\sources\src -IR:\src\third-party\qscintilla-2.8.4\sources\Qt4Qt5 -IR:\src\third-party\qscintilla-2.8.4\sources\include -IR:\src\third-party\qscintilla-2.8.4\sources\lexlib -IR:\src\third-party\qscintilla-2.8.4\sources\src -ID:\b\src -IR:\src\third-party\libssh2-1.9.0\sources\include -ID:\a\robomongo\Qt\5.15.2\msvc2019_64\include -ID:\a\robomongo\Qt\5.15.2\msvc2019_64\include\QtWidgets -ID:\a\robomongo\Qt\5.15.2\msvc2019_64\include\QtGui -ID:\a\robomongo\Qt\5.15.2\msvc2019_64\include\QtANGLE -ID:\a\robomongo\Qt\5.15.2\msvc2019_64\include\QtCore -ID:\a\robomongo\Qt\5.15.2\msvc2019_64\.\mkspecs\win32-msvc -ID:\a\robomongo\Qt\5.15.2\msvc2019_64\include\QtNetwork -ID:\a\robomongo\Qt\5.15.2\msvc2019_64\include\QtXml -ID:\a\robomongo\Qt\5.15.2\msvc2019_64\include\QtPrintSupport -IS:\src -IS:\src\third_party\abseil-cpp-master\abseil-cpp -IS:\src\third_party\boost-1.70.0 -IS:\src\third_party\fmt\dist\include -IS:\src\third_party\mozjs-60\include -IS:\src\third_party\mozjs-60\mongo_sources -IS:\src\third_party\pcre-8.42 -IS:\src\third_party\SafeInt -IS:\build\opt -IS:\src\third_party\mozjs-60\platform\x86_64\windows\include -I"C:\Program Files\OpenSSL\include" /DWIN32 /D_WINDOWS /W3 /GR /EHsc -D_UNICODE -DUNICODE -DWIN32 -D_WIN32 -D_CRT_SECURE_NO_WARNINGS -DBOOST_ALL_NO_LIB /wd4355 /wd4800 /wd4267 /wd4244 /wd4290 /wd4068 /wd4351 /MP /MD /O2 /Ob2 /DNDEBUG -std:c++17 /wd4477 /wd4291 /showIncludes /Fosrc\robomongo\CMakeFiles\robomongo.dir\gui\dialogs\ConnectionDialog.cpp.obj /Fdsrc\robomongo\CMakeFiles\robomongo.dir\ /FS -c R:\src\robomongo\gui\dialogs\ConnectionDialog.cpp
build-app	Configure and Build Robo 3T	2026-04-14T01:19:02.7939325Z [189/253] C:\PROGRA~1\MICROS~2\2022\ENTERP~1\VC\Tools\MSVC\1416~1.270\bin\HostX64\x64\cl.exe  /nologo /TP -DBOOST_THREAD_DONT_PROVIDE_INTERRUPTIONS -DBOOST_THREAD_DONT_PROVIDE_VARIADIC_THREAD -DBOOST_THREAD_HAS_BUG -DBOOST_THREAD_NO_DEPRECATED -DBOOST_THREAD_VERSION=4 -DBUILDING_ROBO -DBUILD_NUMBER=\"26a32aa\" -DESPRIMA_VERSION=\"2.7.3\" -DGOOGLE_TEST_VERSION=\"1.8.1\" -DLIBSSH2_VERSION=\"1.9.0\" -DMONGO_CONFIG_HAVE_HEADER_UNISTD_H -DMongoDB_VERSION=\"\" -DOPENSSL_VERSION=\"1.1.1u\" -DPCRE_STATIC -DPROJECT_COMPANYNAME="\"3T Software Labs Ltd\"" -DPROJECT_COMPANYNAME_DOMAIN=\"https://studio3t.com/\" -DPROJECT_COPYRIGHT="\"Copyright (C) 2014-2017 3T Software Labs Ltd All Rights Reserved.\"" -DPROJECT_DOMAIN=\"www.robomongo.org\" -DPROJECT_GITHUB_FORK=\"www.github.com/Studio3T/robomongo\" -DPROJECT_GITHUB_ISSUES=\"www.github.com/Studio3T/robomongo/issues\" -DPROJECT_NAME="\"Robo 3T\"" -DPROJECT_NAME_LOWERCASE="\"robo 3t\"" -DPROJECT_NAME_TITLE="\"Robo 3T\"" -DPROJECT_QT_VERSION=\"5.15.2\" -DPROJECT_VERSION=\"1.5.1\" -DPROJECT_VERSION_SHORT=\"1.5\" -DQJSON_STATIC -DQJSON_VERSION=\"0.8.1\" -DQT_CORE_LIB -DQT_GUI_LIB -DQT_NETWORK_LIB -DQT_NO_DEBUG -DQT_PRINTSUPPORT_LIB -DQT_WIDGETS_LIB -DQT_XML_LIB -DSCINTILLA_QT -DSCI_LEXER -D_SILENCE_CXX17_ITERATOR_BASE_CLASS_DEPRECATION_WARNING -D_SILENCE_CXX17_OLD_ALLOCATOR_MEMBERS_DEPRECATION_WARNING -ID:\b\src\robomongo\robomongo_autogen\include -IR:\src -IR:\src\third-party\qjson-0.8.1\sources\src -IR:\src\third-party\qscintilla-2.8.4\sources\Qt4Qt5 -IR:\src\third-party\qscintilla-2.8.4\sources\include -IR:\src\third-party\qscintilla-2.8.4\sources\lexlib -IR:\src\third-party\qscintilla-2.8.4\sources\src -ID:\b\src -IR:\src\third-party\libssh2-1.9.0\sources\include -ID:\a\robomongo\Qt\5.15.2\msvc2019_64\include -ID:\a\robomongo\Qt\5.15.2\msvc2019_64\include\QtWidgets -ID:\a\robomongo\Qt\5.15.2\msvc2019_64\include\QtGui -ID:\a\robomongo\Qt\5.15.2\msvc2019_64\include\QtANGLE -ID:\a\robomongo\Qt\5.15.2\msvc2019_64\include\QtCore -ID:\a\robomongo\Qt\5.15.2\msvc2019_64\.\mkspecs\win32-msvc -ID:\a\robomongo\Qt\5.15.2\msvc2019_64\include\QtNetwork -ID:\a\robomongo\Qt\5.15.2\msvc2019_64\include\QtXml -ID:\a\robomongo\Qt\5.15.2\msvc2019_64\include\QtPrintSupport -IS:\src -IS:\src\third_party\abseil-cpp-master\abseil-cpp -IS:\src\third_party\boost-1.70.0 -IS:\src\third_party\fmt\dist\include -IS:\src\third_party\mozjs-60\include -IS:\src\third_party\mozjs-60\mongo_sources -IS:\src\third_party\pcre-8.42 -IS:\src\third_party\SafeInt -IS:\build\opt -IS:\src\third_party\mozjs-60\platform\x86_64\windows\include -I"C:\Program Files\OpenSSL\include" /DWIN32 /D_WINDOWS /W3 /GR /EHsc -D_UNICODE -DUNICODE -DWIN32 -D_WIN32 -D_CRT_SECURE_NO_WARNINGS -DBOOST_ALL_NO_LIB /wd4355 /wd4800 /wd4267 /wd4244 /wd4290 /wd4068 /wd4351 /MP /MD /O2 /Ob2 /DNDEBUG -std:c++17 /wd4477 /wd4291 /showIncludes /Fosrc\robomongo\CMakeFiles\robomongo.dir\gui\dialogs\ConnectionBasicTab.cpp.obj /Fdsrc\robomongo\CMakeFiles\robomongo.dir\ /FS -c R:\src\robomongo\gui\dialogs\ConnectionBasicTab.cpp
build-app	Configure and Build Robo 3T	2026-04-14T01:19:03.6080986Z [190/253] C:\PROGRA~1\MICROS~2\2022\ENTERP~1\VC\Tools\MSVC\1416~1.270\bin\HostX64\x64\cl.exe  /nologo /TP -DBOOST_THREAD_DONT_PROVIDE_INTERRUPTIONS -DBOOST_THREAD_DONT_PROVIDE_VARIADIC_THREAD -DBOOST_THREAD_HAS_BUG -DBOOST_THREAD_NO_DEPRECATED -DBOOST_THREAD_VERSION=4 -DBUILDING_ROBO -DBUILD_NUMBER=\"26a32aa\" -DESPRIMA_VERSION=\"2.7.3\" -DGOOGLE_TEST_VERSION=\"1.8.1\" -DLIBSSH2_VERSION=\"1.9.0\" -DMONGO_CONFIG_HAVE_HEADER_UNISTD_H -DMongoDB_VERSION=\"\" -DOPENSSL_VERSION=\"1.1.1u\" -DPCRE_STATIC -DPROJECT_COMPANYNAME="\"3T Software Labs Ltd\"" -DPROJECT_COMPANYNAME_DOMAIN=\"https://studio3t.com/\" -DPROJECT_COPYRIGHT="\"Copyright (C) 2014-2017 3T Software Labs Ltd All Rights Reserved.\"" -DPROJECT_DOMAIN=\"www.robomongo.org\" -DPROJECT_GITHUB_FORK=\"www.github.com/Studio3T/robomongo\" -DPROJECT_GITHUB_ISSUES=\"www.github.com/Studio3T/robomongo/issues\" -DPROJECT_NAME="\"Robo 3T\"" -DPROJECT_NAME_LOWERCASE="\"robo 3t\"" -DPROJECT_NAME_TITLE="\"Robo 3T\"" -DPROJECT_QT_VERSION=\"5.15.2\" -DPROJECT_VERSION=\"1.5.1\" -DPROJECT_VERSION_SHORT=\"1.5\" -DQJSON_STATIC -DQJSON_VERSION=\"0.8.1\" -DQT_CORE_LIB -DQT_GUI_LIB -DQT_NETWORK_LIB -DQT_NO_DEBUG -DQT_PRINTSUPPORT_LIB -DQT_WIDGETS_LIB -DQT_XML_LIB -DSCINTILLA_QT -DSCI_LEXER -D_SILENCE_CXX17_ITERATOR_BASE_CLASS_DEPRECATION_WARNING -D_SILENCE_CXX17_OLD_ALLOCATOR_MEMBERS_DEPRECATION_WARNING -ID:\b\src\robomongo\robomongo_autogen\include -IR:\src -IR:\src\third-party\qjson-0.8.1\sources\src -IR:\src\third-party\qscintilla-2.8.4\sources\Qt4Qt5 -IR:\src\third-party\qscintilla-2.8.4\sources\include -IR:\src\third-party\qscintilla-2.8.4\sources\lexlib -IR:\src\third-party\qscintilla-2.8.4\sources\src -ID:\b\src -IR:\src\third-party\libssh2-1.9.0\sources\include -ID:\a\robomongo\Qt\5.15.2\msvc2019_64\include -ID:\a\robomongo\Qt\5.15.2\msvc2019_64\include\QtWidgets -ID:\a\robomongo\Qt\5.15.2\msvc2019_64\include\QtGui -ID:\a\robomongo\Qt\5.15.2\msvc2019_64\include\QtANGLE -ID:\a\robomongo\Qt\5.15.2\msvc2019_64\include\QtCore -ID:\a\robomongo\Qt\5.15.2\msvc2019_64\.\mkspecs\win32-msvc -ID:\a\robomongo\Qt\5.15.2\msvc2019_64\include\QtNetwork -ID:\a\robomongo\Qt\5.15.2\msvc2019_64\include\QtXml -ID:\a\robomongo\Qt\5.15.2\msvc2019_64\include\QtPrintSupport -IS:\src -IS:\src\third_party\abseil-cpp-master\abseil-cpp -IS:\src\third_party\boost-1.70.0 -IS:\src\third_party\fmt\dist\include -IS:\src\third_party\mozjs-60\include -IS:\src\third_party\mozjs-60\mongo_sources -IS:\src\third_party\pcre-8.42 -IS:\src\third_party\SafeInt -IS:\build\opt -IS:\src\third_party\mozjs-60\platform\x86_64\windows\include -I"C:\Program Files\OpenSSL\include" /DWIN32 /D_WINDOWS /W3 /GR /EHsc -D_UNICODE -DUNICODE -DWIN32 -D_WIN32 -D_CRT_SECURE_NO_WARNINGS -DBOOST_ALL_NO_LIB /wd4355 /wd4800 /wd4267 /wd4244 /wd4290 /wd4068 /wd4351 /MP /MD /O2 /Ob2 /DNDEBUG -std:c++17 /wd4477 /wd4291 /showIncludes /Fosrc\robomongo\CMakeFiles\robomongo.dir\gui\widgets\workarea\IndicatorLabel.cpp.obj /Fdsrc\robomongo\CMakeFiles\robomongo.dir\ /FS -c R:\src\robomongo\gui\widgets\workarea\IndicatorLabel.cpp
build-app	Configure and Build Robo 3T	2026-04-14T01:19:04.0321962Z [191/253] C:\PROGRA~1\MICROS~2\2022\ENTERP~1\VC\Tools\MSVC\1416~1.270\bin\HostX64\x64\cl.exe  /nologo /TP -DBOOST_THREAD_DONT_PROVIDE_INTERRUPTIONS -DBOOST_THREAD_DONT_PROVIDE_VARIADIC_THREAD -DBOOST_THREAD_HAS_BUG -DBOOST_THREAD_NO_DEPRECATED -DBOOST_THREAD_VERSION=4 -DBUILDING_ROBO -DBUILD_NUMBER=\"26a32aa\" -DESPRIMA_VERSION=\"2.7.3\" -DGOOGLE_TEST_VERSION=\"1.8.1\" -DLIBSSH2_VERSION=\"1.9.0\" -DMONGO_CONFIG_HAVE_HEADER_UNISTD_H -DMongoDB_VERSION=\"\" -DOPENSSL_VERSION=\"1.1.1u\" -DPCRE_STATIC -DPROJECT_COMPANYNAME="\"3T Software Labs Ltd\"" -DPROJECT_COMPANYNAME_DOMAIN=\"https://studio3t.com/\" -DPROJECT_COPYRIGHT="\"Copyright (C) 2014-2017 3T Software Labs Ltd All Rights Reserved.\"" -DPROJECT_DOMAIN=\"www.robomongo.org\" -DPROJECT_GITHUB_FORK=\"www.github.com/Studio3T/robomongo\" -DPROJECT_GITHUB_ISSUES=\"www.github.com/Studio3T/robomongo/issues\" -DPROJECT_NAME="\"Robo 3T\"" -DPROJECT_NAME_LOWERCASE="\"robo 3t\"" -DPROJECT_NAME_TITLE="\"Robo 3T\"" -DPROJECT_QT_VERSION=\"5.15.2\" -DPROJECT_VERSION=\"1.5.1\" -DPROJECT_VERSION_SHORT=\"1.5\" -DQJSON_STATIC -DQJSON_VERSION=\"0.8.1\" -DQT_CORE_LIB -DQT_GUI_LIB -DQT_NETWORK_LIB -DQT_NO_DEBUG -DQT_PRINTSUPPORT_LIB -DQT_WIDGETS_LIB -DQT_XML_LIB -DSCINTILLA_QT -DSCI_LEXER -D_SILENCE_CXX17_ITERATOR_BASE_CLASS_DEPRECATION_WARNING -D_SILENCE_CXX17_OLD_ALLOCATOR_MEMBERS_DEPRECATION_WARNING -ID:\b\src\robomongo\robomongo_autogen\include -IR:\src -IR:\src\third-party\qjson-0.8.1\sources\src -IR:\src\third-party\qscintilla-2.8.4\sources\Qt4Qt5 -IR:\src\third-party\qscintilla-2.8.4\sources\include -IR:\src\third-party\qscintilla-2.8.4\sources\lexlib -IR:\src\third-party\qscintilla-2.8.4\sources\src -ID:\b\src -IR:\src\third-party\libssh2-1.9.0\sources\include -ID:\a\robomongo\Qt\5.15.2\msvc2019_64\include -ID:\a\robomongo\Qt\5.15.2\msvc2019_64\include\QtWidgets -ID:\a\robomongo\Qt\5.15.2\msvc2019_64\include\QtGui -ID:\a\robomongo\Qt\5.15.2\msvc2019_64\include\QtANGLE -ID:\a\robomongo\Qt\5.15.2\msvc2019_64\include\QtCore -ID:\a\robomongo\Qt\5.15.2\msvc2019_64\.\mkspecs\win32-msvc -ID:\a\robomongo\Qt\5.15.2\msvc2019_64\include\QtNetwork -ID:\a\robomongo\Qt\5.15.2\msvc2019_64\include\QtXml -ID:\a\robomongo\Qt\5.15.2\msvc2019_64\include\QtPrintSupport -IS:\src -IS:\src\third_party\abseil-cpp-master\abseil-cpp -IS:\src\third_party\boost-1.70.0 -IS:\src\third_party\fmt\dist\include -IS:\src\third_party\mozjs-60\include -IS:\src\third_party\mozjs-60\mongo_sources -IS:\src\third_party\pcre-8.42 -IS:\src\third_party\SafeInt -IS:\build\opt -IS:\src\third_party\mozjs-60\platform\x86_64\windows\include -I"C:\Program Files\OpenSSL\include" /DWIN32 /D_WINDOWS /W3 /GR /EHsc -D_UNICODE -DUNICODE -DWIN32 -D_WIN32 -D_CRT_SECURE_NO_WARNINGS -DBOOST_ALL_NO_LIB /wd4355 /wd4800 /wd4267 /wd4244 /wd4290 /wd4068 /wd4351 /MP /MD /O2 /Ob2 /DNDEBUG -std:c++17 /wd4477 /wd4291 /showIncludes /Fosrc\robomongo\CMakeFiles\robomongo.dir\gui\dialogs\ConnectionDiagnosticDialog.cpp.obj /Fdsrc\robomongo\CMakeFiles\robomongo.dir\ /FS -c R:\src\robomongo\gui\dialogs\ConnectionDiagnosticDialog.cpp
build-app	Configure and Build Robo 3T	2026-04-14T01:19:06.7587957Z [192/253] C:\PROGRA~1\MICROS~2\2022\ENTERP~1\VC\Tools\MSVC\1416~1.270\bin\HostX64\x64\cl.exe  /nologo /TP -DBOOST_THREAD_DONT_PROVIDE_INTERRUPTIONS -DBOOST_THREAD_DONT_PROVIDE_VARIADIC_THREAD -DBOOST_THREAD_HAS_BUG -DBOOST_THREAD_NO_DEPRECATED -DBOOST_THREAD_VERSION=4 -DBUILDING_ROBO -DBUILD_NUMBER=\"26a32aa\" -DESPRIMA_VERSION=\"2.7.3\" -DGOOGLE_TEST_VERSION=\"1.8.1\" -DLIBSSH2_VERSION=\"1.9.0\" -DMONGO_CONFIG_HAVE_HEADER_UNISTD_H -DMongoDB_VERSION=\"\" -DOPENSSL_VERSION=\"1.1.1u\" -DPCRE_STATIC -DPROJECT_COMPANYNAME="\"3T Software Labs Ltd\"" -DPROJECT_COMPANYNAME_DOMAIN=\"https://studio3t.com/\" -DPROJECT_COPYRIGHT="\"Copyright (C) 2014-2017 3T Software Labs Ltd All Rights Reserved.\"" -DPROJECT_DOMAIN=\"www.robomongo.org\" -DPROJECT_GITHUB_FORK=\"www.github.com/Studio3T/robomongo\" -DPROJECT_GITHUB_ISSUES=\"www.github.com/Studio3T/robomongo/issues\" -DPROJECT_NAME="\"Robo 3T\"" -DPROJECT_NAME_LOWERCASE="\"robo 3t\"" -DPROJECT_NAME_TITLE="\"Robo 3T\"" -DPROJECT_QT_VERSION=\"5.15.2\" -DPROJECT_VERSION=\"1.5.1\" -DPROJECT_VERSION_SHORT=\"1.5\" -DQJSON_STATIC -DQJSON_VERSION=\"0.8.1\" -DQT_CORE_LIB -DQT_GUI_LIB -DQT_NETWORK_LIB -DQT_NO_DEBUG -DQT_PRINTSUPPORT_LIB -DQT_WIDGETS_LIB -DQT_XML_LIB -DSCINTILLA_QT -DSCI_LEXER -D_SILENCE_CXX17_ITERATOR_BASE_CLASS_DEPRECATION_WARNING -D_SILENCE_CXX17_OLD_ALLOCATOR_MEMBERS_DEPRECATION_WARNING -ID:\b\src\robomongo\robomongo_autogen\include -IR:\src -IR:\src\third-party\qjson-0.8.1\sources\src -IR:\src\third-party\qscintilla-2.8.4\sources\Qt4Qt5 -IR:\src\third-party\qscintilla-2.8.4\sources\include -IR:\src\third-party\qscintilla-2.8.4\sources\lexlib -IR:\src\third-party\qscintilla-2.8.4\sources\src -ID:\b\src -IR:\src\third-party\libssh2-1.9.0\sources\include -ID:\a\robomongo\Qt\5.15.2\msvc2019_64\include -ID:\a\robomongo\Qt\5.15.2\msvc2019_64\include\QtWidgets -ID:\a\robomongo\Qt\5.15.2\msvc2019_64\include\QtGui -ID:\a\robomongo\Qt\5.15.2\msvc2019_64\include\QtANGLE -ID:\a\robomongo\Qt\5.15.2\msvc2019_64\include\QtCore -ID:\a\robomongo\Qt\5.15.2\msvc2019_64\.\mkspecs\win32-msvc -ID:\a\robomongo\Qt\5.15.2\msvc2019_64\include\QtNetwork -ID:\a\robomongo\Qt\5.15.2\msvc2019_64\include\QtXml -ID:\a\robomongo\Qt\5.15.2\msvc2019_64\include\QtPrintSupport -IS:\src -IS:\src\third_party\abseil-cpp-master\abseil-cpp -IS:\src\third_party\boost-1.70.0 -IS:\src\third_party\fmt\dist\include -IS:\src\third_party\mozjs-60\include -IS:\src\third_party\mozjs-60\mongo_sources -IS:\src\third_party\pcre-8.42 -IS:\src\third_party\SafeInt -IS:\build\opt -IS:\src\third_party\mozjs-60\platform\x86_64\windows\include -I"C:\Program Files\OpenSSL\include" /DWIN32 /D_WINDOWS /W3 /GR /EHsc -D_UNICODE -DUNICODE -DWIN32 -D_WIN32 -D_CRT_SECURE_NO_WARNINGS -DBOOST_ALL_NO_LIB /wd4355 /wd4800 /wd4267 /wd4244 /wd4290 /wd4068 /wd4351 /MP /MD /O2 /Ob2 /DNDEBUG -std:c++17 /wd4477 /wd4291 /showIncludes /Fosrc\robomongo\CMakeFiles\robomongo.dir\gui\dialogs\CreateDatabaseDialog.cpp.obj /Fdsrc\robomongo\CMakeFiles\robomongo.dir\ /FS -c R:\src\robomongo\gui\dialogs\CreateDatabaseDialog.cpp
build-app	Configure and Build Robo 3T	2026-04-14T01:19:07.2526523Z [193/253] C:\PROGRA~1\MICROS~2\2022\ENTERP~1\VC\Tools\MSVC\1416~1.270\bin\HostX64\x64\cl.exe  /nologo /TP -DBOOST_THREAD_DONT_PROVIDE_INTERRUPTIONS -DBOOST_THREAD_DONT_PROVIDE_VARIADIC_THREAD -DBOOST_THREAD_HAS_BUG -DBOOST_THREAD_NO_DEPRECATED -DBOOST_THREAD_VERSION=4 -DBUILDING_ROBO -DBUILD_NUMBER=\"26a32aa\" -DESPRIMA_VERSION=\"2.7.3\" -DGOOGLE_TEST_VERSION=\"1.8.1\" -DLIBSSH2_VERSION=\"1.9.0\" -DMONGO_CONFIG_HAVE_HEADER_UNISTD_H -DMongoDB_VERSION=\"\" -DOPENSSL_VERSION=\"1.1.1u\" -DPCRE_STATIC -DPROJECT_COMPANYNAME="\"3T Software Labs Ltd\"" -DPROJECT_COMPANYNAME_DOMAIN=\"https://studio3t.com/\" -DPROJECT_COPYRIGHT="\"Copyright (C) 2014-2017 3T Software Labs Ltd All Rights Reserved.\"" -DPROJECT_DOMAIN=\"www.robomongo.org\" -DPROJECT_GITHUB_FORK=\"www.github.com/Studio3T/robomongo\" -DPROJECT_GITHUB_ISSUES=\"www.github.com/Studio3T/robomongo/issues\" -DPROJECT_NAME="\"Robo 3T\"" -DPROJECT_NAME_LOWERCASE="\"robo 3t\"" -DPROJECT_NAME_TITLE="\"Robo 3T\"" -DPROJECT_QT_VERSION=\"5.15.2\" -DPROJECT_VERSION=\"1.5.1\" -DPROJECT_VERSION_SHORT=\"1.5\" -DQJSON_STATIC -DQJSON_VERSION=\"0.8.1\" -DQT_CORE_LIB -DQT_GUI_LIB -DQT_NETWORK_LIB -DQT_NO_DEBUG -DQT_PRINTSUPPORT_LIB -DQT_WIDGETS_LIB -DQT_XML_LIB -DSCINTILLA_QT -DSCI_LEXER -D_SILENCE_CXX17_ITERATOR_BASE_CLASS_DEPRECATION_WARNING -D_SILENCE_CXX17_OLD_ALLOCATOR_MEMBERS_DEPRECATION_WARNING -ID:\b\src\robomongo\robomongo_autogen\include -IR:\src -IR:\src\third-party\qjson-0.8.1\sources\src -IR:\src\third-party\qscintilla-2.8.4\sources\Qt4Qt5 -IR:\src\third-party\qscintilla-2.8.4\sources\include -IR:\src\third-party\qscintilla-2.8.4\sources\lexlib -IR:\src\third-party\qscintilla-2.8.4\sources\src -ID:\b\src -IR:\src\third-party\libssh2-1.9.0\sources\include -ID:\a\robomongo\Qt\5.15.2\msvc2019_64\include -ID:\a\robomongo\Qt\5.15.2\msvc2019_64\include\QtWidgets -ID:\a\robomongo\Qt\5.15.2\msvc2019_64\include\QtGui -ID:\a\robomongo\Qt\5.15.2\msvc2019_64\include\QtANGLE -ID:\a\robomongo\Qt\5.15.2\msvc2019_64\include\QtCore -ID:\a\robomongo\Qt\5.15.2\msvc2019_64\.\mkspecs\win32-msvc -ID:\a\robomongo\Qt\5.15.2\msvc2019_64\include\QtNetwork -ID:\a\robomongo\Qt\5.15.2\msvc2019_64\include\QtXml -ID:\a\robomongo\Qt\5.15.2\msvc2019_64\include\QtPrintSupport -IS:\src -IS:\src\third_party\abseil-cpp-master\abseil-cpp -IS:\src\third_party\boost-1.70.0 -IS:\src\third_party\fmt\dist\include -IS:\src\third_party\mozjs-60\include -IS:\src\third_party\mozjs-60\mongo_sources -IS:\src\third_party\pcre-8.42 -IS:\src\third_party\SafeInt -IS:\build\opt -IS:\src\third_party\mozjs-60\platform\x86_64\windows\include -I"C:\Program Files\OpenSSL\include" /DWIN32 /D_WINDOWS /W3 /GR /EHsc -D_UNICODE -DUNICODE -DWIN32 -D_WIN32 -D_CRT_SECURE_NO_WARNINGS -DBOOST_ALL_NO_LIB /wd4355 /wd4800 /wd4267 /wd4244 /wd4290 /wd4068 /wd4351 /MP /MD /O2 /Ob2 /DNDEBUG -std:c++17 /wd4477 /wd4291 /showIncludes /Fosrc\robomongo\CMakeFiles\robomongo.dir\gui\utils\DialogUtils.cpp.obj /Fdsrc\robomongo\CMakeFiles\robomongo.dir\ /FS -c R:\src\robomongo\gui\utils\DialogUtils.cpp
build-app	Configure and Build Robo 3T	2026-04-14T01:19:07.4983520Z [194/253] C:\PROGRA~1\MICROS~2\2022\ENTERP~1\VC\Tools\MSVC\1416~1.270\bin\HostX64\x64\cl.exe  /nologo /TP -DBOOST_THREAD_DONT_PROVIDE_INTERRUPTIONS -DBOOST_THREAD_DONT_PROVIDE_VARIADIC_THREAD -DBOOST_THREAD_HAS_BUG -DBOOST_THREAD_NO_DEPRECATED -DBOOST_THREAD_VERSION=4 -DBUILDING_ROBO -DBUILD_NUMBER=\"26a32aa\" -DESPRIMA_VERSION=\"2.7.3\" -DGOOGLE_TEST_VERSION=\"1.8.1\" -DLIBSSH2_VERSION=\"1.9.0\" -DMONGO_CONFIG_HAVE_HEADER_UNISTD_H -DMongoDB_VERSION=\"\" -DOPENSSL_VERSION=\"1.1.1u\" -DPCRE_STATIC -DPROJECT_COMPANYNAME="\"3T Software Labs Ltd\"" -DPROJECT_COMPANYNAME_DOMAIN=\"https://studio3t.com/\" -DPROJECT_COPYRIGHT="\"Copyright (C) 2014-2017 3T Software Labs Ltd All Rights Reserved.\"" -DPROJECT_DOMAIN=\"www.robomongo.org\" -DPROJECT_GITHUB_FORK=\"www.github.com/Studio3T/robomongo\" -DPROJECT_GITHUB_ISSUES=\"www.github.com/Studio3T/robomongo/issues\" -DPROJECT_NAME="\"Robo 3T\"" -DPROJECT_NAME_LOWERCASE="\"robo 3t\"" -DPROJECT_NAME_TITLE="\"Robo 3T\"" -DPROJECT_QT_VERSION=\"5.15.2\" -DPROJECT_VERSION=\"1.5.1\" -DPROJECT_VERSION_SHORT=\"1.5\" -DQJSON_STATIC -DQJSON_VERSION=\"0.8.1\" -DQT_CORE_LIB -DQT_GUI_LIB -DQT_NETWORK_LIB -DQT_NO_DEBUG -DQT_PRINTSUPPORT_LIB -DQT_WIDGETS_LIB -DQT_XML_LIB -DSCINTILLA_QT -DSCI_LEXER -D_SILENCE_CXX17_ITERATOR_BASE_CLASS_DEPRECATION_WARNING -D_SILENCE_CXX17_OLD_ALLOCATOR_MEMBERS_DEPRECATION_WARNING -ID:\b\src\robomongo\robomongo_autogen\include -IR:\src -IR:\src\third-party\qjson-0.8.1\sources\src -IR:\src\third-party\qscintilla-2.8.4\sources\Qt4Qt5 -IR:\src\third-party\qscintilla-2.8.4\sources\include -IR:\src\third-party\qscintilla-2.8.4\sources\lexlib -IR:\src\third-party\qscintilla-2.8.4\sources\src -ID:\b\src -IR:\src\third-party\libssh2-1.9.0\sources\include -ID:\a\robomongo\Qt\5.15.2\msvc2019_64\include -ID:\a\robomongo\Qt\5.15.2\msvc2019_64\include\QtWidgets -ID:\a\robomongo\Qt\5.15.2\msvc2019_64\include\QtGui -ID:\a\robomongo\Qt\5.15.2\msvc2019_64\include\QtANGLE -ID:\a\robomongo\Qt\5.15.2\msvc2019_64\include\QtCore -ID:\a\robomongo\Qt\5.15.2\msvc2019_64\.\mkspecs\win32-msvc -ID:\a\robomongo\Qt\5.15.2\msvc2019_64\include\QtNetwork -ID:\a\robomongo\Qt\5.15.2\msvc2019_64\include\QtXml -ID:\a\robomongo\Qt\5.15.2\msvc2019_64\include\QtPrintSupport -IS:\src -IS:\src\third_party\abseil-cpp-master\abseil-cpp -IS:\src\third_party\boost-1.70.0 -IS:\src\third_party\fmt\dist\include -IS:\src\third_party\mozjs-60\include -IS:\src\third_party\mozjs-60\mongo_sources -IS:\src\third_party\pcre-8.42 -IS:\src\third_party\SafeInt -IS:\build\opt -IS:\src\third_party\mozjs-60\platform\x86_64\windows\include -I"C:\Program Files\OpenSSL\include" /DWIN32 /D_WINDOWS /W3 /GR /EHsc -D_UNICODE -DUNICODE -DWIN32 -D_WIN32 -D_CRT_SECURE_NO_WARNINGS -DBOOST_ALL_NO_LIB /wd4355 /wd4800 /wd4267 /wd4244 /wd4290 /wd4068 /wd4351 /MP /MD /O2 /Ob2 /DNDEBUG -std:c++17 /wd4477 /wd4291 /showIncludes /Fosrc\robomongo\CMakeFiles\robomongo.dir\gui\utils\ComboBoxUtils.cpp.obj /Fdsrc\robomongo\CMakeFiles\robomongo.dir\ /FS -c R:\src\robomongo\gui\utils\ComboBoxUtils.cpp
build-app	Configure and Build Robo 3T	2026-04-14T01:19:09.6363662Z [195/253] C:\PROGRA~1\MICROS~2\2022\ENTERP~1\VC\Tools\MSVC\1416~1.270\bin\HostX64\x64\cl.exe  /nologo /TP -DBOOST_THREAD_DONT_PROVIDE_INTERRUPTIONS -DBOOST_THREAD_DONT_PROVIDE_VARIADIC_THREAD -DBOOST_THREAD_HAS_BUG -DBOOST_THREAD_NO_DEPRECATED -DBOOST_THREAD_VERSION=4 -DBUILDING_ROBO -DBUILD_NUMBER=\"26a32aa\" -DESPRIMA_VERSION=\"2.7.3\" -DGOOGLE_TEST_VERSION=\"1.8.1\" -DLIBSSH2_VERSION=\"1.9.0\" -DMONGO_CONFIG_HAVE_HEADER_UNISTD_H -DMongoDB_VERSION=\"\" -DOPENSSL_VERSION=\"1.1.1u\" -DPCRE_STATIC -DPROJECT_COMPANYNAME="\"3T Software Labs Ltd\"" -DPROJECT_COMPANYNAME_DOMAIN=\"https://studio3t.com/\" -DPROJECT_COPYRIGHT="\"Copyright (C) 2014-2017 3T Software Labs Ltd All Rights Reserved.\"" -DPROJECT_DOMAIN=\"www.robomongo.org\" -DPROJECT_GITHUB_FORK=\"www.github.com/Studio3T/robomongo\" -DPROJECT_GITHUB_ISSUES=\"www.github.com/Studio3T/robomongo/issues\" -DPROJECT_NAME="\"Robo 3T\"" -DPROJECT_NAME_LOWERCASE="\"robo 3t\"" -DPROJECT_NAME_TITLE="\"Robo 3T\"" -DPROJECT_QT_VERSION=\"5.15.2\" -DPROJECT_VERSION=\"1.5.1\" -DPROJECT_VERSION_SHORT=\"1.5\" -DQJSON_STATIC -DQJSON_VERSION=\"0.8.1\" -DQT_CORE_LIB -DQT_GUI_LIB -DQT_NETWORK_LIB -DQT_NO_DEBUG -DQT_PRINTSUPPORT_LIB -DQT_WIDGETS_LIB -DQT_XML_LIB -DSCINTILLA_QT -DSCI_LEXER -D_SILENCE_CXX17_ITERATOR_BASE_CLASS_DEPRECATION_WARNING -D_SILENCE_CXX17_OLD_ALLOCATOR_MEMBERS_DEPRECATION_WARNING -ID:\b\src\robomongo\robomongo_autogen\include -IR:\src -IR:\src\third-party\qjson-0.8.1\sources\src -IR:\src\third-party\qscintilla-2.8.4\sources\Qt4Qt5 -IR:\src\third-party\qscintilla-2.8.4\sources\include -IR:\src\third-party\qscintilla-2.8.4\sources\lexlib -IR:\src\third-party\qscintilla-2.8.4\sources\src -ID:\b\src -IR:\src\third-party\libssh2-1.9.0\sources\include -ID:\a\robomongo\Qt\5.15.2\msvc2019_64\include -ID:\a\robomongo\Qt\5.15.2\msvc2019_64\include\QtWidgets -ID:\a\robomongo\Qt\5.15.2\msvc2019_64\include\QtGui -ID:\a\robomongo\Qt\5.15.2\msvc2019_64\include\QtANGLE -ID:\a\robomongo\Qt\5.15.2\msvc2019_64\include\QtCore -ID:\a\robomongo\Qt\5.15.2\msvc2019_64\.\mkspecs\win32-msvc -ID:\a\robomongo\Qt\5.15.2\msvc2019_64\include\QtNetwork -ID:\a\robomongo\Qt\5.15.2\msvc2019_64\include\QtXml -ID:\a\robomongo\Qt\5.15.2\msvc2019_64\include\QtPrintSupport -IS:\src -IS:\src\third_party\abseil-cpp-master\abseil-cpp -IS:\src\third_party\boost-1.70.0 -IS:\src\third_party\fmt\dist\include -IS:\src\third_party\mozjs-60\include -IS:\src\third_party\mozjs-60\mongo_sources -IS:\src\third_party\pcre-8.42 -IS:\src\third_party\SafeInt -IS:\build\opt -IS:\src\third_party\mozjs-60\platform\x86_64\windows\include -I"C:\Program Files\OpenSSL\include" /DWIN32 /D_WINDOWS /W3 /GR /EHsc -D_UNICODE -DUNICODE -DWIN32 -D_WIN32 -D_CRT_SECURE_NO_WARNINGS -DBOOST_ALL_NO_LIB /wd4355 /wd4800 /wd4267 /wd4244 /wd4290 /wd4068 /wd4351 /MP /MD /O2 /Ob2 /DNDEBUG -std:c++17 /wd4477 /wd4291 /showIncludes /Fosrc\robomongo\CMakeFiles\robomongo.dir\gui\dialogs\CreateUserDialog.cpp.obj /Fdsrc\robomongo\CMakeFiles\robomongo.dir\ /FS -c R:\src\robomongo\gui\dialogs\CreateUserDialog.cpp
build-app	Configure and Build Robo 3T	2026-04-14T01:19:11.1424276Z [196/253] C:\PROGRA~1\MICROS~2\2022\ENTERP~1\VC\Tools\MSVC\1416~1.270\bin\HostX64\x64\cl.exe  /nologo /TP -DBOOST_THREAD_DONT_PROVIDE_INTERRUPTIONS -DBOOST_THREAD_DONT_PROVIDE_VARIADIC_THREAD -DBOOST_THREAD_HAS_BUG -DBOOST_THREAD_NO_DEPRECATED -DBOOST_THREAD_VERSION=4 -DBUILDING_ROBO -DBUILD_NUMBER=\"26a32aa\" -DESPRIMA_VERSION=\"2.7.3\" -DGOOGLE_TEST_VERSION=\"1.8.1\" -DLIBSSH2_VERSION=\"1.9.0\" -DMONGO_CONFIG_HAVE_HEADER_UNISTD_H -DMongoDB_VERSION=\"\" -DOPENSSL_VERSION=\"1.1.1u\" -DPCRE_STATIC -DPROJECT_COMPANYNAME="\"3T Software Labs Ltd\"" -DPROJECT_COMPANYNAME_DOMAIN=\"https://studio3t.com/\" -DPROJECT_COPYRIGHT="\"Copyright (C) 2014-2017 3T Software Labs Ltd All Rights Reserved.\"" -DPROJECT_DOMAIN=\"www.robomongo.org\" -DPROJECT_GITHUB_FORK=\"www.github.com/Studio3T/robomongo\" -DPROJECT_GITHUB_ISSUES=\"www.github.com/Studio3T/robomongo/issues\" -DPROJECT_NAME="\"Robo 3T\"" -DPROJECT_NAME_LOWERCASE="\"robo 3t\"" -DPROJECT_NAME_TITLE="\"Robo 3T\"" -DPROJECT_QT_VERSION=\"5.15.2\" -DPROJECT_VERSION=\"1.5.1\" -DPROJECT_VERSION_SHORT=\"1.5\" -DQJSON_STATIC -DQJSON_VERSION=\"0.8.1\" -DQT_CORE_LIB -DQT_GUI_LIB -DQT_NETWORK_LIB -DQT_NO_DEBUG -DQT_PRINTSUPPORT_LIB -DQT_WIDGETS_LIB -DQT_XML_LIB -DSCINTILLA_QT -DSCI_LEXER -D_SILENCE_CXX17_ITERATOR_BASE_CLASS_DEPRECATION_WARNING -D_SILENCE_CXX17_OLD_ALLOCATOR_MEMBERS_DEPRECATION_WARNING -ID:\b\src\robomongo\robomongo_autogen\include -IR:\src -IR:\src\third-party\qjson-0.8.1\sources\src -IR:\src\third-party\qscintilla-2.8.4\sources\Qt4Qt5 -IR:\src\third-party\qscintilla-2.8.4\sources\include -IR:\src\third-party\qscintilla-2.8.4\sources\lexlib -IR:\src\third-party\qscintilla-2.8.4\sources\src -ID:\b\src -IR:\src\third-party\libssh2-1.9.0\sources\include -ID:\a\robomongo\Qt\5.15.2\msvc2019_64\include -ID:\a\robomongo\Qt\5.15.2\msvc2019_64\include\QtWidgets -ID:\a\robomongo\Qt\5.15.2\msvc2019_64\include\QtGui -ID:\a\robomongo\Qt\5.15.2\msvc2019_64\include\QtANGLE -ID:\a\robomongo\Qt\5.15.2\msvc2019_64\include\QtCore -ID:\a\robomongo\Qt\5.15.2\msvc2019_64\.\mkspecs\win32-msvc -ID:\a\robomongo\Qt\5.15.2\msvc2019_64\include\QtNetwork -ID:\a\robomongo\Qt\5.15.2\msvc2019_64\include\QtXml -ID:\a\robomongo\Qt\5.15.2\msvc2019_64\include\QtPrintSupport -IS:\src -IS:\src\third_party\abseil-cpp-master\abseil-cpp -IS:\src\third_party\boost-1.70.0 -IS:\src\third_party\fmt\dist\include -IS:\src\third_party\mozjs-60\include -IS:\src\third_party\mozjs-60\mongo_sources -IS:\src\third_party\pcre-8.42 -IS:\src\third_party\SafeInt -IS:\build\opt -IS:\src\third_party\mozjs-60\platform\x86_64\windows\include -I"C:\Program Files\OpenSSL\include" /DWIN32 /D_WINDOWS /W3 /GR /EHsc -D_UNICODE -DUNICODE -DWIN32 -D_WIN32 -D_CRT_SECURE_NO_WARNINGS -DBOOST_ALL_NO_LIB /wd4355 /wd4800 /wd4267 /wd4244 /wd4290 /wd4068 /wd4351 /MP /MD /O2 /Ob2 /DNDEBUG -std:c++17 /wd4477 /wd4291 /showIncludes /Fosrc\robomongo\CMakeFiles\robomongo.dir\gui\dialogs\CopyCollectionDialog.cpp.obj /Fdsrc\robomongo\CMakeFiles\robomongo.dir\ /FS -c R:\src\robomongo\gui\dialogs\CopyCollectionDialog.cpp
build-app	Configure and Build Robo 3T	2026-04-14T01:19:11.1471974Z R:\src\robomongo\gui\dialogs\CopyCollectionDialog.cpp(87): warning C4996: 'QSet<T>::toList': Use values() instead.
build-app	Configure and Build Robo 3T	2026-04-14T01:19:11.1522115Z         with
build-app	Configure and Build Robo 3T	2026-04-14T01:19:11.1585339Z         [
build-app	Configure and Build Robo 3T	2026-04-14T01:19:11.1617218Z             T=QString
build-app	Configure and Build Robo 3T	2026-04-14T01:19:11.1674019Z         ]
build-app	Configure and Build Robo 3T	2026-04-14T01:19:11.1857423Z D:\a\robomongo\Qt\5.15.2\msvc2019_64\include\QtCore/qset.h(265): note: see declaration of 'QSet<T>::toList'
build-app	Configure and Build Robo 3T	2026-04-14T01:19:11.1918829Z         with
build-app	Configure and Build Robo 3T	2026-04-14T01:19:11.2205162Z         [
build-app	Configure and Build Robo 3T	2026-04-14T01:19:11.2266572Z             T=QString
build-app	Configure and Build Robo 3T	2026-04-14T01:19:11.2267353Z         ]
build-app	Configure and Build Robo 3T	2026-04-14T01:19:11.2287820Z [197/253] C:\PROGRA~1\MICROS~2\2022\ENTERP~1\VC\Tools\MSVC\1416~1.270\bin\HostX64\x64\cl.exe  /nologo /TP -DBOOST_THREAD_DONT_PROVIDE_INTERRUPTIONS -DBOOST_THREAD_DONT_PROVIDE_VARIADIC_THREAD -DBOOST_THREAD_HAS_BUG -DBOOST_THREAD_NO_DEPRECATED -DBOOST_THREAD_VERSION=4 -DBUILDING_ROBO -DBUILD_NUMBER=\"26a32aa\" -DESPRIMA_VERSION=\"2.7.3\" -DGOOGLE_TEST_VERSION=\"1.8.1\" -DLIBSSH2_VERSION=\"1.9.0\" -DMONGO_CONFIG_HAVE_HEADER_UNISTD_H -DMongoDB_VERSION=\"\" -DOPENSSL_VERSION=\"1.1.1u\" -DPCRE_STATIC -DPROJECT_COMPANYNAME="\"3T Software Labs Ltd\"" -DPROJECT_COMPANYNAME_DOMAIN=\"https://studio3t.com/\" -DPROJECT_COPYRIGHT="\"Copyright (C) 2014-2017 3T Software Labs Ltd All Rights Reserved.\"" -DPROJECT_DOMAIN=\"www.robomongo.org\" -DPROJECT_GITHUB_FORK=\"www.github.com/Studio3T/robomongo\" -DPROJECT_GITHUB_ISSUES=\"www.github.com/Studio3T/robomongo/issues\" -DPROJECT_NAME="\"Robo 3T\"" -DPROJECT_NAME_LOWERCASE="\"robo 3t\"" -DPROJECT_NAME_TITLE="\"Robo 3T\"" -DPROJECT_QT_VERSION=\"5.15.2\" -DPROJECT_VERSION=\"1.5.1\" -DPROJECT_VERSION_SHORT=\"1.5\" -DQJSON_STATIC -DQJSON_VERSION=\"0.8.1\" -DQT_CORE_LIB -DQT_GUI_LIB -DQT_NETWORK_LIB -DQT_NO_DEBUG -DQT_PRINTSUPPORT_LIB -DQT_WIDGETS_LIB -DQT_XML_LIB -DSCINTILLA_QT -DSCI_LEXER -D_SILENCE_CXX17_ITERATOR_BASE_CLASS_DEPRECATION_WARNING -D_SILENCE_CXX17_OLD_ALLOCATOR_MEMBERS_DEPRECATION_WARNING -ID:\b\src\robomongo\robomongo_autogen\include -IR:\src -IR:\src\third-party\qjson-0.8.1\sources\src -IR:\src\third-party\qscintilla-2.8.4\sources\Qt4Qt5 -IR:\src\third-party\qscintilla-2.8.4\sources\include -IR:\src\third-party\qscintilla-2.8.4\sources\lexlib -IR:\src\third-party\qscintilla-2.8.4\sources\src -ID:\b\src -IR:\src\third-party\libssh2-1.9.0\sources\include -ID:\a\robomongo\Qt\5.15.2\msvc2019_64\include -ID:\a\robomongo\Qt\5.15.2\msvc2019_64\include\QtWidgets -ID:\a\robomongo\Qt\5.15.2\msvc2019_64\include\QtGui -ID:\a\robomongo\Qt\5.15.2\msvc2019_64\include\QtANGLE -ID:\a\robomongo\Qt\5.15.2\msvc2019_64\include\QtCore -ID:\a\robomongo\Qt\5.15.2\msvc2019_64\.\mkspecs\win32-msvc -ID:\a\robomongo\Qt\5.15.2\msvc2019_64\include\QtNetwork -ID:\a\robomongo\Qt\5.15.2\msvc2019_64\include\QtXml -ID:\a\robomongo\Qt\5.15.2\msvc2019_64\include\QtPrintSupport -IS:\src -IS:\src\third_party\abseil-cpp-master\abseil-cpp -IS:\src\third_party\boost-1.70.0 -IS:\src\third_party\fmt\dist\include -IS:\src\third_party\mozjs-60\include -IS:\src\third_party\mozjs-60\mongo_sources -IS:\src\third_party\pcre-8.42 -IS:\src\third_party\SafeInt -IS:\build\opt -IS:\src\third_party\mozjs-60\platform\x86_64\windows\include -I"C:\Program Files\OpenSSL\include" /DWIN32 /D_WINDOWS /W3 /GR /EHsc -D_UNICODE -DUNICODE -DWIN32 -D_WIN32 -D_CRT_SECURE_NO_WARNINGS -DBOOST_ALL_NO_LIB /wd4355 /wd4800 /wd4267 /wd4244 /wd4290 /wd4068 /wd4351 /MP /MD /O2 /Ob2 /DNDEBUG -std:c++17 /wd4477 /wd4291 /showIncludes /Fosrc\robomongo\CMakeFiles\robomongo.dir\gui\dialogs\PreferencesDialog.cpp.obj /Fdsrc\robomongo\CMakeFiles\robomongo.dir\ /FS -c R:\src\robomongo\gui\dialogs\PreferencesDialog.cpp
build-app	Configure and Build Robo 3T	2026-04-14T01:19:13.9053587Z [198/253] C:\PROGRA~1\MICROS~2\2022\ENTERP~1\VC\Tools\MSVC\1416~1.270\bin\HostX64\x64\cl.exe  /nologo /TP -DBOOST_THREAD_DONT_PROVIDE_INTERRUPTIONS -DBOOST_THREAD_DONT_PROVIDE_VARIADIC_THREAD -DBOOST_THREAD_HAS_BUG -DBOOST_THREAD_NO_DEPRECATED -DBOOST_THREAD_VERSION=4 -DBUILDING_ROBO -DBUILD_NUMBER=\"26a32aa\" -DESPRIMA_VERSION=\"2.7.3\" -DGOOGLE_TEST_VERSION=\"1.8.1\" -DLIBSSH2_VERSION=\"1.9.0\" -DMONGO_CONFIG_HAVE_HEADER_UNISTD_H -DMongoDB_VERSION=\"\" -DOPENSSL_VERSION=\"1.1.1u\" -DPCRE_STATIC -DPROJECT_COMPANYNAME="\"3T Software Labs Ltd\"" -DPROJECT_COMPANYNAME_DOMAIN=\"https://studio3t.com/\" -DPROJECT_COPYRIGHT="\"Copyright (C) 2014-2017 3T Software Labs Ltd All Rights Reserved.\"" -DPROJECT_DOMAIN=\"www.robomongo.org\" -DPROJECT_GITHUB_FORK=\"www.github.com/Studio3T/robomongo\" -DPROJECT_GITHUB_ISSUES=\"www.github.com/Studio3T/robomongo/issues\" -DPROJECT_NAME="\"Robo 3T\"" -DPROJECT_NAME_LOWERCASE="\"robo 3t\"" -DPROJECT_NAME_TITLE="\"Robo 3T\"" -DPROJECT_QT_VERSION=\"5.15.2\" -DPROJECT_VERSION=\"1.5.1\" -DPROJECT_VERSION_SHORT=\"1.5\" -DQJSON_STATIC -DQJSON_VERSION=\"0.8.1\" -DQT_CORE_LIB -DQT_GUI_LIB -DQT_NETWORK_LIB -DQT_NO_DEBUG -DQT_PRINTSUPPORT_LIB -DQT_WIDGETS_LIB -DQT_XML_LIB -DSCINTILLA_QT -DSCI_LEXER -D_SILENCE_CXX17_ITERATOR_BASE_CLASS_DEPRECATION_WARNING -D_SILENCE_CXX17_OLD_ALLOCATOR_MEMBERS_DEPRECATION_WARNING -ID:\b\src\robomongo\robomongo_autogen\include -IR:\src -IR:\src\third-party\qjson-0.8.1\sources\src -IR:\src\third-party\qscintilla-2.8.4\sources\Qt4Qt5 -IR:\src\third-party\qscintilla-2.8.4\sources\include -IR:\src\third-party\qscintilla-2.8.4\sources\lexlib -IR:\src\third-party\qscintilla-2.8.4\sources\src -ID:\b\src -IR:\src\third-party\libssh2-1.9.0\sources\include -ID:\a\robomongo\Qt\5.15.2\msvc2019_64\include -ID:\a\robomongo\Qt\5.15.2\msvc2019_64\include\QtWidgets -ID:\a\robomongo\Qt\5.15.2\msvc2019_64\include\QtGui -ID:\a\robomongo\Qt\5.15.2\msvc2019_64\include\QtANGLE -ID:\a\robomongo\Qt\5.15.2\msvc2019_64\include\QtCore -ID:\a\robomongo\Qt\5.15.2\msvc2019_64\.\mkspecs\win32-msvc -ID:\a\robomongo\Qt\5.15.2\msvc2019_64\include\QtNetwork -ID:\a\robomongo\Qt\5.15.2\msvc2019_64\include\QtXml -ID:\a\robomongo\Qt\5.15.2\msvc2019_64\include\QtPrintSupport -IS:\src -IS:\src\third_party\abseil-cpp-master\abseil-cpp -IS:\src\third_party\boost-1.70.0 -IS:\src\third_party\fmt\dist\include -IS:\src\third_party\mozjs-60\include -IS:\src\third_party\mozjs-60\mongo_sources -IS:\src\third_party\pcre-8.42 -IS:\src\third_party\SafeInt -IS:\build\opt -IS:\src\third_party\mozjs-60\platform\x86_64\windows\include -I"C:\Program Files\OpenSSL\include" /DWIN32 /D_WINDOWS /W3 /GR /EHsc -D_UNICODE -DUNICODE -DWIN32 -D_WIN32 -D_CRT_SECURE_NO_WARNINGS -DBOOST_ALL_NO_LIB /wd4355 /wd4800 /wd4267 /wd4244 /wd4290 /wd4068 /wd4351 /MP /MD /O2 /Ob2 /DNDEBUG -std:c++17 /wd4477 /wd4291 /showIncludes /Fosrc\robomongo\CMakeFiles\robomongo.dir\gui\dialogs\CreateCollectionDialog.cpp.obj /Fdsrc\robomongo\CMakeFiles\robomongo.dir\ /FS -c R:\src\robomongo\gui\dialogs\CreateCollectionDialog.cpp
build-app	Configure and Build Robo 3T	2026-04-14T01:19:14.6668918Z [199/253] C:\PROGRA~1\MICROS~2\2022\ENTERP~1\VC\Tools\MSVC\1416~1.270\bin\HostX64\x64\cl.exe  /nologo /TP -DBOOST_THREAD_DONT_PROVIDE_INTERRUPTIONS -DBOOST_THREAD_DONT_PROVIDE_VARIADIC_THREAD -DBOOST_THREAD_HAS_BUG -DBOOST_THREAD_NO_DEPRECATED -DBOOST_THREAD_VERSION=4 -DBUILDING_ROBO -DBUILD_NUMBER=\"26a32aa\" -DESPRIMA_VERSION=\"2.7.3\" -DGOOGLE_TEST_VERSION=\"1.8.1\" -DLIBSSH2_VERSION=\"1.9.0\" -DMONGO_CONFIG_HAVE_HEADER_UNISTD_H -DMongoDB_VERSION=\"\" -DOPENSSL_VERSION=\"1.1.1u\" -DPCRE_STATIC -DPROJECT_COMPANYNAME="\"3T Software Labs Ltd\"" -DPROJECT_COMPANYNAME_DOMAIN=\"https://studio3t.com/\" -DPROJECT_COPYRIGHT="\"Copyright (C) 2014-2017 3T Software Labs Ltd All Rights Reserved.\"" -DPROJECT_DOMAIN=\"www.robomongo.org\" -DPROJECT_GITHUB_FORK=\"www.github.com/Studio3T/robomongo\" -DPROJECT_GITHUB_ISSUES=\"www.github.com/Studio3T/robomongo/issues\" -DPROJECT_NAME="\"Robo 3T\"" -DPROJECT_NAME_LOWERCASE="\"robo 3t\"" -DPROJECT_NAME_TITLE="\"Robo 3T\"" -DPROJECT_QT_VERSION=\"5.15.2\" -DPROJECT_VERSION=\"1.5.1\" -DPROJECT_VERSION_SHORT=\"1.5\" -DQJSON_STATIC -DQJSON_VERSION=\"0.8.1\" -DQT_CORE_LIB -DQT_GUI_LIB -DQT_NETWORK_LIB -DQT_NO_DEBUG -DQT_PRINTSUPPORT_LIB -DQT_WIDGETS_LIB -DQT_XML_LIB -DSCINTILLA_QT -DSCI_LEXER -D_SILENCE_CXX17_ITERATOR_BASE_CLASS_DEPRECATION_WARNING -D_SILENCE_CXX17_OLD_ALLOCATOR_MEMBERS_DEPRECATION_WARNING -ID:\b\src\robomongo\robomongo_autogen\include -IR:\src -IR:\src\third-party\qjson-0.8.1\sources\src -IR:\src\third-party\qscintilla-2.8.4\sources\Qt4Qt5 -IR:\src\third-party\qscintilla-2.8.4\sources\include -IR:\src\third-party\qscintilla-2.8.4\sources\lexlib -IR:\src\third-party\qscintilla-2.8.4\sources\src -ID:\b\src -IR:\src\third-party\libssh2-1.9.0\sources\include -ID:\a\robomongo\Qt\5.15.2\msvc2019_64\include -ID:\a\robomongo\Qt\5.15.2\msvc2019_64\include\QtWidgets -ID:\a\robomongo\Qt\5.15.2\msvc2019_64\include\QtGui -ID:\a\robomongo\Qt\5.15.2\msvc2019_64\include\QtANGLE -ID:\a\robomongo\Qt\5.15.2\msvc2019_64\include\QtCore -ID:\a\robomongo\Qt\5.15.2\msvc2019_64\.\mkspecs\win32-msvc -ID:\a\robomongo\Qt\5.15.2\msvc2019_64\include\QtNetwork -ID:\a\robomongo\Qt\5.15.2\msvc2019_64\include\QtXml -ID:\a\robomongo\Qt\5.15.2\msvc2019_64\include\QtPrintSupport -IS:\src -IS:\src\third_party\abseil-cpp-master\abseil-cpp -IS:\src\third_party\boost-1.70.0 -IS:\src\third_party\fmt\dist\include -IS:\src\third_party\mozjs-60\include -IS:\src\third_party\mozjs-60\mongo_sources -IS:\src\third_party\pcre-8.42 -IS:\src\third_party\SafeInt -IS:\build\opt -IS:\src\third_party\mozjs-60\platform\x86_64\windows\include -I"C:\Program Files\OpenSSL\include" /DWIN32 /D_WINDOWS /W3 /GR /EHsc -D_UNICODE -DUNICODE -DWIN32 -D_WIN32 -D_CRT_SECURE_NO_WARNINGS -DBOOST_ALL_NO_LIB /wd4355 /wd4800 /wd4267 /wd4244 /wd4290 /wd4068 /wd4351 /MP /MD /O2 /Ob2 /DNDEBUG -std:c++17 /wd4477 /wd4291 /showIncludes /Fosrc\robomongo\CMakeFiles\robomongo.dir\gui\editors\JSLexer.cpp.obj /Fdsrc\robomongo\CMakeFiles\robomongo.dir\ /FS -c R:\src\robomongo\gui\editors\JSLexer.cpp
build-app	Configure and Build Robo 3T	2026-04-14T01:19:15.6185488Z [200/253] C:\PROGRA~1\MICROS~2\2022\ENTERP~1\VC\Tools\MSVC\1416~1.270\bin\HostX64\x64\cl.exe  /nologo /TP -DBOOST_THREAD_DONT_PROVIDE_INTERRUPTIONS -DBOOST_THREAD_DONT_PROVIDE_VARIADIC_THREAD -DBOOST_THREAD_HAS_BUG -DBOOST_THREAD_NO_DEPRECATED -DBOOST_THREAD_VERSION=4 -DBUILDING_ROBO -DBUILD_NUMBER=\"26a32aa\" -DESPRIMA_VERSION=\"2.7.3\" -DGOOGLE_TEST_VERSION=\"1.8.1\" -DLIBSSH2_VERSION=\"1.9.0\" -DMONGO_CONFIG_HAVE_HEADER_UNISTD_H -DMongoDB_VERSION=\"\" -DOPENSSL_VERSION=\"1.1.1u\" -DPCRE_STATIC -DPROJECT_COMPANYNAME="\"3T Software Labs Ltd\"" -DPROJECT_COMPANYNAME_DOMAIN=\"https://studio3t.com/\" -DPROJECT_COPYRIGHT="\"Copyright (C) 2014-2017 3T Software Labs Ltd All Rights Reserved.\"" -DPROJECT_DOMAIN=\"www.robomongo.org\" -DPROJECT_GITHUB_FORK=\"www.github.com/Studio3T/robomongo\" -DPROJECT_GITHUB_ISSUES=\"www.github.com/Studio3T/robomongo/issues\" -DPROJECT_NAME="\"Robo 3T\"" -DPROJECT_NAME_LOWERCASE="\"robo 3t\"" -DPROJECT_NAME_TITLE="\"Robo 3T\"" -DPROJECT_QT_VERSION=\"5.15.2\" -DPROJECT_VERSION=\"1.5.1\" -DPROJECT_VERSION_SHORT=\"1.5\" -DQJSON_STATIC -DQJSON_VERSION=\"0.8.1\" -DQT_CORE_LIB -DQT_GUI_LIB -DQT_NETWORK_LIB -DQT_NO_DEBUG -DQT_PRINTSUPPORT_LIB -DQT_WIDGETS_LIB -DQT_XML_LIB -DSCINTILLA_QT -DSCI_LEXER -D_SILENCE_CXX17_ITERATOR_BASE_CLASS_DEPRECATION_WARNING -D_SILENCE_CXX17_OLD_ALLOCATOR_MEMBERS_DEPRECATION_WARNING -ID:\b\src\robomongo\robomongo_autogen\include -IR:\src -IR:\src\third-party\qjson-0.8.1\sources\src -IR:\src\third-party\qscintilla-2.8.4\sources\Qt4Qt5 -IR:\src\third-party\qscintilla-2.8.4\sources\include -IR:\src\third-party\qscintilla-2.8.4\sources\lexlib -IR:\src\third-party\qscintilla-2.8.4\sources\src -ID:\b\src -IR:\src\third-party\libssh2-1.9.0\sources\include -ID:\a\robomongo\Qt\5.15.2\msvc2019_64\include -ID:\a\robomongo\Qt\5.15.2\msvc2019_64\include\QtWidgets -ID:\a\robomongo\Qt\5.15.2\msvc2019_64\include\QtGui -ID:\a\robomongo\Qt\5.15.2\msvc2019_64\include\QtANGLE -ID:\a\robomongo\Qt\5.15.2\msvc2019_64\include\QtCore -ID:\a\robomongo\Qt\5.15.2\msvc2019_64\.\mkspecs\win32-msvc -ID:\a\robomongo\Qt\5.15.2\msvc2019_64\include\QtNetwork -ID:\a\robomongo\Qt\5.15.2\msvc2019_64\include\QtXml -ID:\a\robomongo\Qt\5.15.2\msvc2019_64\include\QtPrintSupport -IS:\src -IS:\src\third_party\abseil-cpp-master\abseil-cpp -IS:\src\third_party\boost-1.70.0 -IS:\src\third_party\fmt\dist\include -IS:\src\third_party\mozjs-60\include -IS:\src\third_party\mozjs-60\mongo_sources -IS:\src\third_party\pcre-8.42 -IS:\src\third_party\SafeInt -IS:\build\opt -IS:\src\third_party\mozjs-60\platform\x86_64\windows\include -I"C:\Program Files\OpenSSL\include" /DWIN32 /D_WINDOWS /W3 /GR /EHsc -D_UNICODE -DUNICODE -DWIN32 -D_WIN32 -D_CRT_SECURE_NO_WARNINGS -DBOOST_ALL_NO_LIB /wd4355 /wd4800 /wd4267 /wd4244 /wd4290 /wd4068 /wd4351 /MP /MD /O2 /Ob2 /DNDEBUG -std:c++17 /wd4477 /wd4291 /showIncludes /Fosrc\robomongo\CMakeFiles\robomongo.dir\gui\editors\PlainJavaScriptEditor.cpp.obj /Fdsrc\robomongo\CMakeFiles\robomongo.dir\ /FS -c R:\src\robomongo\gui\editors\PlainJavaScriptEditor.cpp
build-app	Configure and Build Robo 3T	2026-04-14T01:19:19.5306763Z [201/253] C:\PROGRA~1\MICROS~2\2022\ENTERP~1\VC\Tools\MSVC\1416~1.270\bin\HostX64\x64\cl.exe  /nologo /TP -DBOOST_THREAD_DONT_PROVIDE_INTERRUPTIONS -DBOOST_THREAD_DONT_PROVIDE_VARIADIC_THREAD -DBOOST_THREAD_HAS_BUG -DBOOST_THREAD_NO_DEPRECATED -DBOOST_THREAD_VERSION=4 -DBUILDING_ROBO -DBUILD_NUMBER=\"26a32aa\" -DESPRIMA_VERSION=\"2.7.3\" -DGOOGLE_TEST_VERSION=\"1.8.1\" -DLIBSSH2_VERSION=\"1.9.0\" -DMONGO_CONFIG_HAVE_HEADER_UNISTD_H -DMongoDB_VERSION=\"\" -DOPENSSL_VERSION=\"1.1.1u\" -DPCRE_STATIC -DPROJECT_COMPANYNAME="\"3T Software Labs Ltd\"" -DPROJECT_COMPANYNAME_DOMAIN=\"https://studio3t.com/\" -DPROJECT_COPYRIGHT="\"Copyright (C) 2014-2017 3T Software Labs Ltd All Rights Reserved.\"" -DPROJECT_DOMAIN=\"www.robomongo.org\" -DPROJECT_GITHUB_FORK=\"www.github.com/Studio3T/robomongo\" -DPROJECT_GITHUB_ISSUES=\"www.github.com/Studio3T/robomongo/issues\" -DPROJECT_NAME="\"Robo 3T\"" -DPROJECT_NAME_LOWERCASE="\"robo 3t\"" -DPROJECT_NAME_TITLE="\"Robo 3T\"" -DPROJECT_QT_VERSION=\"5.15.2\" -DPROJECT_VERSION=\"1.5.1\" -DPROJECT_VERSION_SHORT=\"1.5\" -DQJSON_STATIC -DQJSON_VERSION=\"0.8.1\" -DQT_CORE_LIB -DQT_GUI_LIB -DQT_NETWORK_LIB -DQT_NO_DEBUG -DQT_PRINTSUPPORT_LIB -DQT_WIDGETS_LIB -DQT_XML_LIB -DSCINTILLA_QT -DSCI_LEXER -D_SILENCE_CXX17_ITERATOR_BASE_CLASS_DEPRECATION_WARNING -D_SILENCE_CXX17_OLD_ALLOCATOR_MEMBERS_DEPRECATION_WARNING -ID:\b\src\robomongo\robomongo_autogen\include -IR:\src -IR:\src\third-party\qjson-0.8.1\sources\src -IR:\src\third-party\qscintilla-2.8.4\sources\Qt4Qt5 -IR:\src\third-party\qscintilla-2.8.4\sources\include -IR:\src\third-party\qscintilla-2.8.4\sources\lexlib -IR:\src\third-party\qscintilla-2.8.4\sources\src -ID:\b\src -IR:\src\third-party\libssh2-1.9.0\sources\include -ID:\a\robomongo\Qt\5.15.2\msvc2019_64\include -ID:\a\robomongo\Qt\5.15.2\msvc2019_64\include\QtWidgets -ID:\a\robomongo\Qt\5.15.2\msvc2019_64\include\QtGui -ID:\a\robomongo\Qt\5.15.2\msvc2019_64\include\QtANGLE -ID:\a\robomongo\Qt\5.15.2\msvc2019_64\include\QtCore -ID:\a\robomongo\Qt\5.15.2\msvc2019_64\.\mkspecs\win32-msvc -ID:\a\robomongo\Qt\5.15.2\msvc2019_64\include\QtNetwork -ID:\a\robomongo\Qt\5.15.2\msvc2019_64\include\QtXml -ID:\a\robomongo\Qt\5.15.2\msvc2019_64\include\QtPrintSupport -IS:\src -IS:\src\third_party\abseil-cpp-master\abseil-cpp -IS:\src\third_party\boost-1.70.0 -IS:\src\third_party\fmt\dist\include -IS:\src\third_party\mozjs-60\include -IS:\src\third_party\mozjs-60\mongo_sources -IS:\src\third_party\pcre-8.42 -IS:\src\third_party\SafeInt -IS:\build\opt -IS:\src\third_party\mozjs-60\platform\x86_64\windows\include -I"C:\Program Files\OpenSSL\include" /DWIN32 /D_WINDOWS /W3 /GR /EHsc -D_UNICODE -DUNICODE -DWIN32 -D_WIN32 -D_CRT_SECURE_NO_WARNINGS -DBOOST_ALL_NO_LIB /wd4355 /wd4800 /wd4267 /wd4244 /wd4290 /wd4068 /wd4351 /MP /MD /O2 /Ob2 /DNDEBUG -std:c++17 /wd4477 /wd4291 /showIncludes /Fosrc\robomongo\CMakeFiles\robomongo.dir\gui\dialogs\ConnectionsDialog.cpp.obj /Fdsrc\robomongo\CMakeFiles\robomongo.dir\ /FS -c R:\src\robomongo\gui\dialogs\ConnectionsDialog.cpp
build-app	Configure and Build Robo 3T	2026-04-14T01:19:20.3838497Z [202/253] C:\PROGRA~1\MICROS~2\2022\ENTERP~1\VC\Tools\MSVC\1416~1.270\bin\HostX64\x64\cl.exe  /nologo /TP -DBOOST_THREAD_DONT_PROVIDE_INTERRUPTIONS -DBOOST_THREAD_DONT_PROVIDE_VARIADIC_THREAD -DBOOST_THREAD_HAS_BUG -DBOOST_THREAD_NO_DEPRECATED -DBOOST_THREAD_VERSION=4 -DBUILDING_ROBO -DBUILD_NUMBER=\"26a32aa\" -DESPRIMA_VERSION=\"2.7.3\" -DGOOGLE_TEST_VERSION=\"1.8.1\" -DLIBSSH2_VERSION=\"1.9.0\" -DMONGO_CONFIG_HAVE_HEADER_UNISTD_H -DMongoDB_VERSION=\"\" -DOPENSSL_VERSION=\"1.1.1u\" -DPCRE_STATIC -DPROJECT_COMPANYNAME="\"3T Software Labs Ltd\"" -DPROJECT_COMPANYNAME_DOMAIN=\"https://studio3t.com/\" -DPROJECT_COPYRIGHT="\"Copyright (C) 2014-2017 3T Software Labs Ltd All Rights Reserved.\"" -DPROJECT_DOMAIN=\"www.robomongo.org\" -DPROJECT_GITHUB_FORK=\"www.github.com/Studio3T/robomongo\" -DPROJECT_GITHUB_ISSUES=\"www.github.com/Studio3T/robomongo/issues\" -DPROJECT_NAME="\"Robo 3T\"" -DPROJECT_NAME_LOWERCASE="\"robo 3t\"" -DPROJECT_NAME_TITLE="\"Robo 3T\"" -DPROJECT_QT_VERSION=\"5.15.2\" -DPROJECT_VERSION=\"1.5.1\" -DPROJECT_VERSION_SHORT=\"1.5\" -DQJSON_STATIC -DQJSON_VERSION=\"0.8.1\" -DQT_CORE_LIB -DQT_GUI_LIB -DQT_NETWORK_LIB -DQT_NO_DEBUG -DQT_PRINTSUPPORT_LIB -DQT_WIDGETS_LIB -DQT_XML_LIB -DSCINTILLA_QT -DSCI_LEXER -D_SILENCE_CXX17_ITERATOR_BASE_CLASS_DEPRECATION_WARNING -D_SILENCE_CXX17_OLD_ALLOCATOR_MEMBERS_DEPRECATION_WARNING -ID:\b\src\robomongo\robomongo_autogen\include -IR:\src -IR:\src\third-party\qjson-0.8.1\sources\src -IR:\src\third-party\qscintilla-2.8.4\sources\Qt4Qt5 -IR:\src\third-party\qscintilla-2.8.4\sources\include -IR:\src\third-party\qscintilla-2.8.4\sources\lexlib -IR:\src\third-party\qscintilla-2.8.4\sources\src -ID:\b\src -IR:\src\third-party\libssh2-1.9.0\sources\include -ID:\a\robomongo\Qt\5.15.2\msvc2019_64\include -ID:\a\robomongo\Qt\5.15.2\msvc2019_64\include\QtWidgets -ID:\a\robomongo\Qt\5.15.2\msvc2019_64\include\QtGui -ID:\a\robomongo\Qt\5.15.2\msvc2019_64\include\QtANGLE -ID:\a\robomongo\Qt\5.15.2\msvc2019_64\include\QtCore -ID:\a\robomongo\Qt\5.15.2\msvc2019_64\.\mkspecs\win32-msvc -ID:\a\robomongo\Qt\5.15.2\msvc2019_64\include\QtNetwork -ID:\a\robomongo\Qt\5.15.2\msvc2019_64\include\QtXml -ID:\a\robomongo\Qt\5.15.2\msvc2019_64\include\QtPrintSupport -IS:\src -IS:\src\third_party\abseil-cpp-master\abseil-cpp -IS:\src\third_party\boost-1.70.0 -IS:\src\third_party\fmt\dist\include -IS:\src\third_party\mozjs-60\include -IS:\src\third_party\mozjs-60\mongo_sources -IS:\src\third_party\pcre-8.42 -IS:\src\third_party\SafeInt -IS:\build\opt -IS:\src\third_party\mozjs-60\platform\x86_64\windows\include -I"C:\Program Files\OpenSSL\include" /DWIN32 /D_WINDOWS /W3 /GR /EHsc -D_UNICODE -DUNICODE -DWIN32 -D_WIN32 -D_CRT_SECURE_NO_WARNINGS -DBOOST_ALL_NO_LIB /wd4355 /wd4800 /wd4267 /wd4244 /wd4290 /wd4068 /wd4351 /MP /MD /O2 /Ob2 /DNDEBUG -std:c++17 /wd4477 /wd4291 /showIncludes /Fosrc\robomongo\CMakeFiles\robomongo.dir\gui\dialogs\ExportDialog.cpp.obj /Fdsrc\robomongo\CMakeFiles\robomongo.dir\ /FS -c R:\src\robomongo\gui\dialogs\ExportDialog.cpp
build-app	Configure and Build Robo 3T	2026-04-14T01:19:20.3918157Z R:\src\robomongo\gui\dialogs\ExportDialog.cpp(309): warning C4996: 'QProcess::start': Use QProcess::start(const QString &program, const QStringList &arguments,OpenMode mode = ReadWrite) instead
build-app	Configure and Build Robo 3T	2026-04-14T01:19:20.3994672Z d:\a\robomongo\qt\5.15.2\msvc2019_64\include\qtcore\qprocess.h(168): note: see declaration of 'QProcess::start'
build-app	Configure and Build Robo 3T	2026-04-14T01:19:20.4015300Z R:\src\robomongo\gui\dialogs\ExportDialog.cpp(318): warning C4996: 'QProcess::start': Use QProcess::start(const QString &program, const QStringList &arguments,OpenMode mode = ReadWrite) instead
build-app	Configure and Build Robo 3T	2026-04-14T01:19:20.4040221Z d:\a\robomongo\qt\5.15.2\msvc2019_64\include\qtcore\qprocess.h(168): note: see declaration of 'QProcess::start'
build-app	Configure and Build Robo 3T	2026-04-14T01:19:20.8183595Z [203/253] C:\PROGRA~1\MICROS~2\2022\ENTERP~1\VC\Tools\MSVC\1416~1.270\bin\HostX64\x64\cl.exe  /nologo /TP -DBOOST_THREAD_DONT_PROVIDE_INTERRUPTIONS -DBOOST_THREAD_DONT_PROVIDE_VARIADIC_THREAD -DBOOST_THREAD_HAS_BUG -DBOOST_THREAD_NO_DEPRECATED -DBOOST_THREAD_VERSION=4 -DBUILDING_ROBO -DBUILD_NUMBER=\"26a32aa\" -DESPRIMA_VERSION=\"2.7.3\" -DGOOGLE_TEST_VERSION=\"1.8.1\" -DLIBSSH2_VERSION=\"1.9.0\" -DMONGO_CONFIG_HAVE_HEADER_UNISTD_H -DMongoDB_VERSION=\"\" -DOPENSSL_VERSION=\"1.1.1u\" -DPCRE_STATIC -DPROJECT_COMPANYNAME="\"3T Software Labs Ltd\"" -DPROJECT_COMPANYNAME_DOMAIN=\"https://studio3t.com/\" -DPROJECT_COPYRIGHT="\"Copyright (C) 2014-2017 3T Software Labs Ltd All Rights Reserved.\"" -DPROJECT_DOMAIN=\"www.robomongo.org\" -DPROJECT_GITHUB_FORK=\"www.github.com/Studio3T/robomongo\" -DPROJECT_GITHUB_ISSUES=\"www.github.com/Studio3T/robomongo/issues\" -DPROJECT_NAME="\"Robo 3T\"" -DPROJECT_NAME_LOWERCASE="\"robo 3t\"" -DPROJECT_NAME_TITLE="\"Robo 3T\"" -DPROJECT_QT_VERSION=\"5.15.2\" -DPROJECT_VERSION=\"1.5.1\" -DPROJECT_VERSION_SHORT=\"1.5\" -DQJSON_STATIC -DQJSON_VERSION=\"0.8.1\" -DQT_CORE_LIB -DQT_GUI_LIB -DQT_NETWORK_LIB -DQT_NO_DEBUG -DQT_PRINTSUPPORT_LIB -DQT_WIDGETS_LIB -DQT_XML_LIB -DSCINTILLA_QT -DSCI_LEXER -D_SILENCE_CXX17_ITERATOR_BASE_CLASS_DEPRECATION_WARNING -D_SILENCE_CXX17_OLD_ALLOCATOR_MEMBERS_DEPRECATION_WARNING -ID:\b\src\robomongo\robomongo_autogen\include -IR:\src -IR:\src\third-party\qjson-0.8.1\sources\src -IR:\src\third-party\qscintilla-2.8.4\sources\Qt4Qt5 -IR:\src\third-party\qscintilla-2.8.4\sources\include -IR:\src\third-party\qscintilla-2.8.4\sources\lexlib -IR:\src\third-party\qscintilla-2.8.4\sources\src -ID:\b\src -IR:\src\third-party\libssh2-1.9.0\sources\include -ID:\a\robomongo\Qt\5.15.2\msvc2019_64\include -ID:\a\robomongo\Qt\5.15.2\msvc2019_64\include\QtWidgets -ID:\a\robomongo\Qt\5.15.2\msvc2019_64\include\QtGui -ID:\a\robomongo\Qt\5.15.2\msvc2019_64\include\QtANGLE -ID:\a\robomongo\Qt\5.15.2\msvc2019_64\include\QtCore -ID:\a\robomongo\Qt\5.15.2\msvc2019_64\.\mkspecs\win32-msvc -ID:\a\robomongo\Qt\5.15.2\msvc2019_64\include\QtNetwork -ID:\a\robomongo\Qt\5.15.2\msvc2019_64\include\QtXml -ID:\a\robomongo\Qt\5.15.2\msvc2019_64\include\QtPrintSupport -IS:\src -IS:\src\third_party\abseil-cpp-master\abseil-cpp -IS:\src\third_party\boost-1.70.0 -IS:\src\third_party\fmt\dist\include -IS:\src\third_party\mozjs-60\include -IS:\src\third_party\mozjs-60\mongo_sources -IS:\src\third_party\pcre-8.42 -IS:\src\third_party\SafeInt -IS:\build\opt -IS:\src\third_party\mozjs-60\platform\x86_64\windows\include -I"C:\Program Files\OpenSSL\include" /DWIN32 /D_WINDOWS /W3 /GR /EHsc -D_UNICODE -DUNICODE -DWIN32 -D_WIN32 -D_CRT_SECURE_NO_WARNINGS -DBOOST_ALL_NO_LIB /wd4355 /wd4800 /wd4267 /wd4244 /wd4290 /wd4068 /wd4351 /MP /MD /O2 /Ob2 /DNDEBUG -std:c++17 /wd4477 /wd4291 /showIncludes /Fosrc\robomongo\CMakeFiles\robomongo.dir\gui\dialogs\ChangeShellTimeoutDialog.cpp.obj /Fdsrc\robomongo\CMakeFiles\robomongo.dir\ /FS -c R:\src\robomongo\gui\dialogs\ChangeShellTimeoutDialog.cpp
build-app	Configure and Build Robo 3T	2026-04-14T01:19:21.7658014Z [204/253] C:\PROGRA~1\MICROS~2\2022\ENTERP~1\VC\Tools\MSVC\1416~1.270\bin\HostX64\x64\cl.exe  /nologo /TP -DBOOST_THREAD_DONT_PROVIDE_INTERRUPTIONS -DBOOST_THREAD_DONT_PROVIDE_VARIADIC_THREAD -DBOOST_THREAD_HAS_BUG -DBOOST_THREAD_NO_DEPRECATED -DBOOST_THREAD_VERSION=4 -DBUILDING_ROBO -DBUILD_NUMBER=\"26a32aa\" -DESPRIMA_VERSION=\"2.7.3\" -DGOOGLE_TEST_VERSION=\"1.8.1\" -DLIBSSH2_VERSION=\"1.9.0\" -DMONGO_CONFIG_HAVE_HEADER_UNISTD_H -DMongoDB_VERSION=\"\" -DOPENSSL_VERSION=\"1.1.1u\" -DPCRE_STATIC -DPROJECT_COMPANYNAME="\"3T Software Labs Ltd\"" -DPROJECT_COMPANYNAME_DOMAIN=\"https://studio3t.com/\" -DPROJECT_COPYRIGHT="\"Copyright (C) 2014-2017 3T Software Labs Ltd All Rights Reserved.\"" -DPROJECT_DOMAIN=\"www.robomongo.org\" -DPROJECT_GITHUB_FORK=\"www.github.com/Studio3T/robomongo\" -DPROJECT_GITHUB_ISSUES=\"www.github.com/Studio3T/robomongo/issues\" -DPROJECT_NAME="\"Robo 3T\"" -DPROJECT_NAME_LOWERCASE="\"robo 3t\"" -DPROJECT_NAME_TITLE="\"Robo 3T\"" -DPROJECT_QT_VERSION=\"5.15.2\" -DPROJECT_VERSION=\"1.5.1\" -DPROJECT_VERSION_SHORT=\"1.5\" -DQJSON_STATIC -DQJSON_VERSION=\"0.8.1\" -DQT_CORE_LIB -DQT_GUI_LIB -DQT_NETWORK_LIB -DQT_NO_DEBUG -DQT_PRINTSUPPORT_LIB -DQT_WIDGETS_LIB -DQT_XML_LIB -DSCINTILLA_QT -DSCI_LEXER -D_SILENCE_CXX17_ITERATOR_BASE_CLASS_DEPRECATION_WARNING -D_SILENCE_CXX17_OLD_ALLOCATOR_MEMBERS_DEPRECATION_WARNING -ID:\b\src\robomongo\robomongo_autogen\include -IR:\src -IR:\src\third-party\qjson-0.8.1\sources\src -IR:\src\third-party\qscintilla-2.8.4\sources\Qt4Qt5 -IR:\src\third-party\qscintilla-2.8.4\sources\include -IR:\src\third-party\qscintilla-2.8.4\sources\lexlib -IR:\src\third-party\qscintilla-2.8.4\sources\src -ID:\b\src -IR:\src\third-party\libssh2-1.9.0\sources\include -ID:\a\robomongo\Qt\5.15.2\msvc2019_64\include -ID:\a\robomongo\Qt\5.15.2\msvc2019_64\include\QtWidgets -ID:\a\robomongo\Qt\5.15.2\msvc2019_64\include\QtGui -ID:\a\robomongo\Qt\5.15.2\msvc2019_64\include\QtANGLE -ID:\a\robomongo\Qt\5.15.2\msvc2019_64\include\QtCore -ID:\a\robomongo\Qt\5.15.2\msvc2019_64\.\mkspecs\win32-msvc -ID:\a\robomongo\Qt\5.15.2\msvc2019_64\include\QtNetwork -ID:\a\robomongo\Qt\5.15.2\msvc2019_64\include\QtXml -ID:\a\robomongo\Qt\5.15.2\msvc2019_64\include\QtPrintSupport -IS:\src -IS:\src\third_party\abseil-cpp-master\abseil-cpp -IS:\src\third_party\boost-1.70.0 -IS:\src\third_party\fmt\dist\include -IS:\src\third_party\mozjs-60\include -IS:\src\third_party\mozjs-60\mongo_sources -IS:\src\third_party\pcre-8.42 -IS:\src\third_party\SafeInt -IS:\build\opt -IS:\src\third_party\mozjs-60\platform\x86_64\windows\include -I"C:\Program Files\OpenSSL\include" /DWIN32 /D_WINDOWS /W3 /GR /EHsc -D_UNICODE -DUNICODE -DWIN32 -D_WIN32 -D_CRT_SECURE_NO_WARNINGS -DBOOST_ALL_NO_LIB /wd4355 /wd4800 /wd4267 /wd4244 /wd4290 /wd4068 /wd4351 /MP /MD /O2 /Ob2 /DNDEBUG -std:c++17 /wd4477 /wd4291 /showIncludes /Fosrc\robomongo\CMakeFiles\robomongo.dir\gui\editors\FindFrame.cpp.obj /Fdsrc\robomongo\CMakeFiles\robomongo.dir\ /FS -c R:\src\robomongo\gui\editors\FindFrame.cpp
build-app	Configure and Build Robo 3T	2026-04-14T01:19:26.3303139Z [205/253] C:\PROGRA~1\MICROS~2\2022\ENTERP~1\VC\Tools\MSVC\1416~1.270\bin\HostX64\x64\cl.exe  /nologo /TP -DBOOST_THREAD_DONT_PROVIDE_INTERRUPTIONS -DBOOST_THREAD_DONT_PROVIDE_VARIADIC_THREAD -DBOOST_THREAD_HAS_BUG -DBOOST_THREAD_NO_DEPRECATED -DBOOST_THREAD_VERSION=4 -DBUILDING_ROBO -DBUILD_NUMBER=\"26a32aa\" -DESPRIMA_VERSION=\"2.7.3\" -DGOOGLE_TEST_VERSION=\"1.8.1\" -DLIBSSH2_VERSION=\"1.9.0\" -DMONGO_CONFIG_HAVE_HEADER_UNISTD_H -DMongoDB_VERSION=\"\" -DOPENSSL_VERSION=\"1.1.1u\" -DPCRE_STATIC -DPROJECT_COMPANYNAME="\"3T Software Labs Ltd\"" -DPROJECT_COMPANYNAME_DOMAIN=\"https://studio3t.com/\" -DPROJECT_COPYRIGHT="\"Copyright (C) 2014-2017 3T Software Labs Ltd All Rights Reserved.\"" -DPROJECT_DOMAIN=\"www.robomongo.org\" -DPROJECT_GITHUB_FORK=\"www.github.com/Studio3T/robomongo\" -DPROJECT_GITHUB_ISSUES=\"www.github.com/Studio3T/robomongo/issues\" -DPROJECT_NAME="\"Robo 3T\"" -DPROJECT_NAME_LOWERCASE="\"robo 3t\"" -DPROJECT_NAME_TITLE="\"Robo 3T\"" -DPROJECT_QT_VERSION=\"5.15.2\" -DPROJECT_VERSION=\"1.5.1\" -DPROJECT_VERSION_SHORT=\"1.5\" -DQJSON_STATIC -DQJSON_VERSION=\"0.8.1\" -DQT_CORE_LIB -DQT_GUI_LIB -DQT_NETWORK_LIB -DQT_NO_DEBUG -DQT_PRINTSUPPORT_LIB -DQT_WIDGETS_LIB -DQT_XML_LIB -DSCINTILLA_QT -DSCI_LEXER -D_SILENCE_CXX17_ITERATOR_BASE_CLASS_DEPRECATION_WARNING -D_SILENCE_CXX17_OLD_ALLOCATOR_MEMBERS_DEPRECATION_WARNING -ID:\b\src\robomongo\robomongo_autogen\include -IR:\src -IR:\src\third-party\qjson-0.8.1\sources\src -IR:\src\third-party\qscintilla-2.8.4\sources\Qt4Qt5 -IR:\src\third-party\qscintilla-2.8.4\sources\include -IR:\src\third-party\qscintilla-2.8.4\sources\lexlib -IR:\src\third-party\qscintilla-2.8.4\sources\src -ID:\b\src -IR:\src\third-party\libssh2-1.9.0\sources\include -ID:\a\robomongo\Qt\5.15.2\msvc2019_64\include -ID:\a\robomongo\Qt\5.15.2\msvc2019_64\include\QtWidgets -ID:\a\robomongo\Qt\5.15.2\msvc2019_64\include\QtGui -ID:\a\robomongo\Qt\5.15.2\msvc2019_64\include\QtANGLE -ID:\a\robomongo\Qt\5.15.2\msvc2019_64\include\QtCore -ID:\a\robomongo\Qt\5.15.2\msvc2019_64\.\mkspecs\win32-msvc -ID:\a\robomongo\Qt\5.15.2\msvc2019_64\include\QtNetwork -ID:\a\robomongo\Qt\5.15.2\msvc2019_64\include\QtXml -ID:\a\robomongo\Qt\5.15.2\msvc2019_64\include\QtPrintSupport -IS:\src -IS:\src\third_party\abseil-cpp-master\abseil-cpp -IS:\src\third_party\boost-1.70.0 -IS:\src\third_party\fmt\dist\include -IS:\src\third_party\mozjs-60\include -IS:\src\third_party\mozjs-60\mongo_sources -IS:\src\third_party\pcre-8.42 -IS:\src\third_party\SafeInt -IS:\build\opt -IS:\src\third_party\mozjs-60\platform\x86_64\windows\include -I"C:\Program Files\OpenSSL\include" /DWIN32 /D_WINDOWS /W3 /GR /EHsc -D_UNICODE -DUNICODE -DWIN32 -D_WIN32 -D_CRT_SECURE_NO_WARNINGS -DBOOST_ALL_NO_LIB /wd4355 /wd4800 /wd4267 /wd4244 /wd4290 /wd4068 /wd4351 /MP /MD /O2 /Ob2 /DNDEBUG -std:c++17 /wd4477 /wd4291 /showIncludes /Fosrc\robomongo\CMakeFiles\robomongo.dir\gui\widgets\explorer\ExplorerTreeItem.cpp.obj /Fdsrc\robomongo\CMakeFiles\robomongo.dir\ /FS -c R:\src\robomongo\gui\widgets\explorer\ExplorerTreeItem.cpp
build-app	Configure and Build Robo 3T	2026-04-14T01:19:28.3994111Z [206/253] C:\PROGRA~1\MICROS~2\2022\ENTERP~1\VC\Tools\MSVC\1416~1.270\bin\HostX64\x64\cl.exe  /nologo /TP -DBOOST_THREAD_DONT_PROVIDE_INTERRUPTIONS -DBOOST_THREAD_DONT_PROVIDE_VARIADIC_THREAD -DBOOST_THREAD_HAS_BUG -DBOOST_THREAD_NO_DEPRECATED -DBOOST_THREAD_VERSION=4 -DBUILDING_ROBO -DBUILD_NUMBER=\"26a32aa\" -DESPRIMA_VERSION=\"2.7.3\" -DGOOGLE_TEST_VERSION=\"1.8.1\" -DLIBSSH2_VERSION=\"1.9.0\" -DMONGO_CONFIG_HAVE_HEADER_UNISTD_H -DMongoDB_VERSION=\"\" -DOPENSSL_VERSION=\"1.1.1u\" -DPCRE_STATIC -DPROJECT_COMPANYNAME="\"3T Software Labs Ltd\"" -DPROJECT_COMPANYNAME_DOMAIN=\"https://studio3t.com/\" -DPROJECT_COPYRIGHT="\"Copyright (C) 2014-2017 3T Software Labs Ltd All Rights Reserved.\"" -DPROJECT_DOMAIN=\"www.robomongo.org\" -DPROJECT_GITHUB_FORK=\"www.github.com/Studio3T/robomongo\" -DPROJECT_GITHUB_ISSUES=\"www.github.com/Studio3T/robomongo/issues\" -DPROJECT_NAME="\"Robo 3T\"" -DPROJECT_NAME_LOWERCASE="\"robo 3t\"" -DPROJECT_NAME_TITLE="\"Robo 3T\"" -DPROJECT_QT_VERSION=\"5.15.2\" -DPROJECT_VERSION=\"1.5.1\" -DPROJECT_VERSION_SHORT=\"1.5\" -DQJSON_STATIC -DQJSON_VERSION=\"0.8.1\" -DQT_CORE_LIB -DQT_GUI_LIB -DQT_NETWORK_LIB -DQT_NO_DEBUG -DQT_PRINTSUPPORT_LIB -DQT_WIDGETS_LIB -DQT_XML_LIB -DSCINTILLA_QT -DSCI_LEXER -D_SILENCE_CXX17_ITERATOR_BASE_CLASS_DEPRECATION_WARNING -D_SILENCE_CXX17_OLD_ALLOCATOR_MEMBERS_DEPRECATION_WARNING -ID:\b\src\robomongo\robomongo_autogen\include -IR:\src -IR:\src\third-party\qjson-0.8.1\sources\src -IR:\src\third-party\qscintilla-2.8.4\sources\Qt4Qt5 -IR:\src\third-party\qscintilla-2.8.4\sources\include -IR:\src\third-party\qscintilla-2.8.4\sources\lexlib -IR:\src\third-party\qscintilla-2.8.4\sources\src -ID:\b\src -IR:\src\third-party\libssh2-1.9.0\sources\include -ID:\a\robomongo\Qt\5.15.2\msvc2019_64\include -ID:\a\robomongo\Qt\5.15.2\msvc2019_64\include\QtWidgets -ID:\a\robomongo\Qt\5.15.2\msvc2019_64\include\QtGui -ID:\a\robomongo\Qt\5.15.2\msvc2019_64\include\QtANGLE -ID:\a\robomongo\Qt\5.15.2\msvc2019_64\include\QtCore -ID:\a\robomongo\Qt\5.15.2\msvc2019_64\.\mkspecs\win32-msvc -ID:\a\robomongo\Qt\5.15.2\msvc2019_64\include\QtNetwork -ID:\a\robomongo\Qt\5.15.2\msvc2019_64\include\QtXml -ID:\a\robomongo\Qt\5.15.2\msvc2019_64\include\QtPrintSupport -IS:\src -IS:\src\third_party\abseil-cpp-master\abseil-cpp -IS:\src\third_party\boost-1.70.0 -IS:\src\third_party\fmt\dist\include -IS:\src\third_party\mozjs-60\include -IS:\src\third_party\mozjs-60\mongo_sources -IS:\src\third_party\pcre-8.42 -IS:\src\third_party\SafeInt -IS:\build\opt -IS:\src\third_party\mozjs-60\platform\x86_64\windows\include -I"C:\Program Files\OpenSSL\include" /DWIN32 /D_WINDOWS /W3 /GR /EHsc -D_UNICODE -DUNICODE -DWIN32 -D_WIN32 -D_CRT_SECURE_NO_WARNINGS -DBOOST_ALL_NO_LIB /wd4355 /wd4800 /wd4267 /wd4244 /wd4290 /wd4068 /wd4351 /MP /MD /O2 /Ob2 /DNDEBUG -std:c++17 /wd4477 /wd4291 /showIncludes /Fosrc\robomongo\CMakeFiles\robomongo.dir\gui\widgets\explorer\AddEditIndexDialog.cpp.obj /Fdsrc\robomongo\CMakeFiles\robomongo.dir\ /FS -c R:\src\robomongo\gui\widgets\explorer\AddEditIndexDialog.cpp
build-app	Configure and Build Robo 3T	2026-04-14T01:19:30.4210647Z [207/253] C:\PROGRA~1\MICROS~2\2022\ENTERP~1\VC\Tools\MSVC\1416~1.270\bin\HostX64\x64\cl.exe  /nologo /TP -DBOOST_THREAD_DONT_PROVIDE_INTERRUPTIONS -DBOOST_THREAD_DONT_PROVIDE_VARIADIC_THREAD -DBOOST_THREAD_HAS_BUG -DBOOST_THREAD_NO_DEPRECATED -DBOOST_THREAD_VERSION=4 -DBUILDING_ROBO -DBUILD_NUMBER=\"26a32aa\" -DESPRIMA_VERSION=\"2.7.3\" -DGOOGLE_TEST_VERSION=\"1.8.1\" -DLIBSSH2_VERSION=\"1.9.0\" -DMONGO_CONFIG_HAVE_HEADER_UNISTD_H -DMongoDB_VERSION=\"\" -DOPENSSL_VERSION=\"1.1.1u\" -DPCRE_STATIC -DPROJECT_COMPANYNAME="\"3T Software Labs Ltd\"" -DPROJECT_COMPANYNAME_DOMAIN=\"https://studio3t.com/\" -DPROJECT_COPYRIGHT="\"Copyright (C) 2014-2017 3T Software Labs Ltd All Rights Reserved.\"" -DPROJECT_DOMAIN=\"www.robomongo.org\" -DPROJECT_GITHUB_FORK=\"www.github.com/Studio3T/robomongo\" -DPROJECT_GITHUB_ISSUES=\"www.github.com/Studio3T/robomongo/issues\" -DPROJECT_NAME="\"Robo 3T\"" -DPROJECT_NAME_LOWERCASE="\"robo 3t\"" -DPROJECT_NAME_TITLE="\"Robo 3T\"" -DPROJECT_QT_VERSION=\"5.15.2\" -DPROJECT_VERSION=\"1.5.1\" -DPROJECT_VERSION_SHORT=\"1.5\" -DQJSON_STATIC -DQJSON_VERSION=\"0.8.1\" -DQT_CORE_LIB -DQT_GUI_LIB -DQT_NETWORK_LIB -DQT_NO_DEBUG -DQT_PRINTSUPPORT_LIB -DQT_WIDGETS_LIB -DQT_XML_LIB -DSCINTILLA_QT -DSCI_LEXER -D_SILENCE_CXX17_ITERATOR_BASE_CLASS_DEPRECATION_WARNING -D_SILENCE_CXX17_OLD_ALLOCATOR_MEMBERS_DEPRECATION_WARNING -ID:\b\src\robomongo\robomongo_autogen\include -IR:\src -IR:\src\third-party\qjson-0.8.1\sources\src -IR:\src\third-party\qscintilla-2.8.4\sources\Qt4Qt5 -IR:\src\third-party\qscintilla-2.8.4\sources\include -IR:\src\third-party\qscintilla-2.8.4\sources\lexlib -IR:\src\third-party\qscintilla-2.8.4\sources\src -ID:\b\src -IR:\src\third-party\libssh2-1.9.0\sources\include -ID:\a\robomongo\Qt\5.15.2\msvc2019_64\include -ID:\a\robomongo\Qt\5.15.2\msvc2019_64\include\QtWidgets -ID:\a\robomongo\Qt\5.15.2\msvc2019_64\include\QtGui -ID:\a\robomongo\Qt\5.15.2\msvc2019_64\include\QtANGLE -ID:\a\robomongo\Qt\5.15.2\msvc2019_64\include\QtCore -ID:\a\robomongo\Qt\5.15.2\msvc2019_64\.\mkspecs\win32-msvc -ID:\a\robomongo\Qt\5.15.2\msvc2019_64\include\QtNetwork -ID:\a\robomongo\Qt\5.15.2\msvc2019_64\include\QtXml -ID:\a\robomongo\Qt\5.15.2\msvc2019_64\include\QtPrintSupport -IS:\src -IS:\src\third_party\abseil-cpp-master\abseil-cpp -IS:\src\third_party\boost-1.70.0 -IS:\src\third_party\fmt\dist\include -IS:\src\third_party\mozjs-60\include -IS:\src\third_party\mozjs-60\mongo_sources -IS:\src\third_party\pcre-8.42 -IS:\src\third_party\SafeInt -IS:\build\opt -IS:\src\third_party\mozjs-60\platform\x86_64\windows\include -I"C:\Program Files\OpenSSL\include" /DWIN32 /D_WINDOWS /W3 /GR /EHsc -D_UNICODE -DUNICODE -DWIN32 -D_WIN32 -D_CRT_SECURE_NO_WARNINGS -DBOOST_ALL_NO_LIB /wd4355 /wd4800 /wd4267 /wd4244 /wd4290 /wd4068 /wd4351 /MP /MD /O2 /Ob2 /DNDEBUG -std:c++17 /wd4477 /wd4291 /showIncludes /Fosrc\robomongo\CMakeFiles\robomongo.dir\gui\widgets\workarea\ScriptWidget.cpp.obj /Fdsrc\robomongo\CMakeFiles\robomongo.dir\ /FS -c R:\src\robomongo\gui\widgets\workarea\ScriptWidget.cpp
build-app	Configure and Build Robo 3T	2026-04-14T01:19:32.4637585Z [208/253] C:\PROGRA~1\MICROS~2\2022\ENTERP~1\VC\Tools\MSVC\1416~1.270\bin\HostX64\x64\cl.exe  /nologo /TP -DBOOST_THREAD_DONT_PROVIDE_INTERRUPTIONS -DBOOST_THREAD_DONT_PROVIDE_VARIADIC_THREAD -DBOOST_THREAD_HAS_BUG -DBOOST_THREAD_NO_DEPRECATED -DBOOST_THREAD_VERSION=4 -DBUILDING_ROBO -DBUILD_NUMBER=\"26a32aa\" -DESPRIMA_VERSION=\"2.7.3\" -DGOOGLE_TEST_VERSION=\"1.8.1\" -DLIBSSH2_VERSION=\"1.9.0\" -DMONGO_CONFIG_HAVE_HEADER_UNISTD_H -DMongoDB_VERSION=\"\" -DOPENSSL_VERSION=\"1.1.1u\" -DPCRE_STATIC -DPROJECT_COMPANYNAME="\"3T Software Labs Ltd\"" -DPROJECT_COMPANYNAME_DOMAIN=\"https://studio3t.com/\" -DPROJECT_COPYRIGHT="\"Copyright (C) 2014-2017 3T Software Labs Ltd All Rights Reserved.\"" -DPROJECT_DOMAIN=\"www.robomongo.org\" -DPROJECT_GITHUB_FORK=\"www.github.com/Studio3T/robomongo\" -DPROJECT_GITHUB_ISSUES=\"www.github.com/Studio3T/robomongo/issues\" -DPROJECT_NAME="\"Robo 3T\"" -DPROJECT_NAME_LOWERCASE="\"robo 3t\"" -DPROJECT_NAME_TITLE="\"Robo 3T\"" -DPROJECT_QT_VERSION=\"5.15.2\" -DPROJECT_VERSION=\"1.5.1\" -DPROJECT_VERSION_SHORT=\"1.5\" -DQJSON_STATIC -DQJSON_VERSION=\"0.8.1\" -DQT_CORE_LIB -DQT_GUI_LIB -DQT_NETWORK_LIB -DQT_NO_DEBUG -DQT_PRINTSUPPORT_LIB -DQT_WIDGETS_LIB -DQT_XML_LIB -DSCINTILLA_QT -DSCI_LEXER -D_SILENCE_CXX17_ITERATOR_BASE_CLASS_DEPRECATION_WARNING -D_SILENCE_CXX17_OLD_ALLOCATOR_MEMBERS_DEPRECATION_WARNING -ID:\b\src\robomongo\robomongo_autogen\include -IR:\src -IR:\src\third-party\qjson-0.8.1\sources\src -IR:\src\third-party\qscintilla-2.8.4\sources\Qt4Qt5 -IR:\src\third-party\qscintilla-2.8.4\sources\include -IR:\src\third-party\qscintilla-2.8.4\sources\lexlib -IR:\src\third-party\qscintilla-2.8.4\sources\src -ID:\b\src -IR:\src\third-party\libssh2-1.9.0\sources\include -ID:\a\robomongo\Qt\5.15.2\msvc2019_64\include -ID:\a\robomongo\Qt\5.15.2\msvc2019_64\include\QtWidgets -ID:\a\robomongo\Qt\5.15.2\msvc2019_64\include\QtGui -ID:\a\robomongo\Qt\5.15.2\msvc2019_64\include\QtANGLE -ID:\a\robomongo\Qt\5.15.2\msvc2019_64\include\QtCore -ID:\a\robomongo\Qt\5.15.2\msvc2019_64\.\mkspecs\win32-msvc -ID:\a\robomongo\Qt\5.15.2\msvc2019_64\include\QtNetwork -ID:\a\robomongo\Qt\5.15.2\msvc2019_64\include\QtXml -ID:\a\robomongo\Qt\5.15.2\msvc2019_64\include\QtPrintSupport -IS:\src -IS:\src\third_party\abseil-cpp-master\abseil-cpp -IS:\src\third_party\boost-1.70.0 -IS:\src\third_party\fmt\dist\include -IS:\src\third_party\mozjs-60\include -IS:\src\third_party\mozjs-60\mongo_sources -IS:\src\third_party\pcre-8.42 -IS:\src\third_party\SafeInt -IS:\build\opt -IS:\src\third_party\mozjs-60\platform\x86_64\windows\include -I"C:\Program Files\OpenSSL\include" /DWIN32 /D_WINDOWS /W3 /GR /EHsc -D_UNICODE -DUNICODE -DWIN32 -D_WIN32 -D_CRT_SECURE_NO_WARNINGS -DBOOST_ALL_NO_LIB /wd4355 /wd4800 /wd4267 /wd4244 /wd4290 /wd4068 /wd4351 /MP /MD /O2 /Ob2 /DNDEBUG -std:c++17 /wd4477 /wd4291 /showIncludes /Fosrc\robomongo\CMakeFiles\robomongo.dir\gui\widgets\explorer\ExplorerCollectionTreeItem.cpp.obj /Fdsrc\robomongo\CMakeFiles\robomongo.dir\ /FS -c R:\src\robomongo\gui\widgets\explorer\ExplorerCollectionTreeItem.cpp
build-app	Configure and Build Robo 3T	2026-04-14T01:19:33.0765766Z [209/253] C:\PROGRA~1\MICROS~2\2022\ENTERP~1\VC\Tools\MSVC\1416~1.270\bin\HostX64\x64\cl.exe  /nologo /TP -DBOOST_THREAD_DONT_PROVIDE_INTERRUPTIONS -DBOOST_THREAD_DONT_PROVIDE_VARIADIC_THREAD -DBOOST_THREAD_HAS_BUG -DBOOST_THREAD_NO_DEPRECATED -DBOOST_THREAD_VERSION=4 -DBUILDING_ROBO -DBUILD_NUMBER=\"26a32aa\" -DESPRIMA_VERSION=\"2.7.3\" -DGOOGLE_TEST_VERSION=\"1.8.1\" -DLIBSSH2_VERSION=\"1.9.0\" -DMONGO_CONFIG_HAVE_HEADER_UNISTD_H -DMongoDB_VERSION=\"\" -DOPENSSL_VERSION=\"1.1.1u\" -DPCRE_STATIC -DPROJECT_COMPANYNAME="\"3T Software Labs Ltd\"" -DPROJECT_COMPANYNAME_DOMAIN=\"https://studio3t.com/\" -DPROJECT_COPYRIGHT="\"Copyright (C) 2014-2017 3T Software Labs Ltd All Rights Reserved.\"" -DPROJECT_DOMAIN=\"www.robomongo.org\" -DPROJECT_GITHUB_FORK=\"www.github.com/Studio3T/robomongo\" -DPROJECT_GITHUB_ISSUES=\"www.github.com/Studio3T/robomongo/issues\" -DPROJECT_NAME="\"Robo 3T\"" -DPROJECT_NAME_LOWERCASE="\"robo 3t\"" -DPROJECT_NAME_TITLE="\"Robo 3T\"" -DPROJECT_QT_VERSION=\"5.15.2\" -DPROJECT_VERSION=\"1.5.1\" -DPROJECT_VERSION_SHORT=\"1.5\" -DQJSON_STATIC -DQJSON_VERSION=\"0.8.1\" -DQT_CORE_LIB -DQT_GUI_LIB -DQT_NETWORK_LIB -DQT_NO_DEBUG -DQT_PRINTSUPPORT_LIB -DQT_WIDGETS_LIB -DQT_XML_LIB -DSCINTILLA_QT -DSCI_LEXER -D_SILENCE_CXX17_ITERATOR_BASE_CLASS_DEPRECATION_WARNING -D_SILENCE_CXX17_OLD_ALLOCATOR_MEMBERS_DEPRECATION_WARNING -ID:\b\src\robomongo\robomongo_autogen\include -IR:\src -IR:\src\third-party\qjson-0.8.1\sources\src -IR:\src\third-party\qscintilla-2.8.4\sources\Qt4Qt5 -IR:\src\third-party\qscintilla-2.8.4\sources\include -IR:\src\third-party\qscintilla-2.8.4\sources\lexlib -IR:\src\third-party\qscintilla-2.8.4\sources\src -ID:\b\src -IR:\src\third-party\libssh2-1.9.0\sources\include -ID:\a\robomongo\Qt\5.15.2\msvc2019_64\include -ID:\a\robomongo\Qt\5.15.2\msvc2019_64\include\QtWidgets -ID:\a\robomongo\Qt\5.15.2\msvc2019_64\include\QtGui -ID:\a\robomongo\Qt\5.15.2\msvc2019_64\include\QtANGLE -ID:\a\robomongo\Qt\5.15.2\msvc2019_64\include\QtCore -ID:\a\robomongo\Qt\5.15.2\msvc2019_64\.\mkspecs\win32-msvc -ID:\a\robomongo\Qt\5.15.2\msvc2019_64\include\QtNetwork -ID:\a\robomongo\Qt\5.15.2\msvc2019_64\include\QtXml -ID:\a\robomongo\Qt\5.15.2\msvc2019_64\include\QtPrintSupport -IS:\src -IS:\src\third_party\abseil-cpp-master\abseil-cpp -IS:\src\third_party\boost-1.70.0 -IS:\src\third_party\fmt\dist\include -IS:\src\third_party\mozjs-60\include -IS:\src\third_party\mozjs-60\mongo_sources -IS:\src\third_party\pcre-8.42 -IS:\src\third_party\SafeInt -IS:\build\opt -IS:\src\third_party\mozjs-60\platform\x86_64\windows\include -I"C:\Program Files\OpenSSL\include" /DWIN32 /D_WINDOWS /W3 /GR /EHsc -D_UNICODE -DUNICODE -DWIN32 -D_WIN32 -D_CRT_SECURE_NO_WARNINGS -DBOOST_ALL_NO_LIB /wd4355 /wd4800 /wd4267 /wd4244 /wd4290 /wd4068 /wd4351 /MP /MD /O2 /Ob2 /DNDEBUG -std:c++17 /wd4477 /wd4291 /showIncludes /Fosrc\robomongo\CMakeFiles\robomongo.dir\gui\widgets\explorer\ExplorerCollectionIndexesDir.cpp.obj /Fdsrc\robomongo\CMakeFiles\robomongo.dir\ /FS -c R:\src\robomongo\gui\widgets\explorer\ExplorerCollectionIndexesDir.cpp
build-app	Configure and Build Robo 3T	2026-04-14T01:19:33.0881773Z [210/253] C:\PROGRA~1\MICROS~2\2022\ENTERP~1\VC\Tools\MSVC\1416~1.270\bin\HostX64\x64\cl.exe  /nologo /TP -DBOOST_THREAD_DONT_PROVIDE_INTERRUPTIONS -DBOOST_THREAD_DONT_PROVIDE_VARIADIC_THREAD -DBOOST_THREAD_HAS_BUG -DBOOST_THREAD_NO_DEPRECATED -DBOOST_THREAD_VERSION=4 -DBUILDING_ROBO -DBUILD_NUMBER=\"26a32aa\" -DESPRIMA_VERSION=\"2.7.3\" -DGOOGLE_TEST_VERSION=\"1.8.1\" -DLIBSSH2_VERSION=\"1.9.0\" -DMONGO_CONFIG_HAVE_HEADER_UNISTD_H -DMongoDB_VERSION=\"\" -DOPENSSL_VERSION=\"1.1.1u\" -DPCRE_STATIC -DPROJECT_COMPANYNAME="\"3T Software Labs Ltd\"" -DPROJECT_COMPANYNAME_DOMAIN=\"https://studio3t.com/\" -DPROJECT_COPYRIGHT="\"Copyright (C) 2014-2017 3T Software Labs Ltd All Rights Reserved.\"" -DPROJECT_DOMAIN=\"www.robomongo.org\" -DPROJECT_GITHUB_FORK=\"www.github.com/Studio3T/robomongo\" -DPROJECT_GITHUB_ISSUES=\"www.github.com/Studio3T/robomongo/issues\" -DPROJECT_NAME="\"Robo 3T\"" -DPROJECT_NAME_LOWERCASE="\"robo 3t\"" -DPROJECT_NAME_TITLE="\"Robo 3T\"" -DPROJECT_QT_VERSION=\"5.15.2\" -DPROJECT_VERSION=\"1.5.1\" -DPROJECT_VERSION_SHORT=\"1.5\" -DQJSON_STATIC -DQJSON_VERSION=\"0.8.1\" -DQT_CORE_LIB -DQT_GUI_LIB -DQT_NETWORK_LIB -DQT_NO_DEBUG -DQT_PRINTSUPPORT_LIB -DQT_WIDGETS_LIB -DQT_XML_LIB -DSCINTILLA_QT -DSCI_LEXER -D_SILENCE_CXX17_ITERATOR_BASE_CLASS_DEPRECATION_WARNING -D_SILENCE_CXX17_OLD_ALLOCATOR_MEMBERS_DEPRECATION_WARNING -ID:\b\src\robomongo\robomongo_autogen\include -IR:\src -IR:\src\third-party\qjson-0.8.1\sources\src -IR:\src\third-party\qscintilla-2.8.4\sources\Qt4Qt5 -IR:\src\third-party\qscintilla-2.8.4\sources\include -IR:\src\third-party\qscintilla-2.8.4\sources\lexlib -IR:\src\third-party\qscintilla-2.8.4\sources\src -ID:\b\src -IR:\src\third-party\libssh2-1.9.0\sources\include -ID:\a\robomongo\Qt\5.15.2\msvc2019_64\include -ID:\a\robomongo\Qt\5.15.2\msvc2019_64\include\QtWidgets -ID:\a\robomongo\Qt\5.15.2\msvc2019_64\include\QtGui -ID:\a\robomongo\Qt\5.15.2\msvc2019_64\include\QtANGLE -ID:\a\robomongo\Qt\5.15.2\msvc2019_64\include\QtCore -ID:\a\robomongo\Qt\5.15.2\msvc2019_64\.\mkspecs\win32-msvc -ID:\a\robomongo\Qt\5.15.2\msvc2019_64\include\QtNetwork -ID:\a\robomongo\Qt\5.15.2\msvc2019_64\include\QtXml -ID:\a\robomongo\Qt\5.15.2\msvc2019_64\include\QtPrintSupport -IS:\src -IS:\src\third_party\abseil-cpp-master\abseil-cpp -IS:\src\third_party\boost-1.70.0 -IS:\src\third_party\fmt\dist\include -IS:\src\third_party\mozjs-60\include -IS:\src\third_party\mozjs-60\mongo_sources -IS:\src\third_party\pcre-8.42 -IS:\src\third_party\SafeInt -IS:\build\opt -IS:\src\third_party\mozjs-60\platform\x86_64\windows\include -I"C:\Program Files\OpenSSL\include" /DWIN32 /D_WINDOWS /W3 /GR /EHsc -D_UNICODE -DUNICODE -DWIN32 -D_WIN32 -D_CRT_SECURE_NO_WARNINGS -DBOOST_ALL_NO_LIB /wd4355 /wd4800 /wd4267 /wd4244 /wd4290 /wd4068 /wd4351 /MP /MD /O2 /Ob2 /DNDEBUG -std:c++17 /wd4477 /wd4291 /showIncludes /Fosrc\robomongo\CMakeFiles\robomongo.dir\gui\widgets\explorer\ExplorerCollectionIndexItem.cpp.obj /Fdsrc\robomongo\CMakeFiles\robomongo.dir\ /FS -c R:\src\robomongo\gui\widgets\explorer\ExplorerCollectionIndexItem.cpp
build-app	Configure and Build Robo 3T	2026-04-14T01:19:40.2582098Z [211/253] C:\PROGRA~1\MICROS~2\2022\ENTERP~1\VC\Tools\MSVC\1416~1.270\bin\HostX64\x64\cl.exe  /nologo /TP -DBOOST_THREAD_DONT_PROVIDE_INTERRUPTIONS -DBOOST_THREAD_DONT_PROVIDE_VARIADIC_THREAD -DBOOST_THREAD_HAS_BUG -DBOOST_THREAD_NO_DEPRECATED -DBOOST_THREAD_VERSION=4 -DBUILDING_ROBO -DBUILD_NUMBER=\"26a32aa\" -DESPRIMA_VERSION=\"2.7.3\" -DGOOGLE_TEST_VERSION=\"1.8.1\" -DLIBSSH2_VERSION=\"1.9.0\" -DMONGO_CONFIG_HAVE_HEADER_UNISTD_H -DMongoDB_VERSION=\"\" -DOPENSSL_VERSION=\"1.1.1u\" -DPCRE_STATIC -DPROJECT_COMPANYNAME="\"3T Software Labs Ltd\"" -DPROJECT_COMPANYNAME_DOMAIN=\"https://studio3t.com/\" -DPROJECT_COPYRIGHT="\"Copyright (C) 2014-2017 3T Software Labs Ltd All Rights Reserved.\"" -DPROJECT_DOMAIN=\"www.robomongo.org\" -DPROJECT_GITHUB_FORK=\"www.github.com/Studio3T/robomongo\" -DPROJECT_GITHUB_ISSUES=\"www.github.com/Studio3T/robomongo/issues\" -DPROJECT_NAME="\"Robo 3T\"" -DPROJECT_NAME_LOWERCASE="\"robo 3t\"" -DPROJECT_NAME_TITLE="\"Robo 3T\"" -DPROJECT_QT_VERSION=\"5.15.2\" -DPROJECT_VERSION=\"1.5.1\" -DPROJECT_VERSION_SHORT=\"1.5\" -DQJSON_STATIC -DQJSON_VERSION=\"0.8.1\" -DQT_CORE_LIB -DQT_GUI_LIB -DQT_NETWORK_LIB -DQT_NO_DEBUG -DQT_PRINTSUPPORT_LIB -DQT_WIDGETS_LIB -DQT_XML_LIB -DSCINTILLA_QT -DSCI_LEXER -D_SILENCE_CXX17_ITERATOR_BASE_CLASS_DEPRECATION_WARNING -D_SILENCE_CXX17_OLD_ALLOCATOR_MEMBERS_DEPRECATION_WARNING -ID:\b\src\robomongo\robomongo_autogen\include -IR:\src -IR:\src\third-party\qjson-0.8.1\sources\src -IR:\src\third-party\qscintilla-2.8.4\sources\Qt4Qt5 -IR:\src\third-party\qscintilla-2.8.4\sources\include -IR:\src\third-party\qscintilla-2.8.4\sources\lexlib -IR:\src\third-party\qscintilla-2.8.4\sources\src -ID:\b\src -IR:\src\third-party\libssh2-1.9.0\sources\include -ID:\a\robomongo\Qt\5.15.2\msvc2019_64\include -ID:\a\robomongo\Qt\5.15.2\msvc2019_64\include\QtWidgets -ID:\a\robomongo\Qt\5.15.2\msvc2019_64\include\QtGui -ID:\a\robomongo\Qt\5.15.2\msvc2019_64\include\QtANGLE -ID:\a\robomongo\Qt\5.15.2\msvc2019_64\include\QtCore -ID:\a\robomongo\Qt\5.15.2\msvc2019_64\.\mkspecs\win32-msvc -ID:\a\robomongo\Qt\5.15.2\msvc2019_64\include\QtNetwork -ID:\a\robomongo\Qt\5.15.2\msvc2019_64\include\QtXml -ID:\a\robomongo\Qt\5.15.2\msvc2019_64\include\QtPrintSupport -IS:\src -IS:\src\third_party\abseil-cpp-master\abseil-cpp -IS:\src\third_party\boost-1.70.0 -IS:\src\third_party\fmt\dist\include -IS:\src\third_party\mozjs-60\include -IS:\src\third_party\mozjs-60\mongo_sources -IS:\src\third_party\pcre-8.42 -IS:\src\third_party\SafeInt -IS:\build\opt -IS:\src\third_party\mozjs-60\platform\x86_64\windows\include -I"C:\Program Files\OpenSSL\include" /DWIN32 /D_WINDOWS /W3 /GR /EHsc -D_UNICODE -DUNICODE -DWIN32 -D_WIN32 -D_CRT_SECURE_NO_WARNINGS -DBOOST_ALL_NO_LIB /wd4355 /wd4800 /wd4267 /wd4244 /wd4290 /wd4068 /wd4351 /MP /MD /O2 /Ob2 /DNDEBUG -std:c++17 /wd4477 /wd4291 /showIncludes /Fosrc\robomongo\CMakeFiles\robomongo.dir\gui\widgets\explorer\ExplorerReplicaSetFolderItem.cpp.obj /Fdsrc\robomongo\CMakeFiles\robomongo.dir\ /FS -c R:\src\robomongo\gui\widgets\explorer\ExplorerReplicaSetFolderItem.cpp
build-app	Configure and Build Robo 3T	2026-04-14T01:19:40.8529556Z [212/253] C:\PROGRA~1\MICROS~2\2022\ENTERP~1\VC\Tools\MSVC\1416~1.270\bin\HostX64\x64\cl.exe  /nologo /TP -DBOOST_THREAD_DONT_PROVIDE_INTERRUPTIONS -DBOOST_THREAD_DONT_PROVIDE_VARIADIC_THREAD -DBOOST_THREAD_HAS_BUG -DBOOST_THREAD_NO_DEPRECATED -DBOOST_THREAD_VERSION=4 -DBUILDING_ROBO -DBUILD_NUMBER=\"26a32aa\" -DESPRIMA_VERSION=\"2.7.3\" -DGOOGLE_TEST_VERSION=\"1.8.1\" -DLIBSSH2_VERSION=\"1.9.0\" -DMONGO_CONFIG_HAVE_HEADER_UNISTD_H -DMongoDB_VERSION=\"\" -DOPENSSL_VERSION=\"1.1.1u\" -DPCRE_STATIC -DPROJECT_COMPANYNAME="\"3T Software Labs Ltd\"" -DPROJECT_COMPANYNAME_DOMAIN=\"https://studio3t.com/\" -DPROJECT_COPYRIGHT="\"Copyright (C) 2014-2017 3T Software Labs Ltd All Rights Reserved.\"" -DPROJECT_DOMAIN=\"www.robomongo.org\" -DPROJECT_GITHUB_FORK=\"www.github.com/Studio3T/robomongo\" -DPROJECT_GITHUB_ISSUES=\"www.github.com/Studio3T/robomongo/issues\" -DPROJECT_NAME="\"Robo 3T\"" -DPROJECT_NAME_LOWERCASE="\"robo 3t\"" -DPROJECT_NAME_TITLE="\"Robo 3T\"" -DPROJECT_QT_VERSION=\"5.15.2\" -DPROJECT_VERSION=\"1.5.1\" -DPROJECT_VERSION_SHORT=\"1.5\" -DQJSON_STATIC -DQJSON_VERSION=\"0.8.1\" -DQT_CORE_LIB -DQT_GUI_LIB -DQT_NETWORK_LIB -DQT_NO_DEBUG -DQT_PRINTSUPPORT_LIB -DQT_WIDGETS_LIB -DQT_XML_LIB -DSCINTILLA_QT -DSCI_LEXER -D_SILENCE_CXX17_ITERATOR_BASE_CLASS_DEPRECATION_WARNING -D_SILENCE_CXX17_OLD_ALLOCATOR_MEMBERS_DEPRECATION_WARNING -ID:\b\src\robomongo\robomongo_autogen\include -IR:\src -IR:\src\third-party\qjson-0.8.1\sources\src -IR:\src\third-party\qscintilla-2.8.4\sources\Qt4Qt5 -IR:\src\third-party\qscintilla-2.8.4\sources\include -IR:\src\third-party\qscintilla-2.8.4\sources\lexlib -IR:\src\third-party\qscintilla-2.8.4\sources\src -ID:\b\src -IR:\src\third-party\libssh2-1.9.0\sources\include -ID:\a\robomongo\Qt\5.15.2\msvc2019_64\include -ID:\a\robomongo\Qt\5.15.2\msvc2019_64\include\QtWidgets -ID:\a\robomongo\Qt\5.15.2\msvc2019_64\include\QtGui -ID:\a\robomongo\Qt\5.15.2\msvc2019_64\include\QtANGLE -ID:\a\robomongo\Qt\5.15.2\msvc2019_64\include\QtCore -ID:\a\robomongo\Qt\5.15.2\msvc2019_64\.\mkspecs\win32-msvc -ID:\a\robomongo\Qt\5.15.2\msvc2019_64\include\QtNetwork -ID:\a\robomongo\Qt\5.15.2\msvc2019_64\include\QtXml -ID:\a\robomongo\Qt\5.15.2\msvc2019_64\include\QtPrintSupport -IS:\src -IS:\src\third_party\abseil-cpp-master\abseil-cpp -IS:\src\third_party\boost-1.70.0 -IS:\src\third_party\fmt\dist\include -IS:\src\third_party\mozjs-60\include -IS:\src\third_party\mozjs-60\mongo_sources -IS:\src\third_party\pcre-8.42 -IS:\src\third_party\SafeInt -IS:\build\opt -IS:\src\third_party\mozjs-60\platform\x86_64\windows\include -I"C:\Program Files\OpenSSL\include" /DWIN32 /D_WINDOWS /W3 /GR /EHsc -D_UNICODE -DUNICODE -DWIN32 -D_WIN32 -D_CRT_SECURE_NO_WARNINGS -DBOOST_ALL_NO_LIB /wd4355 /wd4800 /wd4267 /wd4244 /wd4290 /wd4068 /wd4351 /MP /MD /O2 /Ob2 /DNDEBUG -std:c++17 /wd4477 /wd4291 /showIncludes /Fosrc\robomongo\CMakeFiles\robomongo.dir\gui\widgets\explorer\ExplorerReplicaSetTreeItem.cpp.obj /Fdsrc\robomongo\CMakeFiles\robomongo.dir\ /FS -c R:\src\robomongo\gui\widgets\explorer\ExplorerReplicaSetTreeItem.cpp
build-app	Configure and Build Robo 3T	2026-04-14T01:19:42.7086796Z [213/253] C:\PROGRA~1\MICROS~2\2022\ENTERP~1\VC\Tools\MSVC\1416~1.270\bin\HostX64\x64\cl.exe  /nologo /TP -DBOOST_THREAD_DONT_PROVIDE_INTERRUPTIONS -DBOOST_THREAD_DONT_PROVIDE_VARIADIC_THREAD -DBOOST_THREAD_HAS_BUG -DBOOST_THREAD_NO_DEPRECATED -DBOOST_THREAD_VERSION=4 -DBUILDING_ROBO -DBUILD_NUMBER=\"26a32aa\" -DESPRIMA_VERSION=\"2.7.3\" -DGOOGLE_TEST_VERSION=\"1.8.1\" -DLIBSSH2_VERSION=\"1.9.0\" -DMONGO_CONFIG_HAVE_HEADER_UNISTD_H -DMongoDB_VERSION=\"\" -DOPENSSL_VERSION=\"1.1.1u\" -DPCRE_STATIC -DPROJECT_COMPANYNAME="\"3T Software Labs Ltd\"" -DPROJECT_COMPANYNAME_DOMAIN=\"https://studio3t.com/\" -DPROJECT_COPYRIGHT="\"Copyright (C) 2014-2017 3T Software Labs Ltd All Rights Reserved.\"" -DPROJECT_DOMAIN=\"www.robomongo.org\" -DPROJECT_GITHUB_FORK=\"www.github.com/Studio3T/robomongo\" -DPROJECT_GITHUB_ISSUES=\"www.github.com/Studio3T/robomongo/issues\" -DPROJECT_NAME="\"Robo 3T\"" -DPROJECT_NAME_LOWERCASE="\"robo 3t\"" -DPROJECT_NAME_TITLE="\"Robo 3T\"" -DPROJECT_QT_VERSION=\"5.15.2\" -DPROJECT_VERSION=\"1.5.1\" -DPROJECT_VERSION_SHORT=\"1.5\" -DQJSON_STATIC -DQJSON_VERSION=\"0.8.1\" -DQT_CORE_LIB -DQT_GUI_LIB -DQT_NETWORK_LIB -DQT_NO_DEBUG -DQT_PRINTSUPPORT_LIB -DQT_WIDGETS_LIB -DQT_XML_LIB -DSCINTILLA_QT -DSCI_LEXER -D_SILENCE_CXX17_ITERATOR_BASE_CLASS_DEPRECATION_WARNING -D_SILENCE_CXX17_OLD_ALLOCATOR_MEMBERS_DEPRECATION_WARNING -ID:\b\src\robomongo\robomongo_autogen\include -IR:\src -IR:\src\third-party\qjson-0.8.1\sources\src -IR:\src\third-party\qscintilla-2.8.4\sources\Qt4Qt5 -IR:\src\third-party\qscintilla-2.8.4\sources\include -IR:\src\third-party\qscintilla-2.8.4\sources\lexlib -IR:\src\third-party\qscintilla-2.8.4\sources\src -ID:\b\src -IR:\src\third-party\libssh2-1.9.0\sources\include -ID:\a\robomongo\Qt\5.15.2\msvc2019_64\include -ID:\a\robomongo\Qt\5.15.2\msvc2019_64\include\QtWidgets -ID:\a\robomongo\Qt\5.15.2\msvc2019_64\include\QtGui -ID:\a\robomongo\Qt\5.15.2\msvc2019_64\include\QtANGLE -ID:\a\robomongo\Qt\5.15.2\msvc2019_64\include\QtCore -ID:\a\robomongo\Qt\5.15.2\msvc2019_64\.\mkspecs\win32-msvc -ID:\a\robomongo\Qt\5.15.2\msvc2019_64\include\QtNetwork -ID:\a\robomongo\Qt\5.15.2\msvc2019_64\include\QtXml -ID:\a\robomongo\Qt\5.15.2\msvc2019_64\include\QtPrintSupport -IS:\src -IS:\src\third_party\abseil-cpp-master\abseil-cpp -IS:\src\third_party\boost-1.70.0 -IS:\src\third_party\fmt\dist\include -IS:\src\third_party\mozjs-60\include -IS:\src\third_party\mozjs-60\mongo_sources -IS:\src\third_party\pcre-8.42 -IS:\src\third_party\SafeInt -IS:\build\opt -IS:\src\third_party\mozjs-60\platform\x86_64\windows\include -I"C:\Program Files\OpenSSL\include" /DWIN32 /D_WINDOWS /W3 /GR /EHsc -D_UNICODE -DUNICODE -DWIN32 -D_WIN32 -D_CRT_SECURE_NO_WARNINGS -DBOOST_ALL_NO_LIB /wd4355 /wd4800 /wd4267 /wd4244 /wd4290 /wd4068 /wd4351 /MP /MD /O2 /Ob2 /DNDEBUG -std:c++17 /wd4477 /wd4291 /showIncludes /Fosrc\robomongo\CMakeFiles\robomongo.dir\gui\widgets\explorer\ExplorerDatabaseTreeItem.cpp.obj /Fdsrc\robomongo\CMakeFiles\robomongo.dir\ /FS -c R:\src\robomongo\gui\widgets\explorer\ExplorerDatabaseTreeItem.cpp
build-app	Configure and Build Robo 3T	2026-04-14T01:19:43.9612725Z [214/253] C:\PROGRA~1\MICROS~2\2022\ENTERP~1\VC\Tools\MSVC\1416~1.270\bin\HostX64\x64\cl.exe  /nologo /TP -DBOOST_THREAD_DONT_PROVIDE_INTERRUPTIONS -DBOOST_THREAD_DONT_PROVIDE_VARIADIC_THREAD -DBOOST_THREAD_HAS_BUG -DBOOST_THREAD_NO_DEPRECATED -DBOOST_THREAD_VERSION=4 -DBUILDING_ROBO -DBUILD_NUMBER=\"26a32aa\" -DESPRIMA_VERSION=\"2.7.3\" -DGOOGLE_TEST_VERSION=\"1.8.1\" -DLIBSSH2_VERSION=\"1.9.0\" -DMONGO_CONFIG_HAVE_HEADER_UNISTD_H -DMongoDB_VERSION=\"\" -DOPENSSL_VERSION=\"1.1.1u\" -DPCRE_STATIC -DPROJECT_COMPANYNAME="\"3T Software Labs Ltd\"" -DPROJECT_COMPANYNAME_DOMAIN=\"https://studio3t.com/\" -DPROJECT_COPYRIGHT="\"Copyright (C) 2014-2017 3T Software Labs Ltd All Rights Reserved.\"" -DPROJECT_DOMAIN=\"www.robomongo.org\" -DPROJECT_GITHUB_FORK=\"www.github.com/Studio3T/robomongo\" -DPROJECT_GITHUB_ISSUES=\"www.github.com/Studio3T/robomongo/issues\" -DPROJECT_NAME="\"Robo 3T\"" -DPROJECT_NAME_LOWERCASE="\"robo 3t\"" -DPROJECT_NAME_TITLE="\"Robo 3T\"" -DPROJECT_QT_VERSION=\"5.15.2\" -DPROJECT_VERSION=\"1.5.1\" -DPROJECT_VERSION_SHORT=\"1.5\" -DQJSON_STATIC -DQJSON_VERSION=\"0.8.1\" -DQT_CORE_LIB -DQT_GUI_LIB -DQT_NETWORK_LIB -DQT_NO_DEBUG -DQT_PRINTSUPPORT_LIB -DQT_WIDGETS_LIB -DQT_XML_LIB -DSCINTILLA_QT -DSCI_LEXER -D_SILENCE_CXX17_ITERATOR_BASE_CLASS_DEPRECATION_WARNING -D_SILENCE_CXX17_OLD_ALLOCATOR_MEMBERS_DEPRECATION_WARNING -ID:\b\src\robomongo\robomongo_autogen\include -IR:\src -IR:\src\third-party\qjson-0.8.1\sources\src -IR:\src\third-party\qscintilla-2.8.4\sources\Qt4Qt5 -IR:\src\third-party\qscintilla-2.8.4\sources\include -IR:\src\third-party\qscintilla-2.8.4\sources\lexlib -IR:\src\third-party\qscintilla-2.8.4\sources\src -ID:\b\src -IR:\src\third-party\libssh2-1.9.0\sources\include -ID:\a\robomongo\Qt\5.15.2\msvc2019_64\include -ID:\a\robomongo\Qt\5.15.2\msvc2019_64\include\QtWidgets -ID:\a\robomongo\Qt\5.15.2\msvc2019_64\include\QtGui -ID:\a\robomongo\Qt\5.15.2\msvc2019_64\include\QtANGLE -ID:\a\robomongo\Qt\5.15.2\msvc2019_64\include\QtCore -ID:\a\robomongo\Qt\5.15.2\msvc2019_64\.\mkspecs\win32-msvc -ID:\a\robomongo\Qt\5.15.2\msvc2019_64\include\QtNetwork -ID:\a\robomongo\Qt\5.15.2\msvc2019_64\include\QtXml -ID:\a\robomongo\Qt\5.15.2\msvc2019_64\include\QtPrintSupport -IS:\src -IS:\src\third_party\abseil-cpp-master\abseil-cpp -IS:\src\third_party\boost-1.70.0 -IS:\src\third_party\fmt\dist\include -IS:\src\third_party\mozjs-60\include -IS:\src\third_party\mozjs-60\mongo_sources -IS:\src\third_party\pcre-8.42 -IS:\src\third_party\SafeInt -IS:\build\opt -IS:\src\third_party\mozjs-60\platform\x86_64\windows\include -I"C:\Program Files\OpenSSL\include" /DWIN32 /D_WINDOWS /W3 /GR /EHsc -D_UNICODE -DUNICODE -DWIN32 -D_WIN32 -D_CRT_SECURE_NO_WARNINGS -DBOOST_ALL_NO_LIB /wd4355 /wd4800 /wd4267 /wd4244 /wd4290 /wd4068 /wd4351 /MP /MD /O2 /Ob2 /DNDEBUG -std:c++17 /wd4477 /wd4291 /showIncludes /Fosrc\robomongo\CMakeFiles\robomongo.dir\gui\widgets\explorer\ExplorerFunctionTreeItem.cpp.obj /Fdsrc\robomongo\CMakeFiles\robomongo.dir\ /FS -c R:\src\robomongo\gui\widgets\explorer\ExplorerFunctionTreeItem.cpp
build-app	Configure and Build Robo 3T	2026-04-14T01:19:44.5303113Z [215/253] C:\PROGRA~1\MICROS~2\2022\ENTERP~1\VC\Tools\MSVC\1416~1.270\bin\HostX64\x64\cl.exe  /nologo /TP -DBOOST_THREAD_DONT_PROVIDE_INTERRUPTIONS -DBOOST_THREAD_DONT_PROVIDE_VARIADIC_THREAD -DBOOST_THREAD_HAS_BUG -DBOOST_THREAD_NO_DEPRECATED -DBOOST_THREAD_VERSION=4 -DBUILDING_ROBO -DBUILD_NUMBER=\"26a32aa\" -DESPRIMA_VERSION=\"2.7.3\" -DGOOGLE_TEST_VERSION=\"1.8.1\" -DLIBSSH2_VERSION=\"1.9.0\" -DMONGO_CONFIG_HAVE_HEADER_UNISTD_H -DMongoDB_VERSION=\"\" -DOPENSSL_VERSION=\"1.1.1u\" -DPCRE_STATIC -DPROJECT_COMPANYNAME="\"3T Software Labs Ltd\"" -DPROJECT_COMPANYNAME_DOMAIN=\"https://studio3t.com/\" -DPROJECT_COPYRIGHT="\"Copyright (C) 2014-2017 3T Software Labs Ltd All Rights Reserved.\"" -DPROJECT_DOMAIN=\"www.robomongo.org\" -DPROJECT_GITHUB_FORK=\"www.github.com/Studio3T/robomongo\" -DPROJECT_GITHUB_ISSUES=\"www.github.com/Studio3T/robomongo/issues\" -DPROJECT_NAME="\"Robo 3T\"" -DPROJECT_NAME_LOWERCASE="\"robo 3t\"" -DPROJECT_NAME_TITLE="\"Robo 3T\"" -DPROJECT_QT_VERSION=\"5.15.2\" -DPROJECT_VERSION=\"1.5.1\" -DPROJECT_VERSION_SHORT=\"1.5\" -DQJSON_STATIC -DQJSON_VERSION=\"0.8.1\" -DQT_CORE_LIB -DQT_GUI_LIB -DQT_NETWORK_LIB -DQT_NO_DEBUG -DQT_PRINTSUPPORT_LIB -DQT_WIDGETS_LIB -DQT_XML_LIB -DSCINTILLA_QT -DSCI_LEXER -D_SILENCE_CXX17_ITERATOR_BASE_CLASS_DEPRECATION_WARNING -D_SILENCE_CXX17_OLD_ALLOCATOR_MEMBERS_DEPRECATION_WARNING -ID:\b\src\robomongo\robomongo_autogen\include -IR:\src -IR:\src\third-party\qjson-0.8.1\sources\src -IR:\src\third-party\qscintilla-2.8.4\sources\Qt4Qt5 -IR:\src\third-party\qscintilla-2.8.4\sources\include -IR:\src\third-party\qscintilla-2.8.4\sources\lexlib -IR:\src\third-party\qscintilla-2.8.4\sources\src -ID:\b\src -IR:\src\third-party\libssh2-1.9.0\sources\include -ID:\a\robomongo\Qt\5.15.2\msvc2019_64\include -ID:\a\robomongo\Qt\5.15.2\msvc2019_64\include\QtWidgets -ID:\a\robomongo\Qt\5.15.2\msvc2019_64\include\QtGui -ID:\a\robomongo\Qt\5.15.2\msvc2019_64\include\QtANGLE -ID:\a\robomongo\Qt\5.15.2\msvc2019_64\include\QtCore -ID:\a\robomongo\Qt\5.15.2\msvc2019_64\.\mkspecs\win32-msvc -ID:\a\robomongo\Qt\5.15.2\msvc2019_64\include\QtNetwork -ID:\a\robomongo\Qt\5.15.2\msvc2019_64\include\QtXml -ID:\a\robomongo\Qt\5.15.2\msvc2019_64\include\QtPrintSupport -IS:\src -IS:\src\third_party\abseil-cpp-master\abseil-cpp -IS:\src\third_party\boost-1.70.0 -IS:\src\third_party\fmt\dist\include -IS:\src\third_party\mozjs-60\include -IS:\src\third_party\mozjs-60\mongo_sources -IS:\src\third_party\pcre-8.42 -IS:\src\third_party\SafeInt -IS:\build\opt -IS:\src\third_party\mozjs-60\platform\x86_64\windows\include -I"C:\Program Files\OpenSSL\include" /DWIN32 /D_WINDOWS /W3 /GR /EHsc -D_UNICODE -DUNICODE -DWIN32 -D_WIN32 -D_CRT_SECURE_NO_WARNINGS -DBOOST_ALL_NO_LIB /wd4355 /wd4800 /wd4267 /wd4244 /wd4290 /wd4068 /wd4351 /MP /MD /O2 /Ob2 /DNDEBUG -std:c++17 /wd4477 /wd4291 /showIncludes /Fosrc\robomongo\CMakeFiles\robomongo.dir\gui\widgets\explorer\ExplorerUserTreeItem.cpp.obj /Fdsrc\robomongo\CMakeFiles\robomongo.dir\ /FS -c R:\src\robomongo\gui\widgets\explorer\ExplorerUserTreeItem.cpp
build-app	Configure and Build Robo 3T	2026-04-14T01:19:45.6656930Z [216/253] C:\PROGRA~1\MICROS~2\2022\ENTERP~1\VC\Tools\MSVC\1416~1.270\bin\HostX64\x64\cl.exe  /nologo /TP -DBOOST_THREAD_DONT_PROVIDE_INTERRUPTIONS -DBOOST_THREAD_DONT_PROVIDE_VARIADIC_THREAD -DBOOST_THREAD_HAS_BUG -DBOOST_THREAD_NO_DEPRECATED -DBOOST_THREAD_VERSION=4 -DBUILDING_ROBO -DBUILD_NUMBER=\"26a32aa\" -DESPRIMA_VERSION=\"2.7.3\" -DGOOGLE_TEST_VERSION=\"1.8.1\" -DLIBSSH2_VERSION=\"1.9.0\" -DMONGO_CONFIG_HAVE_HEADER_UNISTD_H -DMongoDB_VERSION=\"\" -DOPENSSL_VERSION=\"1.1.1u\" -DPCRE_STATIC -DPROJECT_COMPANYNAME="\"3T Software Labs Ltd\"" -DPROJECT_COMPANYNAME_DOMAIN=\"https://studio3t.com/\" -DPROJECT_COPYRIGHT="\"Copyright (C) 2014-2017 3T Software Labs Ltd All Rights Reserved.\"" -DPROJECT_DOMAIN=\"www.robomongo.org\" -DPROJECT_GITHUB_FORK=\"www.github.com/Studio3T/robomongo\" -DPROJECT_GITHUB_ISSUES=\"www.github.com/Studio3T/robomongo/issues\" -DPROJECT_NAME="\"Robo 3T\"" -DPROJECT_NAME_LOWERCASE="\"robo 3t\"" -DPROJECT_NAME_TITLE="\"Robo 3T\"" -DPROJECT_QT_VERSION=\"5.15.2\" -DPROJECT_VERSION=\"1.5.1\" -DPROJECT_VERSION_SHORT=\"1.5\" -DQJSON_STATIC -DQJSON_VERSION=\"0.8.1\" -DQT_CORE_LIB -DQT_GUI_LIB -DQT_NETWORK_LIB -DQT_NO_DEBUG -DQT_PRINTSUPPORT_LIB -DQT_WIDGETS_LIB -DQT_XML_LIB -DSCINTILLA_QT -DSCI_LEXER -D_SILENCE_CXX17_ITERATOR_BASE_CLASS_DEPRECATION_WARNING -D_SILENCE_CXX17_OLD_ALLOCATOR_MEMBERS_DEPRECATION_WARNING -ID:\b\src\robomongo\robomongo_autogen\include -IR:\src -IR:\src\third-party\qjson-0.8.1\sources\src -IR:\src\third-party\qscintilla-2.8.4\sources\Qt4Qt5 -IR:\src\third-party\qscintilla-2.8.4\sources\include -IR:\src\third-party\qscintilla-2.8.4\sources\lexlib -IR:\src\third-party\qscintilla-2.8.4\sources\src -ID:\b\src -IR:\src\third-party\libssh2-1.9.0\sources\include -ID:\a\robomongo\Qt\5.15.2\msvc2019_64\include -ID:\a\robomongo\Qt\5.15.2\msvc2019_64\include\QtWidgets -ID:\a\robomongo\Qt\5.15.2\msvc2019_64\include\QtGui -ID:\a\robomongo\Qt\5.15.2\msvc2019_64\include\QtANGLE -ID:\a\robomongo\Qt\5.15.2\msvc2019_64\include\QtCore -ID:\a\robomongo\Qt\5.15.2\msvc2019_64\.\mkspecs\win32-msvc -ID:\a\robomongo\Qt\5.15.2\msvc2019_64\include\QtNetwork -ID:\a\robomongo\Qt\5.15.2\msvc2019_64\include\QtXml -ID:\a\robomongo\Qt\5.15.2\msvc2019_64\include\QtPrintSupport -IS:\src -IS:\src\third_party\abseil-cpp-master\abseil-cpp -IS:\src\third_party\boost-1.70.0 -IS:\src\third_party\fmt\dist\include -IS:\src\third_party\mozjs-60\include -IS:\src\third_party\mozjs-60\mongo_sources -IS:\src\third_party\pcre-8.42 -IS:\src\third_party\SafeInt -IS:\build\opt -IS:\src\third_party\mozjs-60\platform\x86_64\windows\include -I"C:\Program Files\OpenSSL\include" /DWIN32 /D_WINDOWS /W3 /GR /EHsc -D_UNICODE -DUNICODE -DWIN32 -D_WIN32 -D_CRT_SECURE_NO_WARNINGS -DBOOST_ALL_NO_LIB /wd4355 /wd4800 /wd4267 /wd4244 /wd4290 /wd4068 /wd4351 /MP /MD /O2 /Ob2 /DNDEBUG -std:c++17 /wd4477 /wd4291 /showIncludes /Fosrc\robomongo\CMakeFiles\robomongo.dir\gui\widgets\explorer\ExplorerDatabaseCategoryTreeItem.cpp.obj /Fdsrc\robomongo\CMakeFiles\robomongo.dir\ /FS -c R:\src\robomongo\gui\widgets\explorer\ExplorerDatabaseCategoryTreeItem.cpp
build-app	Configure and Build Robo 3T	2026-04-14T01:19:48.7956438Z [217/253] C:\PROGRA~1\MICROS~2\2022\ENTERP~1\VC\Tools\MSVC\1416~1.270\bin\HostX64\x64\cl.exe  /nologo /TP -DBOOST_THREAD_DONT_PROVIDE_INTERRUPTIONS -DBOOST_THREAD_DONT_PROVIDE_VARIADIC_THREAD -DBOOST_THREAD_HAS_BUG -DBOOST_THREAD_NO_DEPRECATED -DBOOST_THREAD_VERSION=4 -DBUILDING_ROBO -DBUILD_NUMBER=\"26a32aa\" -DESPRIMA_VERSION=\"2.7.3\" -DGOOGLE_TEST_VERSION=\"1.8.1\" -DLIBSSH2_VERSION=\"1.9.0\" -DMONGO_CONFIG_HAVE_HEADER_UNISTD_H -DMongoDB_VERSION=\"\" -DOPENSSL_VERSION=\"1.1.1u\" -DPCRE_STATIC -DPROJECT_COMPANYNAME="\"3T Software Labs Ltd\"" -DPROJECT_COMPANYNAME_DOMAIN=\"https://studio3t.com/\" -DPROJECT_COPYRIGHT="\"Copyright (C) 2014-2017 3T Software Labs Ltd All Rights Reserved.\"" -DPROJECT_DOMAIN=\"www.robomongo.org\" -DPROJECT_GITHUB_FORK=\"www.github.com/Studio3T/robomongo\" -DPROJECT_GITHUB_ISSUES=\"www.github.com/Studio3T/robomongo/issues\" -DPROJECT_NAME="\"Robo 3T\"" -DPROJECT_NAME_LOWERCASE="\"robo 3t\"" -DPROJECT_NAME_TITLE="\"Robo 3T\"" -DPROJECT_QT_VERSION=\"5.15.2\" -DPROJECT_VERSION=\"1.5.1\" -DPROJECT_VERSION_SHORT=\"1.5\" -DQJSON_STATIC -DQJSON_VERSION=\"0.8.1\" -DQT_CORE_LIB -DQT_GUI_LIB -DQT_NETWORK_LIB -DQT_NO_DEBUG -DQT_PRINTSUPPORT_LIB -DQT_WIDGETS_LIB -DQT_XML_LIB -DSCINTILLA_QT -DSCI_LEXER -D_SILENCE_CXX17_ITERATOR_BASE_CLASS_DEPRECATION_WARNING -D_SILENCE_CXX17_OLD_ALLOCATOR_MEMBERS_DEPRECATION_WARNING -ID:\b\src\robomongo\robomongo_autogen\include -IR:\src -IR:\src\third-party\qjson-0.8.1\sources\src -IR:\src\third-party\qscintilla-2.8.4\sources\Qt4Qt5 -IR:\src\third-party\qscintilla-2.8.4\sources\include -IR:\src\third-party\qscintilla-2.8.4\sources\lexlib -IR:\src\third-party\qscintilla-2.8.4\sources\src -ID:\b\src -IR:\src\third-party\libssh2-1.9.0\sources\include -ID:\a\robomongo\Qt\5.15.2\msvc2019_64\include -ID:\a\robomongo\Qt\5.15.2\msvc2019_64\include\QtWidgets -ID:\a\robomongo\Qt\5.15.2\msvc2019_64\include\QtGui -ID:\a\robomongo\Qt\5.15.2\msvc2019_64\include\QtANGLE -ID:\a\robomongo\Qt\5.15.2\msvc2019_64\include\QtCore -ID:\a\robomongo\Qt\5.15.2\msvc2019_64\.\mkspecs\win32-msvc -ID:\a\robomongo\Qt\5.15.2\msvc2019_64\include\QtNetwork -ID:\a\robomongo\Qt\5.15.2\msvc2019_64\include\QtXml -ID:\a\robomongo\Qt\5.15.2\msvc2019_64\include\QtPrintSupport -IS:\src -IS:\src\third_party\abseil-cpp-master\abseil-cpp -IS:\src\third_party\boost-1.70.0 -IS:\src\third_party\fmt\dist\include -IS:\src\third_party\mozjs-60\include -IS:\src\third_party\mozjs-60\mongo_sources -IS:\src\third_party\pcre-8.42 -IS:\src\third_party\SafeInt -IS:\build\opt -IS:\src\third_party\mozjs-60\platform\x86_64\windows\include -I"C:\Program Files\OpenSSL\include" /DWIN32 /D_WINDOWS /W3 /GR /EHsc -D_UNICODE -DUNICODE -DWIN32 -D_WIN32 -D_CRT_SECURE_NO_WARNINGS -DBOOST_ALL_NO_LIB /wd4355 /wd4800 /wd4267 /wd4244 /wd4290 /wd4068 /wd4351 /MP /MD /O2 /Ob2 /DNDEBUG -std:c++17 /wd4477 /wd4291 /showIncludes /Fosrc\robomongo\CMakeFiles\robomongo.dir\gui\widgets\explorer\ExplorerFavoritesItem.cpp.obj /Fdsrc\robomongo\CMakeFiles\robomongo.dir\ /FS -c R:\src\robomongo\gui\widgets\explorer\ExplorerFavoritesItem.cpp
build-app	Configure and Build Robo 3T	2026-04-14T01:19:48.8115135Z FAILED: [code=2] src/robomongo/CMakeFiles/robomongo.dir/gui/widgets/explorer/ExplorerFavoritesItem.cpp.obj 
build-app	Configure and Build Robo 3T	2026-04-14T01:19:48.8279605Z C:\PROGRA~1\MICROS~2\2022\ENTERP~1\VC\Tools\MSVC\1416~1.270\bin\HostX64\x64\cl.exe  /nologo /TP -DBOOST_THREAD_DONT_PROVIDE_INTERRUPTIONS -DBOOST_THREAD_DONT_PROVIDE_VARIADIC_THREAD -DBOOST_THREAD_HAS_BUG -DBOOST_THREAD_NO_DEPRECATED -DBOOST_THREAD_VERSION=4 -DBUILDING_ROBO -DBUILD_NUMBER=\"26a32aa\" -DESPRIMA_VERSION=\"2.7.3\" -DGOOGLE_TEST_VERSION=\"1.8.1\" -DLIBSSH2_VERSION=\"1.9.0\" -DMONGO_CONFIG_HAVE_HEADER_UNISTD_H -DMongoDB_VERSION=\"\" -DOPENSSL_VERSION=\"1.1.1u\" -DPCRE_STATIC -DPROJECT_COMPANYNAME="\"3T Software Labs Ltd\"" -DPROJECT_COMPANYNAME_DOMAIN=\"https://studio3t.com/\" -DPROJECT_COPYRIGHT="\"Copyright (C) 2014-2017 3T Software Labs Ltd All Rights Reserved.\"" -DPROJECT_DOMAIN=\"www.robomongo.org\" -DPROJECT_GITHUB_FORK=\"www.github.com/Studio3T/robomongo\" -DPROJECT_GITHUB_ISSUES=\"www.github.com/Studio3T/robomongo/issues\" -DPROJECT_NAME="\"Robo 3T\"" -DPROJECT_NAME_LOWERCASE="\"robo 3t\"" -DPROJECT_NAME_TITLE="\"Robo 3T\"" -DPROJECT_QT_VERSION=\"5.15.2\" -DPROJECT_VERSION=\"1.5.1\" -DPROJECT_VERSION_SHORT=\"1.5\" -DQJSON_STATIC -DQJSON_VERSION=\"0.8.1\" -DQT_CORE_LIB -DQT_GUI_LIB -DQT_NETWORK_LIB -DQT_NO_DEBUG -DQT_PRINTSUPPORT_LIB -DQT_WIDGETS_LIB -DQT_XML_LIB -DSCINTILLA_QT -DSCI_LEXER -D_SILENCE_CXX17_ITERATOR_BASE_CLASS_DEPRECATION_WARNING -D_SILENCE_CXX17_OLD_ALLOCATOR_MEMBERS_DEPRECATION_WARNING -ID:\b\src\robomongo\robomongo_autogen\include -IR:\src -IR:\src\third-party\qjson-0.8.1\sources\src -IR:\src\third-party\qscintilla-2.8.4\sources\Qt4Qt5 -IR:\src\third-party\qscintilla-2.8.4\sources\include -IR:\src\third-party\qscintilla-2.8.4\sources\lexlib -IR:\src\third-party\qscintilla-2.8.4\sources\src -ID:\b\src -IR:\src\third-party\libssh2-1.9.0\sources\include -ID:\a\robomongo\Qt\5.15.2\msvc2019_64\include -ID:\a\robomongo\Qt\5.15.2\msvc2019_64\include\QtWidgets -ID:\a\robomongo\Qt\5.15.2\msvc2019_64\include\QtGui -ID:\a\robomongo\Qt\5.15.2\msvc2019_64\include\QtANGLE -ID:\a\robomongo\Qt\5.15.2\msvc2019_64\include\QtCore -ID:\a\robomongo\Qt\5.15.2\msvc2019_64\.\mkspecs\win32-msvc -ID:\a\robomongo\Qt\5.15.2\msvc2019_64\include\QtNetwork -ID:\a\robomongo\Qt\5.15.2\msvc2019_64\include\QtXml -ID:\a\robomongo\Qt\5.15.2\msvc2019_64\include\QtPrintSupport -IS:\src -IS:\src\third_party\abseil-cpp-master\abseil-cpp -IS:\src\third_party\boost-1.70.0 -IS:\src\third_party\fmt\dist\include -IS:\src\third_party\mozjs-60\include -IS:\src\third_party\mozjs-60\mongo_sources -IS:\src\third_party\pcre-8.42 -IS:\src\third_party\SafeInt -IS:\build\opt -IS:\src\third_party\mozjs-60\platform\x86_64\windows\include -I"C:\Program Files\OpenSSL\include" /DWIN32 /D_WINDOWS /W3 /GR /EHsc -D_UNICODE -DUNICODE -DWIN32 -D_WIN32 -D_CRT_SECURE_NO_WARNINGS -DBOOST_ALL_NO_LIB /wd4355 /wd4800 /wd4267 /wd4244 /wd4290 /wd4068 /wd4351 /MP /MD /O2 /Ob2 /DNDEBUG -std:c++17 /wd4477 /wd4291 /showIncludes /Fosrc\robomongo\CMakeFiles\robomongo.dir\gui\widgets\explorer\ExplorerFavoritesItem.cpp.obj /Fdsrc\robomongo\CMakeFiles\robomongo.dir\ /FS -c R:\src\robomongo\gui\widgets\explorer\ExplorerFavoritesItem.cpp
build-app	Configure and Build Robo 3T	2026-04-14T01:19:48.8342392Z R:\src\robomongo\gui\widgets\explorer\ExplorerFavoritesItem.cpp(57): error C2027: use of undefined type 'Robomongo::EventBus'
build-app	Configure and Build Robo 3T	2026-04-14T01:19:48.8353607Z R:\src\robomongo/core/Core.h(25): note: see declaration of 'Robomongo::EventBus'
build-app	Configure and Build Robo 3T	2026-04-14T01:19:48.8373337Z R:\src\robomongo\gui\widgets\explorer\ExplorerFavoritesItem.cpp(57): error C2061: syntax error: identifier 'FavoritesChangedEvent'
build-app	Configure and Build Robo 3T	2026-04-14T01:19:49.6073838Z [218/253] C:\PROGRA~1\MICROS~2\2022\ENTERP~1\VC\Tools\MSVC\1416~1.270\bin\HostX64\x64\cl.exe  /nologo /TP -DBOOST_THREAD_DONT_PROVIDE_INTERRUPTIONS -DBOOST_THREAD_DONT_PROVIDE_VARIADIC_THREAD -DBOOST_THREAD_HAS_BUG -DBOOST_THREAD_NO_DEPRECATED -DBOOST_THREAD_VERSION=4 -DBUILDING_ROBO -DBUILD_NUMBER=\"26a32aa\" -DESPRIMA_VERSION=\"2.7.3\" -DGOOGLE_TEST_VERSION=\"1.8.1\" -DLIBSSH2_VERSION=\"1.9.0\" -DMONGO_CONFIG_HAVE_HEADER_UNISTD_H -DMongoDB_VERSION=\"\" -DOPENSSL_VERSION=\"1.1.1u\" -DPCRE_STATIC -DPROJECT_COMPANYNAME="\"3T Software Labs Ltd\"" -DPROJECT_COMPANYNAME_DOMAIN=\"https://studio3t.com/\" -DPROJECT_COPYRIGHT="\"Copyright (C) 2014-2017 3T Software Labs Ltd All Rights Reserved.\"" -DPROJECT_DOMAIN=\"www.robomongo.org\" -DPROJECT_GITHUB_FORK=\"www.github.com/Studio3T/robomongo\" -DPROJECT_GITHUB_ISSUES=\"www.github.com/Studio3T/robomongo/issues\" -DPROJECT_NAME="\"Robo 3T\"" -DPROJECT_NAME_LOWERCASE="\"robo 3t\"" -DPROJECT_NAME_TITLE="\"Robo 3T\"" -DPROJECT_QT_VERSION=\"5.15.2\" -DPROJECT_VERSION=\"1.5.1\" -DPROJECT_VERSION_SHORT=\"1.5\" -DQJSON_STATIC -DQJSON_VERSION=\"0.8.1\" -DQT_CORE_LIB -DQT_GUI_LIB -DQT_NETWORK_LIB -DQT_NO_DEBUG -DQT_PRINTSUPPORT_LIB -DQT_WIDGETS_LIB -DQT_XML_LIB -DSCINTILLA_QT -DSCI_LEXER -D_SILENCE_CXX17_ITERATOR_BASE_CLASS_DEPRECATION_WARNING -D_SILENCE_CXX17_OLD_ALLOCATOR_MEMBERS_DEPRECATION_WARNING -ID:\b\src\robomongo\robomongo_autogen\include -IR:\src -IR:\src\third-party\qjson-0.8.1\sources\src -IR:\src\third-party\qscintilla-2.8.4\sources\Qt4Qt5 -IR:\src\third-party\qscintilla-2.8.4\sources\include -IR:\src\third-party\qscintilla-2.8.4\sources\lexlib -IR:\src\third-party\qscintilla-2.8.4\sources\src -ID:\b\src -IR:\src\third-party\libssh2-1.9.0\sources\include -ID:\a\robomongo\Qt\5.15.2\msvc2019_64\include -ID:\a\robomongo\Qt\5.15.2\msvc2019_64\include\QtWidgets -ID:\a\robomongo\Qt\5.15.2\msvc2019_64\include\QtGui -ID:\a\robomongo\Qt\5.15.2\msvc2019_64\include\QtANGLE -ID:\a\robomongo\Qt\5.15.2\msvc2019_64\include\QtCore -ID:\a\robomongo\Qt\5.15.2\msvc2019_64\.\mkspecs\win32-msvc -ID:\a\robomongo\Qt\5.15.2\msvc2019_64\include\QtNetwork -ID:\a\robomongo\Qt\5.15.2\msvc2019_64\include\QtXml -ID:\a\robomongo\Qt\5.15.2\msvc2019_64\include\QtPrintSupport -IS:\src -IS:\src\third_party\abseil-cpp-master\abseil-cpp -IS:\src\third_party\boost-1.70.0 -IS:\src\third_party\fmt\dist\include -IS:\src\third_party\mozjs-60\include -IS:\src\third_party\mozjs-60\mongo_sources -IS:\src\third_party\pcre-8.42 -IS:\src\third_party\SafeInt -IS:\build\opt -IS:\src\third_party\mozjs-60\platform\x86_64\windows\include -I"C:\Program Files\OpenSSL\include" /DWIN32 /D_WINDOWS /W3 /GR /EHsc -D_UNICODE -DUNICODE -DWIN32 -D_WIN32 -D_CRT_SECURE_NO_WARNINGS -DBOOST_ALL_NO_LIB /wd4355 /wd4800 /wd4267 /wd4244 /wd4290 /wd4068 /wd4351 /MP /MD /O2 /Ob2 /DNDEBUG -std:c++17 /wd4477 /wd4291 /showIncludes /Fosrc\robomongo\CMakeFiles\robomongo.dir\gui\dialogs\FunctionTextEditor.cpp.obj /Fdsrc\robomongo\CMakeFiles\robomongo.dir\ /FS -c R:\src\robomongo\gui\dialogs\FunctionTextEditor.cpp
build-app	Configure and Build Robo 3T	2026-04-14T01:19:51.6847014Z [219/253] C:\PROGRA~1\MICROS~2\2022\ENTERP~1\VC\Tools\MSVC\1416~1.270\bin\HostX64\x64\cl.exe  /nologo /TP -DBOOST_THREAD_DONT_PROVIDE_INTERRUPTIONS -DBOOST_THREAD_DONT_PROVIDE_VARIADIC_THREAD -DBOOST_THREAD_HAS_BUG -DBOOST_THREAD_NO_DEPRECATED -DBOOST_THREAD_VERSION=4 -DBUILDING_ROBO -DBUILD_NUMBER=\"26a32aa\" -DESPRIMA_VERSION=\"2.7.3\" -DGOOGLE_TEST_VERSION=\"1.8.1\" -DLIBSSH2_VERSION=\"1.9.0\" -DMONGO_CONFIG_HAVE_HEADER_UNISTD_H -DMongoDB_VERSION=\"\" -DOPENSSL_VERSION=\"1.1.1u\" -DPCRE_STATIC -DPROJECT_COMPANYNAME="\"3T Software Labs Ltd\"" -DPROJECT_COMPANYNAME_DOMAIN=\"https://studio3t.com/\" -DPROJECT_COPYRIGHT="\"Copyright (C) 2014-2017 3T Software Labs Ltd All Rights Reserved.\"" -DPROJECT_DOMAIN=\"www.robomongo.org\" -DPROJECT_GITHUB_FORK=\"www.github.com/Studio3T/robomongo\" -DPROJECT_GITHUB_ISSUES=\"www.github.com/Studio3T/robomongo/issues\" -DPROJECT_NAME="\"Robo 3T\"" -DPROJECT_NAME_LOWERCASE="\"robo 3t\"" -DPROJECT_NAME_TITLE="\"Robo 3T\"" -DPROJECT_QT_VERSION=\"5.15.2\" -DPROJECT_VERSION=\"1.5.1\" -DPROJECT_VERSION_SHORT=\"1.5\" -DQJSON_STATIC -DQJSON_VERSION=\"0.8.1\" -DQT_CORE_LIB -DQT_GUI_LIB -DQT_NETWORK_LIB -DQT_NO_DEBUG -DQT_PRINTSUPPORT_LIB -DQT_WIDGETS_LIB -DQT_XML_LIB -DSCINTILLA_QT -DSCI_LEXER -D_SILENCE_CXX17_ITERATOR_BASE_CLASS_DEPRECATION_WARNING -D_SILENCE_CXX17_OLD_ALLOCATOR_MEMBERS_DEPRECATION_WARNING -ID:\b\src\robomongo\robomongo_autogen\include -IR:\src -IR:\src\third-party\qjson-0.8.1\sources\src -IR:\src\third-party\qscintilla-2.8.4\sources\Qt4Qt5 -IR:\src\third-party\qscintilla-2.8.4\sources\include -IR:\src\third-party\qscintilla-2.8.4\sources\lexlib -IR:\src\third-party\qscintilla-2.8.4\sources\src -ID:\b\src -IR:\src\third-party\libssh2-1.9.0\sources\include -ID:\a\robomongo\Qt\5.15.2\msvc2019_64\include -ID:\a\robomongo\Qt\5.15.2\msvc2019_64\include\QtWidgets -ID:\a\robomongo\Qt\5.15.2\msvc2019_64\include\QtGui -ID:\a\robomongo\Qt\5.15.2\msvc2019_64\include\QtANGLE -ID:\a\robomongo\Qt\5.15.2\msvc2019_64\include\QtCore -ID:\a\robomongo\Qt\5.15.2\msvc2019_64\.\mkspecs\win32-msvc -ID:\a\robomongo\Qt\5.15.2\msvc2019_64\include\QtNetwork -ID:\a\robomongo\Qt\5.15.2\msvc2019_64\include\QtXml -ID:\a\robomongo\Qt\5.15.2\msvc2019_64\include\QtPrintSupport -IS:\src -IS:\src\third_party\abseil-cpp-master\abseil-cpp -IS:\src\third_party\boost-1.70.0 -IS:\src\third_party\fmt\dist\include -IS:\src\third_party\mozjs-60\include -IS:\src\third_party\mozjs-60\mongo_sources -IS:\src\third_party\pcre-8.42 -IS:\src\third_party\SafeInt -IS:\build\opt -IS:\src\third_party\mozjs-60\platform\x86_64\windows\include -I"C:\Program Files\OpenSSL\include" /DWIN32 /D_WINDOWS /W3 /GR /EHsc -D_UNICODE -DUNICODE -DWIN32 -D_WIN32 -D_CRT_SECURE_NO_WARNINGS -DBOOST_ALL_NO_LIB /wd4355 /wd4800 /wd4267 /wd4244 /wd4290 /wd4068 /wd4351 /MP /MD /O2 /Ob2 /DNDEBUG -std:c++17 /wd4477 /wd4291 /showIncludes /Fosrc\robomongo\CMakeFiles\robomongo.dir\gui\dialogs\DocumentTextEditor.cpp.obj /Fdsrc\robomongo\CMakeFiles\robomongo.dir\ /FS -c R:\src\robomongo\gui\dialogs\DocumentTextEditor.cpp
build-app	Configure and Build Robo 3T	2026-04-14T01:19:51.6868750Z R:\src\robomongo\gui\dialogs\DocumentTextEditor.cpp(33): warning C4996: 'QDesktopWidget::availableGeometry': Use QGuiApplication::screens()
build-app	Configure and Build Robo 3T	2026-04-14T01:19:51.6870759Z d:\a\robomongo\qt\5.15.2\msvc2019_64\include\qtwidgets\qdesktopwidget.h(88): note: see declaration of 'QDesktopWidget::availableGeometry'
build-app	Configure and Build Robo 3T	2026-04-14T01:19:52.9106377Z [220/253] C:\PROGRA~1\MICROS~2\2022\ENTERP~1\VC\Tools\MSVC\1416~1.270\bin\HostX64\x64\cl.exe  /nologo /TP -DBOOST_THREAD_DONT_PROVIDE_INTERRUPTIONS -DBOOST_THREAD_DONT_PROVIDE_VARIADIC_THREAD -DBOOST_THREAD_HAS_BUG -DBOOST_THREAD_NO_DEPRECATED -DBOOST_THREAD_VERSION=4 -DBUILDING_ROBO -DBUILD_NUMBER=\"26a32aa\" -DESPRIMA_VERSION=\"2.7.3\" -DGOOGLE_TEST_VERSION=\"1.8.1\" -DLIBSSH2_VERSION=\"1.9.0\" -DMONGO_CONFIG_HAVE_HEADER_UNISTD_H -DMongoDB_VERSION=\"\" -DOPENSSL_VERSION=\"1.1.1u\" -DPCRE_STATIC -DPROJECT_COMPANYNAME="\"3T Software Labs Ltd\"" -DPROJECT_COMPANYNAME_DOMAIN=\"https://studio3t.com/\" -DPROJECT_COPYRIGHT="\"Copyright (C) 2014-2017 3T Software Labs Ltd All Rights Reserved.\"" -DPROJECT_DOMAIN=\"www.robomongo.org\" -DPROJECT_GITHUB_FORK=\"www.github.com/Studio3T/robomongo\" -DPROJECT_GITHUB_ISSUES=\"www.github.com/Studio3T/robomongo/issues\" -DPROJECT_NAME="\"Robo 3T\"" -DPROJECT_NAME_LOWERCASE="\"robo 3t\"" -DPROJECT_NAME_TITLE="\"Robo 3T\"" -DPROJECT_QT_VERSION=\"5.15.2\" -DPROJECT_VERSION=\"1.5.1\" -DPROJECT_VERSION_SHORT=\"1.5\" -DQJSON_STATIC -DQJSON_VERSION=\"0.8.1\" -DQT_CORE_LIB -DQT_GUI_LIB -DQT_NETWORK_LIB -DQT_NO_DEBUG -DQT_PRINTSUPPORT_LIB -DQT_WIDGETS_LIB -DQT_XML_LIB -DSCINTILLA_QT -DSCI_LEXER -D_SILENCE_CXX17_ITERATOR_BASE_CLASS_DEPRECATION_WARNING -D_SILENCE_CXX17_OLD_ALLOCATOR_MEMBERS_DEPRECATION_WARNING -ID:\b\src\robomongo\robomongo_autogen\include -IR:\src -IR:\src\third-party\qjson-0.8.1\sources\src -IR:\src\third-party\qscintilla-2.8.4\sources\Qt4Qt5 -IR:\src\third-party\qscintilla-2.8.4\sources\include -IR:\src\third-party\qscintilla-2.8.4\sources\lexlib -IR:\src\third-party\qscintilla-2.8.4\sources\src -ID:\b\src -IR:\src\third-party\libssh2-1.9.0\sources\include -ID:\a\robomongo\Qt\5.15.2\msvc2019_64\include -ID:\a\robomongo\Qt\5.15.2\msvc2019_64\include\QtWidgets -ID:\a\robomongo\Qt\5.15.2\msvc2019_64\include\QtGui -ID:\a\robomongo\Qt\5.15.2\msvc2019_64\include\QtANGLE -ID:\a\robomongo\Qt\5.15.2\msvc2019_64\include\QtCore -ID:\a\robomongo\Qt\5.15.2\msvc2019_64\.\mkspecs\win32-msvc -ID:\a\robomongo\Qt\5.15.2\msvc2019_64\include\QtNetwork -ID:\a\robomongo\Qt\5.15.2\msvc2019_64\include\QtXml -ID:\a\robomongo\Qt\5.15.2\msvc2019_64\include\QtPrintSupport -IS:\src -IS:\src\third_party\abseil-cpp-master\abseil-cpp -IS:\src\third_party\boost-1.70.0 -IS:\src\third_party\fmt\dist\include -IS:\src\third_party\mozjs-60\include -IS:\src\third_party\mozjs-60\mongo_sources -IS:\src\third_party\pcre-8.42 -IS:\src\third_party\SafeInt -IS:\build\opt -IS:\src\third_party\mozjs-60\platform\x86_64\windows\include -I"C:\Program Files\OpenSSL\include" /DWIN32 /D_WINDOWS /W3 /GR /EHsc -D_UNICODE -DUNICODE -DWIN32 -D_WIN32 -D_CRT_SECURE_NO_WARNINGS -DBOOST_ALL_NO_LIB /wd4355 /wd4800 /wd4267 /wd4244 /wd4290 /wd4068 /wd4351 /MP /MD /O2 /Ob2 /DNDEBUG -std:c++17 /wd4477 /wd4291 /showIncludes /Fosrc\robomongo\CMakeFiles\robomongo.dir\gui\widgets\explorer\ExplorerWidget.cpp.obj /Fdsrc\robomongo\CMakeFiles\robomongo.dir\ /FS -c R:\src\robomongo\gui\widgets\explorer\ExplorerWidget.cpp
build-app	Configure and Build Robo 3T	2026-04-14T01:19:52.9119019Z FAILED: [code=2] src/robomongo/CMakeFiles/robomongo.dir/gui/widgets/explorer/ExplorerWidget.cpp.obj 
build-app	Configure and Build Robo 3T	2026-04-14T01:19:52.9130369Z C:\PROGRA~1\MICROS~2\2022\ENTERP~1\VC\Tools\MSVC\1416~1.270\bin\HostX64\x64\cl.exe  /nologo /TP -DBOOST_THREAD_DONT_PROVIDE_INTERRUPTIONS -DBOOST_THREAD_DONT_PROVIDE_VARIADIC_THREAD -DBOOST_THREAD_HAS_BUG -DBOOST_THREAD_NO_DEPRECATED -DBOOST_THREAD_VERSION=4 -DBUILDING_ROBO -DBUILD_NUMBER=\"26a32aa\" -DESPRIMA_VERSION=\"2.7.3\" -DGOOGLE_TEST_VERSION=\"1.8.1\" -DLIBSSH2_VERSION=\"1.9.0\" -DMONGO_CONFIG_HAVE_HEADER_UNISTD_H -DMongoDB_VERSION=\"\" -DOPENSSL_VERSION=\"1.1.1u\" -DPCRE_STATIC -DPROJECT_COMPANYNAME="\"3T Software Labs Ltd\"" -DPROJECT_COMPANYNAME_DOMAIN=\"https://studio3t.com/\" -DPROJECT_COPYRIGHT="\"Copyright (C) 2014-2017 3T Software Labs Ltd All Rights Reserved.\"" -DPROJECT_DOMAIN=\"www.robomongo.org\" -DPROJECT_GITHUB_FORK=\"www.github.com/Studio3T/robomongo\" -DPROJECT_GITHUB_ISSUES=\"www.github.com/Studio3T/robomongo/issues\" -DPROJECT_NAME="\"Robo 3T\"" -DPROJECT_NAME_LOWERCASE="\"robo 3t\"" -DPROJECT_NAME_TITLE="\"Robo 3T\"" -DPROJECT_QT_VERSION=\"5.15.2\" -DPROJECT_VERSION=\"1.5.1\" -DPROJECT_VERSION_SHORT=\"1.5\" -DQJSON_STATIC -DQJSON_VERSION=\"0.8.1\" -DQT_CORE_LIB -DQT_GUI_LIB -DQT_NETWORK_LIB -DQT_NO_DEBUG -DQT_PRINTSUPPORT_LIB -DQT_WIDGETS_LIB -DQT_XML_LIB -DSCINTILLA_QT -DSCI_LEXER -D_SILENCE_CXX17_ITERATOR_BASE_CLASS_DEPRECATION_WARNING -D_SILENCE_CXX17_OLD_ALLOCATOR_MEMBERS_DEPRECATION_WARNING -ID:\b\src\robomongo\robomongo_autogen\include -IR:\src -IR:\src\third-party\qjson-0.8.1\sources\src -IR:\src\third-party\qscintilla-2.8.4\sources\Qt4Qt5 -IR:\src\third-party\qscintilla-2.8.4\sources\include -IR:\src\third-party\qscintilla-2.8.4\sources\lexlib -IR:\src\third-party\qscintilla-2.8.4\sources\src -ID:\b\src -IR:\src\third-party\libssh2-1.9.0\sources\include -ID:\a\robomongo\Qt\5.15.2\msvc2019_64\include -ID:\a\robomongo\Qt\5.15.2\msvc2019_64\include\QtWidgets -ID:\a\robomongo\Qt\5.15.2\msvc2019_64\include\QtGui -ID:\a\robomongo\Qt\5.15.2\msvc2019_64\include\QtANGLE -ID:\a\robomongo\Qt\5.15.2\msvc2019_64\include\QtCore -ID:\a\robomongo\Qt\5.15.2\msvc2019_64\.\mkspecs\win32-msvc -ID:\a\robomongo\Qt\5.15.2\msvc2019_64\include\QtNetwork -ID:\a\robomongo\Qt\5.15.2\msvc2019_64\include\QtXml -ID:\a\robomongo\Qt\5.15.2\msvc2019_64\include\QtPrintSupport -IS:\src -IS:\src\third_party\abseil-cpp-master\abseil-cpp -IS:\src\third_party\boost-1.70.0 -IS:\src\third_party\fmt\dist\include -IS:\src\third_party\mozjs-60\include -IS:\src\third_party\mozjs-60\mongo_sources -IS:\src\third_party\pcre-8.42 -IS:\src\third_party\SafeInt -IS:\build\opt -IS:\src\third_party\mozjs-60\platform\x86_64\windows\include -I"C:\Program Files\OpenSSL\include" /DWIN32 /D_WINDOWS /W3 /GR /EHsc -D_UNICODE -DUNICODE -DWIN32 -D_WIN32 -D_CRT_SECURE_NO_WARNINGS -DBOOST_ALL_NO_LIB /wd4355 /wd4800 /wd4267 /wd4244 /wd4290 /wd4068 /wd4351 /MP /MD /O2 /Ob2 /DNDEBUG -std:c++17 /wd4477 /wd4291 /showIncludes /Fosrc\robomongo\CMakeFiles\robomongo.dir\gui\widgets\explorer\ExplorerWidget.cpp.obj /Fdsrc\robomongo\CMakeFiles\robomongo.dir\ /FS -c R:\src\robomongo\gui\widgets\explorer\ExplorerWidget.cpp
build-app	Configure and Build Robo 3T	2026-04-14T01:19:52.9142610Z R:\src\robomongo\gui\widgets\explorer\ExplorerWidget.cpp(59): error C2027: use of undefined type 'Robomongo::EventBus'
build-app	Configure and Build Robo 3T	2026-04-14T01:19:52.9143264Z R:\src\robomongo/utils/common.h(11): note: see declaration of 'Robomongo::EventBus'
build-app	Configure and Build Robo 3T	2026-04-14T01:19:52.9143910Z R:\src\robomongo\gui\widgets\explorer\ExplorerWidget.cpp(60): error C2027: use of undefined type 'Robomongo::EventBus'
build-app	Configure and Build Robo 3T	2026-04-14T01:19:52.9144526Z R:\src\robomongo/utils/common.h(11): note: see declaration of 'Robomongo::EventBus'
build-app	Configure and Build Robo 3T	2026-04-14T01:19:52.9145789Z R:\src\robomongo\gui\widgets\explorer\ExplorerWidget.cpp(61): error C2027: use of undefined type 'Robomongo::EventBus'
build-app	Configure and Build Robo 3T	2026-04-14T01:19:52.9147027Z R:\src\robomongo/utils/common.h(11): note: see declaration of 'Robomongo::EventBus'
build-app	Configure and Build Robo 3T	2026-04-14T01:19:52.9148230Z R:\src\robomongo\gui\widgets\explorer\ExplorerWidget.cpp(62): error C2027: use of undefined type 'Robomongo::EventBus'
build-app	Configure and Build Robo 3T	2026-04-14T01:19:52.9150882Z R:\src\robomongo/utils/common.h(11): note: see declaration of 'Robomongo::EventBus'
build-app	Configure and Build Robo 3T	2026-04-14T01:19:53.2492719Z [221/253] C:\PROGRA~1\MICROS~2\2022\ENTERP~1\VC\Tools\MSVC\1416~1.270\bin\HostX64\x64\cl.exe  /nologo /TP -DBOOST_THREAD_DONT_PROVIDE_INTERRUPTIONS -DBOOST_THREAD_DONT_PROVIDE_VARIADIC_THREAD -DBOOST_THREAD_HAS_BUG -DBOOST_THREAD_NO_DEPRECATED -DBOOST_THREAD_VERSION=4 -DBUILDING_ROBO -DBUILD_NUMBER=\"26a32aa\" -DESPRIMA_VERSION=\"2.7.3\" -DGOOGLE_TEST_VERSION=\"1.8.1\" -DLIBSSH2_VERSION=\"1.9.0\" -DMONGO_CONFIG_HAVE_HEADER_UNISTD_H -DMongoDB_VERSION=\"\" -DOPENSSL_VERSION=\"1.1.1u\" -DPCRE_STATIC -DPROJECT_COMPANYNAME="\"3T Software Labs Ltd\"" -DPROJECT_COMPANYNAME_DOMAIN=\"https://studio3t.com/\" -DPROJECT_COPYRIGHT="\"Copyright (C) 2014-2017 3T Software Labs Ltd All Rights Reserved.\"" -DPROJECT_DOMAIN=\"www.robomongo.org\" -DPROJECT_GITHUB_FORK=\"www.github.com/Studio3T/robomongo\" -DPROJECT_GITHUB_ISSUES=\"www.github.com/Studio3T/robomongo/issues\" -DPROJECT_NAME="\"Robo 3T\"" -DPROJECT_NAME_LOWERCASE="\"robo 3t\"" -DPROJECT_NAME_TITLE="\"Robo 3T\"" -DPROJECT_QT_VERSION=\"5.15.2\" -DPROJECT_VERSION=\"1.5.1\" -DPROJECT_VERSION_SHORT=\"1.5\" -DQJSON_STATIC -DQJSON_VERSION=\"0.8.1\" -DQT_CORE_LIB -DQT_GUI_LIB -DQT_NETWORK_LIB -DQT_NO_DEBUG -DQT_PRINTSUPPORT_LIB -DQT_WIDGETS_LIB -DQT_XML_LIB -DSCINTILLA_QT -DSCI_LEXER -D_SILENCE_CXX17_ITERATOR_BASE_CLASS_DEPRECATION_WARNING -D_SILENCE_CXX17_OLD_ALLOCATOR_MEMBERS_DEPRECATION_WARNING -ID:\b\src\robomongo\robomongo_autogen\include -IR:\src -IR:\src\third-party\qjson-0.8.1\sources\src -IR:\src\third-party\qscintilla-2.8.4\sources\Qt4Qt5 -IR:\src\third-party\qscintilla-2.8.4\sources\include -IR:\src\third-party\qscintilla-2.8.4\sources\lexlib -IR:\src\third-party\qscintilla-2.8.4\sources\src -ID:\b\src -IR:\src\third-party\libssh2-1.9.0\sources\include -ID:\a\robomongo\Qt\5.15.2\msvc2019_64\include -ID:\a\robomongo\Qt\5.15.2\msvc2019_64\include\QtWidgets -ID:\a\robomongo\Qt\5.15.2\msvc2019_64\include\QtGui -ID:\a\robomongo\Qt\5.15.2\msvc2019_64\include\QtANGLE -ID:\a\robomongo\Qt\5.15.2\msvc2019_64\include\QtCore -ID:\a\robomongo\Qt\5.15.2\msvc2019_64\.\mkspecs\win32-msvc -ID:\a\robomongo\Qt\5.15.2\msvc2019_64\include\QtNetwork -ID:\a\robomongo\Qt\5.15.2\msvc2019_64\include\QtXml -ID:\a\robomongo\Qt\5.15.2\msvc2019_64\include\QtPrintSupport -IS:\src -IS:\src\third_party\abseil-cpp-master\abseil-cpp -IS:\src\third_party\boost-1.70.0 -IS:\src\third_party\fmt\dist\include -IS:\src\third_party\mozjs-60\include -IS:\src\third_party\mozjs-60\mongo_sources -IS:\src\third_party\pcre-8.42 -IS:\src\third_party\SafeInt -IS:\build\opt -IS:\src\third_party\mozjs-60\platform\x86_64\windows\include -I"C:\Program Files\OpenSSL\include" /DWIN32 /D_WINDOWS /W3 /GR /EHsc -D_UNICODE -DUNICODE -DWIN32 -D_WIN32 -D_CRT_SECURE_NO_WARNINGS -DBOOST_ALL_NO_LIB /wd4355 /wd4800 /wd4267 /wd4244 /wd4290 /wd4068 /wd4351 /MP /MD /O2 /Ob2 /DNDEBUG -std:c++17 /wd4477 /wd4291 /showIncludes /Fosrc\robomongo\CMakeFiles\robomongo.dir\gui\widgets\explorer\ExplorerServerTreeItem.cpp.obj /Fdsrc\robomongo\CMakeFiles\robomongo.dir\ /FS -c R:\src\robomongo\gui\widgets\explorer\ExplorerServerTreeItem.cpp
build-app	Configure and Build Robo 3T	2026-04-14T01:19:53.7696588Z [222/253] C:\PROGRA~1\MICROS~2\2022\ENTERP~1\VC\Tools\MSVC\1416~1.270\bin\HostX64\x64\cl.exe  /nologo /TP -DBOOST_THREAD_DONT_PROVIDE_INTERRUPTIONS -DBOOST_THREAD_DONT_PROVIDE_VARIADIC_THREAD -DBOOST_THREAD_HAS_BUG -DBOOST_THREAD_NO_DEPRECATED -DBOOST_THREAD_VERSION=4 -DBUILDING_ROBO -DBUILD_NUMBER=\"26a32aa\" -DESPRIMA_VERSION=\"2.7.3\" -DGOOGLE_TEST_VERSION=\"1.8.1\" -DLIBSSH2_VERSION=\"1.9.0\" -DMONGO_CONFIG_HAVE_HEADER_UNISTD_H -DMongoDB_VERSION=\"\" -DOPENSSL_VERSION=\"1.1.1u\" -DPCRE_STATIC -DPROJECT_COMPANYNAME="\"3T Software Labs Ltd\"" -DPROJECT_COMPANYNAME_DOMAIN=\"https://studio3t.com/\" -DPROJECT_COPYRIGHT="\"Copyright (C) 2014-2017 3T Software Labs Ltd All Rights Reserved.\"" -DPROJECT_DOMAIN=\"www.robomongo.org\" -DPROJECT_GITHUB_FORK=\"www.github.com/Studio3T/robomongo\" -DPROJECT_GITHUB_ISSUES=\"www.github.com/Studio3T/robomongo/issues\" -DPROJECT_NAME="\"Robo 3T\"" -DPROJECT_NAME_LOWERCASE="\"robo 3t\"" -DPROJECT_NAME_TITLE="\"Robo 3T\"" -DPROJECT_QT_VERSION=\"5.15.2\" -DPROJECT_VERSION=\"1.5.1\" -DPROJECT_VERSION_SHORT=\"1.5\" -DQJSON_STATIC -DQJSON_VERSION=\"0.8.1\" -DQT_CORE_LIB -DQT_GUI_LIB -DQT_NETWORK_LIB -DQT_NO_DEBUG -DQT_PRINTSUPPORT_LIB -DQT_WIDGETS_LIB -DQT_XML_LIB -DSCINTILLA_QT -DSCI_LEXER -D_SILENCE_CXX17_ITERATOR_BASE_CLASS_DEPRECATION_WARNING -D_SILENCE_CXX17_OLD_ALLOCATOR_MEMBERS_DEPRECATION_WARNING -ID:\b\src\robomongo\robomongo_autogen\include -IR:\src -IR:\src\third-party\qjson-0.8.1\sources\src -IR:\src\third-party\qscintilla-2.8.4\sources\Qt4Qt5 -IR:\src\third-party\qscintilla-2.8.4\sources\include -IR:\src\third-party\qscintilla-2.8.4\sources\lexlib -IR:\src\third-party\qscintilla-2.8.4\sources\src -ID:\b\src -IR:\src\third-party\libssh2-1.9.0\sources\include -ID:\a\robomongo\Qt\5.15.2\msvc2019_64\include -ID:\a\robomongo\Qt\5.15.2\msvc2019_64\include\QtWidgets -ID:\a\robomongo\Qt\5.15.2\msvc2019_64\include\QtGui -ID:\a\robomongo\Qt\5.15.2\msvc2019_64\include\QtANGLE -ID:\a\robomongo\Qt\5.15.2\msvc2019_64\include\QtCore -ID:\a\robomongo\Qt\5.15.2\msvc2019_64\.\mkspecs\win32-msvc -ID:\a\robomongo\Qt\5.15.2\msvc2019_64\include\QtNetwork -ID:\a\robomongo\Qt\5.15.2\msvc2019_64\include\QtXml -ID:\a\robomongo\Qt\5.15.2\msvc2019_64\include\QtPrintSupport -IS:\src -IS:\src\third_party\abseil-cpp-master\abseil-cpp -IS:\src\third_party\boost-1.70.0 -IS:\src\third_party\fmt\dist\include -IS:\src\third_party\mozjs-60\include -IS:\src\third_party\mozjs-60\mongo_sources -IS:\src\third_party\pcre-8.42 -IS:\src\third_party\SafeInt -IS:\build\opt -IS:\src\third_party\mozjs-60\platform\x86_64\windows\include -I"C:\Program Files\OpenSSL\include" /DWIN32 /D_WINDOWS /W3 /GR /EHsc -D_UNICODE -DUNICODE -DWIN32 -D_WIN32 -D_CRT_SECURE_NO_WARNINGS -DBOOST_ALL_NO_LIB /wd4355 /wd4800 /wd4267 /wd4244 /wd4290 /wd4068 /wd4351 /MP /MD /O2 /Ob2 /DNDEBUG -std:c++17 /wd4477 /wd4291 /showIncludes /Fosrc\robomongo\CMakeFiles\robomongo.dir\gui\widgets\explorer\ExplorerTreeWidget.cpp.obj /Fdsrc\robomongo\CMakeFiles\robomongo.dir\ /FS -c R:\src\robomongo\gui\widgets\explorer\ExplorerTreeWidget.cpp
build-app	Configure and Build Robo 3T	2026-04-14T01:19:53.7710883Z ninja: build stopped: subcommand failed.
build-app	Configure and Build Robo 3T	2026-04-14T01:19:53.7780170Z ##[error]Process completed with exit code 2.
build-app	Cleanup Virtual Drives	锘?026-04-14T01:19:53.7984190Z ##[group]Run subst S: /D || echo "S: already unmapped"
build-app	Cleanup Virtual Drives	2026-04-14T01:19:53.7984631Z [36;1msubst S: /D || echo "S: already unmapped"[0m
build-app	Cleanup Virtual Drives	2026-04-14T01:19:53.7984947Z [36;1msubst R: /D || echo "R: already unmapped"[0m
build-app	Cleanup Virtual Drives	2026-04-14T01:19:53.8020793Z shell: C:\Windows\system32\cmd.EXE /D /E:ON /V:OFF /S /C "CALL "{0}""
build-app	Cleanup Virtual Drives	2026-04-14T01:19:53.8021136Z env:
build-app	Cleanup Virtual Drives	2026-04-14T01:19:53.8021396Z   pythonLocation: C:\hostedtoolcache\windows\Python\3.10.11\x64
build-app	Cleanup Virtual Drives	2026-04-14T01:19:53.8021847Z   PKG_CONFIG_PATH: C:\hostedtoolcache\windows\Python\3.10.11\x64/lib/pkgconfig
build-app	Cleanup Virtual Drives	2026-04-14T01:19:53.8022303Z   Python_ROOT_DIR: C:\hostedtoolcache\windows\Python\3.10.11\x64
build-app	Cleanup Virtual Drives	2026-04-14T01:19:53.8022691Z   Python2_ROOT_DIR: C:\hostedtoolcache\windows\Python\3.10.11\x64
build-app	Cleanup Virtual Drives	2026-04-14T01:19:53.8023077Z   Python3_ROOT_DIR: C:\hostedtoolcache\windows\Python\3.10.11\x64
build-app	Cleanup Virtual Drives	2026-04-14T01:19:53.8023388Z   CommandPromptType: Native
build-app	Cleanup Virtual Drives	2026-04-14T01:19:53.8023719Z   DevEnvDir: C:\Program Files\Microsoft Visual Studio\2022\Enterprise\Common7\IDE\
build-app	Cleanup Virtual Drives	2026-04-14T01:19:53.8024249Z   ExtensionSdkDir: C:\Program Files (x86)\Microsoft SDKs\Windows Kits\10\ExtensionSDKs
build-app	Cleanup Virtual Drives	2026-04-14T01:19:53.8027155Z   EXTERNAL_INCLUDE: C:\Program Files\Microsoft Visual Studio\2022\Enterprise\VC\Tools\MSVC\14.16.27023\include;C:\Program Files\Microsoft Visual Studio\2022\Enterprise\VC\Tools\MSVC\14.16.27023\ATLMFC\include;C:\Program Files\Microsoft Visual Studio\2022\Enterprise\VC\Auxiliary\VS\include;C:\Program Files (x86)\Windows Kits\10\include\10.0.26100.0\ucrt;C:\Program Files (x86)\Windows Kits\10\\include\10.0.26100.0\\um;C:\Program Files (x86)\Windows Kits\10\\include\10.0.26100.0\\shared;C:\Program Files (x86)\Windows Kits\10\\include\10.0.26100.0\\winrt;C:\Program Files (x86)\Windows Kits\10\\include\10.0.26100.0\\cppwinrt;C:\Program Files (x86)\Windows Kits\NETFXSDK\4.8\include\um
build-app	Cleanup Virtual Drives	2026-04-14T01:19:53.8030326Z   Framework40Version: v4.0
build-app	Cleanup Virtual Drives	2026-04-14T01:19:53.8030583Z   FrameworkDir: C:\Windows\Microsoft.NET\Framework64\
build-app	Cleanup Virtual Drives	2026-04-14T01:19:53.8030907Z   FrameworkDir64: C:\Windows\Microsoft.NET\Framework64\
build-app	Cleanup Virtual Drives	2026-04-14T01:19:53.8031198Z   FrameworkVersion: v4.0.30319
build-app	Cleanup Virtual Drives	2026-04-14T01:19:53.8031413Z   FrameworkVersion64: v4.0.30319
build-app	Cleanup Virtual Drives	2026-04-14T01:19:53.8031912Z   FSHARPINSTALLDIR: C:\Program Files\Microsoft Visual Studio\2022\Enterprise\Common7\IDE\CommonExtensions\Microsoft\FSharp\Tools
build-app	Cleanup Virtual Drives	2026-04-14T01:19:53.8032495Z   HTMLHelpDir: C:\Program Files (x86)\HTML Help Workshop
build-app	Cleanup Virtual Drives	2026-04-14T01:19:53.8034719Z   INCLUDE: C:\Program Files\Microsoft Visual Studio\2022\Enterprise\VC\Tools\MSVC\14.16.27023\include;C:\Program Files\Microsoft Visual Studio\2022\Enterprise\VC\Tools\MSVC\14.16.27023\ATLMFC\include;C:\Program Files\Microsoft Visual Studio\2022\Enterprise\VC\Auxiliary\VS\include;C:\Program Files (x86)\Windows Kits\10\include\10.0.26100.0\ucrt;C:\Program Files (x86)\Windows Kits\10\\include\10.0.26100.0\\um;C:\Program Files (x86)\Windows Kits\10\\include\10.0.26100.0\\shared;C:\Program Files (x86)\Windows Kits\10\\include\10.0.26100.0\\winrt;C:\Program Files (x86)\Windows Kits\10\\include\10.0.26100.0\\cppwinrt;C:\Program Files (x86)\Windows Kits\NETFXSDK\4.8\include\um
build-app	Cleanup Virtual Drives	2026-04-14T01:19:53.8036914Z   is_x64_arch: true
build-app	Cleanup Virtual Drives	2026-04-14T01:19:53.8038142Z   LIB: C:\Program Files\Microsoft Visual Studio\2022\Enterprise\VC\Tools\MSVC\14.16.27023\ATLMFC\lib\x64;C:\Program Files\Microsoft Visual Studio\2022\Enterprise\VC\Tools\MSVC\14.16.27023\lib\x64;C:\Program Files (x86)\Windows Kits\NETFXSDK\4.8\lib\um\x64;C:\Program Files (x86)\Windows Kits\10\lib\10.0.26100.0\ucrt\x64;C:\Program Files (x86)\Windows Kits\10\\lib\10.0.26100.0\\um\x64
build-app	Cleanup Virtual Drives	2026-04-14T01:19:53.8040818Z   LIBPATH: C:\Program Files\Microsoft Visual Studio\2022\Enterprise\VC\Tools\MSVC\14.16.27023\ATLMFC\lib\x64;C:\Program Files\Microsoft Visual Studio\2022\Enterprise\VC\Tools\MSVC\14.16.27023\lib\x64;C:\Program Files\Microsoft Visual Studio\2022\Enterprise\VC\Tools\MSVC\14.16.27023\lib\x86\store\references;C:\Program Files (x86)\Windows Kits\10\UnionMetadata\10.0.26100.0;C:\Program Files (x86)\Windows Kits\10\References\10.0.26100.0;C:\Windows\Microsoft.NET\Framework64\v4.0.30319
build-app	Cleanup Virtual Drives	2026-04-14T01:19:53.8044894Z   NETFXSDKDir: C:\Program Files (x86)\Windows Kits\NETFXSDK\4.8\
build-app	Cleanup Virtual Drives	2026-04-14T01:19:53.8060557Z   Path: C:\Program Files\Microsoft Visual Studio\2022\Enterprise\VC\Tools\MSVC\14.16.27023\bin\HostX64\x64;C:\Program Files\Microsoft Visual Studio\2022\Enterprise\Common7\IDE\VC\VCPackages;C:\Program Files\Microsoft Visual Studio\2022\Enterprise\Common7\IDE\CommonExtensions\Microsoft\TestWindow;C:\Program Files\Microsoft Visual Studio\2022\Enterprise\Common7\IDE\CommonExtensions\Microsoft\TeamFoundation\Team Explorer;C:\Program Files\Microsoft Visual Studio\2022\Enterprise\MSBuild\Current\bin\Roslyn;C:\Program Files (x86)\Microsoft SDKs\Windows\v10.0A\bin\NETFX 4.8 Tools\x64\;C:\Program Files (x86)\HTML Help Workshop;C:\Program Files\Microsoft Visual Studio\2022\Enterprise\Common7\IDE\CommonExtensions\Microsoft\FSharp\Tools;C:\Program Files\Microsoft Visual Studio\2022\Enterprise\Team Tools\DiagnosticsHub\Collector;C:\Program Files\Microsoft Visual Studio\2022\Enterprise\Common7\IDE\Extensions\Microsoft\CodeCoverage.Console;C:\Program Files\Microsoft Visual Studio\2022\Enterprise\VC\Tools\Llvm\x64\bin;C:\Program Files (x86)\Windows Kits\10\bin\10.0.26100.0\\x64;C:\Program Files (x86)\Windows Kits\10\bin\\x64;C:\Program Files\Microsoft Visual Studio\2022\Enterprise\\MSBuild\Current\Bin\amd64;C:\Windows\Microsoft.NET\Framework64\v4.0.30319;C:\Program Files\Microsoft Visual Studio\2022\Enterprise\Common7\IDE\;C:\Program Files\Microsoft Visual Studio\2022\Enterprise\Common7\Tools\;C:\Users\runneradmin\AppData\Roaming\Python\Python310\Scripts;C:\hostedtoolcache\windows\Python\3.10.11\x64\Scripts;C:\hostedtoolcache\windows\Python\3.10.11\x64;C:\Program Files\MongoDB\Server\7.0\bin;C:\vcpkg;C:\tools\zstd;C:\hostedtoolcache\windows\stack\3.9.3\x64;C:\cabal\bin;C:\\ghcup\bin;C:\mingw64\bin;C:\Program Files\dotnet;C:\Program Files\MySQL\MySQL Server 8.0\bin;C:\Program Files\R\R-4.5.3\bin\x64;C:\SeleniumWebDrivers\GeckoDriver;C:\SeleniumWebDrivers\EdgeDriver\;C:\SeleniumWebDrivers\ChromeDriver;C:\Program Files (x86)\sbt\bin;C:\Program Files (x86)\GitHub CLI;C:\Program Files\Git\bin;C:\Program Files (x86)\pipx_bin;C:\npm\prefix;C:\hostedtoolcache\windows\go\1.24.13\x64\bin;C:\hostedtoolcache\windows\Python\3.12.10\x64\Scripts;C:\hostedtoolcache\windows\Python\3.12.10\x64;C:\hostedtoolcache\windows\Ruby\3.3.11\x64\bin;C:\Program Files\OpenSSL\bin;C:\tools\kotlinc\bin;C:\hostedtoolcache\windows\Java_Temurin-Hotspot_jdk\17.0.18-8\x64\bin;C:\Program Files\ImageMagick-7.1.2-Q16-HDRI;C:\Program Files\Microsoft SDKs\Azure\CLI2\wbin;C:\ProgramData\kind;C:\ProgramData\Chocolatey\bin;C:\Windows\system32;C:\Windows;C:\Windows\System32\Wbem;C:\Windows\System32\WindowsPowerShell\v1.0\;C:\Windows\System32\OpenSSH\;C:\Program Files\PowerShell\7\;C:\Program Files\Microsoft\Web Platform Installer\;C:\Program Files\Microsoft SQL Server\Client SDK\ODBC\170\Tools\Binn\;C:\Program Files\Microsoft SQL Server\150\Tools\Binn\;C:\Program Files\dotnet\;C:\Program Files (x86)\Windows Kits\10\Windows Performance Toolkit\;C:\Program Files (x86)\WiX Toolset v3.14\bin;C:\Program Files\Microsoft SQL Server\130\DTS\Binn\;C:\Program Files\Microsoft SQL Server\140\DTS\Binn\;C:\Program Files\Microsoft SQL Server\150\DTS\Binn\;C:\Program Files\Microsoft SQL Server\160\DTS\Binn\;C:\Program Files\Microsoft SQL Server\170\DTS\Binn\;C:\ProgramData\chocolatey\lib\pulumi\tools\Pulumi\bin;C:\Program Files\CMake\bin;C:\Strawberry\c\bin;C:\Strawberry\perl\site\bin;C:\Strawberry\perl\bin;C:\ProgramData\chocolatey\lib\maven\apache-maven-3.9.14\bin;C:\Program Files\Microsoft Service Fabric\bin\Fabric\Fabric.Code;C:\Program Files\Microsoft SDKs\Service Fabric\Tools\ServiceFabricLocalClusterManager;C:\Program Files\nodejs\;C:\Program Files\Git\cmd;C:\Program Files\Git\mingw64\bin;C:\Program Files\Git\usr\bin;C:\Program Files\GitHub CLI\;c:\tools\php;C:\Program Files\Amazon\AWSCLIV2\;C:\Program Files\Amazon\SessionManagerPlugin\bin\;C:\Program Files\Amazon\AWSSAMCLI\bin\;C:\Program Files\Microsoft SQL Server\130\Tools\Binn\;C:\Program Files\mongosh\;C:\Program Files\LLVM\bin;C:\Program Files (x86)\LLVM\bin;C:\Users\runneradmin\.dotnet\tools;C:\Users\runneradmin\.cargo\bin;C:\Users\runneradmin\AppData\Local\Microsoft\WindowsApps;C:\Program Files (x86)\Microsoft Visual Studio\Installer;C:\Program Files\Microsoft Visual Studio\2022\Enterprise\Common7\IDE\CommonExtensions\Microsoft\CMake\CMake\bin;C:\Program Files\Microsoft Visual Studio\2022\Enterprise\Common7\IDE\CommonExtensions\Microsoft\CMake\Ninja;C:\Program Files\Microsoft Visual Studio\2022\Enterprise\Common7\IDE\VC\Linux\bin\ConnectionManagerExe;C:\Program Files\Microsoft Visual Studio\2022\Enterprise\VC\vcpkg
build-app	Cleanup Virtual Drives	2026-04-14T01:19:53.8077148Z   Platform: x64
build-app	Cleanup Virtual Drives	2026-04-14T01:19:53.8077339Z   UCRTVersion: 10.0.26100.0
build-app	Cleanup Virtual Drives	2026-04-14T01:19:53.8077612Z   UniversalCRTSdkDir: C:\Program Files (x86)\Windows Kits\10\
build-app	Cleanup Virtual Drives	2026-04-14T01:19:53.8078079Z   VCIDEInstallDir: C:\Program Files\Microsoft Visual Studio\2022\Enterprise\Common7\IDE\VC\
build-app	Cleanup Virtual Drives	2026-04-14T01:19:53.8078607Z   VCINSTALLDIR: C:\Program Files\Microsoft Visual Studio\2022\Enterprise\VC\
build-app	Cleanup Virtual Drives	2026-04-14T01:19:53.8079076Z   VCPKG_ROOT: C:\Program Files\Microsoft Visual Studio\2022\Enterprise\VC\vcpkg
build-app	Cleanup Virtual Drives	2026-04-14T01:19:53.8079629Z   VCToolsInstallDir: C:\Program Files\Microsoft Visual Studio\2022\Enterprise\VC\Tools\MSVC\14.16.27023\
build-app	Cleanup Virtual Drives	2026-04-14T01:19:53.8080260Z   VCToolsRedistDir: C:\Program Files\Microsoft Visual Studio\2022\Enterprise\VC\Redist\MSVC\14.44.35112\
build-app	Cleanup Virtual Drives	2026-04-14T01:19:53.8080699Z   VCToolsVersion: 14.16.27023
build-app	Cleanup Virtual Drives	2026-04-14T01:19:53.8080915Z   VisualStudioVersion: 17.0
build-app	Cleanup Virtual Drives	2026-04-14T01:19:53.8081256Z   VS170COMNTOOLS: C:\Program Files\Microsoft Visual Studio\2022\Enterprise\Common7\Tools\
build-app	Cleanup Virtual Drives	2026-04-14T01:19:53.8081652Z   VSCMD_ARG_app_plat: Desktop
build-app	Cleanup Virtual Drives	2026-04-14T01:19:53.8081980Z   VSCMD_ARG_HOST_ARCH: x64
build-app	Cleanup Virtual Drives	2026-04-14T01:19:53.8082175Z   VSCMD_ARG_TGT_ARCH: x64
build-app	Cleanup Virtual Drives	2026-04-14T01:19:53.8082358Z   VSCMD_ARG_VCVARS_VER: 14.1
build-app	Cleanup Virtual Drives	2026-04-14T01:19:53.8082554Z   VSCMD_VER: 17.14.29
build-app	Cleanup Virtual Drives	2026-04-14T01:19:53.8082836Z   VSINSTALLDIR: C:\Program Files\Microsoft Visual Studio\2022\Enterprise\
build-app	Cleanup Virtual Drives	2026-04-14T01:19:53.8083289Z   VSSDK150INSTALL: C:\Program Files\Microsoft Visual Studio\2022\Enterprise\VSSDK
build-app	Cleanup Virtual Drives	2026-04-14T01:19:53.8083760Z   VSSDKINSTALL: C:\Program Files\Microsoft Visual Studio\2022\Enterprise\VSSDK
build-app	Cleanup Virtual Drives	2026-04-14T01:19:53.8084428Z   WindowsLibPath: C:\Program Files (x86)\Windows Kits\10\UnionMetadata\10.0.26100.0;C:\Program Files (x86)\Windows Kits\10\References\10.0.26100.0
build-app	Cleanup Virtual Drives	2026-04-14T01:19:53.8085066Z   WindowsSdkBinPath: C:\Program Files (x86)\Windows Kits\10\bin\
build-app	Cleanup Virtual Drives	2026-04-14T01:19:53.8085419Z   WindowsSdkDir: C:\Program Files (x86)\Windows Kits\10\
build-app	Cleanup Virtual Drives	2026-04-14T01:19:53.8085892Z   WindowsSDKLibVersion: 10.0.26100.0\
build-app	Cleanup Virtual Drives	2026-04-14T01:19:53.8086432Z   WindowsSdkVerBinPath: C:\Program Files (x86)\Windows Kits\10\bin\10.0.26100.0\
build-app	Cleanup Virtual Drives	2026-04-14T01:19:53.8086811Z   WindowsSDKVersion: 10.0.26100.0\
build-app	Cleanup Virtual Drives	2026-04-14T01:19:53.8087239Z   WindowsSDK_ExecutablePath_x64: C:\Program Files (x86)\Microsoft SDKs\Windows\v10.0A\bin\NETFX 4.8 Tools\x64\
build-app	Cleanup Virtual Drives	2026-04-14T01:19:53.8087894Z   WindowsSDK_ExecutablePath_x86: C:\Program Files (x86)\Microsoft SDKs\Windows\v10.0A\bin\NETFX 4.8 Tools\
build-app	Cleanup Virtual Drives	2026-04-14T01:19:53.8088333Z   __DOTNET_ADD_64BIT: 1
build-app	Cleanup Virtual Drives	2026-04-14T01:19:53.8088517Z   __DOTNET_PREFERRED_BITNESS: 64
build-app	Cleanup Virtual Drives	2026-04-14T01:19:53.8097799Z   __VSCMD_PREINIT_PATH: C:\Users\runneradmin\AppData\Roaming\Python\Python310\Scripts;C:\hostedtoolcache\windows\Python\3.10.11\x64\Scripts;C:\hostedtoolcache\windows\Python\3.10.11\x64;C:\Program Files\MongoDB\Server\7.0\bin;C:\vcpkg;C:\tools\zstd;C:\hostedtoolcache\windows\stack\3.9.3\x64;C:\cabal\bin;C:\\ghcup\bin;C:\mingw64\bin;C:\Program Files\dotnet;C:\Program Files\MySQL\MySQL Server 8.0\bin;C:\Program Files\R\R-4.5.3\bin\x64;C:\SeleniumWebDrivers\GeckoDriver;C:\SeleniumWebDrivers\EdgeDriver\;C:\SeleniumWebDrivers\ChromeDriver;C:\Program Files (x86)\sbt\bin;C:\Program Files (x86)\GitHub CLI;C:\Program Files\Git\bin;C:\Program Files (x86)\pipx_bin;C:\npm\prefix;C:\hostedtoolcache\windows\go\1.24.13\x64\bin;C:\hostedtoolcache\windows\Python\3.12.10\x64\Scripts;C:\hostedtoolcache\windows\Python\3.12.10\x64;C:\hostedtoolcache\windows\Ruby\3.3.11\x64\bin;C:\Program Files\OpenSSL\bin;C:\tools\kotlinc\bin;C:\hostedtoolcache\windows\Java_Temurin-Hotspot_jdk\17.0.18-8\x64\bin;C:\Program Files\ImageMagick-7.1.2-Q16-HDRI;C:\Program Files\Microsoft SDKs\Azure\CLI2\wbin;C:\ProgramData\kind;C:\ProgramData\Chocolatey\bin;C:\Windows\system32;C:\Windows;C:\Windows\System32\Wbem;C:\Windows\System32\WindowsPowerShell\v1.0\;C:\Windows\System32\OpenSSH\;C:\Program Files\PowerShell\7\;C:\Program Files\Microsoft\Web Platform Installer\;C:\Program Files\Microsoft SQL Server\Client SDK\ODBC\170\Tools\Binn\;C:\Program Files\Microsoft SQL Server\150\Tools\Binn\;C:\Program Files\dotnet\;C:\Program Files (x86)\Windows Kits\10\Windows Performance Toolkit\;C:\Program Files (x86)\WiX Toolset v3.14\bin;C:\Program Files\Microsoft SQL Server\130\DTS\Binn\;C:\Program Files\Microsoft SQL Server\140\DTS\Binn\;C:\Program Files\Microsoft SQL Server\150\DTS\Binn\;C:\Program Files\Microsoft SQL Server\160\DTS\Binn\;C:\Program Files\Microsoft SQL Server\170\DTS\Binn\;C:\ProgramData\chocolatey\lib\pulumi\tools\Pulumi\bin;C:\Program Files\CMake\bin;C:\Strawberry\c\bin;C:\Strawberry\perl\site\bin;C:\Strawberry\perl\bin;C:\ProgramData\chocolatey\lib\maven\apache-maven-3.9.14\bin;C:\Program Files\Microsoft Service Fabric\bin\Fabric\Fabric.Code;C:\Program Files\Microsoft SDKs\Service Fabric\Tools\ServiceFabricLocalClusterManager;C:\Program Files\nodejs\;C:\Program Files\Git\cmd;C:\Program Files\Git\mingw64\bin;C:\Program Files\Git\usr\bin;C:\Program Files\GitHub CLI\;c:\tools\php;C:\Program Files (x86)\sbt\bin;C:\Program Files\Amazon\AWSCLIV2\;C:\Program Files\Amazon\SessionManagerPlugin\bin\;C:\Program Files\Amazon\AWSSAMCLI\bin\;C:\Program Files\Microsoft SQL Server\130\Tools\Binn\;C:\Program Files\mongosh\;C:\Program Files\LLVM\bin;C:\Program Files (x86)\LLVM\bin;C:\Users\runneradmin\.dotnet\tools;C:\Users\runneradmin\.cargo\bin;C:\Users\runneradmin\AppData\Local\Microsoft\WindowsApps;C:\Program Files (x86)\Microsoft Visual Studio\Installer
build-app	Cleanup Virtual Drives	2026-04-14T01:19:53.8107858Z   Qt5_Dir: D:\a\robomongo\Qt\5.15.2\msvc2019_64
build-app	Cleanup Virtual Drives	2026-04-14T01:19:53.8108174Z   QT_PLUGIN_PATH: D:\a\robomongo\Qt\5.15.2\msvc2019_64\plugins
build-app	Cleanup Virtual Drives	2026-04-14T01:19:53.8108518Z   QML2_IMPORT_PATH: D:\a\robomongo\Qt\5.15.2\msvc2019_64\qml
build-app	Cleanup Virtual Drives	2026-04-14T01:19:53.8108812Z   OPENSSL_PATH: C:\Program Files\OpenSSL
build-app	Cleanup Virtual Drives	2026-04-14T01:19:53.8109031Z ##[endgroup]
build-app	Post Checkout Robo Shell	锘?026-04-14T01:19:53.8722660Z Post job cleanup.
build-app	Post Checkout Robo Shell	2026-04-14T01:19:54.2239212Z [command]"C:\Program Files\Git\bin\git.exe" version
build-app	Post Checkout Robo Shell	2026-04-14T01:19:54.2535276Z git version 2.53.0.windows.2
build-app	Post Checkout Robo Shell	2026-04-14T01:19:54.2624691Z Temporarily overriding HOME='D:\a\_temp\a1352204-6efb-4349-a556-5682f4d90c94' before making global git config changes
build-app	Post Checkout Robo Shell	2026-04-14T01:19:54.2626051Z Adding repository directory to the temporary git global config as a safe directory
build-app	Post Checkout Robo Shell	2026-04-14T01:19:54.2638225Z [command]"C:\Program Files\Git\bin\git.exe" config --global --add safe.directory D:\a\robomongo\robomongo\robo-shell
build-app	Post Checkout Robo Shell	2026-04-14T01:19:54.3031797Z [command]"C:\Program Files\Git\bin\git.exe" config --local --name-only --get-regexp core\.sshCommand
build-app	Post Checkout Robo Shell	2026-04-14T01:19:54.3432612Z [command]"C:\Program Files\Git\bin\git.exe" submodule foreach --recursive "sh -c \"git config --local --name-only --get-regexp 'core\.sshCommand' && git config --local --unset-all 'core.sshCommand' || :\""
build-app	Post Checkout Robo Shell	2026-04-14T01:19:55.2031646Z [command]"C:\Program Files\Git\bin\git.exe" config --local --name-only --get-regexp http\.https\:\/\/github\.com\/\.extraheader
build-app	Post Checkout Robo Shell	2026-04-14T01:19:55.2418538Z http.https://github.com/.extraheader
build-app	Post Checkout Robo Shell	2026-04-14T01:19:55.2480602Z [command]"C:\Program Files\Git\bin\git.exe" config --local --unset-all http.https://github.com/.extraheader
build-app	Post Checkout Robo Shell	2026-04-14T01:19:55.2919127Z [command]"C:\Program Files\Git\bin\git.exe" submodule foreach --recursive "sh -c \"git config --local --name-only --get-regexp 'http\.https\:\/\/github\.com\/\.extraheader' && git config --local --unset-all 'http.https://github.com/.extraheader' || :\""
build-app	Post Checkout Robo Shell	2026-04-14T01:19:55.9180282Z [command]"C:\Program Files\Git\bin\git.exe" config --local --name-only --get-regexp ^includeIf\.gitdir:
build-app	Post Checkout Robo Shell	2026-04-14T01:19:55.9518529Z [command]"C:\Program Files\Git\bin\git.exe" submodule foreach --recursive "git config --local --show-origin --name-only --get-regexp remote.origin.url"
build-app	Post Checkout Robo 3T	锘?026-04-14T01:19:56.5711287Z Post job cleanup.
build-app	Post Checkout Robo 3T	2026-04-14T01:19:56.8540286Z [command]"C:\Program Files\Git\bin\git.exe" version
build-app	Post Checkout Robo 3T	2026-04-14T01:19:56.8848284Z git version 2.53.0.windows.2
build-app	Post Checkout Robo 3T	2026-04-14T01:19:56.8930099Z Temporarily overriding HOME='D:\a\_temp\77fc43be-5279-431c-8eee-aa45ad5dd3ea' before making global git config changes
build-app	Post Checkout Robo 3T	2026-04-14T01:19:56.8930839Z Adding repository directory to the temporary git global config as a safe directory
build-app	Post Checkout Robo 3T	2026-04-14T01:19:56.8947444Z [command]"C:\Program Files\Git\bin\git.exe" config --global --add safe.directory D:\a\robomongo\robomongo
build-app	Post Checkout Robo 3T	2026-04-14T01:19:56.9353216Z [command]"C:\Program Files\Git\bin\git.exe" config --local --name-only --get-regexp core\.sshCommand
build-app	Post Checkout Robo 3T	2026-04-14T01:19:56.9744629Z [command]"C:\Program Files\Git\bin\git.exe" submodule foreach --recursive "sh -c \"git config --local --name-only --get-regexp 'core\.sshCommand' && git config --local --unset-all 'core.sshCommand' || :\""
build-app	Post Checkout Robo 3T	2026-04-14T01:19:57.5074050Z [command]"C:\Program Files\Git\bin\git.exe" config --local --name-only --get-regexp http\.https\:\/\/github\.com\/\.extraheader
build-app	Post Checkout Robo 3T	2026-04-14T01:19:57.5413230Z http.https://github.com/.extraheader
build-app	Post Checkout Robo 3T	2026-04-14T01:19:57.5478330Z [command]"C:\Program Files\Git\bin\git.exe" config --local --unset-all http.https://github.com/.extraheader
build-app	Post Checkout Robo 3T	2026-04-14T01:19:57.5807068Z [command]"C:\Program Files\Git\bin\git.exe" submodule foreach --recursive "sh -c \"git config --local --name-only --get-regexp 'http\.https\:\/\/github\.com\/\.extraheader' && git config --local --unset-all 'http.https://github.com/.extraheader' || :\""
build-app	Post Checkout Robo 3T	2026-04-14T01:19:58.1409753Z [command]"C:\Program Files\Git\bin\git.exe" config --local --name-only --get-regexp ^includeIf\.gitdir:
build-app	Post Checkout Robo 3T	2026-04-14T01:19:58.1729220Z [command]"C:\Program Files\Git\bin\git.exe" submodule foreach --recursive "git config --local --show-origin --name-only --get-regexp remote.origin.url"
build-app	Complete job	锘?026-04-14T01:19:58.7880222Z Cleaning up orphan processes
build-app	Complete job	2026-04-14T01:19:58.8290456Z Terminate orphan process: pid (1220) (mspdbsrv)
build-app	Complete job	2026-04-14T01:19:58.8463142Z ##[warning]Node.js 20 actions are deprecated. The following actions are running on Node.js 20 and may not work as expected: actions/cache@v4, actions/checkout@v4, actions/setup-python@v5, ilammy/msvc-dev-cmd@v1, jurplel/install-qt-action/action@v3. Actions will be forced to run with Node.js 24 by default starting June 2nd, 2026. Node.js 20 will be removed from the runner on September 16th, 2026. Please check if updated versions of these actions are available that support Node.js 24. To opt into Node.js 24 now, set the FORCE_JAVASCRIPT_ACTIONS_TO_NODE24=true environment variable on the runner or in your workflow file. Once Node.js 24 becomes the default, you can temporarily opt out by setting ACTIONS_ALLOW_USE_UNSECURE_NODE_VERSION=true. For more information see: https://github.blog/changelog/2025-09-19-deprecation-of-node-20-on-github-actions-runners/
