build-app	Set up job	锘?026-04-22T00:46:12.2535094Z Current runner version: '2.333.1'
build-app	Set up job	2026-04-22T00:46:12.2613107Z ##[group]Runner Image Provisioner
build-app	Set up job	2026-04-22T00:46:12.2616658Z Hosted Compute Agent
build-app	Set up job	2026-04-22T00:46:12.2617546Z Version: 20260213.493
build-app	Set up job	2026-04-22T00:46:12.2618558Z Commit: 5c115507f6dd24b8de37d8bbe0bb4509d0cc0fa3
build-app	Set up job	2026-04-22T00:46:12.2619632Z Build Date: 2026-02-13T00:28:41Z
build-app	Set up job	2026-04-22T00:46:12.2620596Z Worker ID: {9913cb5c-58fc-4708-81f4-ae5736d03145}
build-app	Set up job	2026-04-22T00:46:12.2621619Z Azure Region: centralus
build-app	Set up job	2026-04-22T00:46:12.2622395Z ##[endgroup]
build-app	Set up job	2026-04-22T00:46:12.2624240Z ##[group]Operating System
build-app	Set up job	2026-04-22T00:46:12.2625275Z Microsoft Windows Server 2025
build-app	Set up job	2026-04-22T00:46:12.2626118Z 10.0.26100
build-app	Set up job	2026-04-22T00:46:12.2626713Z Datacenter
build-app	Set up job	2026-04-22T00:46:12.2627399Z ##[endgroup]
build-app	Set up job	2026-04-22T00:46:12.2628040Z ##[group]Runner Image
build-app	Set up job	2026-04-22T00:46:12.2629132Z Image: windows-2025
build-app	Set up job	2026-04-22T00:46:12.2629965Z Version: 20260413.84.1
build-app	Set up job	2026-04-22T00:46:12.2631631Z Included Software: https://github.com/actions/runner-images/blob/win25/20260413.84/images/windows/Windows2025-Readme.md
build-app	Set up job	2026-04-22T00:46:12.2634570Z Image Release: https://github.com/actions/runner-images/releases/tag/win25%2F20260413.84
build-app	Set up job	2026-04-22T00:46:12.2635985Z ##[endgroup]
build-app	Set up job	2026-04-22T00:46:12.2637816Z ##[group]GITHUB_TOKEN Permissions
build-app	Set up job	2026-04-22T00:46:12.2640427Z Contents: write
build-app	Set up job	2026-04-22T00:46:12.2641212Z Metadata: read
build-app	Set up job	2026-04-22T00:46:12.2641937Z ##[endgroup]
build-app	Set up job	2026-04-22T00:46:12.2644538Z Secret source: Actions
build-app	Set up job	2026-04-22T00:46:12.2645504Z Prepare workflow directory
build-app	Set up job	2026-04-22T00:46:12.3121090Z Prepare all required actions
build-app	Set up job	2026-04-22T00:46:12.3193519Z Getting action download info
build-app	Set up job	2026-04-22T00:46:12.7500344Z Download action repository 'actions/checkout@v4' (SHA:34e114876b0b11c390a56381ad16ebd13914f8d5)
build-app	Set up job	2026-04-22T00:46:12.9176738Z Download action repository 'actions/setup-python@v5' (SHA:a26af69be951a213d495a4c3e4e4022e16d87065)
build-app	Set up job	2026-04-22T00:46:13.1171768Z Download action repository 'ilammy/msvc-dev-cmd@v1' (SHA:0b201ec74fa43914dc39ae48a89fd1d8cb592756)
build-app	Set up job	2026-04-22T00:46:13.5909016Z Download action repository 'actions/cache@v4' (SHA:0057852bfaa89a56745cba8c7296529d2fc39830)
build-app	Set up job	2026-04-22T00:46:13.7866051Z Download action repository 'jurplel/install-qt-action@v3' (SHA:b7840a6733f49e2a39c4355260d2375063d39b61)
build-app	Set up job	2026-04-22T00:46:16.6137062Z Download action repository 'softprops/action-gh-release@v2' (SHA:3bb12739c298aeb8a4eeaf626c5b8d85266b0e65)
build-app	Set up job	2026-04-22T00:46:17.0147215Z Download action repository 'actions/upload-artifact@v4' (SHA:ea165f8d65b6e75b540449e92b4886f43607fa02)
build-app	Set up job	2026-04-22T00:46:17.5252513Z Complete job name: build-app
build-app	Checkout Robo 3T	锘?026-04-22T00:46:17.8669073Z ##[group]Run actions/checkout@v4
build-app	Checkout Robo 3T	2026-04-22T00:46:17.8670402Z with:
build-app	Checkout Robo 3T	2026-04-22T00:46:17.8670634Z   repository: engigu/robomongo
build-app	Checkout Robo 3T	2026-04-22T00:46:17.8671186Z   token: ***
build-app	Checkout Robo 3T	2026-04-22T00:46:17.8671385Z   ssh-strict: true
build-app	Checkout Robo 3T	2026-04-22T00:46:17.8671574Z   ssh-user: git
build-app	Checkout Robo 3T	2026-04-22T00:46:17.8671775Z   persist-credentials: true
build-app	Checkout Robo 3T	2026-04-22T00:46:17.8672029Z   clean: true
build-app	Checkout Robo 3T	2026-04-22T00:46:17.8672239Z   sparse-checkout-cone-mode: true
build-app	Checkout Robo 3T	2026-04-22T00:46:17.8672514Z   fetch-depth: 1
build-app	Checkout Robo 3T	2026-04-22T00:46:17.8672708Z   fetch-tags: false
build-app	Checkout Robo 3T	2026-04-22T00:46:17.8672901Z   show-progress: true
build-app	Checkout Robo 3T	2026-04-22T00:46:17.8673105Z   lfs: false
build-app	Checkout Robo 3T	2026-04-22T00:46:17.8673286Z   submodules: false
build-app	Checkout Robo 3T	2026-04-22T00:46:17.8673496Z   set-safe-directory: true
build-app	Checkout Robo 3T	2026-04-22T00:46:17.8674247Z ##[endgroup]
build-app	Checkout Robo 3T	2026-04-22T00:46:18.0791787Z Syncing repository: engigu/robomongo
build-app	Checkout Robo 3T	2026-04-22T00:46:18.0793249Z ##[group]Getting Git version info
build-app	Checkout Robo 3T	2026-04-22T00:46:18.0793600Z Working directory is 'D:\a\robomongo\robomongo'
build-app	Checkout Robo 3T	2026-04-22T00:46:18.2012461Z [command]"C:\Program Files\Git\bin\git.exe" version
build-app	Checkout Robo 3T	2026-04-22T00:46:18.8727677Z git version 2.53.0.windows.2
build-app	Checkout Robo 3T	2026-04-22T00:46:18.8805846Z ##[endgroup]
build-app	Checkout Robo 3T	2026-04-22T00:46:18.8818588Z Temporarily overriding HOME='D:\a\_temp\bb17fc5f-2ffa-4673-8324-a0c277fba25b' before making global git config changes
build-app	Checkout Robo 3T	2026-04-22T00:46:18.8819969Z Adding repository directory to the temporary git global config as a safe directory
build-app	Checkout Robo 3T	2026-04-22T00:46:18.8832987Z [command]"C:\Program Files\Git\bin\git.exe" config --global --add safe.directory D:\a\robomongo\robomongo
build-app	Checkout Robo 3T	2026-04-22T00:46:18.9206401Z Deleting the contents of 'D:\a\robomongo\robomongo'
build-app	Checkout Robo 3T	2026-04-22T00:46:18.9216168Z ##[group]Initializing the repository
build-app	Checkout Robo 3T	2026-04-22T00:46:18.9226995Z [command]"C:\Program Files\Git\bin\git.exe" init D:\a\robomongo\robomongo
build-app	Checkout Robo 3T	2026-04-22T00:46:19.1967887Z Initialized empty Git repository in D:/a/robomongo/robomongo/.git/
build-app	Checkout Robo 3T	2026-04-22T00:46:19.2046935Z [command]"C:\Program Files\Git\bin\git.exe" remote add origin https://github.com/engigu/robomongo
build-app	Checkout Robo 3T	2026-04-22T00:46:19.2518906Z ##[endgroup]
build-app	Checkout Robo 3T	2026-04-22T00:46:19.2519596Z ##[group]Disabling automatic garbage collection
build-app	Checkout Robo 3T	2026-04-22T00:46:19.2530857Z [command]"C:\Program Files\Git\bin\git.exe" config --local gc.auto 0
build-app	Checkout Robo 3T	2026-04-22T00:46:19.2999007Z ##[endgroup]
build-app	Checkout Robo 3T	2026-04-22T00:46:19.2999859Z ##[group]Setting up auth
build-app	Checkout Robo 3T	2026-04-22T00:46:19.3021450Z [command]"C:\Program Files\Git\bin\git.exe" config --local --name-only --get-regexp core\.sshCommand
build-app	Checkout Robo 3T	2026-04-22T00:46:19.3394553Z [command]"C:\Program Files\Git\bin\git.exe" submodule foreach --recursive "sh -c \"git config --local --name-only --get-regexp 'core\.sshCommand' && git config --local --unset-all 'core.sshCommand' || :\""
build-app	Checkout Robo 3T	2026-04-22T00:46:22.1466774Z [command]"C:\Program Files\Git\bin\git.exe" config --local --name-only --get-regexp http\.https\:\/\/github\.com\/\.extraheader
build-app	Checkout Robo 3T	2026-04-22T00:46:22.1868274Z [command]"C:\Program Files\Git\bin\git.exe" submodule foreach --recursive "sh -c \"git config --local --name-only --get-regexp 'http\.https\:\/\/github\.com\/\.extraheader' && git config --local --unset-all 'http.https://github.com/.extraheader' || :\""
build-app	Checkout Robo 3T	2026-04-22T00:46:22.8066699Z [command]"C:\Program Files\Git\bin\git.exe" config --local --name-only --get-regexp ^includeIf\.gitdir:
build-app	Checkout Robo 3T	2026-04-22T00:46:22.8460583Z [command]"C:\Program Files\Git\bin\git.exe" submodule foreach --recursive "git config --local --show-origin --name-only --get-regexp remote.origin.url"
build-app	Checkout Robo 3T	2026-04-22T00:46:23.4947285Z [command]"C:\Program Files\Git\bin\git.exe" config --local http.https://github.com/.extraheader "AUTHORIZATION: basic ***"
build-app	Checkout Robo 3T	2026-04-22T00:46:23.5345418Z ##[endgroup]
build-app	Checkout Robo 3T	2026-04-22T00:46:23.5345879Z ##[group]Fetching the repository
build-app	Checkout Robo 3T	2026-04-22T00:46:23.5359601Z [command]"C:\Program Files\Git\bin\git.exe" -c protocol.version=2 fetch --no-tags --prune --no-recurse-submodules --depth=1 origin +ce9d9c43fcd3526195e00924042ec35f9c189636:refs/tags/v1.5.4
build-app	Checkout Robo 3T	2026-04-22T00:46:30.0868092Z From https://github.com/engigu/robomongo
build-app	Checkout Robo 3T	2026-04-22T00:46:30.0868836Z  * [new ref]           ce9d9c43fcd3526195e00924042ec35f9c189636 -> v1.5.4
build-app	Checkout Robo 3T	2026-04-22T00:46:30.1084484Z ##[endgroup]
build-app	Checkout Robo 3T	2026-04-22T00:46:30.1085043Z ##[group]Determining the checkout info
build-app	Checkout Robo 3T	2026-04-22T00:46:30.1087295Z ##[endgroup]
build-app	Checkout Robo 3T	2026-04-22T00:46:30.1099084Z [command]"C:\Program Files\Git\bin\git.exe" sparse-checkout disable
build-app	Checkout Robo 3T	2026-04-22T00:46:30.1570716Z [command]"C:\Program Files\Git\bin\git.exe" config --local --unset-all extensions.worktreeConfig
build-app	Checkout Robo 3T	2026-04-22T00:46:30.2182354Z ##[group]Checking out the ref
build-app	Checkout Robo 3T	2026-04-22T00:46:30.2183904Z [command]"C:\Program Files\Git\bin\git.exe" checkout --progress --force refs/tags/v1.5.4
build-app	Checkout Robo 3T	2026-04-22T00:46:31.3756448Z Updating files:  11% (2851/25606)
build-app	Checkout Robo 3T	2026-04-22T00:46:31.4597794Z Updating files:  12% (3073/25606)
build-app	Checkout Robo 3T	2026-04-22T00:46:31.5459776Z Updating files:  13% (3329/25606)
build-app	Checkout Robo 3T	2026-04-22T00:46:31.6305912Z Updating files:  14% (3585/25606)
build-app	Checkout Robo 3T	2026-04-22T00:46:31.7194646Z Updating files:  15% (3841/25606)
build-app	Checkout Robo 3T	2026-04-22T00:46:31.8244425Z Updating files:  16% (4097/25606)
build-app	Checkout Robo 3T	2026-04-22T00:46:31.9270839Z Updating files:  17% (4354/25606)
build-app	Checkout Robo 3T	2026-04-22T00:46:32.0285499Z Updating files:  18% (4610/25606)
build-app	Checkout Robo 3T	2026-04-22T00:46:32.3045859Z Updating files:  19% (4866/25606)
build-app	Checkout Robo 3T	2026-04-22T00:46:32.3080161Z Updating files:  19% (5111/25606)
build-app	Checkout Robo 3T	2026-04-22T00:46:32.4011946Z Updating files:  20% (5122/25606)
build-app	Checkout Robo 3T	2026-04-22T00:46:32.4924167Z Updating files:  21% (5378/25606)
build-app	Checkout Robo 3T	2026-04-22T00:46:32.5998293Z Updating files:  22% (5634/25606)
build-app	Checkout Robo 3T	2026-04-22T00:46:32.7130100Z Updating files:  23% (5890/25606)
build-app	Checkout Robo 3T	2026-04-22T00:46:32.8084994Z Updating files:  24% (6146/25606)
build-app	Checkout Robo 3T	2026-04-22T00:46:32.9018068Z Updating files:  25% (6402/25606)
build-app	Checkout Robo 3T	2026-04-22T00:46:32.9978921Z Updating files:  26% (6658/25606)
build-app	Checkout Robo 3T	2026-04-22T00:46:33.0910387Z Updating files:  27% (6914/25606)
build-app	Checkout Robo 3T	2026-04-22T00:46:33.1760488Z Updating files:  28% (7170/25606)
build-app	Checkout Robo 3T	2026-04-22T00:46:33.2670688Z Updating files:  29% (7426/25606)
build-app	Checkout Robo 3T	2026-04-22T00:46:33.3043486Z Updating files:  30% (7682/25606)
build-app	Checkout Robo 3T	2026-04-22T00:46:33.3657695Z Updating files:  30% (7797/25606)
build-app	Checkout Robo 3T	2026-04-22T00:46:33.6125822Z Updating files:  31% (7938/25606)
build-app	Checkout Robo 3T	2026-04-22T00:46:33.6949192Z Updating files:  32% (8194/25606)
build-app	Checkout Robo 3T	2026-04-22T00:46:33.8014468Z Updating files:  33% (8450/25606)
build-app	Checkout Robo 3T	2026-04-22T00:46:33.8859501Z Updating files:  34% (8707/25606)
build-app	Checkout Robo 3T	2026-04-22T00:46:33.9783889Z Updating files:  35% (8963/25606)
build-app	Checkout Robo 3T	2026-04-22T00:46:34.0622740Z Updating files:  36% (9219/25606)
build-app	Checkout Robo 3T	2026-04-22T00:46:34.2319619Z Updating files:  37% (9475/25606)
build-app	Checkout Robo 3T	2026-04-22T00:46:34.3171404Z Updating files:  38% (9731/25606)
build-app	Checkout Robo 3T	2026-04-22T00:46:34.3841328Z Updating files:  38% (9855/25606)
build-app	Checkout Robo 3T	2026-04-22T00:46:34.4730306Z Updating files:  39% (9987/25606)
build-app	Checkout Robo 3T	2026-04-22T00:46:34.5643468Z Updating files:  40% (10243/25606)
build-app	Checkout Robo 3T	2026-04-22T00:46:34.6498798Z Updating files:  41% (10499/25606)
build-app	Checkout Robo 3T	2026-04-22T00:46:34.7419082Z Updating files:  42% (10755/25606)
build-app	Checkout Robo 3T	2026-04-22T00:46:34.9461979Z Updating files:  43% (11011/25606)
build-app	Checkout Robo 3T	2026-04-22T00:46:35.0500888Z Updating files:  44% (11267/25606)
build-app	Checkout Robo 3T	2026-04-22T00:46:35.2762434Z Updating files:  45% (11523/25606)
build-app	Checkout Robo 3T	2026-04-22T00:46:35.3172918Z Updating files:  46% (11779/25606)
build-app	Checkout Robo 3T	2026-04-22T00:46:35.3675881Z Updating files:  46% (11900/25606)
build-app	Checkout Robo 3T	2026-04-22T00:46:35.4432806Z Updating files:  47% (12035/25606)
build-app	Checkout Robo 3T	2026-04-22T00:46:35.5076705Z Updating files:  48% (12291/25606)
build-app	Checkout Robo 3T	2026-04-22T00:46:35.5770969Z Updating files:  49% (12547/25606)
build-app	Checkout Robo 3T	2026-04-22T00:46:35.6637748Z Updating files:  50% (12803/25606)
build-app	Checkout Robo 3T	2026-04-22T00:46:35.7410364Z Updating files:  51% (13060/25606)
build-app	Checkout Robo 3T	2026-04-22T00:46:35.8157921Z Updating files:  52% (13316/25606)
build-app	Checkout Robo 3T	2026-04-22T00:46:35.8814123Z Updating files:  53% (13572/25606)
build-app	Checkout Robo 3T	2026-04-22T00:46:35.9452480Z Updating files:  54% (13828/25606)
build-app	Checkout Robo 3T	2026-04-22T00:46:36.0122156Z Updating files:  55% (14084/25606)
build-app	Checkout Robo 3T	2026-04-22T00:46:36.0780657Z Updating files:  56% (14340/25606)
build-app	Checkout Robo 3T	2026-04-22T00:46:36.3326169Z Updating files:  57% (14596/25606)
build-app	Checkout Robo 3T	2026-04-22T00:46:36.3399817Z Updating files:  57% (14827/25606)
build-app	Checkout Robo 3T	2026-04-22T00:46:36.4085470Z Updating files:  58% (14852/25606)
build-app	Checkout Robo 3T	2026-04-22T00:46:36.4776365Z Updating files:  59% (15108/25606)
build-app	Checkout Robo 3T	2026-04-22T00:46:36.5453184Z Updating files:  60% (15364/25606)
build-app	Checkout Robo 3T	2026-04-22T00:46:36.6002055Z Updating files:  61% (15620/25606)
build-app	Checkout Robo 3T	2026-04-22T00:46:36.6566948Z Updating files:  62% (15876/25606)
build-app	Checkout Robo 3T	2026-04-22T00:46:36.7226781Z Updating files:  63% (16132/25606)
build-app	Checkout Robo 3T	2026-04-22T00:46:36.7894121Z Updating files:  64% (16388/25606)
build-app	Checkout Robo 3T	2026-04-22T00:46:36.8553799Z Updating files:  65% (16644/25606)
build-app	Checkout Robo 3T	2026-04-22T00:46:36.9189184Z Updating files:  66% (16900/25606)
build-app	Checkout Robo 3T	2026-04-22T00:46:36.9851126Z Updating files:  67% (17157/25606)
build-app	Checkout Robo 3T	2026-04-22T00:46:37.0518670Z Updating files:  68% (17413/25606)
build-app	Checkout Robo 3T	2026-04-22T00:46:37.1371221Z Updating files:  69% (17669/25606)
build-app	Checkout Robo 3T	2026-04-22T00:46:37.2148716Z Updating files:  70% (17925/25606)
build-app	Checkout Robo 3T	2026-04-22T00:46:37.2982894Z Updating files:  71% (18181/25606)
build-app	Checkout Robo 3T	2026-04-22T00:46:37.3188837Z Updating files:  72% (18437/25606)
build-app	Checkout Robo 3T	2026-04-22T00:46:37.3845188Z Updating files:  72% (18500/25606)
build-app	Checkout Robo 3T	2026-04-22T00:46:37.4744587Z Updating files:  73% (18693/25606)
build-app	Checkout Robo 3T	2026-04-22T00:46:37.7666817Z Updating files:  74% (18949/25606)
build-app	Checkout Robo 3T	2026-04-22T00:46:37.8447269Z Updating files:  75% (19205/25606)
build-app	Checkout Robo 3T	2026-04-22T00:46:37.9498010Z Updating files:  76% (19461/25606)
build-app	Checkout Robo 3T	2026-04-22T00:46:38.0403185Z Updating files:  77% (19717/25606)
build-app	Checkout Robo 3T	2026-04-22T00:46:38.1472054Z Updating files:  78% (19973/25606)
build-app	Checkout Robo 3T	2026-04-22T00:46:38.2310137Z Updating files:  79% (20229/25606)
build-app	Checkout Robo 3T	2026-04-22T00:46:38.3039766Z Updating files:  80% (20485/25606)
build-app	Checkout Robo 3T	2026-04-22T00:46:38.3206997Z Updating files:  81% (20741/25606)
build-app	Checkout Robo 3T	2026-04-22T00:46:38.3668442Z Updating files:  81% (20806/25606)
build-app	Checkout Robo 3T	2026-04-22T00:46:38.4432426Z Updating files:  82% (20997/25606)
build-app	Checkout Robo 3T	2026-04-22T00:46:38.5147238Z Updating files:  83% (21253/25606)
build-app	Checkout Robo 3T	2026-04-22T00:46:38.6489200Z Updating files:  84% (21510/25606)
build-app	Checkout Robo 3T	2026-04-22T00:46:38.7190456Z Updating files:  85% (21766/25606)
build-app	Checkout Robo 3T	2026-04-22T00:46:38.7974409Z Updating files:  86% (22022/25606)
build-app	Checkout Robo 3T	2026-04-22T00:46:38.8659090Z Updating files:  87% (22278/25606)
build-app	Checkout Robo 3T	2026-04-22T00:46:39.1093357Z Updating files:  88% (22534/25606)
build-app	Checkout Robo 3T	2026-04-22T00:46:39.1730792Z Updating files:  89% (22790/25606)
build-app	Checkout Robo 3T	2026-04-22T00:46:39.2497626Z Updating files:  90% (23046/25606)
build-app	Checkout Robo 3T	2026-04-22T00:46:39.3227093Z Updating files:  91% (23302/25606)
build-app	Checkout Robo 3T	2026-04-22T00:46:39.3370273Z Updating files:  91% (23537/25606)
build-app	Checkout Robo 3T	2026-04-22T00:46:39.4075319Z Updating files:  92% (23558/25606)
build-app	Checkout Robo 3T	2026-04-22T00:46:39.4847981Z Updating files:  93% (23814/25606)
build-app	Checkout Robo 3T	2026-04-22T00:46:39.5583595Z Updating files:  94% (24070/25606)
build-app	Checkout Robo 3T	2026-04-22T00:46:39.6227109Z Updating files:  95% (24326/25606)
build-app	Checkout Robo 3T	2026-04-22T00:46:39.6790247Z Updating files:  96% (24582/25606)
build-app	Checkout Robo 3T	2026-04-22T00:46:39.7498284Z Updating files:  97% (24838/25606)
build-app	Checkout Robo 3T	2026-04-22T00:46:39.8327869Z Updating files:  98% (25094/25606)
build-app	Checkout Robo 3T	2026-04-22T00:46:39.9756140Z Updating files:  99% (25350/25606)
build-app	Checkout Robo 3T	2026-04-22T00:46:39.9756495Z Updating files: 100% (25606/25606)
build-app	Checkout Robo 3T	2026-04-22T00:46:39.9756742Z Updating files: 100% (25606/25606), done.
build-app	Checkout Robo 3T	2026-04-22T00:46:40.0170576Z Note: switching to 'refs/tags/v1.5.4'.
build-app	Checkout Robo 3T	2026-04-22T00:46:40.0170992Z 
build-app	Checkout Robo 3T	2026-04-22T00:46:40.0171330Z You are in 'detached HEAD' state. You can look around, make experimental
build-app	Checkout Robo 3T	2026-04-22T00:46:40.0172112Z changes and commit them, and you can discard any commits you make in this
build-app	Checkout Robo 3T	2026-04-22T00:46:40.0172559Z state without impacting any branches by switching back to a branch.
build-app	Checkout Robo 3T	2026-04-22T00:46:40.0172820Z 
build-app	Checkout Robo 3T	2026-04-22T00:46:40.0172982Z If you want to create a new branch to retain commits you create, you may
build-app	Checkout Robo 3T	2026-04-22T00:46:40.0173383Z do so (now or later) by using -c with the switch command. Example:
build-app	Checkout Robo 3T	2026-04-22T00:46:40.0173621Z 
build-app	Checkout Robo 3T	2026-04-22T00:46:40.0173710Z   git switch -c <new-branch-name>
build-app	Checkout Robo 3T	2026-04-22T00:46:40.0173868Z 
build-app	Checkout Robo 3T	2026-04-22T00:46:40.0173945Z Or undo this operation with:
build-app	Checkout Robo 3T	2026-04-22T00:46:40.0174078Z 
build-app	Checkout Robo 3T	2026-04-22T00:46:40.0174139Z   git switch -
build-app	Checkout Robo 3T	2026-04-22T00:46:40.0174241Z 
build-app	Checkout Robo 3T	2026-04-22T00:46:40.0174424Z Turn off this advice by setting config variable advice.detachedHead to false
build-app	Checkout Robo 3T	2026-04-22T00:46:40.0174701Z 
build-app	Checkout Robo 3T	2026-04-22T00:46:40.0174913Z HEAD is now at ce9d9c43 Fix: Restore missing function signature in ScriptWidget.cpp
build-app	Checkout Robo 3T	2026-04-22T00:46:40.0379169Z ##[endgroup]
build-app	Checkout Robo 3T	2026-04-22T00:46:40.0705511Z [command]"C:\Program Files\Git\bin\git.exe" log -1 --format=%H
build-app	Checkout Robo 3T	2026-04-22T00:46:40.0998825Z ce9d9c43fcd3526195e00924042ec35f9c189636
build-app	Setup Python	锘?026-04-22T00:46:40.1443729Z ##[group]Run actions/setup-python@v5
build-app	Setup Python	2026-04-22T00:46:40.1444051Z with:
build-app	Setup Python	2026-04-22T00:46:40.1444218Z   python-version: 3.10
build-app	Setup Python	2026-04-22T00:46:40.1444417Z   check-latest: false
build-app	Setup Python	2026-04-22T00:46:40.1444758Z   token: ***
build-app	Setup Python	2026-04-22T00:46:40.1444924Z   update-environment: true
build-app	Setup Python	2026-04-22T00:46:40.1445130Z   allow-prereleases: false
build-app	Setup Python	2026-04-22T00:46:40.1445327Z   freethreaded: false
build-app	Setup Python	2026-04-22T00:46:40.1445500Z ##[endgroup]
build-app	Setup Python	2026-04-22T00:46:40.4542835Z ##[group]Installed versions
build-app	Setup Python	2026-04-22T00:46:40.4712074Z Successfully set up CPython (3.10.11)
build-app	Setup Python	2026-04-22T00:46:40.4713744Z ##[endgroup]
build-app	Setup MSVC (v143 Toolset)	锘?026-04-22T00:46:40.5026905Z ##[group]Run ilammy/msvc-dev-cmd@v1
build-app	Setup MSVC (v143 Toolset)	2026-04-22T00:46:40.5027260Z with:
build-app	Setup MSVC (v143 Toolset)	2026-04-22T00:46:40.5027408Z   arch: x64
build-app	Setup MSVC (v143 Toolset)	2026-04-22T00:46:40.5027551Z env:
build-app	Setup MSVC (v143 Toolset)	2026-04-22T00:46:40.5027781Z   pythonLocation: C:\hostedtoolcache\windows\Python\3.10.11\x64
build-app	Setup MSVC (v143 Toolset)	2026-04-22T00:46:40.5028231Z   PKG_CONFIG_PATH: C:\hostedtoolcache\windows\Python\3.10.11\x64/lib/pkgconfig
build-app	Setup MSVC (v143 Toolset)	2026-04-22T00:46:40.5028643Z   Python_ROOT_DIR: C:\hostedtoolcache\windows\Python\3.10.11\x64
build-app	Setup MSVC (v143 Toolset)	2026-04-22T00:46:40.5029022Z   Python2_ROOT_DIR: C:\hostedtoolcache\windows\Python\3.10.11\x64
build-app	Setup MSVC (v143 Toolset)	2026-04-22T00:46:40.5029629Z   Python3_ROOT_DIR: C:\hostedtoolcache\windows\Python\3.10.11\x64
build-app	Setup MSVC (v143 Toolset)	2026-04-22T00:46:40.5029915Z ##[endgroup]
build-app	Setup MSVC (v143 Toolset)	2026-04-22T00:46:41.7394985Z Found with vswhere: C:\Program Files\Microsoft Visual Studio\2022\Enterprise\VC\Auxiliary\Build\vcvarsall.bat
build-app	Setup MSVC (v143 Toolset)	2026-04-22T00:46:48.2249168Z ##[group]Environment variables
build-app	Setup MSVC (v143 Toolset)	2026-04-22T00:46:48.2250236Z Setting CommandPromptType
build-app	Setup MSVC (v143 Toolset)	2026-04-22T00:46:48.2264532Z Setting DevEnvDir
build-app	Setup MSVC (v143 Toolset)	2026-04-22T00:46:48.2269248Z Setting ExtensionSdkDir
build-app	Setup MSVC (v143 Toolset)	2026-04-22T00:46:48.2273060Z Setting EXTERNAL_INCLUDE
build-app	Setup MSVC (v143 Toolset)	2026-04-22T00:46:48.2279016Z Setting Framework40Version
build-app	Setup MSVC (v143 Toolset)	2026-04-22T00:46:48.2282598Z Setting FrameworkDir
build-app	Setup MSVC (v143 Toolset)	2026-04-22T00:46:48.2286410Z Setting FrameworkDir64
build-app	Setup MSVC (v143 Toolset)	2026-04-22T00:46:48.2290850Z Setting FrameworkVersion
build-app	Setup MSVC (v143 Toolset)	2026-04-22T00:46:48.2296525Z Setting FrameworkVersion64
build-app	Setup MSVC (v143 Toolset)	2026-04-22T00:46:48.2299988Z Setting FSHARPINSTALLDIR
build-app	Setup MSVC (v143 Toolset)	2026-04-22T00:46:48.2305707Z Setting HTMLHelpDir
build-app	Setup MSVC (v143 Toolset)	2026-04-22T00:46:48.2308986Z Setting IFCPATH
build-app	Setup MSVC (v143 Toolset)	2026-04-22T00:46:48.2313495Z Setting INCLUDE
build-app	Setup MSVC (v143 Toolset)	2026-04-22T00:46:48.2319601Z Setting is_x64_arch
build-app	Setup MSVC (v143 Toolset)	2026-04-22T00:46:48.2322965Z Setting LIB
build-app	Setup MSVC (v143 Toolset)	2026-04-22T00:46:48.2326769Z Setting LIBPATH
build-app	Setup MSVC (v143 Toolset)	2026-04-22T00:46:48.2330494Z Setting NETFXSDKDir
build-app	Setup MSVC (v143 Toolset)	2026-04-22T00:46:48.2335303Z Setting Path
build-app	Setup MSVC (v143 Toolset)	2026-04-22T00:46:48.2357332Z Setting Platform
build-app	Setup MSVC (v143 Toolset)	2026-04-22T00:46:48.2361253Z Setting UCRTVersion
build-app	Setup MSVC (v143 Toolset)	2026-04-22T00:46:48.2364670Z Setting UniversalCRTSdkDir
build-app	Setup MSVC (v143 Toolset)	2026-04-22T00:46:48.2367917Z Setting VCIDEInstallDir
build-app	Setup MSVC (v143 Toolset)	2026-04-22T00:46:48.2373193Z Setting VCINSTALLDIR
build-app	Setup MSVC (v143 Toolset)	2026-04-22T00:46:48.2376777Z Setting VCPKG_ROOT
build-app	Setup MSVC (v143 Toolset)	2026-04-22T00:46:48.2379594Z Setting VCToolsInstallDir
build-app	Setup MSVC (v143 Toolset)	2026-04-22T00:46:48.2382207Z Setting VCToolsRedistDir
build-app	Setup MSVC (v143 Toolset)	2026-04-22T00:46:48.2384766Z Setting VCToolsVersion
build-app	Setup MSVC (v143 Toolset)	2026-04-22T00:46:48.2387416Z Setting VisualStudioVersion
build-app	Setup MSVC (v143 Toolset)	2026-04-22T00:46:48.2389935Z Setting VS170COMNTOOLS
build-app	Setup MSVC (v143 Toolset)	2026-04-22T00:46:48.2392769Z Setting VSCMD_ARG_app_plat
build-app	Setup MSVC (v143 Toolset)	2026-04-22T00:46:48.2395201Z Setting VSCMD_ARG_HOST_ARCH
build-app	Setup MSVC (v143 Toolset)	2026-04-22T00:46:48.2397722Z Setting VSCMD_ARG_TGT_ARCH
build-app	Setup MSVC (v143 Toolset)	2026-04-22T00:46:48.2403992Z Setting VSCMD_VER
build-app	Setup MSVC (v143 Toolset)	2026-04-22T00:46:48.2415660Z Setting VSINSTALLDIR
build-app	Setup MSVC (v143 Toolset)	2026-04-22T00:46:48.2416482Z Setting VSSDK150INSTALL
build-app	Setup MSVC (v143 Toolset)	2026-04-22T00:46:48.2419892Z Setting VSSDKINSTALL
build-app	Setup MSVC (v143 Toolset)	2026-04-22T00:46:48.2422775Z Setting WindowsLibPath
build-app	Setup MSVC (v143 Toolset)	2026-04-22T00:46:48.2428471Z Setting WindowsSdkBinPath
build-app	Setup MSVC (v143 Toolset)	2026-04-22T00:46:48.2436177Z Setting WindowsSdkDir
build-app	Setup MSVC (v143 Toolset)	2026-04-22T00:46:48.2438350Z Setting WindowsSDKLibVersion
build-app	Setup MSVC (v143 Toolset)	2026-04-22T00:46:48.2441327Z Setting WindowsSdkVerBinPath
build-app	Setup MSVC (v143 Toolset)	2026-04-22T00:46:48.2444245Z Setting WindowsSDKVersion
build-app	Setup MSVC (v143 Toolset)	2026-04-22T00:46:48.2447588Z Setting WindowsSDK_ExecutablePath_x64
build-app	Setup MSVC (v143 Toolset)	2026-04-22T00:46:48.2450727Z Setting WindowsSDK_ExecutablePath_x86
build-app	Setup MSVC (v143 Toolset)	2026-04-22T00:46:48.2454123Z Setting __DOTNET_ADD_64BIT
build-app	Setup MSVC (v143 Toolset)	2026-04-22T00:46:48.2457038Z Setting __DOTNET_PREFERRED_BITNESS
build-app	Setup MSVC (v143 Toolset)	2026-04-22T00:46:48.2460157Z Setting __VSCMD_PREINIT_PATH
build-app	Setup MSVC (v143 Toolset)	2026-04-22T00:46:48.2464917Z ##[endgroup]
build-app	Setup MSVC (v143 Toolset)	2026-04-22T00:46:48.2465249Z Configured Developer Command Prompt
build-app	Cache Robo Shell (Restoring from Cloud)	锘?026-04-22T00:46:48.2819461Z ##[group]Run actions/cache@v4
build-app	Cache Robo Shell (Restoring from Cloud)	2026-04-22T00:46:48.2819782Z with:
build-app	Cache Robo Shell (Restoring from Cloud)	2026-04-22T00:46:48.2819977Z   path: robomongo-shell-roboshell-v4.2/build
build-app	Cache Robo Shell (Restoring from Cloud)	2026-04-22T00:46:48.2820273Z   key: Windows-robo-shell-v143-stable
build-app	Cache Robo Shell (Restoring from Cloud)	2026-04-22T00:46:48.2820534Z   restore-keys: Windows-robo-shell-v143-
build-app	Cache Robo Shell (Restoring from Cloud)	
build-app	Cache Robo Shell (Restoring from Cloud)	2026-04-22T00:46:48.2820788Z   fail-on-cache-miss: false
build-app	Cache Robo Shell (Restoring from Cloud)	2026-04-22T00:46:48.2820992Z   enableCrossOsArchive: false
build-app	Cache Robo Shell (Restoring from Cloud)	2026-04-22T00:46:48.2821196Z   lookup-only: false
build-app	Cache Robo Shell (Restoring from Cloud)	2026-04-22T00:46:48.2821363Z   save-always: false
build-app	Cache Robo Shell (Restoring from Cloud)	2026-04-22T00:46:48.2821520Z env:
build-app	Cache Robo Shell (Restoring from Cloud)	2026-04-22T00:46:48.2821744Z   pythonLocation: C:\hostedtoolcache\windows\Python\3.10.11\x64
build-app	Cache Robo Shell (Restoring from Cloud)	2026-04-22T00:46:48.2822155Z   PKG_CONFIG_PATH: C:\hostedtoolcache\windows\Python\3.10.11\x64/lib/pkgconfig
build-app	Cache Robo Shell (Restoring from Cloud)	2026-04-22T00:46:48.2822566Z   Python_ROOT_DIR: C:\hostedtoolcache\windows\Python\3.10.11\x64
build-app	Cache Robo Shell (Restoring from Cloud)	2026-04-22T00:46:48.2822939Z   Python2_ROOT_DIR: C:\hostedtoolcache\windows\Python\3.10.11\x64
build-app	Cache Robo Shell (Restoring from Cloud)	2026-04-22T00:46:48.2823324Z   Python3_ROOT_DIR: C:\hostedtoolcache\windows\Python\3.10.11\x64
build-app	Cache Robo Shell (Restoring from Cloud)	2026-04-22T00:46:48.2823660Z   CommandPromptType: Native
build-app	Cache Robo Shell (Restoring from Cloud)	2026-04-22T00:46:48.2823980Z   DevEnvDir: C:\Program Files\Microsoft Visual Studio\2022\Enterprise\Common7\IDE\
build-app	Cache Robo Shell (Restoring from Cloud)	2026-04-22T00:46:48.2825261Z   ExtensionSdkDir: C:\Program Files (x86)\Microsoft SDKs\Windows Kits\10\ExtensionSDKs
build-app	Cache Robo Shell (Restoring from Cloud)	2026-04-22T00:46:48.2827585Z   EXTERNAL_INCLUDE: C:\Program Files\Microsoft Visual Studio\2022\Enterprise\VC\Tools\MSVC\14.44.35207\include;C:\Program Files\Microsoft Visual Studio\2022\Enterprise\VC\Tools\MSVC\14.44.35207\ATLMFC\include;C:\Program Files\Microsoft Visual Studio\2022\Enterprise\VC\Auxiliary\VS\include;C:\Program Files (x86)\Windows Kits\10\include\10.0.26100.0\ucrt;C:\Program Files (x86)\Windows Kits\10\\include\10.0.26100.0\\um;C:\Program Files (x86)\Windows Kits\10\\include\10.0.26100.0\\shared;C:\Program Files (x86)\Windows Kits\10\\include\10.0.26100.0\\winrt;C:\Program Files (x86)\Windows Kits\10\\include\10.0.26100.0\\cppwinrt;C:\Program Files (x86)\Windows Kits\NETFXSDK\4.8\include\um
build-app	Cache Robo Shell (Restoring from Cloud)	2026-04-22T00:46:48.2829777Z   Framework40Version: v4.0
build-app	Cache Robo Shell (Restoring from Cloud)	2026-04-22T00:46:48.2830014Z   FrameworkDir: C:\Windows\Microsoft.NET\Framework64\
build-app	Cache Robo Shell (Restoring from Cloud)	2026-04-22T00:46:48.2830324Z   FrameworkDir64: C:\Windows\Microsoft.NET\Framework64\
build-app	Cache Robo Shell (Restoring from Cloud)	2026-04-22T00:46:48.2831066Z   FrameworkVersion: v4.0.30319
build-app	Cache Robo Shell (Restoring from Cloud)	2026-04-22T00:46:48.2831276Z   FrameworkVersion64: v4.0.30319
build-app	Cache Robo Shell (Restoring from Cloud)	2026-04-22T00:46:48.2831774Z   FSHARPINSTALLDIR: C:\Program Files\Microsoft Visual Studio\2022\Enterprise\Common7\IDE\CommonExtensions\Microsoft\FSharp\Tools
build-app	Cache Robo Shell (Restoring from Cloud)	2026-04-22T00:46:48.2832339Z   HTMLHelpDir: C:\Program Files (x86)\HTML Help Workshop
build-app	Cache Robo Shell (Restoring from Cloud)	2026-04-22T00:46:48.2832777Z   IFCPATH: C:\Program Files\Microsoft Visual Studio\2022\Enterprise\VC\Tools\MSVC\14.44.35207\ifc\x64
build-app	Cache Robo Shell (Restoring from Cloud)	2026-04-22T00:46:48.2835095Z   INCLUDE: C:\Program Files\Microsoft Visual Studio\2022\Enterprise\VC\Tools\MSVC\14.44.35207\include;C:\Program Files\Microsoft Visual Studio\2022\Enterprise\VC\Tools\MSVC\14.44.35207\ATLMFC\include;C:\Program Files\Microsoft Visual Studio\2022\Enterprise\VC\Auxiliary\VS\include;C:\Program Files (x86)\Windows Kits\10\include\10.0.26100.0\ucrt;C:\Program Files (x86)\Windows Kits\10\\include\10.0.26100.0\\um;C:\Program Files (x86)\Windows Kits\10\\include\10.0.26100.0\\shared;C:\Program Files (x86)\Windows Kits\10\\include\10.0.26100.0\\winrt;C:\Program Files (x86)\Windows Kits\10\\include\10.0.26100.0\\cppwinrt;C:\Program Files (x86)\Windows Kits\NETFXSDK\4.8\include\um
build-app	Cache Robo Shell (Restoring from Cloud)	2026-04-22T00:46:48.2837233Z   is_x64_arch: true
build-app	Cache Robo Shell (Restoring from Cloud)	2026-04-22T00:46:48.2838440Z   LIB: C:\Program Files\Microsoft Visual Studio\2022\Enterprise\VC\Tools\MSVC\14.44.35207\ATLMFC\lib\x64;C:\Program Files\Microsoft Visual Studio\2022\Enterprise\VC\Tools\MSVC\14.44.35207\lib\x64;C:\Program Files (x86)\Windows Kits\NETFXSDK\4.8\lib\um\x64;C:\Program Files (x86)\Windows Kits\10\lib\10.0.26100.0\ucrt\x64;C:\Program Files (x86)\Windows Kits\10\\lib\10.0.26100.0\\um\x64
build-app	Cache Robo Shell (Restoring from Cloud)	2026-04-22T00:46:48.2841033Z   LIBPATH: C:\Program Files\Microsoft Visual Studio\2022\Enterprise\VC\Tools\MSVC\14.44.35207\ATLMFC\lib\x64;C:\Program Files\Microsoft Visual Studio\2022\Enterprise\VC\Tools\MSVC\14.44.35207\lib\x64;C:\Program Files\Microsoft Visual Studio\2022\Enterprise\VC\Tools\MSVC\14.44.35207\lib\x86\store\references;C:\Program Files (x86)\Windows Kits\10\UnionMetadata\10.0.26100.0;C:\Program Files (x86)\Windows Kits\10\References\10.0.26100.0;C:\Windows\Microsoft.NET\Framework64\v4.0.30319
build-app	Cache Robo Shell (Restoring from Cloud)	2026-04-22T00:46:48.2844938Z   NETFXSDKDir: C:\Program Files (x86)\Windows Kits\NETFXSDK\4.8\
build-app	Cache Robo Shell (Restoring from Cloud)	2026-04-22T00:46:48.2860765Z   Path: C:\Program Files\Microsoft Visual Studio\2022\Enterprise\VC\Tools\MSVC\14.44.35207\bin\HostX64\x64;C:\Program Files\Microsoft Visual Studio\2022\Enterprise\Common7\IDE\VC\VCPackages;C:\Program Files\Microsoft Visual Studio\2022\Enterprise\Common7\IDE\CommonExtensions\Microsoft\TestWindow;C:\Program Files\Microsoft Visual Studio\2022\Enterprise\Common7\IDE\CommonExtensions\Microsoft\TeamFoundation\Team Explorer;C:\Program Files\Microsoft Visual Studio\2022\Enterprise\MSBuild\Current\bin\Roslyn;C:\Program Files (x86)\Microsoft SDKs\Windows\v10.0A\bin\NETFX 4.8 Tools\x64\;C:\Program Files (x86)\HTML Help Workshop;C:\Program Files\Microsoft Visual Studio\2022\Enterprise\Common7\IDE\CommonExtensions\Microsoft\FSharp\Tools;C:\Program Files\Microsoft Visual Studio\2022\Enterprise\Team Tools\DiagnosticsHub\Collector;C:\Program Files\Microsoft Visual Studio\2022\Enterprise\Common7\IDE\Extensions\Microsoft\CodeCoverage.Console;C:\Program Files\Microsoft Visual Studio\2022\Enterprise\VC\Tools\Llvm\x64\bin;C:\Program Files (x86)\Windows Kits\10\bin\10.0.26100.0\\x64;C:\Program Files (x86)\Windows Kits\10\bin\\x64;C:\Program Files\Microsoft Visual Studio\2022\Enterprise\\MSBuild\Current\Bin\amd64;C:\Windows\Microsoft.NET\Framework64\v4.0.30319;C:\Program Files\Microsoft Visual Studio\2022\Enterprise\Common7\IDE\;C:\Program Files\Microsoft Visual Studio\2022\Enterprise\Common7\Tools\;C:\Users\runneradmin\AppData\Roaming\Python\Python310\Scripts;C:\hostedtoolcache\windows\Python\3.10.11\x64\Scripts;C:\hostedtoolcache\windows\Python\3.10.11\x64;C:\Program Files\MongoDB\Server\7.0\bin;C:\vcpkg;C:\tools\zstd;C:\hostedtoolcache\windows\stack\3.9.3\x64;C:\cabal\bin;C:\\ghcup\bin;C:\mingw64\bin;C:\Program Files\dotnet;C:\Program Files\MySQL\MySQL Server 8.0\bin;C:\Program Files\R\R-4.5.3\bin\x64;C:\SeleniumWebDrivers\GeckoDriver;C:\SeleniumWebDrivers\EdgeDriver\;C:\SeleniumWebDrivers\ChromeDriver;C:\Program Files (x86)\sbt\bin;C:\Program Files (x86)\GitHub CLI;C:\Program Files\Git\bin;C:\Program Files (x86)\pipx_bin;C:\npm\prefix;C:\hostedtoolcache\windows\go\1.24.13\x64\bin;C:\hostedtoolcache\windows\Python\3.12.10\x64\Scripts;C:\hostedtoolcache\windows\Python\3.12.10\x64;C:\hostedtoolcache\windows\Ruby\3.3.11\x64\bin;C:\Program Files\OpenSSL\bin;C:\tools\kotlinc\bin;C:\hostedtoolcache\windows\Java_Temurin-Hotspot_jdk\17.0.18-8\x64\bin;C:\Program Files\ImageMagick-7.1.2-Q16-HDRI;C:\Program Files\Microsoft SDKs\Azure\CLI2\wbin;C:\ProgramData\kind;C:\ProgramData\Chocolatey\bin;C:\Windows\system32;C:\Windows;C:\Windows\System32\Wbem;C:\Windows\System32\WindowsPowerShell\v1.0\;C:\Windows\System32\OpenSSH\;C:\Program Files\PowerShell\7\;C:\Program Files\Microsoft\Web Platform Installer\;C:\Program Files\Microsoft SQL Server\Client SDK\ODBC\170\Tools\Binn\;C:\Program Files\Microsoft SQL Server\150\Tools\Binn\;C:\Program Files\dotnet\;C:\Program Files (x86)\Windows Kits\10\Windows Performance Toolkit\;C:\Program Files (x86)\WiX Toolset v3.14\bin;C:\Program Files\Microsoft SQL Server\130\DTS\Binn\;C:\Program Files\Microsoft SQL Server\140\DTS\Binn\;C:\Program Files\Microsoft SQL Server\150\DTS\Binn\;C:\Program Files\Microsoft SQL Server\160\DTS\Binn\;C:\Program Files\Microsoft SQL Server\170\DTS\Binn\;C:\ProgramData\chocolatey\lib\pulumi\tools\Pulumi\bin;C:\Program Files\CMake\bin;C:\Strawberry\c\bin;C:\Strawberry\perl\site\bin;C:\Strawberry\perl\bin;C:\ProgramData\chocolatey\lib\maven\apache-maven-3.9.14\bin;C:\Program Files\Microsoft Service Fabric\bin\Fabric\Fabric.Code;C:\Program Files\Microsoft SDKs\Service Fabric\Tools\ServiceFabricLocalClusterManager;C:\Program Files\nodejs\;C:\Program Files\Git\cmd;C:\Program Files\Git\mingw64\bin;C:\Program Files\Git\usr\bin;C:\Program Files\GitHub CLI\;c:\tools\php;C:\Program Files\Amazon\AWSCLIV2\;C:\Program Files\Amazon\SessionManagerPlugin\bin\;C:\Program Files\Amazon\AWSSAMCLI\bin\;C:\Program Files\Microsoft SQL Server\130\Tools\Binn\;C:\Program Files\mongosh\;C:\Program Files\LLVM\bin;C:\Program Files (x86)\LLVM\bin;C:\Users\runneradmin\.dotnet\tools;C:\Users\runneradmin\.cargo\bin;C:\Users\runneradmin\AppData\Local\Microsoft\WindowsApps;C:\Program Files (x86)\Microsoft Visual Studio\Installer;C:\Program Files\Microsoft Visual Studio\2022\Enterprise\Common7\IDE\CommonExtensions\Microsoft\CMake\CMake\bin;C:\Program Files\Microsoft Visual Studio\2022\Enterprise\Common7\IDE\CommonExtensions\Microsoft\CMake\Ninja;C:\Program Files\Microsoft Visual Studio\2022\Enterprise\Common7\IDE\VC\Linux\bin\ConnectionManagerExe;C:\Program Files\Microsoft Visual Studio\2022\Enterprise\VC\vcpkg
build-app	Cache Robo Shell (Restoring from Cloud)	2026-04-22T00:46:48.2878559Z   Platform: x64
build-app	Cache Robo Shell (Restoring from Cloud)	2026-04-22T00:46:48.2878753Z   UCRTVersion: 10.0.26100.0
build-app	Cache Robo Shell (Restoring from Cloud)	2026-04-22T00:46:48.2879221Z   UniversalCRTSdkDir: C:\Program Files (x86)\Windows Kits\10\
build-app	Cache Robo Shell (Restoring from Cloud)	2026-04-22T00:46:48.2880181Z   VCIDEInstallDir: C:\Program Files\Microsoft Visual Studio\2022\Enterprise\Common7\IDE\VC\
build-app	Cache Robo Shell (Restoring from Cloud)	2026-04-22T00:46:48.2881070Z   VCINSTALLDIR: C:\Program Files\Microsoft Visual Studio\2022\Enterprise\VC\
build-app	Cache Robo Shell (Restoring from Cloud)	2026-04-22T00:46:48.2881880Z   VCPKG_ROOT: C:\Program Files\Microsoft Visual Studio\2022\Enterprise\VC\vcpkg
build-app	Cache Robo Shell (Restoring from Cloud)	2026-04-22T00:46:48.2882614Z   VCToolsInstallDir: C:\Program Files\Microsoft Visual Studio\2022\Enterprise\VC\Tools\MSVC\14.44.35207\
build-app	Cache Robo Shell (Restoring from Cloud)	2026-04-22T00:46:48.2883239Z   VCToolsRedistDir: C:\Program Files\Microsoft Visual Studio\2022\Enterprise\VC\Redist\MSVC\14.44.35112\
build-app	Cache Robo Shell (Restoring from Cloud)	2026-04-22T00:46:48.2883666Z   VCToolsVersion: 14.44.35207
build-app	Cache Robo Shell (Restoring from Cloud)	2026-04-22T00:46:48.2883873Z   VisualStudioVersion: 17.0
build-app	Cache Robo Shell (Restoring from Cloud)	2026-04-22T00:46:48.2884217Z   VS170COMNTOOLS: C:\Program Files\Microsoft Visual Studio\2022\Enterprise\Common7\Tools\
build-app	Cache Robo Shell (Restoring from Cloud)	2026-04-22T00:46:48.2884593Z   VSCMD_ARG_app_plat: Desktop
build-app	Cache Robo Shell (Restoring from Cloud)	2026-04-22T00:46:48.2884801Z   VSCMD_ARG_HOST_ARCH: x64
build-app	Cache Robo Shell (Restoring from Cloud)	2026-04-22T00:46:48.2884983Z   VSCMD_ARG_TGT_ARCH: x64
build-app	Cache Robo Shell (Restoring from Cloud)	2026-04-22T00:46:48.2885160Z   VSCMD_VER: 17.14.29
build-app	Cache Robo Shell (Restoring from Cloud)	2026-04-22T00:46:48.2885428Z   VSINSTALLDIR: C:\Program Files\Microsoft Visual Studio\2022\Enterprise\
build-app	Cache Robo Shell (Restoring from Cloud)	2026-04-22T00:46:48.2885876Z   VSSDK150INSTALL: C:\Program Files\Microsoft Visual Studio\2022\Enterprise\VSSDK
build-app	Cache Robo Shell (Restoring from Cloud)	2026-04-22T00:46:48.2886546Z   VSSDKINSTALL: C:\Program Files\Microsoft Visual Studio\2022\Enterprise\VSSDK
build-app	Cache Robo Shell (Restoring from Cloud)	2026-04-22T00:46:48.2887344Z   WindowsLibPath: C:\Program Files (x86)\Windows Kits\10\UnionMetadata\10.0.26100.0;C:\Program Files (x86)\Windows Kits\10\References\10.0.26100.0
build-app	Cache Robo Shell (Restoring from Cloud)	2026-04-22T00:46:48.2887998Z   WindowsSdkBinPath: C:\Program Files (x86)\Windows Kits\10\bin\
build-app	Cache Robo Shell (Restoring from Cloud)	2026-04-22T00:46:48.2888391Z   WindowsSdkDir: C:\Program Files (x86)\Windows Kits\10\
build-app	Cache Robo Shell (Restoring from Cloud)	2026-04-22T00:46:48.2889069Z   WindowsSDKLibVersion: 10.0.26100.0\
build-app	Cache Robo Shell (Restoring from Cloud)	2026-04-22T00:46:48.2889414Z   WindowsSdkVerBinPath: C:\Program Files (x86)\Windows Kits\10\bin\10.0.26100.0\
build-app	Cache Robo Shell (Restoring from Cloud)	2026-04-22T00:46:48.2889774Z   WindowsSDKVersion: 10.0.26100.0\
build-app	Cache Robo Shell (Restoring from Cloud)	2026-04-22T00:46:48.2890382Z   WindowsSDK_ExecutablePath_x64: C:\Program Files (x86)\Microsoft SDKs\Windows\v10.0A\bin\NETFX 4.8 Tools\x64\
build-app	Cache Robo Shell (Restoring from Cloud)	2026-04-22T00:46:48.2891188Z   WindowsSDK_ExecutablePath_x86: C:\Program Files (x86)\Microsoft SDKs\Windows\v10.0A\bin\NETFX 4.8 Tools\
build-app	Cache Robo Shell (Restoring from Cloud)	2026-04-22T00:46:48.2891618Z   __DOTNET_ADD_64BIT: 1
build-app	Cache Robo Shell (Restoring from Cloud)	2026-04-22T00:46:48.2891798Z   __DOTNET_PREFERRED_BITNESS: 64
build-app	Cache Robo Shell (Restoring from Cloud)	2026-04-22T00:46:48.2900887Z   __VSCMD_PREINIT_PATH: C:\Users\runneradmin\AppData\Roaming\Python\Python310\Scripts;C:\hostedtoolcache\windows\Python\3.10.11\x64\Scripts;C:\hostedtoolcache\windows\Python\3.10.11\x64;C:\Program Files\MongoDB\Server\7.0\bin;C:\vcpkg;C:\tools\zstd;C:\hostedtoolcache\windows\stack\3.9.3\x64;C:\cabal\bin;C:\\ghcup\bin;C:\mingw64\bin;C:\Program Files\dotnet;C:\Program Files\MySQL\MySQL Server 8.0\bin;C:\Program Files\R\R-4.5.3\bin\x64;C:\SeleniumWebDrivers\GeckoDriver;C:\SeleniumWebDrivers\EdgeDriver\;C:\SeleniumWebDrivers\ChromeDriver;C:\Program Files (x86)\sbt\bin;C:\Program Files (x86)\GitHub CLI;C:\Program Files\Git\bin;C:\Program Files (x86)\pipx_bin;C:\npm\prefix;C:\hostedtoolcache\windows\go\1.24.13\x64\bin;C:\hostedtoolcache\windows\Python\3.12.10\x64\Scripts;C:\hostedtoolcache\windows\Python\3.12.10\x64;C:\hostedtoolcache\windows\Ruby\3.3.11\x64\bin;C:\Program Files\OpenSSL\bin;C:\tools\kotlinc\bin;C:\hostedtoolcache\windows\Java_Temurin-Hotspot_jdk\17.0.18-8\x64\bin;C:\Program Files\ImageMagick-7.1.2-Q16-HDRI;C:\Program Files\Microsoft SDKs\Azure\CLI2\wbin;C:\ProgramData\kind;C:\ProgramData\Chocolatey\bin;C:\Windows\system32;C:\Windows;C:\Windows\System32\Wbem;C:\Windows\System32\WindowsPowerShell\v1.0\;C:\Windows\System32\OpenSSH\;C:\Program Files\PowerShell\7\;C:\Program Files\Microsoft\Web Platform Installer\;C:\Program Files\Microsoft SQL Server\Client SDK\ODBC\170\Tools\Binn\;C:\Program Files\Microsoft SQL Server\150\Tools\Binn\;C:\Program Files\dotnet\;C:\Program Files (x86)\Windows Kits\10\Windows Performance Toolkit\;C:\Program Files (x86)\WiX Toolset v3.14\bin;C:\Program Files\Microsoft SQL Server\130\DTS\Binn\;C:\Program Files\Microsoft SQL Server\140\DTS\Binn\;C:\Program Files\Microsoft SQL Server\150\DTS\Binn\;C:\Program Files\Microsoft SQL Server\160\DTS\Binn\;C:\Program Files\Microsoft SQL Server\170\DTS\Binn\;C:\ProgramData\chocolatey\lib\pulumi\tools\Pulumi\bin;C:\Program Files\CMake\bin;C:\Strawberry\c\bin;C:\Strawberry\perl\site\bin;C:\Strawberry\perl\bin;C:\ProgramData\chocolatey\lib\maven\apache-maven-3.9.14\bin;C:\Program Files\Microsoft Service Fabric\bin\Fabric\Fabric.Code;C:\Program Files\Microsoft SDKs\Service Fabric\Tools\ServiceFabricLocalClusterManager;C:\Program Files\nodejs\;C:\Program Files\Git\cmd;C:\Program Files\Git\mingw64\bin;C:\Program Files\Git\usr\bin;C:\Program Files\GitHub CLI\;c:\tools\php;C:\Program Files (x86)\sbt\bin;C:\Program Files\Amazon\AWSCLIV2\;C:\Program Files\Amazon\SessionManagerPlugin\bin\;C:\Program Files\Amazon\AWSSAMCLI\bin\;C:\Program Files\Microsoft SQL Server\130\Tools\Binn\;C:\Program Files\mongosh\;C:\Program Files\LLVM\bin;C:\Program Files (x86)\LLVM\bin;C:\Users\runneradmin\.dotnet\tools;C:\Users\runneradmin\.cargo\bin;C:\Users\runneradmin\AppData\Local\Microsoft\WindowsApps;C:\Program Files (x86)\Microsoft Visual Studio\Installer
build-app	Cache Robo Shell (Restoring from Cloud)	2026-04-22T00:46:48.2910963Z ##[endgroup]
build-app	Cache Robo Shell (Restoring from Cloud)	2026-04-22T00:46:48.8778466Z Cache hit for: Windows-robo-shell-v143-stable
build-app	Cache Robo Shell (Restoring from Cloud)	2026-04-22T00:46:50.1478043Z Received 134217728 of 389643189 (34.4%), 114.9 MBs/sec
build-app	Cache Robo Shell (Restoring from Cloud)	2026-04-22T00:46:51.1599421Z Received 276824064 of 389643189 (71.0%), 124.2 MBs/sec
build-app	Cache Robo Shell (Restoring from Cloud)	2026-04-22T00:46:51.7639351Z Received 389643189 of 389643189 (100.0%), 136.1 MBs/sec
build-app	Cache Robo Shell (Restoring from Cloud)	2026-04-22T00:46:51.7644598Z Cache Size: ~372 MB (389643189 B)
build-app	Cache Robo Shell (Restoring from Cloud)	2026-04-22T00:46:51.7753150Z [command]"C:\Program Files\Git\usr\bin\tar.exe" -xf D:/a/_temp/8496eda2-e191-4a81-b363-108c0aaa8a70/cache.tzst -P -C D:/a/robomongo/robomongo --force-local --use-compress-program "zstd -d"
build-app	Cache Robo Shell (Restoring from Cloud)	2026-04-22T00:46:56.5427940Z Cache restored successfully
build-app	Cache Robo Shell (Restoring from Cloud)	2026-04-22T00:46:56.5871080Z Cache restored from key: Windows-robo-shell-v143-stable
build-app	Install Qt	锘?026-04-22T00:46:56.6215255Z ##[group]Run jurplel/install-qt-action/action@v3
build-app	Install Qt	2026-04-22T00:46:56.6215647Z with:
build-app	Install Qt	2026-04-22T00:46:56.6215812Z   version: 5.15.2
build-app	Install Qt	2026-04-22T00:46:56.6215980Z   host: windows
build-app	Install Qt	2026-04-22T00:46:56.6216144Z   target: desktop
build-app	Install Qt	2026-04-22T00:46:56.6216313Z   arch: win64_msvc2019_64
build-app	Install Qt	2026-04-22T00:46:56.6216508Z   modules: qtcharts qtwebengine
build-app	Install Qt	2026-04-22T00:46:56.6216724Z   install-deps: true
build-app	Install Qt	2026-04-22T00:46:56.6216906Z   cache: false
build-app	Install Qt	2026-04-22T00:46:56.6217087Z   cache-key-prefix: install-qt-action
build-app	Install Qt	2026-04-22T00:46:56.6217335Z   add-tools-to-path: true
build-app	Install Qt	2026-04-22T00:46:56.6217535Z   set-env: true
build-app	Install Qt	2026-04-22T00:46:56.6217698Z   no-qt-binaries: false
build-app	Install Qt	2026-04-22T00:46:56.6217882Z   tools-only: false
build-app	Install Qt	2026-04-22T00:46:56.6218211Z   aqtversion: ==3.1.*
build-app	Install Qt	2026-04-22T00:46:56.6218528Z   py7zrversion: ==0.20.*
build-app	Install Qt	2026-04-22T00:46:56.6218728Z   source: false
build-app	Install Qt	2026-04-22T00:46:56.6218947Z   documentation: false
build-app	Install Qt	2026-04-22T00:46:56.6219249Z   examples: false
build-app	Install Qt	2026-04-22T00:46:56.6219534Z env:
build-app	Install Qt	2026-04-22T00:46:56.6219847Z   pythonLocation: C:\hostedtoolcache\windows\Python\3.10.11\x64
build-app	Install Qt	2026-04-22T00:46:56.6220287Z   PKG_CONFIG_PATH: C:\hostedtoolcache\windows\Python\3.10.11\x64/lib/pkgconfig
build-app	Install Qt	2026-04-22T00:46:56.6220712Z   Python_ROOT_DIR: C:\hostedtoolcache\windows\Python\3.10.11\x64
build-app	Install Qt	2026-04-22T00:46:56.6221093Z   Python2_ROOT_DIR: C:\hostedtoolcache\windows\Python\3.10.11\x64
build-app	Install Qt	2026-04-22T00:46:56.6221459Z   Python3_ROOT_DIR: C:\hostedtoolcache\windows\Python\3.10.11\x64
build-app	Install Qt	2026-04-22T00:46:56.6221771Z   CommandPromptType: Native
build-app	Install Qt	2026-04-22T00:46:56.6222106Z   DevEnvDir: C:\Program Files\Microsoft Visual Studio\2022\Enterprise\Common7\IDE\
build-app	Install Qt	2026-04-22T00:46:56.6222603Z   ExtensionSdkDir: C:\Program Files (x86)\Microsoft SDKs\Windows Kits\10\ExtensionSDKs
build-app	Install Qt	2026-04-22T00:46:56.6225367Z   EXTERNAL_INCLUDE: C:\Program Files\Microsoft Visual Studio\2022\Enterprise\VC\Tools\MSVC\14.44.35207\include;C:\Program Files\Microsoft Visual Studio\2022\Enterprise\VC\Tools\MSVC\14.44.35207\ATLMFC\include;C:\Program Files\Microsoft Visual Studio\2022\Enterprise\VC\Auxiliary\VS\include;C:\Program Files (x86)\Windows Kits\10\include\10.0.26100.0\ucrt;C:\Program Files (x86)\Windows Kits\10\\include\10.0.26100.0\\um;C:\Program Files (x86)\Windows Kits\10\\include\10.0.26100.0\\shared;C:\Program Files (x86)\Windows Kits\10\\include\10.0.26100.0\\winrt;C:\Program Files (x86)\Windows Kits\10\\include\10.0.26100.0\\cppwinrt;C:\Program Files (x86)\Windows Kits\NETFXSDK\4.8\include\um
build-app	Install Qt	2026-04-22T00:46:56.6228438Z   Framework40Version: v4.0
build-app	Install Qt	2026-04-22T00:46:56.6228763Z   FrameworkDir: C:\Windows\Microsoft.NET\Framework64\
build-app	Install Qt	2026-04-22T00:46:56.6229354Z   FrameworkDir64: C:\Windows\Microsoft.NET\Framework64\
build-app	Install Qt	2026-04-22T00:46:56.6229698Z   FrameworkVersion: v4.0.30319
build-app	Install Qt	2026-04-22T00:46:56.6229922Z   FrameworkVersion64: v4.0.30319
build-app	Install Qt	2026-04-22T00:46:56.6230420Z   FSHARPINSTALLDIR: C:\Program Files\Microsoft Visual Studio\2022\Enterprise\Common7\IDE\CommonExtensions\Microsoft\FSharp\Tools
build-app	Install Qt	2026-04-22T00:46:56.6231003Z   HTMLHelpDir: C:\Program Files (x86)\HTML Help Workshop
build-app	Install Qt	2026-04-22T00:46:56.6231480Z   IFCPATH: C:\Program Files\Microsoft Visual Studio\2022\Enterprise\VC\Tools\MSVC\14.44.35207\ifc\x64
build-app	Install Qt	2026-04-22T00:46:56.6233811Z   INCLUDE: C:\Program Files\Microsoft Visual Studio\2022\Enterprise\VC\Tools\MSVC\14.44.35207\include;C:\Program Files\Microsoft Visual Studio\2022\Enterprise\VC\Tools\MSVC\14.44.35207\ATLMFC\include;C:\Program Files\Microsoft Visual Studio\2022\Enterprise\VC\Auxiliary\VS\include;C:\Program Files (x86)\Windows Kits\10\include\10.0.26100.0\ucrt;C:\Program Files (x86)\Windows Kits\10\\include\10.0.26100.0\\um;C:\Program Files (x86)\Windows Kits\10\\include\10.0.26100.0\\shared;C:\Program Files (x86)\Windows Kits\10\\include\10.0.26100.0\\winrt;C:\Program Files (x86)\Windows Kits\10\\include\10.0.26100.0\\cppwinrt;C:\Program Files (x86)\Windows Kits\NETFXSDK\4.8\include\um
build-app	Install Qt	2026-04-22T00:46:56.6235974Z   is_x64_arch: true
build-app	Install Qt	2026-04-22T00:46:56.6237352Z   LIB: C:\Program Files\Microsoft Visual Studio\2022\Enterprise\VC\Tools\MSVC\14.44.35207\ATLMFC\lib\x64;C:\Program Files\Microsoft Visual Studio\2022\Enterprise\VC\Tools\MSVC\14.44.35207\lib\x64;C:\Program Files (x86)\Windows Kits\NETFXSDK\4.8\lib\um\x64;C:\Program Files (x86)\Windows Kits\10\lib\10.0.26100.0\ucrt\x64;C:\Program Files (x86)\Windows Kits\10\\lib\10.0.26100.0\\um\x64
build-app	Install Qt	2026-04-22T00:46:56.6247141Z   LIBPATH: C:\Program Files\Microsoft Visual Studio\2022\Enterprise\VC\Tools\MSVC\14.44.35207\ATLMFC\lib\x64;C:\Program Files\Microsoft Visual Studio\2022\Enterprise\VC\Tools\MSVC\14.44.35207\lib\x64;C:\Program Files\Microsoft Visual Studio\2022\Enterprise\VC\Tools\MSVC\14.44.35207\lib\x86\store\references;C:\Program Files (x86)\Windows Kits\10\UnionMetadata\10.0.26100.0;C:\Program Files (x86)\Windows Kits\10\References\10.0.26100.0;C:\Windows\Microsoft.NET\Framework64\v4.0.30319
build-app	Install Qt	2026-04-22T00:46:56.6248842Z   NETFXSDKDir: C:\Program Files (x86)\Windows Kits\NETFXSDK\4.8\
build-app	Install Qt	2026-04-22T00:46:56.6264586Z   Path: C:\Program Files\Microsoft Visual Studio\2022\Enterprise\VC\Tools\MSVC\14.44.35207\bin\HostX64\x64;C:\Program Files\Microsoft Visual Studio\2022\Enterprise\Common7\IDE\VC\VCPackages;C:\Program Files\Microsoft Visual Studio\2022\Enterprise\Common7\IDE\CommonExtensions\Microsoft\TestWindow;C:\Program Files\Microsoft Visual Studio\2022\Enterprise\Common7\IDE\CommonExtensions\Microsoft\TeamFoundation\Team Explorer;C:\Program Files\Microsoft Visual Studio\2022\Enterprise\MSBuild\Current\bin\Roslyn;C:\Program Files (x86)\Microsoft SDKs\Windows\v10.0A\bin\NETFX 4.8 Tools\x64\;C:\Program Files (x86)\HTML Help Workshop;C:\Program Files\Microsoft Visual Studio\2022\Enterprise\Common7\IDE\CommonExtensions\Microsoft\FSharp\Tools;C:\Program Files\Microsoft Visual Studio\2022\Enterprise\Team Tools\DiagnosticsHub\Collector;C:\Program Files\Microsoft Visual Studio\2022\Enterprise\Common7\IDE\Extensions\Microsoft\CodeCoverage.Console;C:\Program Files\Microsoft Visual Studio\2022\Enterprise\VC\Tools\Llvm\x64\bin;C:\Program Files (x86)\Windows Kits\10\bin\10.0.26100.0\\x64;C:\Program Files (x86)\Windows Kits\10\bin\\x64;C:\Program Files\Microsoft Visual Studio\2022\Enterprise\\MSBuild\Current\Bin\amd64;C:\Windows\Microsoft.NET\Framework64\v4.0.30319;C:\Program Files\Microsoft Visual Studio\2022\Enterprise\Common7\IDE\;C:\Program Files\Microsoft Visual Studio\2022\Enterprise\Common7\Tools\;C:\Users\runneradmin\AppData\Roaming\Python\Python310\Scripts;C:\hostedtoolcache\windows\Python\3.10.11\x64\Scripts;C:\hostedtoolcache\windows\Python\3.10.11\x64;C:\Program Files\MongoDB\Server\7.0\bin;C:\vcpkg;C:\tools\zstd;C:\hostedtoolcache\windows\stack\3.9.3\x64;C:\cabal\bin;C:\\ghcup\bin;C:\mingw64\bin;C:\Program Files\dotnet;C:\Program Files\MySQL\MySQL Server 8.0\bin;C:\Program Files\R\R-4.5.3\bin\x64;C:\SeleniumWebDrivers\GeckoDriver;C:\SeleniumWebDrivers\EdgeDriver\;C:\SeleniumWebDrivers\ChromeDriver;C:\Program Files (x86)\sbt\bin;C:\Program Files (x86)\GitHub CLI;C:\Program Files\Git\bin;C:\Program Files (x86)\pipx_bin;C:\npm\prefix;C:\hostedtoolcache\windows\go\1.24.13\x64\bin;C:\hostedtoolcache\windows\Python\3.12.10\x64\Scripts;C:\hostedtoolcache\windows\Python\3.12.10\x64;C:\hostedtoolcache\windows\Ruby\3.3.11\x64\bin;C:\Program Files\OpenSSL\bin;C:\tools\kotlinc\bin;C:\hostedtoolcache\windows\Java_Temurin-Hotspot_jdk\17.0.18-8\x64\bin;C:\Program Files\ImageMagick-7.1.2-Q16-HDRI;C:\Program Files\Microsoft SDKs\Azure\CLI2\wbin;C:\ProgramData\kind;C:\ProgramData\Chocolatey\bin;C:\Windows\system32;C:\Windows;C:\Windows\System32\Wbem;C:\Windows\System32\WindowsPowerShell\v1.0\;C:\Windows\System32\OpenSSH\;C:\Program Files\PowerShell\7\;C:\Program Files\Microsoft\Web Platform Installer\;C:\Program Files\Microsoft SQL Server\Client SDK\ODBC\170\Tools\Binn\;C:\Program Files\Microsoft SQL Server\150\Tools\Binn\;C:\Program Files\dotnet\;C:\Program Files (x86)\Windows Kits\10\Windows Performance Toolkit\;C:\Program Files (x86)\WiX Toolset v3.14\bin;C:\Program Files\Microsoft SQL Server\130\DTS\Binn\;C:\Program Files\Microsoft SQL Server\140\DTS\Binn\;C:\Program Files\Microsoft SQL Server\150\DTS\Binn\;C:\Program Files\Microsoft SQL Server\160\DTS\Binn\;C:\Program Files\Microsoft SQL Server\170\DTS\Binn\;C:\ProgramData\chocolatey\lib\pulumi\tools\Pulumi\bin;C:\Program Files\CMake\bin;C:\Strawberry\c\bin;C:\Strawberry\perl\site\bin;C:\Strawberry\perl\bin;C:\ProgramData\chocolatey\lib\maven\apache-maven-3.9.14\bin;C:\Program Files\Microsoft Service Fabric\bin\Fabric\Fabric.Code;C:\Program Files\Microsoft SDKs\Service Fabric\Tools\ServiceFabricLocalClusterManager;C:\Program Files\nodejs\;C:\Program Files\Git\cmd;C:\Program Files\Git\mingw64\bin;C:\Program Files\Git\usr\bin;C:\Program Files\GitHub CLI\;c:\tools\php;C:\Program Files\Amazon\AWSCLIV2\;C:\Program Files\Amazon\SessionManagerPlugin\bin\;C:\Program Files\Amazon\AWSSAMCLI\bin\;C:\Program Files\Microsoft SQL Server\130\Tools\Binn\;C:\Program Files\mongosh\;C:\Program Files\LLVM\bin;C:\Program Files (x86)\LLVM\bin;C:\Users\runneradmin\.dotnet\tools;C:\Users\runneradmin\.cargo\bin;C:\Users\runneradmin\AppData\Local\Microsoft\WindowsApps;C:\Program Files (x86)\Microsoft Visual Studio\Installer;C:\Program Files\Microsoft Visual Studio\2022\Enterprise\Common7\IDE\CommonExtensions\Microsoft\CMake\CMake\bin;C:\Program Files\Microsoft Visual Studio\2022\Enterprise\Common7\IDE\CommonExtensions\Microsoft\CMake\Ninja;C:\Program Files\Microsoft Visual Studio\2022\Enterprise\Common7\IDE\VC\Linux\bin\ConnectionManagerExe;C:\Program Files\Microsoft Visual Studio\2022\Enterprise\VC\vcpkg
build-app	Install Qt	2026-04-22T00:46:56.6280968Z   Platform: x64
build-app	Install Qt	2026-04-22T00:46:56.6281162Z   UCRTVersion: 10.0.26100.0
build-app	Install Qt	2026-04-22T00:46:56.6281436Z   UniversalCRTSdkDir: C:\Program Files (x86)\Windows Kits\10\
build-app	Install Qt	2026-04-22T00:46:56.6281907Z   VCIDEInstallDir: C:\Program Files\Microsoft Visual Studio\2022\Enterprise\Common7\IDE\VC\
build-app	Install Qt	2026-04-22T00:46:56.6282617Z   VCINSTALLDIR: C:\Program Files\Microsoft Visual Studio\2022\Enterprise\VC\
build-app	Install Qt	2026-04-22T00:46:56.6283086Z   VCPKG_ROOT: C:\Program Files\Microsoft Visual Studio\2022\Enterprise\VC\vcpkg
build-app	Install Qt	2026-04-22T00:46:56.6283626Z   VCToolsInstallDir: C:\Program Files\Microsoft Visual Studio\2022\Enterprise\VC\Tools\MSVC\14.44.35207\
build-app	Install Qt	2026-04-22T00:46:56.6284403Z   VCToolsRedistDir: C:\Program Files\Microsoft Visual Studio\2022\Enterprise\VC\Redist\MSVC\14.44.35112\
build-app	Install Qt	2026-04-22T00:46:56.6284839Z   VCToolsVersion: 14.44.35207
build-app	Install Qt	2026-04-22T00:46:56.6285055Z   VisualStudioVersion: 17.0
build-app	Install Qt	2026-04-22T00:46:56.6285409Z   VS170COMNTOOLS: C:\Program Files\Microsoft Visual Studio\2022\Enterprise\Common7\Tools\
build-app	Install Qt	2026-04-22T00:46:56.6285803Z   VSCMD_ARG_app_plat: Desktop
build-app	Install Qt	2026-04-22T00:46:56.6286011Z   VSCMD_ARG_HOST_ARCH: x64
build-app	Install Qt	2026-04-22T00:46:56.6286200Z   VSCMD_ARG_TGT_ARCH: x64
build-app	Install Qt	2026-04-22T00:46:56.6286383Z   VSCMD_VER: 17.14.29
build-app	Install Qt	2026-04-22T00:46:56.6286671Z   VSINSTALLDIR: C:\Program Files\Microsoft Visual Studio\2022\Enterprise\
build-app	Install Qt	2026-04-22T00:46:56.6287133Z   VSSDK150INSTALL: C:\Program Files\Microsoft Visual Studio\2022\Enterprise\VSSDK
build-app	Install Qt	2026-04-22T00:46:56.6287606Z   VSSDKINSTALL: C:\Program Files\Microsoft Visual Studio\2022\Enterprise\VSSDK
build-app	Install Qt	2026-04-22T00:46:56.6288287Z   WindowsLibPath: C:\Program Files (x86)\Windows Kits\10\UnionMetadata\10.0.26100.0;C:\Program Files (x86)\Windows Kits\10\References\10.0.26100.0
build-app	Install Qt	2026-04-22T00:46:56.6288947Z   WindowsSdkBinPath: C:\Program Files (x86)\Windows Kits\10\bin\
build-app	Install Qt	2026-04-22T00:46:56.6289353Z   WindowsSdkDir: C:\Program Files (x86)\Windows Kits\10\
build-app	Install Qt	2026-04-22T00:46:56.6289636Z   WindowsSDKLibVersion: 10.0.26100.0\
build-app	Install Qt	2026-04-22T00:46:56.6289987Z   WindowsSdkVerBinPath: C:\Program Files (x86)\Windows Kits\10\bin\10.0.26100.0\
build-app	Install Qt	2026-04-22T00:46:56.6290361Z   WindowsSDKVersion: 10.0.26100.0\
build-app	Install Qt	2026-04-22T00:46:56.6290796Z   WindowsSDK_ExecutablePath_x64: C:\Program Files (x86)\Microsoft SDKs\Windows\v10.0A\bin\NETFX 4.8 Tools\x64\
build-app	Install Qt	2026-04-22T00:46:56.6291438Z   WindowsSDK_ExecutablePath_x86: C:\Program Files (x86)\Microsoft SDKs\Windows\v10.0A\bin\NETFX 4.8 Tools\
build-app	Install Qt	2026-04-22T00:46:56.6291871Z   __DOTNET_ADD_64BIT: 1
build-app	Install Qt	2026-04-22T00:46:56.6292064Z   __DOTNET_PREFERRED_BITNESS: 64
build-app	Install Qt	2026-04-22T00:46:56.6301451Z   __VSCMD_PREINIT_PATH: C:\Users\runneradmin\AppData\Roaming\Python\Python310\Scripts;C:\hostedtoolcache\windows\Python\3.10.11\x64\Scripts;C:\hostedtoolcache\windows\Python\3.10.11\x64;C:\Program Files\MongoDB\Server\7.0\bin;C:\vcpkg;C:\tools\zstd;C:\hostedtoolcache\windows\stack\3.9.3\x64;C:\cabal\bin;C:\\ghcup\bin;C:\mingw64\bin;C:\Program Files\dotnet;C:\Program Files\MySQL\MySQL Server 8.0\bin;C:\Program Files\R\R-4.5.3\bin\x64;C:\SeleniumWebDrivers\GeckoDriver;C:\SeleniumWebDrivers\EdgeDriver\;C:\SeleniumWebDrivers\ChromeDriver;C:\Program Files (x86)\sbt\bin;C:\Program Files (x86)\GitHub CLI;C:\Program Files\Git\bin;C:\Program Files (x86)\pipx_bin;C:\npm\prefix;C:\hostedtoolcache\windows\go\1.24.13\x64\bin;C:\hostedtoolcache\windows\Python\3.12.10\x64\Scripts;C:\hostedtoolcache\windows\Python\3.12.10\x64;C:\hostedtoolcache\windows\Ruby\3.3.11\x64\bin;C:\Program Files\OpenSSL\bin;C:\tools\kotlinc\bin;C:\hostedtoolcache\windows\Java_Temurin-Hotspot_jdk\17.0.18-8\x64\bin;C:\Program Files\ImageMagick-7.1.2-Q16-HDRI;C:\Program Files\Microsoft SDKs\Azure\CLI2\wbin;C:\ProgramData\kind;C:\ProgramData\Chocolatey\bin;C:\Windows\system32;C:\Windows;C:\Windows\System32\Wbem;C:\Windows\System32\WindowsPowerShell\v1.0\;C:\Windows\System32\OpenSSH\;C:\Program Files\PowerShell\7\;C:\Program Files\Microsoft\Web Platform Installer\;C:\Program Files\Microsoft SQL Server\Client SDK\ODBC\170\Tools\Binn\;C:\Program Files\Microsoft SQL Server\150\Tools\Binn\;C:\Program Files\dotnet\;C:\Program Files (x86)\Windows Kits\10\Windows Performance Toolkit\;C:\Program Files (x86)\WiX Toolset v3.14\bin;C:\Program Files\Microsoft SQL Server\130\DTS\Binn\;C:\Program Files\Microsoft SQL Server\140\DTS\Binn\;C:\Program Files\Microsoft SQL Server\150\DTS\Binn\;C:\Program Files\Microsoft SQL Server\160\DTS\Binn\;C:\Program Files\Microsoft SQL Server\170\DTS\Binn\;C:\ProgramData\chocolatey\lib\pulumi\tools\Pulumi\bin;C:\Program Files\CMake\bin;C:\Strawberry\c\bin;C:\Strawberry\perl\site\bin;C:\Strawberry\perl\bin;C:\ProgramData\chocolatey\lib\maven\apache-maven-3.9.14\bin;C:\Program Files\Microsoft Service Fabric\bin\Fabric\Fabric.Code;C:\Program Files\Microsoft SDKs\Service Fabric\Tools\ServiceFabricLocalClusterManager;C:\Program Files\nodejs\;C:\Program Files\Git\cmd;C:\Program Files\Git\mingw64\bin;C:\Program Files\Git\usr\bin;C:\Program Files\GitHub CLI\;c:\tools\php;C:\Program Files (x86)\sbt\bin;C:\Program Files\Amazon\AWSCLIV2\;C:\Program Files\Amazon\SessionManagerPlugin\bin\;C:\Program Files\Amazon\AWSSAMCLI\bin\;C:\Program Files\Microsoft SQL Server\130\Tools\Binn\;C:\Program Files\mongosh\;C:\Program Files\LLVM\bin;C:\Program Files (x86)\LLVM\bin;C:\Users\runneradmin\.dotnet\tools;C:\Users\runneradmin\.cargo\bin;C:\Users\runneradmin\AppData\Local\Microsoft\WindowsApps;C:\Program Files (x86)\Microsoft Visual Studio\Installer
build-app	Install Qt	2026-04-22T00:46:56.6311889Z ##[endgroup]
build-app	Install Qt	2026-04-22T00:46:57.0824879Z Unexpected error attempting to determine if executable file exists 'C:\Users\runneradmin\AppData\Local\Microsoft\WindowsApps\python.EXE': Error: EACCES: permission denied, stat 'C:\Users\runneradmin\AppData\Local\Microsoft\WindowsApps\python.EXE'
build-app	Install Qt	2026-04-22T00:46:57.0934726Z [command]C:\hostedtoolcache\windows\Python\3.10.11\x64\python.exe -m pip install setuptools wheel py7zr==0.20.*
build-app	Install Qt	2026-04-22T00:47:03.3054599Z Requirement already satisfied: setuptools in c:\hostedtoolcache\windows\python\3.10.11\x64\lib\site-packages (65.5.0)
build-app	Install Qt	2026-04-22T00:47:03.5035258Z Collecting wheel
build-app	Install Qt	2026-04-22T00:47:03.5744919Z   Downloading wheel-0.46.3-py3-none-any.whl.metadata (2.4 kB)
build-app	Install Qt	2026-04-22T00:47:03.6619992Z Collecting py7zr==0.20.*
build-app	Install Qt	2026-04-22T00:47:03.6812710Z   Downloading py7zr-0.20.8-py3-none-any.whl.metadata (16 kB)
build-app	Install Qt	2026-04-22T00:47:03.7370546Z Collecting texttable (from py7zr==0.20.*)
build-app	Install Qt	2026-04-22T00:47:03.7573032Z   Downloading texttable-1.7.0-py2.py3-none-any.whl.metadata (9.8 kB)
build-app	Install Qt	2026-04-22T00:47:03.9096079Z Collecting pycryptodomex>=3.16.0 (from py7zr==0.20.*)
build-app	Install Qt	2026-04-22T00:47:03.9286924Z   Downloading pycryptodomex-3.23.0-cp37-abi3-win_amd64.whl.metadata (3.5 kB)
build-app	Install Qt	2026-04-22T00:47:04.0821109Z Collecting pyzstd>=0.15.9 (from py7zr==0.20.*)
build-app	Install Qt	2026-04-22T00:47:04.1030471Z   Downloading pyzstd-0.19.1-py3-none-any.whl.metadata (2.6 kB)
build-app	Install Qt	2026-04-22T00:47:04.2372473Z Collecting pyppmd<1.2.0,>=1.1.0 (from py7zr==0.20.*)
build-app	Install Qt	2026-04-22T00:47:04.2894108Z   Downloading pyppmd-1.1.1-cp310-cp310-win_amd64.whl.metadata (5.6 kB)
build-app	Install Qt	2026-04-22T00:47:04.3919906Z Collecting pybcj<1.1.0,>=1.0.0 (from py7zr==0.20.*)
build-app	Install Qt	2026-04-22T00:47:04.4119778Z   Downloading pybcj-1.0.7-cp310-cp310-win_amd64.whl.metadata (4.0 kB)
build-app	Install Qt	2026-04-22T00:47:04.4622920Z Collecting multivolumefile>=0.2.3 (from py7zr==0.20.*)
build-app	Install Qt	2026-04-22T00:47:04.4819101Z   Downloading multivolumefile-0.2.3-py3-none-any.whl.metadata (6.3 kB)
build-app	Install Qt	2026-04-22T00:47:04.5776278Z Collecting inflate64<1.1.0,>=1.0.0 (from py7zr==0.20.*)
build-app	Install Qt	2026-04-22T00:47:04.5963660Z   Downloading inflate64-1.0.4-cp310-cp310-win_amd64.whl.metadata (4.5 kB)
build-app	Install Qt	2026-04-22T00:47:04.6679535Z Collecting brotli>=1.1.0 (from py7zr==0.20.*)
build-app	Install Qt	2026-04-22T00:47:04.6864453Z   Downloading brotli-1.2.0-cp310-cp310-win_amd64.whl.metadata (6.3 kB)
build-app	Install Qt	2026-04-22T00:47:04.8133984Z Collecting psutil (from py7zr==0.20.*)
build-app	Install Qt	2026-04-22T00:47:04.8330362Z   Downloading psutil-7.2.2-cp37-abi3-win_amd64.whl.metadata (22 kB)
build-app	Install Qt	2026-04-22T00:47:04.9441277Z Collecting packaging>=24.0 (from wheel)
build-app	Install Qt	2026-04-22T00:47:04.9628312Z   Downloading packaging-26.1-py3-none-any.whl.metadata (3.5 kB)
build-app	Install Qt	2026-04-22T00:47:05.0675729Z Collecting backports-zstd>=1.0.0 (from pyzstd>=0.15.9->py7zr==0.20.*)
build-app	Install Qt	2026-04-22T00:47:05.0862117Z   Downloading backports_zstd-1.3.0-cp310-cp310-win_amd64.whl.metadata (7.1 kB)
build-app	Install Qt	2026-04-22T00:47:05.1394131Z Collecting typing-extensions>=4.13.2 (from pyzstd>=0.15.9->py7zr==0.20.*)
build-app	Install Qt	2026-04-22T00:47:05.1574010Z   Downloading typing_extensions-4.15.0-py3-none-any.whl.metadata (3.3 kB)
build-app	Install Qt	2026-04-22T00:47:05.1970536Z Downloading py7zr-0.20.8-py3-none-any.whl (67 kB)
build-app	Install Qt	2026-04-22T00:47:05.2421052Z Downloading inflate64-1.0.4-cp310-cp310-win_amd64.whl (35 kB)
build-app	Install Qt	2026-04-22T00:47:05.2733390Z Downloading pybcj-1.0.7-cp310-cp310-win_amd64.whl (24 kB)
build-app	Install Qt	2026-04-22T00:47:05.3061170Z Downloading pyppmd-1.1.1-cp310-cp310-win_amd64.whl (46 kB)
build-app	Install Qt	2026-04-22T00:47:05.3362051Z Downloading wheel-0.46.3-py3-none-any.whl (30 kB)
build-app	Install Qt	2026-04-22T00:47:05.3697789Z Downloading brotli-1.2.0-cp310-cp310-win_amd64.whl (369 kB)
build-app	Install Qt	2026-04-22T00:47:05.4301805Z Downloading multivolumefile-0.2.3-py3-none-any.whl (17 kB)
build-app	Install Qt	2026-04-22T00:47:05.4613645Z Downloading packaging-26.1-py3-none-any.whl (95 kB)
build-app	Install Qt	2026-04-22T00:47:05.4961958Z Downloading pycryptodomex-3.23.0-cp37-abi3-win_amd64.whl (1.8 MB)
build-app	Install Qt	2026-04-22T00:47:05.5498543Z    ---------------------------------------- 1.8/1.8 MB 32.8 MB/s  0:00:00
build-app	Install Qt	2026-04-22T00:47:05.5690809Z Downloading pyzstd-0.19.1-py3-none-any.whl (23 kB)
build-app	Install Qt	2026-04-22T00:47:05.8125322Z Downloading backports_zstd-1.3.0-cp310-cp310-win_amd64.whl (313 kB)
build-app	Install Qt	2026-04-22T00:47:05.8454625Z Downloading typing_extensions-4.15.0-py3-none-any.whl (44 kB)
build-app	Install Qt	2026-04-22T00:47:05.8803577Z Downloading psutil-7.2.2-cp37-abi3-win_amd64.whl (137 kB)
build-app	Install Qt	2026-04-22T00:47:05.9140531Z Downloading texttable-1.7.0-py2.py3-none-any.whl (10 kB)
build-app	Install Qt	2026-04-22T00:47:06.0158583Z Installing collected packages: texttable, brotli, typing-extensions, pyppmd, pycryptodomex, pybcj, psutil, packaging, multivolumefile, inflate64, backports-zstd, wheel, pyzstd, py7zr
build-app	Install Qt	2026-04-22T00:47:07.6546060Z 
build-app	Install Qt	2026-04-22T00:47:07.6614607Z Successfully installed backports-zstd-1.3.0 brotli-1.2.0 inflate64-1.0.4 multivolumefile-0.2.3 packaging-26.1 psutil-7.2.2 py7zr-0.20.8 pybcj-1.0.7 pycryptodomex-3.23.0 pyppmd-1.1.1 pyzstd-0.19.1 texttable-1.7.0 typing-extensions-4.15.0 wheel-0.46.3
build-app	Install Qt	2026-04-22T00:47:08.0208340Z Unexpected error attempting to determine if executable file exists 'C:\Users\runneradmin\AppData\Local\Microsoft\WindowsApps\python.EXE': Error: EACCES: permission denied, stat 'C:\Users\runneradmin\AppData\Local\Microsoft\WindowsApps\python.EXE'
build-app	Install Qt	2026-04-22T00:47:08.0292570Z [command]C:\hostedtoolcache\windows\Python\3.10.11\x64\python.exe -m pip install aqtinstall==3.1.*
build-app	Install Qt	2026-04-22T00:47:09.1298819Z Collecting aqtinstall==3.1.*
build-app	Install Qt	2026-04-22T00:47:09.2038037Z   Downloading aqtinstall-3.1.21-py3-none-any.whl.metadata (11 kB)
build-app	Install Qt	2026-04-22T00:47:09.2516925Z Collecting bs4 (from aqtinstall==3.1.*)
build-app	Install Qt	2026-04-22T00:47:09.2690298Z   Downloading bs4-0.0.2-py2.py3-none-any.whl.metadata (411 bytes)
build-app	Install Qt	2026-04-22T00:47:09.3317558Z Collecting defusedxml (from aqtinstall==3.1.*)
build-app	Install Qt	2026-04-22T00:47:09.3502476Z   Downloading defusedxml-0.7.1-py2.py3-none-any.whl.metadata (32 kB)
build-app	Install Qt	2026-04-22T00:47:09.4178914Z Collecting humanize (from aqtinstall==3.1.*)
build-app	Install Qt	2026-04-22T00:47:09.4361673Z   Downloading humanize-4.15.0-py3-none-any.whl.metadata (7.8 kB)
build-app	Install Qt	2026-04-22T00:47:09.4831950Z Collecting patch>=1.16 (from aqtinstall==3.1.*)
build-app	Install Qt	2026-04-22T00:47:09.5024308Z   Downloading patch-1.16.zip (12 kB)
build-app	Install Qt	2026-04-22T00:47:09.5216177Z   Installing build dependencies: started
build-app	Install Qt	2026-04-22T00:47:11.4316132Z   Installing build dependencies: finished with status 'done'
build-app	Install Qt	2026-04-22T00:47:11.4334753Z   Getting requirements to build wheel: started
build-app	Install Qt	2026-04-22T00:47:11.9686323Z   Getting requirements to build wheel: finished with status 'done'
build-app	Install Qt	2026-04-22T00:47:11.9720197Z   Preparing metadata (pyproject.toml): started
build-app	Install Qt	2026-04-22T00:47:12.2750860Z   Preparing metadata (pyproject.toml): finished with status 'done'
build-app	Install Qt	2026-04-22T00:47:12.3341698Z Collecting py7zr>=0.22.0 (from aqtinstall==3.1.*)
build-app	Install Qt	2026-04-22T00:47:12.3516090Z   Downloading py7zr-1.1.0-py3-none-any.whl.metadata (17 kB)
build-app	Install Qt	2026-04-22T00:47:12.4127684Z Collecting requests>=2.31.0 (from aqtinstall==3.1.*)
build-app	Install Qt	2026-04-22T00:47:12.4300560Z   Downloading requests-2.33.1-py3-none-any.whl.metadata (4.8 kB)
build-app	Install Qt	2026-04-22T00:47:12.4773141Z Collecting semantic-version (from aqtinstall==3.1.*)
build-app	Install Qt	2026-04-22T00:47:12.4945631Z   Downloading semantic_version-2.10.0-py2.py3-none-any.whl.metadata (9.7 kB)
build-app	Install Qt	2026-04-22T00:47:12.5116795Z Requirement already satisfied: texttable in c:\hostedtoolcache\windows\python\3.10.11\x64\lib\site-packages (from aqtinstall==3.1.*) (1.7.0)
build-app	Install Qt	2026-04-22T00:47:12.5133509Z Requirement already satisfied: pycryptodomex>=3.20.0 in c:\hostedtoolcache\windows\python\3.10.11\x64\lib\site-packages (from py7zr>=0.22.0->aqtinstall==3.1.*) (3.23.0)
build-app	Install Qt	2026-04-22T00:47:12.5140805Z Requirement already satisfied: brotli>=1.2.0 in c:\hostedtoolcache\windows\python\3.10.11\x64\lib\site-packages (from py7zr>=0.22.0->aqtinstall==3.1.*) (1.2.0)
build-app	Install Qt	2026-04-22T00:47:12.5147036Z Requirement already satisfied: psutil in c:\hostedtoolcache\windows\python\3.10.11\x64\lib\site-packages (from py7zr>=0.22.0->aqtinstall==3.1.*) (7.2.2)
build-app	Install Qt	2026-04-22T00:47:12.5154741Z Requirement already satisfied: backports.zstd>=1.0.0 in c:\hostedtoolcache\windows\python\3.10.11\x64\lib\site-packages (from py7zr>=0.22.0->aqtinstall==3.1.*) (1.3.0)
build-app	Install Qt	2026-04-22T00:47:12.6150139Z Collecting pyppmd>=1.3.1 (from py7zr>=0.22.0->aqtinstall==3.1.*)
build-app	Install Qt	2026-04-22T00:47:12.6338695Z   Downloading pyppmd-1.3.1-cp310-cp310-win_amd64.whl.metadata (5.6 kB)
build-app	Install Qt	2026-04-22T00:47:12.6541631Z Requirement already satisfied: pybcj>=1.0.6 in c:\hostedtoolcache\windows\python\3.10.11\x64\lib\site-packages (from py7zr>=0.22.0->aqtinstall==3.1.*) (1.0.7)
build-app	Install Qt	2026-04-22T00:47:12.6547652Z Requirement already satisfied: multivolumefile>=0.2.3 in c:\hostedtoolcache\windows\python\3.10.11\x64\lib\site-packages (from py7zr>=0.22.0->aqtinstall==3.1.*) (0.2.3)
build-app	Install Qt	2026-04-22T00:47:12.6554081Z Requirement already satisfied: inflate64>=1.0.4 in c:\hostedtoolcache\windows\python\3.10.11\x64\lib\site-packages (from py7zr>=0.22.0->aqtinstall==3.1.*) (1.0.4)
build-app	Install Qt	2026-04-22T00:47:12.8057646Z Collecting charset_normalizer<4,>=2 (from requests>=2.31.0->aqtinstall==3.1.*)
build-app	Install Qt	2026-04-22T00:47:12.8256185Z   Downloading charset_normalizer-3.4.7-cp310-cp310-win_amd64.whl.metadata (41 kB)
build-app	Install Qt	2026-04-22T00:47:12.8781003Z Collecting idna<4,>=2.5 (from requests>=2.31.0->aqtinstall==3.1.*)
build-app	Install Qt	2026-04-22T00:47:12.8952623Z   Downloading idna-3.12-py3-none-any.whl.metadata (8.0 kB)
build-app	Install Qt	2026-04-22T00:47:12.9567412Z Collecting urllib3<3,>=1.26 (from requests>=2.31.0->aqtinstall==3.1.*)
build-app	Install Qt	2026-04-22T00:47:12.9751024Z   Downloading urllib3-2.6.3-py3-none-any.whl.metadata (6.9 kB)
build-app	Install Qt	2026-04-22T00:47:13.0586417Z Collecting certifi>=2023.5.7 (from requests>=2.31.0->aqtinstall==3.1.*)
build-app	Install Qt	2026-04-22T00:47:13.0759241Z   Downloading certifi-2026.2.25-py3-none-any.whl.metadata (2.5 kB)
build-app	Install Qt	2026-04-22T00:47:13.1292569Z Collecting beautifulsoup4 (from bs4->aqtinstall==3.1.*)
build-app	Install Qt	2026-04-22T00:47:13.1467273Z   Downloading beautifulsoup4-4.14.3-py3-none-any.whl.metadata (3.8 kB)
build-app	Install Qt	2026-04-22T00:47:13.2035316Z Collecting soupsieve>=1.6.1 (from beautifulsoup4->bs4->aqtinstall==3.1.*)
build-app	Install Qt	2026-04-22T00:47:13.2218274Z   Downloading soupsieve-2.8.3-py3-none-any.whl.metadata (4.6 kB)
build-app	Install Qt	2026-04-22T00:47:13.2372924Z Requirement already satisfied: typing-extensions>=4.0.0 in c:\hostedtoolcache\windows\python\3.10.11\x64\lib\site-packages (from beautifulsoup4->bs4->aqtinstall==3.1.*) (4.15.0)
build-app	Install Qt	2026-04-22T00:47:13.2648454Z Downloading aqtinstall-3.1.21-py3-none-any.whl (59 kB)
build-app	Install Qt	2026-04-22T00:47:13.2968441Z Downloading py7zr-1.1.0-py3-none-any.whl (71 kB)
build-app	Install Qt	2026-04-22T00:47:13.3466354Z Downloading pyppmd-1.3.1-cp310-cp310-win_amd64.whl (46 kB)
build-app	Install Qt	2026-04-22T00:47:13.3818771Z Downloading requests-2.33.1-py3-none-any.whl (64 kB)
build-app	Install Qt	2026-04-22T00:47:13.4355863Z Downloading charset_normalizer-3.4.7-cp310-cp310-win_amd64.whl (159 kB)
build-app	Install Qt	2026-04-22T00:47:13.4824857Z Downloading idna-3.12-py3-none-any.whl (68 kB)
build-app	Install Qt	2026-04-22T00:47:13.5131031Z Downloading urllib3-2.6.3-py3-none-any.whl (131 kB)
build-app	Install Qt	2026-04-22T00:47:13.5454387Z Downloading certifi-2026.2.25-py3-none-any.whl (153 kB)
build-app	Install Qt	2026-04-22T00:47:13.5817379Z Downloading bs4-0.0.2-py2.py3-none-any.whl (1.2 kB)
build-app	Install Qt	2026-04-22T00:47:13.6165340Z Downloading beautifulsoup4-4.14.3-py3-none-any.whl (107 kB)
build-app	Install Qt	2026-04-22T00:47:13.6496189Z Downloading soupsieve-2.8.3-py3-none-any.whl (37 kB)
build-app	Install Qt	2026-04-22T00:47:13.6811718Z Downloading defusedxml-0.7.1-py2.py3-none-any.whl (25 kB)
build-app	Install Qt	2026-04-22T00:47:13.7181673Z Downloading humanize-4.15.0-py3-none-any.whl (132 kB)
build-app	Install Qt	2026-04-22T00:47:13.7510111Z Downloading semantic_version-2.10.0-py2.py3-none-any.whl (15 kB)
build-app	Install Qt	2026-04-22T00:47:13.8039351Z Building wheels for collected packages: patch
build-app	Install Qt	2026-04-22T00:47:13.8070109Z   Building wheel for patch (pyproject.toml): started
build-app	Install Qt	2026-04-22T00:47:14.1422131Z   Building wheel for patch (pyproject.toml): finished with status 'done'
build-app	Install Qt	2026-04-22T00:47:14.1443917Z   Created wheel for patch: filename=patch-1.16-py3-none-any.whl size=12422 sha256=ebd1bb790a0023ce4928039e9da8798c1e99249e979e334c206b99703a91eee7
build-app	Install Qt	2026-04-22T00:47:14.1446806Z   Stored in directory: c:\users\runneradmin\appdata\local\pip\cache\wheels\9e\0b\47\01a46968b6646ca3efa32e23ed436e0c819aca97ec2c136573
build-app	Install Qt	2026-04-22T00:47:14.1470692Z Successfully built patch
build-app	Install Qt	2026-04-22T00:47:14.1919703Z Installing collected packages: patch, urllib3, soupsieve, semantic-version, pyppmd, idna, humanize, defusedxml, charset_normalizer, certifi, requests, py7zr, beautifulsoup4, bs4, aqtinstall
build-app	Install Qt	2026-04-22T00:47:14.4593169Z   Attempting uninstall: pyppmd
build-app	Install Qt	2026-04-22T00:47:14.4601889Z     Found existing installation: pyppmd 1.1.1
build-app	Install Qt	2026-04-22T00:47:14.4653665Z     Uninstalling pyppmd-1.1.1:
build-app	Install Qt	2026-04-22T00:47:14.4693490Z       Successfully uninstalled pyppmd-1.1.1
build-app	Install Qt	2026-04-22T00:47:15.0241069Z   Attempting uninstall: py7zr
build-app	Install Qt	2026-04-22T00:47:15.0251982Z     Found existing installation: py7zr 0.20.8
build-app	Install Qt	2026-04-22T00:47:15.0336689Z     Uninstalling py7zr-0.20.8:
build-app	Install Qt	2026-04-22T00:47:15.0399347Z       Successfully uninstalled py7zr-0.20.8
build-app	Install Qt	2026-04-22T00:47:15.3522337Z 
build-app	Install Qt	2026-04-22T00:47:15.3643505Z Successfully installed aqtinstall-3.1.21 beautifulsoup4-4.14.3 bs4-0.0.2 certifi-2026.2.25 charset_normalizer-3.4.7 defusedxml-0.7.1 humanize-4.15.0 idna-3.12 patch-1.16 py7zr-1.1.0 pyppmd-1.3.1 requests-2.33.1 semantic-version-2.10.0 soupsieve-2.8.3 urllib3-2.6.3
build-app	Install Qt	2026-04-22T00:47:15.6789050Z Unexpected error attempting to determine if executable file exists 'C:\Users\runneradmin\AppData\Local\Microsoft\WindowsApps\python.EXE': Error: EACCES: permission denied, stat 'C:\Users\runneradmin\AppData\Local\Microsoft\WindowsApps\python.EXE'
build-app	Install Qt	2026-04-22T00:47:15.6858917Z [command]C:\hostedtoolcache\windows\Python\3.10.11\x64\python.exe -m aqt install-qt windows desktop 5.15.2 win64_msvc2019_64 --outputdir D:\a\robomongo/Qt --modules qtcharts qtwebengine
build-app	Install Qt	2026-04-22T00:47:16.4757413Z INFO    : aqtinstall(aqt) v3.1.21 on Python 3.10.11 [CPython MSC v.1929 64 bit (AMD64)]
build-app	Install Qt	2026-04-22T00:47:19.0839229Z INFO    : Downloading qtbase...
build-app	Install Qt	2026-04-22T00:47:19.1400144Z INFO    : Downloading qttranslations...
build-app	Install Qt	2026-04-22T00:47:19.1446650Z INFO    : Downloading qtcharts...
build-app	Install Qt	2026-04-22T00:47:19.1489831Z INFO    : Downloading qtactiveqt...
build-app	Install Qt	2026-04-22T00:47:19.6255078Z INFO    : Redirected: qt.mirror.constant.com
build-app	Install Qt	2026-04-22T00:47:19.7140665Z INFO    : Redirected: qt.mirror.constant.com
build-app	Install Qt	2026-04-22T00:47:19.7315587Z INFO    : Redirected: qt.mirror.constant.com
build-app	Install Qt	2026-04-22T00:47:19.7317727Z INFO    : Redirected: qt.mirror.constant.com
build-app	Install Qt	2026-04-22T00:47:20.3289110Z INFO    : Finished installation of qtactiveqt-Windows-Windows_10-MSVC2019-Windows-Windows_10-X86_64.7z in 1.79715570
build-app	Install Qt	2026-04-22T00:47:20.4274848Z INFO    : Finished installation of qttranslations-Windows-Windows_10-MSVC2019-Windows-Windows_10-X86_64.7z in 1.89697230
build-app	Install Qt	2026-04-22T00:47:20.5101393Z INFO    : Finished installation of qtcharts-Windows-Windows_10-MSVC2019-Windows-Windows_10-X86_64.7z in 1.98309080
build-app	Install Qt	2026-04-22T00:47:20.9133549Z INFO    : Downloading qtmultimedia...
build-app	Install Qt	2026-04-22T00:47:20.9652091Z INFO    : Downloading qtgraphicaleffects...
build-app	Install Qt	2026-04-22T00:47:21.0935717Z INFO    : Downloading qtwebengine...
build-app	Install Qt	2026-04-22T00:47:21.4852065Z INFO    : Redirected: qt.mirror.constant.com
build-app	Install Qt	2026-04-22T00:47:21.5397473Z INFO    : Redirected: qt.mirror.constant.com
build-app	Install Qt	2026-04-22T00:47:21.6691670Z INFO    : Redirected: qt.mirror.constant.com
build-app	Install Qt	2026-04-22T00:47:21.8900936Z INFO    : Finished installation of qtgraphicaleffects-Windows-Windows_10-MSVC2019-Windows-Windows_10-X86_64.7z in 1.45220970
build-app	Install Qt	2026-04-22T00:47:22.1614399Z INFO    : Finished installation of qtmultimedia-Windows-Windows_10-MSVC2019-Windows-Windows_10-X86_64.7z in 1.82267010
build-app	Install Qt	2026-04-22T00:47:22.4517004Z INFO    : Downloading qtsvg...
build-app	Install Qt	2026-04-22T00:47:22.7335263Z INFO    : Downloading qtwinextras...
build-app	Install Qt	2026-04-22T00:47:23.0381787Z INFO    : Redirected: qt.mirror.constant.com
build-app	Install Qt	2026-04-22T00:47:23.3234139Z INFO    : Redirected: qt.mirror.constant.com
build-app	Install Qt	2026-04-22T00:47:23.4794165Z INFO    : Finished installation of qtsvg-Windows-Windows_10-MSVC2019-Windows-Windows_10-X86_64.7z in 1.56567300
build-app	Install Qt	2026-04-22T00:47:23.6549531Z INFO    : Finished installation of qtwinextras-Windows-Windows_10-MSVC2019-Windows-Windows_10-X86_64.7z in 1.47906210
build-app	Install Qt	2026-04-22T00:47:24.0657403Z INFO    : Downloading qtdeclarative...
build-app	Install Qt	2026-04-22T00:47:24.2235572Z INFO    : Downloading qtimageformats...
build-app	Install Qt	2026-04-22T00:47:24.6495688Z INFO    : Redirected: qt.mirror.constant.com
build-app	Install Qt	2026-04-22T00:47:24.7688045Z INFO    : Redirected: qt.mirror.constant.com
build-app	Install Qt	2026-04-22T00:47:25.2105871Z INFO    : Finished installation of qtimageformats-Windows-Windows_10-MSVC2019-Windows-Windows_10-X86_64.7z in 1.54574670
build-app	Install Qt	2026-04-22T00:47:25.3062731Z INFO    : Finished installation of qtbase-Windows-Windows_10-MSVC2019-Windows-Windows_10-X86_64.7z in 6.77671030
build-app	Install Qt	2026-04-22T00:47:25.8136364Z INFO    : Downloading qttools...
build-app	Install Qt	2026-04-22T00:47:25.9216795Z INFO    : Downloading qtconnectivity...
build-app	Install Qt	2026-04-22T00:47:26.4166954Z INFO    : Redirected: qt.mirror.constant.com
build-app	Install Qt	2026-04-22T00:47:26.4617446Z INFO    : Redirected: qt.mirror.constant.com
build-app	Install Qt	2026-04-22T00:47:27.0506249Z INFO    : Finished installation of qtconnectivity-Windows-Windows_10-MSVC2019-Windows-Windows_10-X86_64.7z in 1.72955070
build-app	Install Qt	2026-04-22T00:47:27.1182281Z INFO    : Finished installation of qtdeclarative-Windows-Windows_10-MSVC2019-Windows-Windows_10-X86_64.7z in 3.63219880
build-app	Install Qt	2026-04-22T00:47:27.6230973Z INFO    : Downloading qtsensors...
build-app	Install Qt	2026-04-22T00:47:27.7141644Z INFO    : Downloading qtwebchannel...
build-app	Install Qt	2026-04-22T00:47:28.2201024Z INFO    : Redirected: qt.mirror.constant.com
build-app	Install Qt	2026-04-22T00:47:28.2967679Z INFO    : Redirected: qt.mirror.constant.com
build-app	Install Qt	2026-04-22T00:47:28.5733496Z INFO    : Finished installation of qtwebchannel-Windows-Windows_10-MSVC2019-Windows-Windows_10-X86_64.7z in 1.42734870
build-app	Install Qt	2026-04-22T00:47:28.6859089Z INFO    : Finished installation of qtsensors-Windows-Windows_10-MSVC2019-Windows-Windows_10-X86_64.7z in 1.61924790
build-app	Install Qt	2026-04-22T00:47:29.0939693Z INFO    : Finished installation of qttools-Windows-Windows_10-MSVC2019-Windows-Windows_10-X86_64.7z in 3.87020630
build-app	Install Qt	2026-04-22T00:47:29.1557515Z INFO    : Downloading qtlocation...
build-app	Install Qt	2026-04-22T00:47:29.2275296Z INFO    : Downloading qtwebsockets...
build-app	Install Qt	2026-04-22T00:47:29.6792137Z INFO    : Downloading qtxmlpatterns...
build-app	Install Qt	2026-04-22T00:47:29.7280053Z INFO    : Redirected: qt.mirror.constant.com
build-app	Install Qt	2026-04-22T00:47:29.8024607Z INFO    : Redirected: qt.mirror.constant.com
build-app	Install Qt	2026-04-22T00:47:30.2561600Z INFO    : Redirected: qt.mirror.constant.com
build-app	Install Qt	2026-04-22T00:47:30.2796029Z INFO    : Finished installation of qtwebsockets-Windows-Windows_10-MSVC2019-Windows-Windows_10-X86_64.7z in 1.58593460
build-app	Install Qt	2026-04-22T00:47:30.6819267Z INFO    : Finished installation of qtlocation-Windows-Windows_10-MSVC2019-Windows-Windows_10-X86_64.7z in 2.11241950
build-app	Install Qt	2026-04-22T00:47:30.8435633Z INFO    : Downloading qtserialport...
build-app	Install Qt	2026-04-22T00:47:31.0804521Z INFO    : Finished installation of qtxmlpatterns-Windows-Windows_10-MSVC2019-Windows-Windows_10-X86_64.7z in 1.97604670
build-app	Install Qt	2026-04-22T00:47:31.2383565Z INFO    : Downloading qtquickcontrols2...
build-app	Install Qt	2026-04-22T00:47:31.2697368Z INFO    : Finished installation of qtwebengine-Windows-Windows_10-MSVC2019-Windows-Windows_10-X86_64.7z in 10.75056870
build-app	Install Qt	2026-04-22T00:47:31.4472764Z INFO    : Redirected: qt.mirror.constant.com
build-app	Install Qt	2026-04-22T00:47:31.6449489Z INFO    : Downloading qtwebview...
build-app	Install Qt	2026-04-22T00:47:31.7027765Z INFO    : Finished installation of qtserialport-Windows-Windows_10-MSVC2019-Windows-Windows_10-X86_64.7z in 1.41084570
build-app	Install Qt	2026-04-22T00:47:31.8110781Z INFO    : Redirected: qt.mirror.constant.com
build-app	Install Qt	2026-04-22T00:47:31.8550264Z INFO    : Downloading qtscxml...
build-app	Install Qt	2026-04-22T00:47:32.1737683Z INFO    : Redirected: qt.mirror.constant.com
build-app	Install Qt	2026-04-22T00:47:32.2392824Z INFO    : Downloading qtquickcontrols...
build-app	Install Qt	2026-04-22T00:47:32.3955888Z INFO    : Redirected: qt.mirror.constant.com
build-app	Install Qt	2026-04-22T00:47:32.4819543Z INFO    : Finished installation of qtwebview-Windows-Windows_10-MSVC2019-Windows-Windows_10-X86_64.7z in 1.38720460
build-app	Install Qt	2026-04-22T00:47:32.7181933Z INFO    : Finished installation of qtquickcontrols2-Windows-Windows_10-MSVC2019-Windows-Windows_10-X86_64.7z in 2.02046300
build-app	Install Qt	2026-04-22T00:47:32.7566087Z INFO    : Finished installation of qtscxml-Windows-Windows_10-MSVC2019-Windows-Windows_10-X86_64.7z in 1.47192620
build-app	Install Qt	2026-04-22T00:47:32.8299246Z INFO    : Redirected: qt.mirror.constant.com
build-app	Install Qt	2026-04-22T00:47:33.0805220Z INFO    : Downloading qtserialbus...
build-app	Install Qt	2026-04-22T00:47:33.2608289Z INFO    : Downloading qt3d...
build-app	Install Qt	2026-04-22T00:47:33.3416881Z INFO    : Downloading qtgamepad...
build-app	Install Qt	2026-04-22T00:47:33.5279442Z INFO    : Finished installation of qtquickcontrols-Windows-Windows_10-MSVC2019-Windows-Windows_10-X86_64.7z in 1.81748500
build-app	Install Qt	2026-04-22T00:47:33.6795587Z INFO    : Redirected: qt.mirror.constant.com
build-app	Install Qt	2026-04-22T00:47:33.8618650Z INFO    : Redirected: qt.mirror.constant.com
build-app	Install Qt	2026-04-22T00:47:33.8704208Z INFO    : Redirected: qt.mirror.constant.com
build-app	Install Qt	2026-04-22T00:47:34.0727517Z INFO    : Finished installation of qtserialbus-Windows-Windows_10-MSVC2019-Windows-Windows_10-X86_64.7z in 1.57929290
build-app	Install Qt	2026-04-22T00:47:34.0774883Z INFO    : Downloading qtspeech...
build-app	Install Qt	2026-04-22T00:47:34.1534568Z INFO    : Finished installation of qtgamepad-Windows-Windows_10-MSVC2019-Windows-Windows_10-X86_64.7z in 1.38904730
build-app	Install Qt	2026-04-22T00:47:34.6759690Z INFO    : Redirected: qt.mirror.constant.com
build-app	Install Qt	2026-04-22T00:47:34.7049904Z INFO    : Downloading d3dcompiler_47...
build-app	Install Qt	2026-04-22T00:47:34.9657297Z INFO    : Finished installation of qtspeech-Windows-Windows_10-MSVC2019-Windows-Windows_10-X86_64.7z in 1.42665170
build-app	Install Qt	2026-04-22T00:47:35.2676002Z INFO    : Redirected: qt.mirror.constant.com
build-app	Install Qt	2026-04-22T00:47:35.4148105Z INFO    : Finished installation of qt3d-Windows-Windows_10-MSVC2019-Windows-Windows_10-X86_64.7z in 2.68467760
build-app	Install Qt	2026-04-22T00:47:35.5716933Z INFO    : Downloading qtremoteobjects...
build-app	Install Qt	2026-04-22T00:47:35.6980538Z INFO    : Finished installation of d3dcompiler_47-x64.7z in 1.53322160
build-app	Install Qt	2026-04-22T00:47:36.1648562Z INFO    : Redirected: qt.mirror.constant.com
build-app	Install Qt	2026-04-22T00:47:36.2784816Z INFO    : Downloading opengl32sw...
build-app	Install Qt	2026-04-22T00:47:36.5363121Z INFO    : Finished installation of qtremoteobjects-Windows-Windows_10-MSVC2019-Windows-Windows_10-X86_64.7z in 1.56121510
build-app	Install Qt	2026-04-22T00:47:36.8050510Z INFO    : Redirected: qt.mirror.constant.com
build-app	Install Qt	2026-04-22T00:47:37.7597588Z INFO    : Finished installation of opengl32sw-64-mesa_12_0_rc2.7z in 2.05380540
build-app	Install Qt	2026-04-22T00:47:37.8617096Z INFO    : Patching D:\a\robomongo\Qt\5.15.2\msvc2019_64\bin\qmake.exe
build-app	Install Qt	2026-04-22T00:47:37.8689593Z INFO    : Patching D:\a\robomongo\Qt\5.15.2\msvc2019_64\lib\libEGL.prl
build-app	Install Qt	2026-04-22T00:47:37.8695259Z INFO    : Patching D:\a\robomongo\Qt\5.15.2\msvc2019_64\lib\libEGLd.prl
build-app	Install Qt	2026-04-22T00:47:37.8700566Z INFO    : Patching D:\a\robomongo\Qt\5.15.2\msvc2019_64\lib\libGLESv2.prl
build-app	Install Qt	2026-04-22T00:47:37.8706219Z INFO    : Patching D:\a\robomongo\Qt\5.15.2\msvc2019_64\lib\libGLESv2d.prl
build-app	Install Qt	2026-04-22T00:47:37.8712007Z INFO    : Patching D:\a\robomongo\Qt\5.15.2\msvc2019_64\lib\Qt53DAnimation.prl
build-app	Install Qt	2026-04-22T00:47:37.8717386Z INFO    : Patching D:\a\robomongo\Qt\5.15.2\msvc2019_64\lib\Qt53DAnimationd.prl
build-app	Install Qt	2026-04-22T00:47:37.8722655Z INFO    : Patching D:\a\robomongo\Qt\5.15.2\msvc2019_64\lib\Qt53DCore.prl
build-app	Install Qt	2026-04-22T00:47:37.8727869Z INFO    : Patching D:\a\robomongo\Qt\5.15.2\msvc2019_64\lib\Qt53DCored.prl
build-app	Install Qt	2026-04-22T00:47:37.8733862Z INFO    : Patching D:\a\robomongo\Qt\5.15.2\msvc2019_64\lib\Qt53DExtras.prl
build-app	Install Qt	2026-04-22T00:47:37.8738968Z INFO    : Patching D:\a\robomongo\Qt\5.15.2\msvc2019_64\lib\Qt53DExtrasd.prl
build-app	Install Qt	2026-04-22T00:47:37.8744372Z INFO    : Patching D:\a\robomongo\Qt\5.15.2\msvc2019_64\lib\Qt53DInput.prl
build-app	Install Qt	2026-04-22T00:47:37.8750179Z INFO    : Patching D:\a\robomongo\Qt\5.15.2\msvc2019_64\lib\Qt53DInputd.prl
build-app	Install Qt	2026-04-22T00:47:37.8755874Z INFO    : Patching D:\a\robomongo\Qt\5.15.2\msvc2019_64\lib\Qt53DLogic.prl
build-app	Install Qt	2026-04-22T00:47:37.8761030Z INFO    : Patching D:\a\robomongo\Qt\5.15.2\msvc2019_64\lib\Qt53DLogicd.prl
build-app	Install Qt	2026-04-22T00:47:37.8766231Z INFO    : Patching D:\a\robomongo\Qt\5.15.2\msvc2019_64\lib\Qt53DQuick.prl
build-app	Install Qt	2026-04-22T00:47:37.8771010Z INFO    : Patching D:\a\robomongo\Qt\5.15.2\msvc2019_64\lib\Qt53DQuickAnimation.prl
build-app	Install Qt	2026-04-22T00:47:37.8777063Z INFO    : Patching D:\a\robomongo\Qt\5.15.2\msvc2019_64\lib\Qt53DQuickAnimationd.prl
build-app	Install Qt	2026-04-22T00:47:37.8782430Z INFO    : Patching D:\a\robomongo\Qt\5.15.2\msvc2019_64\lib\Qt53DQuickd.prl
build-app	Install Qt	2026-04-22T00:47:37.8787774Z INFO    : Patching D:\a\robomongo\Qt\5.15.2\msvc2019_64\lib\Qt53DQuickExtras.prl
build-app	Install Qt	2026-04-22T00:47:37.8793182Z INFO    : Patching D:\a\robomongo\Qt\5.15.2\msvc2019_64\lib\Qt53DQuickExtrasd.prl
build-app	Install Qt	2026-04-22T00:47:37.8798580Z INFO    : Patching D:\a\robomongo\Qt\5.15.2\msvc2019_64\lib\Qt53DQuickInput.prl
build-app	Install Qt	2026-04-22T00:47:37.8803735Z INFO    : Patching D:\a\robomongo\Qt\5.15.2\msvc2019_64\lib\Qt53DQuickInputd.prl
build-app	Install Qt	2026-04-22T00:47:37.8809309Z INFO    : Patching D:\a\robomongo\Qt\5.15.2\msvc2019_64\lib\Qt53DQuickRender.prl
build-app	Install Qt	2026-04-22T00:47:37.8814870Z INFO    : Patching D:\a\robomongo\Qt\5.15.2\msvc2019_64\lib\Qt53DQuickRenderd.prl
build-app	Install Qt	2026-04-22T00:47:37.8819969Z INFO    : Patching D:\a\robomongo\Qt\5.15.2\msvc2019_64\lib\Qt53DQuickScene2D.prl
build-app	Install Qt	2026-04-22T00:47:37.8825637Z INFO    : Patching D:\a\robomongo\Qt\5.15.2\msvc2019_64\lib\Qt53DQuickScene2Dd.prl
build-app	Install Qt	2026-04-22T00:47:37.8831683Z INFO    : Patching D:\a\robomongo\Qt\5.15.2\msvc2019_64\lib\Qt53DRender.prl
build-app	Install Qt	2026-04-22T00:47:37.8838290Z INFO    : Patching D:\a\robomongo\Qt\5.15.2\msvc2019_64\lib\Qt53DRenderd.prl
build-app	Install Qt	2026-04-22T00:47:37.8843828Z INFO    : Patching D:\a\robomongo\Qt\5.15.2\msvc2019_64\lib\Qt5AccessibilitySupport.prl
build-app	Install Qt	2026-04-22T00:47:37.8849837Z INFO    : Patching D:\a\robomongo\Qt\5.15.2\msvc2019_64\lib\Qt5AccessibilitySupportd.prl
build-app	Install Qt	2026-04-22T00:47:37.8855418Z INFO    : Patching D:\a\robomongo\Qt\5.15.2\msvc2019_64\lib\Qt5AxBase.prl
build-app	Install Qt	2026-04-22T00:47:37.8860645Z INFO    : Patching D:\a\robomongo\Qt\5.15.2\msvc2019_64\lib\Qt5AxBased.prl
build-app	Install Qt	2026-04-22T00:47:37.8866040Z INFO    : Patching D:\a\robomongo\Qt\5.15.2\msvc2019_64\lib\Qt5AxContainer.prl
build-app	Install Qt	2026-04-22T00:47:37.8871676Z INFO    : Patching D:\a\robomongo\Qt\5.15.2\msvc2019_64\lib\Qt5AxContainerd.prl
build-app	Install Qt	2026-04-22T00:47:37.8877081Z INFO    : Patching D:\a\robomongo\Qt\5.15.2\msvc2019_64\lib\Qt5AxServer.prl
build-app	Install Qt	2026-04-22T00:47:37.8882497Z INFO    : Patching D:\a\robomongo\Qt\5.15.2\msvc2019_64\lib\Qt5AxServerd.prl
build-app	Install Qt	2026-04-22T00:47:37.8887663Z INFO    : Patching D:\a\robomongo\Qt\5.15.2\msvc2019_64\lib\Qt5Bluetooth.prl
build-app	Install Qt	2026-04-22T00:47:37.8893204Z INFO    : Patching D:\a\robomongo\Qt\5.15.2\msvc2019_64\lib\Qt5Bluetoothd.prl
build-app	Install Qt	2026-04-22T00:47:37.8898569Z INFO    : Patching D:\a\robomongo\Qt\5.15.2\msvc2019_64\lib\Qt5Bootstrap.prl
build-app	Install Qt	2026-04-22T00:47:37.8903683Z INFO    : Patching D:\a\robomongo\Qt\5.15.2\msvc2019_64\lib\Qt5Charts.prl
build-app	Install Qt	2026-04-22T00:47:37.8908910Z INFO    : Patching D:\a\robomongo\Qt\5.15.2\msvc2019_64\lib\Qt5Chartsd.prl
build-app	Install Qt	2026-04-22T00:47:37.8914588Z INFO    : Patching D:\a\robomongo\Qt\5.15.2\msvc2019_64\lib\Qt5Concurrent.prl
build-app	Install Qt	2026-04-22T00:47:37.8919804Z INFO    : Patching D:\a\robomongo\Qt\5.15.2\msvc2019_64\lib\Qt5Concurrentd.prl
build-app	Install Qt	2026-04-22T00:47:37.8924998Z INFO    : Patching D:\a\robomongo\Qt\5.15.2\msvc2019_64\lib\Qt5Core.prl
build-app	Install Qt	2026-04-22T00:47:37.8929913Z INFO    : Patching D:\a\robomongo\Qt\5.15.2\msvc2019_64\lib\Qt5Cored.prl
build-app	Install Qt	2026-04-22T00:47:37.8935758Z INFO    : Patching D:\a\robomongo\Qt\5.15.2\msvc2019_64\lib\Qt5DBus.prl
build-app	Install Qt	2026-04-22T00:47:37.8940941Z INFO    : Patching D:\a\robomongo\Qt\5.15.2\msvc2019_64\lib\Qt5DBusd.prl
build-app	Install Qt	2026-04-22T00:47:37.8946241Z INFO    : Patching D:\a\robomongo\Qt\5.15.2\msvc2019_64\lib\Qt5Designer.prl
build-app	Install Qt	2026-04-22T00:47:37.8951916Z INFO    : Patching D:\a\robomongo\Qt\5.15.2\msvc2019_64\lib\Qt5DesignerComponents.prl
build-app	Install Qt	2026-04-22T00:47:37.8957040Z INFO    : Patching D:\a\robomongo\Qt\5.15.2\msvc2019_64\lib\Qt5DesignerComponentsd.prl
build-app	Install Qt	2026-04-22T00:47:37.8962150Z INFO    : Patching D:\a\robomongo\Qt\5.15.2\msvc2019_64\lib\Qt5Designerd.prl
build-app	Install Qt	2026-04-22T00:47:37.8967595Z INFO    : Patching D:\a\robomongo\Qt\5.15.2\msvc2019_64\lib\Qt5DeviceDiscoverySupport.prl
build-app	Install Qt	2026-04-22T00:47:37.8973523Z INFO    : Patching D:\a\robomongo\Qt\5.15.2\msvc2019_64\lib\Qt5DeviceDiscoverySupportd.prl
build-app	Install Qt	2026-04-22T00:47:37.8978647Z INFO    : Patching D:\a\robomongo\Qt\5.15.2\msvc2019_64\lib\Qt5EdidSupport.prl
build-app	Install Qt	2026-04-22T00:47:37.8983800Z INFO    : Patching D:\a\robomongo\Qt\5.15.2\msvc2019_64\lib\Qt5EdidSupportd.prl
build-app	Install Qt	2026-04-22T00:47:37.8989143Z INFO    : Patching D:\a\robomongo\Qt\5.15.2\msvc2019_64\lib\Qt5EglSupport.prl
build-app	Install Qt	2026-04-22T00:47:37.8994633Z INFO    : Patching D:\a\robomongo\Qt\5.15.2\msvc2019_64\lib\Qt5EglSupportd.prl
build-app	Install Qt	2026-04-22T00:47:37.8999859Z INFO    : Patching D:\a\robomongo\Qt\5.15.2\msvc2019_64\lib\Qt5EventDispatcherSupport.prl
build-app	Install Qt	2026-04-22T00:47:37.9005257Z INFO    : Patching D:\a\robomongo\Qt\5.15.2\msvc2019_64\lib\Qt5EventDispatcherSupportd.prl
build-app	Install Qt	2026-04-22T00:47:37.9010750Z INFO    : Patching D:\a\robomongo\Qt\5.15.2\msvc2019_64\lib\Qt5FbSupport.prl
build-app	Install Qt	2026-04-22T00:47:37.9016092Z INFO    : Patching D:\a\robomongo\Qt\5.15.2\msvc2019_64\lib\Qt5FbSupportd.prl
build-app	Install Qt	2026-04-22T00:47:37.9021692Z INFO    : Patching D:\a\robomongo\Qt\5.15.2\msvc2019_64\lib\Qt5FontDatabaseSupport.prl
build-app	Install Qt	2026-04-22T00:47:37.9026649Z INFO    : Patching D:\a\robomongo\Qt\5.15.2\msvc2019_64\lib\Qt5FontDatabaseSupportd.prl
build-app	Install Qt	2026-04-22T00:47:37.9031908Z INFO    : Patching D:\a\robomongo\Qt\5.15.2\msvc2019_64\lib\Qt5Gamepad.prl
build-app	Install Qt	2026-04-22T00:47:37.9037489Z INFO    : Patching D:\a\robomongo\Qt\5.15.2\msvc2019_64\lib\Qt5Gamepadd.prl
build-app	Install Qt	2026-04-22T00:47:37.9042622Z INFO    : Patching D:\a\robomongo\Qt\5.15.2\msvc2019_64\lib\Qt5Gui.prl
build-app	Install Qt	2026-04-22T00:47:37.9047883Z INFO    : Patching D:\a\robomongo\Qt\5.15.2\msvc2019_64\lib\Qt5Guid.prl
build-app	Install Qt	2026-04-22T00:47:37.9053426Z INFO    : Patching D:\a\robomongo\Qt\5.15.2\msvc2019_64\lib\Qt5Help.prl
build-app	Install Qt	2026-04-22T00:47:37.9059050Z INFO    : Patching D:\a\robomongo\Qt\5.15.2\msvc2019_64\lib\Qt5Helpd.prl
build-app	Install Qt	2026-04-22T00:47:37.9064510Z INFO    : Patching D:\a\robomongo\Qt\5.15.2\msvc2019_64\lib\Qt5Location.prl
build-app	Install Qt	2026-04-22T00:47:37.9069771Z INFO    : Patching D:\a\robomongo\Qt\5.15.2\msvc2019_64\lib\Qt5Locationd.prl
build-app	Install Qt	2026-04-22T00:47:37.9075328Z INFO    : Patching D:\a\robomongo\Qt\5.15.2\msvc2019_64\lib\Qt5Multimedia.prl
build-app	Install Qt	2026-04-22T00:47:37.9080724Z INFO    : Patching D:\a\robomongo\Qt\5.15.2\msvc2019_64\lib\Qt5Multimediad.prl
build-app	Install Qt	2026-04-22T00:47:37.9085896Z INFO    : Patching D:\a\robomongo\Qt\5.15.2\msvc2019_64\lib\Qt5MultimediaQuick.prl
build-app	Install Qt	2026-04-22T00:47:37.9091492Z INFO    : Patching D:\a\robomongo\Qt\5.15.2\msvc2019_64\lib\Qt5MultimediaQuickd.prl
build-app	Install Qt	2026-04-22T00:47:37.9096861Z INFO    : Patching D:\a\robomongo\Qt\5.15.2\msvc2019_64\lib\Qt5MultimediaWidgets.prl
build-app	Install Qt	2026-04-22T00:47:37.9102115Z INFO    : Patching D:\a\robomongo\Qt\5.15.2\msvc2019_64\lib\Qt5MultimediaWidgetsd.prl
build-app	Install Qt	2026-04-22T00:47:37.9107258Z INFO    : Patching D:\a\robomongo\Qt\5.15.2\msvc2019_64\lib\Qt5Network.prl
build-app	Install Qt	2026-04-22T00:47:37.9112410Z INFO    : Patching D:\a\robomongo\Qt\5.15.2\msvc2019_64\lib\Qt5Networkd.prl
build-app	Install Qt	2026-04-22T00:47:37.9117558Z INFO    : Patching D:\a\robomongo\Qt\5.15.2\msvc2019_64\lib\Qt5Nfc.prl
build-app	Install Qt	2026-04-22T00:47:37.9123239Z INFO    : Patching D:\a\robomongo\Qt\5.15.2\msvc2019_64\lib\Qt5Nfcd.prl
build-app	Install Qt	2026-04-22T00:47:37.9128368Z INFO    : Patching D:\a\robomongo\Qt\5.15.2\msvc2019_64\lib\Qt5OpenGL.prl
build-app	Install Qt	2026-04-22T00:47:37.9134820Z INFO    : Patching D:\a\robomongo\Qt\5.15.2\msvc2019_64\lib\Qt5OpenGLd.prl
build-app	Install Qt	2026-04-22T00:47:37.9140045Z INFO    : Patching D:\a\robomongo\Qt\5.15.2\msvc2019_64\lib\Qt5OpenGLExtensions.prl
build-app	Install Qt	2026-04-22T00:47:37.9145404Z INFO    : Patching D:\a\robomongo\Qt\5.15.2\msvc2019_64\lib\Qt5OpenGLExtensionsd.prl
build-app	Install Qt	2026-04-22T00:47:37.9150999Z INFO    : Patching D:\a\robomongo\Qt\5.15.2\msvc2019_64\lib\Qt5PacketProtocol.prl
build-app	Install Qt	2026-04-22T00:47:37.9156749Z INFO    : Patching D:\a\robomongo\Qt\5.15.2\msvc2019_64\lib\Qt5PacketProtocold.prl
build-app	Install Qt	2026-04-22T00:47:37.9162259Z INFO    : Patching D:\a\robomongo\Qt\5.15.2\msvc2019_64\lib\Qt5Pdf.prl
build-app	Install Qt	2026-04-22T00:47:37.9167514Z INFO    : Patching D:\a\robomongo\Qt\5.15.2\msvc2019_64\lib\Qt5Pdfd.prl
build-app	Install Qt	2026-04-22T00:47:37.9173432Z INFO    : Patching D:\a\robomongo\Qt\5.15.2\msvc2019_64\lib\Qt5PdfWidgets.prl
build-app	Install Qt	2026-04-22T00:47:37.9178539Z INFO    : Patching D:\a\robomongo\Qt\5.15.2\msvc2019_64\lib\Qt5PdfWidgetsd.prl
build-app	Install Qt	2026-04-22T00:47:37.9183778Z INFO    : Patching D:\a\robomongo\Qt\5.15.2\msvc2019_64\lib\Qt5PlatformCompositorSupport.prl
build-app	Install Qt	2026-04-22T00:47:37.9189543Z INFO    : Patching D:\a\robomongo\Qt\5.15.2\msvc2019_64\lib\Qt5PlatformCompositorSupportd.prl
build-app	Install Qt	2026-04-22T00:47:37.9195315Z INFO    : Patching D:\a\robomongo\Qt\5.15.2\msvc2019_64\lib\Qt5Positioning.prl
build-app	Install Qt	2026-04-22T00:47:37.9200319Z INFO    : Patching D:\a\robomongo\Qt\5.15.2\msvc2019_64\lib\Qt5Positioningd.prl
build-app	Install Qt	2026-04-22T00:47:37.9205525Z INFO    : Patching D:\a\robomongo\Qt\5.15.2\msvc2019_64\lib\Qt5PositioningQuick.prl
build-app	Install Qt	2026-04-22T00:47:37.9211002Z INFO    : Patching D:\a\robomongo\Qt\5.15.2\msvc2019_64\lib\Qt5PositioningQuickd.prl
build-app	Install Qt	2026-04-22T00:47:37.9216186Z INFO    : Patching D:\a\robomongo\Qt\5.15.2\msvc2019_64\lib\Qt5PrintSupport.prl
build-app	Install Qt	2026-04-22T00:47:37.9221918Z INFO    : Patching D:\a\robomongo\Qt\5.15.2\msvc2019_64\lib\Qt5PrintSupportd.prl
build-app	Install Qt	2026-04-22T00:47:37.9227530Z INFO    : Patching D:\a\robomongo\Qt\5.15.2\msvc2019_64\lib\Qt5Qml.prl
build-app	Install Qt	2026-04-22T00:47:37.9233361Z INFO    : Patching D:\a\robomongo\Qt\5.15.2\msvc2019_64\lib\Qt5Qmld.prl
build-app	Install Qt	2026-04-22T00:47:37.9238456Z INFO    : Patching D:\a\robomongo\Qt\5.15.2\msvc2019_64\lib\Qt5QmlDebug.prl
build-app	Install Qt	2026-04-22T00:47:37.9243984Z INFO    : Patching D:\a\robomongo\Qt\5.15.2\msvc2019_64\lib\Qt5QmlDebugd.prl
build-app	Install Qt	2026-04-22T00:47:37.9249486Z INFO    : Patching D:\a\robomongo\Qt\5.15.2\msvc2019_64\lib\Qt5QmlDevTools.prl
build-app	Install Qt	2026-04-22T00:47:37.9254772Z INFO    : Patching D:\a\robomongo\Qt\5.15.2\msvc2019_64\lib\Qt5QmlModels.prl
build-app	Install Qt	2026-04-22T00:47:37.9260481Z INFO    : Patching D:\a\robomongo\Qt\5.15.2\msvc2019_64\lib\Qt5QmlModelsd.prl
build-app	Install Qt	2026-04-22T00:47:37.9265598Z INFO    : Patching D:\a\robomongo\Qt\5.15.2\msvc2019_64\lib\Qt5QmlWorkerScript.prl
build-app	Install Qt	2026-04-22T00:47:37.9271493Z INFO    : Patching D:\a\robomongo\Qt\5.15.2\msvc2019_64\lib\Qt5QmlWorkerScriptd.prl
build-app	Install Qt	2026-04-22T00:47:37.9276748Z INFO    : Patching D:\a\robomongo\Qt\5.15.2\msvc2019_64\lib\Qt5Quick.prl
build-app	Install Qt	2026-04-22T00:47:37.9282112Z INFO    : Patching D:\a\robomongo\Qt\5.15.2\msvc2019_64\lib\Qt5QuickControls2.prl
build-app	Install Qt	2026-04-22T00:47:37.9288200Z INFO    : Patching D:\a\robomongo\Qt\5.15.2\msvc2019_64\lib\Qt5QuickControls2d.prl
build-app	Install Qt	2026-04-22T00:47:37.9293646Z INFO    : Patching D:\a\robomongo\Qt\5.15.2\msvc2019_64\lib\Qt5Quickd.prl
build-app	Install Qt	2026-04-22T00:47:37.9298900Z INFO    : Patching D:\a\robomongo\Qt\5.15.2\msvc2019_64\lib\Qt5QuickParticles.prl
build-app	Install Qt	2026-04-22T00:47:37.9304068Z INFO    : Patching D:\a\robomongo\Qt\5.15.2\msvc2019_64\lib\Qt5QuickParticlesd.prl
build-app	Install Qt	2026-04-22T00:47:37.9309847Z INFO    : Patching D:\a\robomongo\Qt\5.15.2\msvc2019_64\lib\Qt5QuickShapes.prl
build-app	Install Qt	2026-04-22T00:47:37.9315286Z INFO    : Patching D:\a\robomongo\Qt\5.15.2\msvc2019_64\lib\Qt5QuickShapesd.prl
build-app	Install Qt	2026-04-22T00:47:37.9320537Z INFO    : Patching D:\a\robomongo\Qt\5.15.2\msvc2019_64\lib\Qt5QuickTemplates2.prl
build-app	Install Qt	2026-04-22T00:47:37.9326497Z INFO    : Patching D:\a\robomongo\Qt\5.15.2\msvc2019_64\lib\Qt5QuickTemplates2d.prl
build-app	Install Qt	2026-04-22T00:47:37.9332068Z INFO    : Patching D:\a\robomongo\Qt\5.15.2\msvc2019_64\lib\Qt5QuickTest.prl
build-app	Install Qt	2026-04-22T00:47:37.9337708Z INFO    : Patching D:\a\robomongo\Qt\5.15.2\msvc2019_64\lib\Qt5QuickTestd.prl
build-app	Install Qt	2026-04-22T00:47:37.9342908Z INFO    : Patching D:\a\robomongo\Qt\5.15.2\msvc2019_64\lib\Qt5QuickWidgets.prl
build-app	Install Qt	2026-04-22T00:47:37.9348567Z INFO    : Patching D:\a\robomongo\Qt\5.15.2\msvc2019_64\lib\Qt5QuickWidgetsd.prl
build-app	Install Qt	2026-04-22T00:47:37.9354184Z INFO    : Patching D:\a\robomongo\Qt\5.15.2\msvc2019_64\lib\Qt5RemoteObjects.prl
build-app	Install Qt	2026-04-22T00:47:37.9359174Z INFO    : Patching D:\a\robomongo\Qt\5.15.2\msvc2019_64\lib\Qt5RemoteObjectsd.prl
build-app	Install Qt	2026-04-22T00:47:37.9364374Z INFO    : Patching D:\a\robomongo\Qt\5.15.2\msvc2019_64\lib\Qt5Scxml.prl
build-app	Install Qt	2026-04-22T00:47:37.9370226Z INFO    : Patching D:\a\robomongo\Qt\5.15.2\msvc2019_64\lib\Qt5Scxmld.prl
build-app	Install Qt	2026-04-22T00:47:37.9375457Z INFO    : Patching D:\a\robomongo\Qt\5.15.2\msvc2019_64\lib\Qt5Sensors.prl
build-app	Install Qt	2026-04-22T00:47:37.9380740Z INFO    : Patching D:\a\robomongo\Qt\5.15.2\msvc2019_64\lib\Qt5Sensorsd.prl
build-app	Install Qt	2026-04-22T00:47:37.9386091Z INFO    : Patching D:\a\robomongo\Qt\5.15.2\msvc2019_64\lib\Qt5SerialBus.prl
build-app	Install Qt	2026-04-22T00:47:37.9391817Z INFO    : Patching D:\a\robomongo\Qt\5.15.2\msvc2019_64\lib\Qt5SerialBusd.prl
build-app	Install Qt	2026-04-22T00:47:37.9397181Z INFO    : Patching D:\a\robomongo\Qt\5.15.2\msvc2019_64\lib\Qt5SerialPort.prl
build-app	Install Qt	2026-04-22T00:47:37.9402344Z INFO    : Patching D:\a\robomongo\Qt\5.15.2\msvc2019_64\lib\Qt5SerialPortd.prl
build-app	Install Qt	2026-04-22T00:47:37.9407942Z INFO    : Patching D:\a\robomongo\Qt\5.15.2\msvc2019_64\lib\Qt5Sql.prl
build-app	Install Qt	2026-04-22T00:47:37.9413378Z INFO    : Patching D:\a\robomongo\Qt\5.15.2\msvc2019_64\lib\Qt5Sqld.prl
build-app	Install Qt	2026-04-22T00:47:37.9418527Z INFO    : Patching D:\a\robomongo\Qt\5.15.2\msvc2019_64\lib\Qt5Svg.prl
build-app	Install Qt	2026-04-22T00:47:37.9423748Z INFO    : Patching D:\a\robomongo\Qt\5.15.2\msvc2019_64\lib\Qt5Svgd.prl
build-app	Install Qt	2026-04-22T00:47:37.9430167Z INFO    : Patching D:\a\robomongo\Qt\5.15.2\msvc2019_64\lib\Qt5Test.prl
build-app	Install Qt	2026-04-22T00:47:37.9435592Z INFO    : Patching D:\a\robomongo\Qt\5.15.2\msvc2019_64\lib\Qt5Testd.prl
build-app	Install Qt	2026-04-22T00:47:37.9440515Z INFO    : Patching D:\a\robomongo\Qt\5.15.2\msvc2019_64\lib\Qt5TextToSpeech.prl
build-app	Install Qt	2026-04-22T00:47:37.9446317Z INFO    : Patching D:\a\robomongo\Qt\5.15.2\msvc2019_64\lib\Qt5TextToSpeechd.prl
build-app	Install Qt	2026-04-22T00:47:37.9452140Z INFO    : Patching D:\a\robomongo\Qt\5.15.2\msvc2019_64\lib\Qt5ThemeSupport.prl
build-app	Install Qt	2026-04-22T00:47:37.9457425Z INFO    : Patching D:\a\robomongo\Qt\5.15.2\msvc2019_64\lib\Qt5ThemeSupportd.prl
build-app	Install Qt	2026-04-22T00:47:37.9462674Z INFO    : Patching D:\a\robomongo\Qt\5.15.2\msvc2019_64\lib\Qt5UiTools.prl
build-app	Install Qt	2026-04-22T00:47:37.9468928Z INFO    : Patching D:\a\robomongo\Qt\5.15.2\msvc2019_64\lib\Qt5UiToolsd.prl
build-app	Install Qt	2026-04-22T00:47:37.9474354Z INFO    : Patching D:\a\robomongo\Qt\5.15.2\msvc2019_64\lib\Qt5VulkanSupport.prl
build-app	Install Qt	2026-04-22T00:47:37.9479726Z INFO    : Patching D:\a\robomongo\Qt\5.15.2\msvc2019_64\lib\Qt5VulkanSupportd.prl
build-app	Install Qt	2026-04-22T00:47:37.9485455Z INFO    : Patching D:\a\robomongo\Qt\5.15.2\msvc2019_64\lib\Qt5WebChannel.prl
build-app	Install Qt	2026-04-22T00:47:37.9490997Z INFO    : Patching D:\a\robomongo\Qt\5.15.2\msvc2019_64\lib\Qt5WebChanneld.prl
build-app	Install Qt	2026-04-22T00:47:37.9496459Z INFO    : Patching D:\a\robomongo\Qt\5.15.2\msvc2019_64\lib\Qt5WebEngine.prl
build-app	Install Qt	2026-04-22T00:47:37.9501598Z INFO    : Patching D:\a\robomongo\Qt\5.15.2\msvc2019_64\lib\Qt5WebEngineCore.prl
build-app	Install Qt	2026-04-22T00:47:37.9507796Z INFO    : Patching D:\a\robomongo\Qt\5.15.2\msvc2019_64\lib\Qt5WebEngineCored.prl
build-app	Install Qt	2026-04-22T00:47:37.9513294Z INFO    : Patching D:\a\robomongo\Qt\5.15.2\msvc2019_64\lib\Qt5WebEngined.prl
build-app	Install Qt	2026-04-22T00:47:37.9518784Z INFO    : Patching D:\a\robomongo\Qt\5.15.2\msvc2019_64\lib\Qt5WebEngineWidgets.prl
build-app	Install Qt	2026-04-22T00:47:37.9524392Z INFO    : Patching D:\a\robomongo\Qt\5.15.2\msvc2019_64\lib\Qt5WebEngineWidgetsd.prl
build-app	Install Qt	2026-04-22T00:47:37.9530334Z INFO    : Patching D:\a\robomongo\Qt\5.15.2\msvc2019_64\lib\Qt5WebSockets.prl
build-app	Install Qt	2026-04-22T00:47:37.9535779Z INFO    : Patching D:\a\robomongo\Qt\5.15.2\msvc2019_64\lib\Qt5WebSocketsd.prl
build-app	Install Qt	2026-04-22T00:47:37.9540579Z INFO    : Patching D:\a\robomongo\Qt\5.15.2\msvc2019_64\lib\Qt5WebView.prl
build-app	Install Qt	2026-04-22T00:47:37.9546010Z INFO    : Patching D:\a\robomongo\Qt\5.15.2\msvc2019_64\lib\Qt5WebViewd.prl
build-app	Install Qt	2026-04-22T00:47:37.9551471Z INFO    : Patching D:\a\robomongo\Qt\5.15.2\msvc2019_64\lib\Qt5Widgets.prl
build-app	Install Qt	2026-04-22T00:47:37.9556907Z INFO    : Patching D:\a\robomongo\Qt\5.15.2\msvc2019_64\lib\Qt5Widgetsd.prl
build-app	Install Qt	2026-04-22T00:47:37.9561834Z INFO    : Patching D:\a\robomongo\Qt\5.15.2\msvc2019_64\lib\Qt5WindowsUIAutomationSupport.prl
build-app	Install Qt	2026-04-22T00:47:37.9567074Z INFO    : Patching D:\a\robomongo\Qt\5.15.2\msvc2019_64\lib\Qt5WindowsUIAutomationSupportd.prl
build-app	Install Qt	2026-04-22T00:47:37.9572647Z INFO    : Patching D:\a\robomongo\Qt\5.15.2\msvc2019_64\lib\Qt5WinExtras.prl
build-app	Install Qt	2026-04-22T00:47:37.9578366Z INFO    : Patching D:\a\robomongo\Qt\5.15.2\msvc2019_64\lib\Qt5WinExtrasd.prl
build-app	Install Qt	2026-04-22T00:47:37.9583750Z INFO    : Patching D:\a\robomongo\Qt\5.15.2\msvc2019_64\lib\Qt5Xml.prl
build-app	Install Qt	2026-04-22T00:47:37.9590024Z INFO    : Patching D:\a\robomongo\Qt\5.15.2\msvc2019_64\lib\Qt5Xmld.prl
build-app	Install Qt	2026-04-22T00:47:37.9595648Z INFO    : Patching D:\a\robomongo\Qt\5.15.2\msvc2019_64\lib\Qt5XmlPatterns.prl
build-app	Install Qt	2026-04-22T00:47:37.9600518Z INFO    : Patching D:\a\robomongo\Qt\5.15.2\msvc2019_64\lib\Qt5XmlPatternsd.prl
build-app	Install Qt	2026-04-22T00:47:37.9607045Z INFO    : Patching D:\a\robomongo\Qt\5.15.2\msvc2019_64\lib\qtfreetype.prl
build-app	Install Qt	2026-04-22T00:47:37.9614959Z INFO    : Patching D:\a\robomongo\Qt\5.15.2\msvc2019_64\lib\qtfreetyped.prl
build-app	Install Qt	2026-04-22T00:47:37.9621373Z INFO    : Patching D:\a\robomongo\Qt\5.15.2\msvc2019_64\lib\qtlibpng.prl
build-app	Install Qt	2026-04-22T00:47:37.9627617Z INFO    : Patching D:\a\robomongo\Qt\5.15.2\msvc2019_64\lib\qtlibpngd.prl
build-app	Install Qt	2026-04-22T00:47:37.9633219Z INFO    : Patching D:\a\robomongo\Qt\5.15.2\msvc2019_64\lib\qtmain.prl
build-app	Install Qt	2026-04-22T00:47:37.9638151Z INFO    : Patching D:\a\robomongo\Qt\5.15.2\msvc2019_64\lib\qtmaind.prl
build-app	Install Qt	2026-04-22T00:47:37.9647051Z INFO    : Finished installation
build-app	Install Qt	2026-04-22T00:47:37.9647666Z INFO    : Time elapsed: 21.48929700 second
build-app	Install Dependencies (OpenSSL, NSIS)	锘?026-04-22T00:47:38.0311788Z ##[group]Run choco install openssl --version=1.1.1.2100 -y --no-progress
build-app	Install Dependencies (OpenSSL, NSIS)	2026-04-22T00:47:38.0312416Z [36;1mchoco install openssl --version=1.1.1.2100 -y --no-progress[0m
build-app	Install Dependencies (OpenSSL, NSIS)	2026-04-22T00:47:38.0312858Z [36;1mchoco install nsis -y --no-progress[0m
build-app	Install Dependencies (OpenSSL, NSIS)	2026-04-22T00:47:38.0379989Z shell: C:\Program Files\PowerShell\7\pwsh.EXE -command ". '{0}'"
build-app	Install Dependencies (OpenSSL, NSIS)	2026-04-22T00:47:38.0380340Z env:
build-app	Install Dependencies (OpenSSL, NSIS)	2026-04-22T00:47:38.0380593Z   pythonLocation: C:\hostedtoolcache\windows\Python\3.10.11\x64
build-app	Install Dependencies (OpenSSL, NSIS)	2026-04-22T00:47:38.0381038Z   PKG_CONFIG_PATH: C:\hostedtoolcache\windows\Python\3.10.11\x64/lib/pkgconfig
build-app	Install Dependencies (OpenSSL, NSIS)	2026-04-22T00:47:38.0381499Z   Python_ROOT_DIR: C:\hostedtoolcache\windows\Python\3.10.11\x64
build-app	Install Dependencies (OpenSSL, NSIS)	2026-04-22T00:47:38.0381875Z   Python2_ROOT_DIR: C:\hostedtoolcache\windows\Python\3.10.11\x64
build-app	Install Dependencies (OpenSSL, NSIS)	2026-04-22T00:47:38.0382252Z   Python3_ROOT_DIR: C:\hostedtoolcache\windows\Python\3.10.11\x64
build-app	Install Dependencies (OpenSSL, NSIS)	2026-04-22T00:47:38.0382566Z   CommandPromptType: Native
build-app	Install Dependencies (OpenSSL, NSIS)	2026-04-22T00:47:38.0382907Z   DevEnvDir: C:\Program Files\Microsoft Visual Studio\2022\Enterprise\Common7\IDE\
build-app	Install Dependencies (OpenSSL, NSIS)	2026-04-22T00:47:38.0383439Z   ExtensionSdkDir: C:\Program Files (x86)\Microsoft SDKs\Windows Kits\10\ExtensionSDKs
build-app	Install Dependencies (OpenSSL, NSIS)	2026-04-22T00:47:38.0385768Z   EXTERNAL_INCLUDE: C:\Program Files\Microsoft Visual Studio\2022\Enterprise\VC\Tools\MSVC\14.44.35207\include;C:\Program Files\Microsoft Visual Studio\2022\Enterprise\VC\Tools\MSVC\14.44.35207\ATLMFC\include;C:\Program Files\Microsoft Visual Studio\2022\Enterprise\VC\Auxiliary\VS\include;C:\Program Files (x86)\Windows Kits\10\include\10.0.26100.0\ucrt;C:\Program Files (x86)\Windows Kits\10\\include\10.0.26100.0\\um;C:\Program Files (x86)\Windows Kits\10\\include\10.0.26100.0\\shared;C:\Program Files (x86)\Windows Kits\10\\include\10.0.26100.0\\winrt;C:\Program Files (x86)\Windows Kits\10\\include\10.0.26100.0\\cppwinrt;C:\Program Files (x86)\Windows Kits\NETFXSDK\4.8\include\um
build-app	Install Dependencies (OpenSSL, NSIS)	2026-04-22T00:47:38.0387993Z   Framework40Version: v4.0
build-app	Install Dependencies (OpenSSL, NSIS)	2026-04-22T00:47:38.0388251Z   FrameworkDir: C:\Windows\Microsoft.NET\Framework64\
build-app	Install Dependencies (OpenSSL, NSIS)	2026-04-22T00:47:38.0388580Z   FrameworkDir64: C:\Windows\Microsoft.NET\Framework64\
build-app	Install Dependencies (OpenSSL, NSIS)	2026-04-22T00:47:38.0388859Z   FrameworkVersion: v4.0.30319
build-app	Install Dependencies (OpenSSL, NSIS)	2026-04-22T00:47:38.0389077Z   FrameworkVersion64: v4.0.30319
build-app	Install Dependencies (OpenSSL, NSIS)	2026-04-22T00:47:38.0389586Z   FSHARPINSTALLDIR: C:\Program Files\Microsoft Visual Studio\2022\Enterprise\Common7\IDE\CommonExtensions\Microsoft\FSharp\Tools
build-app	Install Dependencies (OpenSSL, NSIS)	2026-04-22T00:47:38.0390167Z   HTMLHelpDir: C:\Program Files (x86)\HTML Help Workshop
build-app	Install Dependencies (OpenSSL, NSIS)	2026-04-22T00:47:38.0390625Z   IFCPATH: C:\Program Files\Microsoft Visual Studio\2022\Enterprise\VC\Tools\MSVC\14.44.35207\ifc\x64
build-app	Install Dependencies (OpenSSL, NSIS)	2026-04-22T00:47:38.0393213Z   INCLUDE: C:\Program Files\Microsoft Visual Studio\2022\Enterprise\VC\Tools\MSVC\14.44.35207\include;C:\Program Files\Microsoft Visual Studio\2022\Enterprise\VC\Tools\MSVC\14.44.35207\ATLMFC\include;C:\Program Files\Microsoft Visual Studio\2022\Enterprise\VC\Auxiliary\VS\include;C:\Program Files (x86)\Windows Kits\10\include\10.0.26100.0\ucrt;C:\Program Files (x86)\Windows Kits\10\\include\10.0.26100.0\\um;C:\Program Files (x86)\Windows Kits\10\\include\10.0.26100.0\\shared;C:\Program Files (x86)\Windows Kits\10\\include\10.0.26100.0\\winrt;C:\Program Files (x86)\Windows Kits\10\\include\10.0.26100.0\\cppwinrt;C:\Program Files (x86)\Windows Kits\NETFXSDK\4.8\include\um
build-app	Install Dependencies (OpenSSL, NSIS)	2026-04-22T00:47:38.0395356Z   is_x64_arch: true
build-app	Install Dependencies (OpenSSL, NSIS)	2026-04-22T00:47:38.0396554Z   LIB: C:\Program Files\Microsoft Visual Studio\2022\Enterprise\VC\Tools\MSVC\14.44.35207\ATLMFC\lib\x64;C:\Program Files\Microsoft Visual Studio\2022\Enterprise\VC\Tools\MSVC\14.44.35207\lib\x64;C:\Program Files (x86)\Windows Kits\NETFXSDK\4.8\lib\um\x64;C:\Program Files (x86)\Windows Kits\10\lib\10.0.26100.0\ucrt\x64;C:\Program Files (x86)\Windows Kits\10\\lib\10.0.26100.0\\um\x64
build-app	Install Dependencies (OpenSSL, NSIS)	2026-04-22T00:47:38.0399717Z   LIBPATH: C:\Program Files\Microsoft Visual Studio\2022\Enterprise\VC\Tools\MSVC\14.44.35207\ATLMFC\lib\x64;C:\Program Files\Microsoft Visual Studio\2022\Enterprise\VC\Tools\MSVC\14.44.35207\lib\x64;C:\Program Files\Microsoft Visual Studio\2022\Enterprise\VC\Tools\MSVC\14.44.35207\lib\x86\store\references;C:\Program Files (x86)\Windows Kits\10\UnionMetadata\10.0.26100.0;C:\Program Files (x86)\Windows Kits\10\References\10.0.26100.0;C:\Windows\Microsoft.NET\Framework64\v4.0.30319
build-app	Install Dependencies (OpenSSL, NSIS)	2026-04-22T00:47:38.0403502Z   NETFXSDKDir: C:\Program Files (x86)\Windows Kits\NETFXSDK\4.8\
build-app	Install Dependencies (OpenSSL, NSIS)	2026-04-22T00:47:38.0418869Z   Path: C:\Program Files\Microsoft Visual Studio\2022\Enterprise\VC\Tools\MSVC\14.44.35207\bin\HostX64\x64;C:\Program Files\Microsoft Visual Studio\2022\Enterprise\Common7\IDE\VC\VCPackages;C:\Program Files\Microsoft Visual Studio\2022\Enterprise\Common7\IDE\CommonExtensions\Microsoft\TestWindow;C:\Program Files\Microsoft Visual Studio\2022\Enterprise\Common7\IDE\CommonExtensions\Microsoft\TeamFoundation\Team Explorer;C:\Program Files\Microsoft Visual Studio\2022\Enterprise\MSBuild\Current\bin\Roslyn;C:\Program Files (x86)\Microsoft SDKs\Windows\v10.0A\bin\NETFX 4.8 Tools\x64\;C:\Program Files (x86)\HTML Help Workshop;C:\Program Files\Microsoft Visual Studio\2022\Enterprise\Common7\IDE\CommonExtensions\Microsoft\FSharp\Tools;C:\Program Files\Microsoft Visual Studio\2022\Enterprise\Team Tools\DiagnosticsHub\Collector;C:\Program Files\Microsoft Visual Studio\2022\Enterprise\Common7\IDE\Extensions\Microsoft\CodeCoverage.Console;C:\Program Files\Microsoft Visual Studio\2022\Enterprise\VC\Tools\Llvm\x64\bin;C:\Program Files (x86)\Windows Kits\10\bin\10.0.26100.0\\x64;C:\Program Files (x86)\Windows Kits\10\bin\\x64;C:\Program Files\Microsoft Visual Studio\2022\Enterprise\\MSBuild\Current\Bin\amd64;C:\Windows\Microsoft.NET\Framework64\v4.0.30319;C:\Program Files\Microsoft Visual Studio\2022\Enterprise\Common7\IDE\;C:\Program Files\Microsoft Visual Studio\2022\Enterprise\Common7\Tools\;C:\Users\runneradmin\AppData\Roaming\Python\Python310\Scripts;C:\hostedtoolcache\windows\Python\3.10.11\x64\Scripts;C:\hostedtoolcache\windows\Python\3.10.11\x64;C:\Program Files\MongoDB\Server\7.0\bin;C:\vcpkg;C:\tools\zstd;C:\hostedtoolcache\windows\stack\3.9.3\x64;C:\cabal\bin;C:\\ghcup\bin;C:\mingw64\bin;C:\Program Files\dotnet;C:\Program Files\MySQL\MySQL Server 8.0\bin;C:\Program Files\R\R-4.5.3\bin\x64;C:\SeleniumWebDrivers\GeckoDriver;C:\SeleniumWebDrivers\EdgeDriver\;C:\SeleniumWebDrivers\ChromeDriver;C:\Program Files (x86)\sbt\bin;C:\Program Files (x86)\GitHub CLI;C:\Program Files\Git\bin;C:\Program Files (x86)\pipx_bin;C:\npm\prefix;C:\hostedtoolcache\windows\go\1.24.13\x64\bin;C:\hostedtoolcache\windows\Python\3.12.10\x64\Scripts;C:\hostedtoolcache\windows\Python\3.12.10\x64;C:\hostedtoolcache\windows\Ruby\3.3.11\x64\bin;C:\Program Files\OpenSSL\bin;C:\tools\kotlinc\bin;C:\hostedtoolcache\windows\Java_Temurin-Hotspot_jdk\17.0.18-8\x64\bin;C:\Program Files\ImageMagick-7.1.2-Q16-HDRI;C:\Program Files\Microsoft SDKs\Azure\CLI2\wbin;C:\ProgramData\kind;C:\ProgramData\Chocolatey\bin;C:\Windows\system32;C:\Windows;C:\Windows\System32\Wbem;C:\Windows\System32\WindowsPowerShell\v1.0\;C:\Windows\System32\OpenSSH\;C:\Program Files\PowerShell\7\;C:\Program Files\Microsoft\Web Platform Installer\;C:\Program Files\Microsoft SQL Server\Client SDK\ODBC\170\Tools\Binn\;C:\Program Files\Microsoft SQL Server\150\Tools\Binn\;C:\Program Files\dotnet\;C:\Program Files (x86)\Windows Kits\10\Windows Performance Toolkit\;C:\Program Files (x86)\WiX Toolset v3.14\bin;C:\Program Files\Microsoft SQL Server\130\DTS\Binn\;C:\Program Files\Microsoft SQL Server\140\DTS\Binn\;C:\Program Files\Microsoft SQL Server\150\DTS\Binn\;C:\Program Files\Microsoft SQL Server\160\DTS\Binn\;C:\Program Files\Microsoft SQL Server\170\DTS\Binn\;C:\ProgramData\chocolatey\lib\pulumi\tools\Pulumi\bin;C:\Program Files\CMake\bin;C:\Strawberry\c\bin;C:\Strawberry\perl\site\bin;C:\Strawberry\perl\bin;C:\ProgramData\chocolatey\lib\maven\apache-maven-3.9.14\bin;C:\Program Files\Microsoft Service Fabric\bin\Fabric\Fabric.Code;C:\Program Files\Microsoft SDKs\Service Fabric\Tools\ServiceFabricLocalClusterManager;C:\Program Files\nodejs\;C:\Program Files\Git\cmd;C:\Program Files\Git\mingw64\bin;C:\Program Files\Git\usr\bin;C:\Program Files\GitHub CLI\;c:\tools\php;C:\Program Files\Amazon\AWSCLIV2\;C:\Program Files\Amazon\SessionManagerPlugin\bin\;C:\Program Files\Amazon\AWSSAMCLI\bin\;C:\Program Files\Microsoft SQL Server\130\Tools\Binn\;C:\Program Files\mongosh\;C:\Program Files\LLVM\bin;C:\Program Files (x86)\LLVM\bin;C:\Users\runneradmin\.dotnet\tools;C:\Users\runneradmin\.cargo\bin;C:\Users\runneradmin\AppData\Local\Microsoft\WindowsApps;C:\Program Files (x86)\Microsoft Visual Studio\Installer;C:\Program Files\Microsoft Visual Studio\2022\Enterprise\Common7\IDE\CommonExtensions\Microsoft\CMake\CMake\bin;C:\Program Files\Microsoft Visual Studio\2022\Enterprise\Common7\IDE\CommonExtensions\Microsoft\CMake\Ninja;C:\Program Files\Microsoft Visual Studio\2022\Enterprise\Common7\IDE\VC\Linux\bin\ConnectionManagerExe;C:\Program Files\Microsoft Visual Studio\2022\Enterprise\VC\vcpkg
build-app	Install Dependencies (OpenSSL, NSIS)	2026-04-22T00:47:38.0434603Z   Platform: x64
build-app	Install Dependencies (OpenSSL, NSIS)	2026-04-22T00:47:38.0434780Z   UCRTVersion: 10.0.26100.0
build-app	Install Dependencies (OpenSSL, NSIS)	2026-04-22T00:47:38.0435050Z   UniversalCRTSdkDir: C:\Program Files (x86)\Windows Kits\10\
build-app	Install Dependencies (OpenSSL, NSIS)	2026-04-22T00:47:38.0435522Z   VCIDEInstallDir: C:\Program Files\Microsoft Visual Studio\2022\Enterprise\Common7\IDE\VC\
build-app	Install Dependencies (OpenSSL, NSIS)	2026-04-22T00:47:38.0436033Z   VCINSTALLDIR: C:\Program Files\Microsoft Visual Studio\2022\Enterprise\VC\
build-app	Install Dependencies (OpenSSL, NSIS)	2026-04-22T00:47:38.0436493Z   VCPKG_ROOT: C:\Program Files\Microsoft Visual Studio\2022\Enterprise\VC\vcpkg
build-app	Install Dependencies (OpenSSL, NSIS)	2026-04-22T00:47:38.0437033Z   VCToolsInstallDir: C:\Program Files\Microsoft Visual Studio\2022\Enterprise\VC\Tools\MSVC\14.44.35207\
build-app	Install Dependencies (OpenSSL, NSIS)	2026-04-22T00:47:38.0438044Z   VCToolsRedistDir: C:\Program Files\Microsoft Visual Studio\2022\Enterprise\VC\Redist\MSVC\14.44.35112\
build-app	Install Dependencies (OpenSSL, NSIS)	2026-04-22T00:47:38.0438497Z   VCToolsVersion: 14.44.35207
build-app	Install Dependencies (OpenSSL, NSIS)	2026-04-22T00:47:38.0438700Z   VisualStudioVersion: 17.0
build-app	Install Dependencies (OpenSSL, NSIS)	2026-04-22T00:47:38.0439053Z   VS170COMNTOOLS: C:\Program Files\Microsoft Visual Studio\2022\Enterprise\Common7\Tools\
build-app	Install Dependencies (OpenSSL, NSIS)	2026-04-22T00:47:38.0439448Z   VSCMD_ARG_app_plat: Desktop
build-app	Install Dependencies (OpenSSL, NSIS)	2026-04-22T00:47:38.0439660Z   VSCMD_ARG_HOST_ARCH: x64
build-app	Install Dependencies (OpenSSL, NSIS)	2026-04-22T00:47:38.0439847Z   VSCMD_ARG_TGT_ARCH: x64
build-app	Install Dependencies (OpenSSL, NSIS)	2026-04-22T00:47:38.0440033Z   VSCMD_VER: 17.14.29
build-app	Install Dependencies (OpenSSL, NSIS)	2026-04-22T00:47:38.0440319Z   VSINSTALLDIR: C:\Program Files\Microsoft Visual Studio\2022\Enterprise\
build-app	Install Dependencies (OpenSSL, NSIS)	2026-04-22T00:47:38.0440778Z   VSSDK150INSTALL: C:\Program Files\Microsoft Visual Studio\2022\Enterprise\VSSDK
build-app	Install Dependencies (OpenSSL, NSIS)	2026-04-22T00:47:38.0441247Z   VSSDKINSTALL: C:\Program Files\Microsoft Visual Studio\2022\Enterprise\VSSDK
build-app	Install Dependencies (OpenSSL, NSIS)	2026-04-22T00:47:38.0441914Z   WindowsLibPath: C:\Program Files (x86)\Windows Kits\10\UnionMetadata\10.0.26100.0;C:\Program Files (x86)\Windows Kits\10\References\10.0.26100.0
build-app	Install Dependencies (OpenSSL, NSIS)	2026-04-22T00:47:38.0442671Z   WindowsSdkBinPath: C:\Program Files (x86)\Windows Kits\10\bin\
build-app	Install Dependencies (OpenSSL, NSIS)	2026-04-22T00:47:38.0443028Z   WindowsSdkDir: C:\Program Files (x86)\Windows Kits\10\
build-app	Install Dependencies (OpenSSL, NSIS)	2026-04-22T00:47:38.0443315Z   WindowsSDKLibVersion: 10.0.26100.0\
build-app	Install Dependencies (OpenSSL, NSIS)	2026-04-22T00:47:38.0443661Z   WindowsSdkVerBinPath: C:\Program Files (x86)\Windows Kits\10\bin\10.0.26100.0\
build-app	Install Dependencies (OpenSSL, NSIS)	2026-04-22T00:47:38.0444020Z   WindowsSDKVersion: 10.0.26100.0\
build-app	Install Dependencies (OpenSSL, NSIS)	2026-04-22T00:47:38.0444442Z   WindowsSDK_ExecutablePath_x64: C:\Program Files (x86)\Microsoft SDKs\Windows\v10.0A\bin\NETFX 4.8 Tools\x64\
build-app	Install Dependencies (OpenSSL, NSIS)	2026-04-22T00:47:38.0445079Z   WindowsSDK_ExecutablePath_x86: C:\Program Files (x86)\Microsoft SDKs\Windows\v10.0A\bin\NETFX 4.8 Tools\
build-app	Install Dependencies (OpenSSL, NSIS)	2026-04-22T00:47:38.0445502Z   __DOTNET_ADD_64BIT: 1
build-app	Install Dependencies (OpenSSL, NSIS)	2026-04-22T00:47:38.0445686Z   __DOTNET_PREFERRED_BITNESS: 64
build-app	Install Dependencies (OpenSSL, NSIS)	2026-04-22T00:47:38.0454853Z   __VSCMD_PREINIT_PATH: C:\Users\runneradmin\AppData\Roaming\Python\Python310\Scripts;C:\hostedtoolcache\windows\Python\3.10.11\x64\Scripts;C:\hostedtoolcache\windows\Python\3.10.11\x64;C:\Program Files\MongoDB\Server\7.0\bin;C:\vcpkg;C:\tools\zstd;C:\hostedtoolcache\windows\stack\3.9.3\x64;C:\cabal\bin;C:\\ghcup\bin;C:\mingw64\bin;C:\Program Files\dotnet;C:\Program Files\MySQL\MySQL Server 8.0\bin;C:\Program Files\R\R-4.5.3\bin\x64;C:\SeleniumWebDrivers\GeckoDriver;C:\SeleniumWebDrivers\EdgeDriver\;C:\SeleniumWebDrivers\ChromeDriver;C:\Program Files (x86)\sbt\bin;C:\Program Files (x86)\GitHub CLI;C:\Program Files\Git\bin;C:\Program Files (x86)\pipx_bin;C:\npm\prefix;C:\hostedtoolcache\windows\go\1.24.13\x64\bin;C:\hostedtoolcache\windows\Python\3.12.10\x64\Scripts;C:\hostedtoolcache\windows\Python\3.12.10\x64;C:\hostedtoolcache\windows\Ruby\3.3.11\x64\bin;C:\Program Files\OpenSSL\bin;C:\tools\kotlinc\bin;C:\hostedtoolcache\windows\Java_Temurin-Hotspot_jdk\17.0.18-8\x64\bin;C:\Program Files\ImageMagick-7.1.2-Q16-HDRI;C:\Program Files\Microsoft SDKs\Azure\CLI2\wbin;C:\ProgramData\kind;C:\ProgramData\Chocolatey\bin;C:\Windows\system32;C:\Windows;C:\Windows\System32\Wbem;C:\Windows\System32\WindowsPowerShell\v1.0\;C:\Windows\System32\OpenSSH\;C:\Program Files\PowerShell\7\;C:\Program Files\Microsoft\Web Platform Installer\;C:\Program Files\Microsoft SQL Server\Client SDK\ODBC\170\Tools\Binn\;C:\Program Files\Microsoft SQL Server\150\Tools\Binn\;C:\Program Files\dotnet\;C:\Program Files (x86)\Windows Kits\10\Windows Performance Toolkit\;C:\Program Files (x86)\WiX Toolset v3.14\bin;C:\Program Files\Microsoft SQL Server\130\DTS\Binn\;C:\Program Files\Microsoft SQL Server\140\DTS\Binn\;C:\Program Files\Microsoft SQL Server\150\DTS\Binn\;C:\Program Files\Microsoft SQL Server\160\DTS\Binn\;C:\Program Files\Microsoft SQL Server\170\DTS\Binn\;C:\ProgramData\chocolatey\lib\pulumi\tools\Pulumi\bin;C:\Program Files\CMake\bin;C:\Strawberry\c\bin;C:\Strawberry\perl\site\bin;C:\Strawberry\perl\bin;C:\ProgramData\chocolatey\lib\maven\apache-maven-3.9.14\bin;C:\Program Files\Microsoft Service Fabric\bin\Fabric\Fabric.Code;C:\Program Files\Microsoft SDKs\Service Fabric\Tools\ServiceFabricLocalClusterManager;C:\Program Files\nodejs\;C:\Program Files\Git\cmd;C:\Program Files\Git\mingw64\bin;C:\Program Files\Git\usr\bin;C:\Program Files\GitHub CLI\;c:\tools\php;C:\Program Files (x86)\sbt\bin;C:\Program Files\Amazon\AWSCLIV2\;C:\Program Files\Amazon\SessionManagerPlugin\bin\;C:\Program Files\Amazon\AWSSAMCLI\bin\;C:\Program Files\Microsoft SQL Server\130\Tools\Binn\;C:\Program Files\mongosh\;C:\Program Files\LLVM\bin;C:\Program Files (x86)\LLVM\bin;C:\Users\runneradmin\.dotnet\tools;C:\Users\runneradmin\.cargo\bin;C:\Users\runneradmin\AppData\Local\Microsoft\WindowsApps;C:\Program Files (x86)\Microsoft Visual Studio\Installer
build-app	Install Dependencies (OpenSSL, NSIS)	2026-04-22T00:47:38.0464616Z   Qt5_Dir: D:\a\robomongo\Qt\5.15.2\msvc2019_64
build-app	Install Dependencies (OpenSSL, NSIS)	2026-04-22T00:47:38.0464936Z   QT_PLUGIN_PATH: D:\a\robomongo\Qt\5.15.2\msvc2019_64\plugins
build-app	Install Dependencies (OpenSSL, NSIS)	2026-04-22T00:47:38.0465284Z   QML2_IMPORT_PATH: D:\a\robomongo\Qt\5.15.2\msvc2019_64\qml
build-app	Install Dependencies (OpenSSL, NSIS)	2026-04-22T00:47:38.0465558Z ##[endgroup]
build-app	Install Dependencies (OpenSSL, NSIS)	2026-04-22T00:47:40.1116435Z Chocolatey v2.7.1
build-app	Install Dependencies (OpenSSL, NSIS)	2026-04-22T00:47:40.3184486Z Installing the following packages:
build-app	Install Dependencies (OpenSSL, NSIS)	2026-04-22T00:47:40.3190064Z openssl
build-app	Install Dependencies (OpenSSL, NSIS)	2026-04-22T00:47:40.3193795Z By installing, you accept licenses for the packages.
build-app	Install Dependencies (OpenSSL, NSIS)	2026-04-22T00:47:44.4417317Z Downloading package from source 'https://community.chocolatey.org/api/v2/'
build-app	Install Dependencies (OpenSSL, NSIS)	2026-04-22T00:47:44.8119468Z 
build-app	Install Dependencies (OpenSSL, NSIS)	2026-04-22T00:47:44.8120017Z vcredist2015 v14.0.24215.20170201 [Approved]
build-app	Install Dependencies (OpenSSL, NSIS)	2026-04-22T00:47:44.8334927Z vcredist2015 package files install completed. Performing other installation steps.
build-app	Install Dependencies (OpenSSL, NSIS)	2026-04-22T00:47:45.0851000Z  The install of vcredist2015 was successful.
build-app	Install Dependencies (OpenSSL, NSIS)	2026-04-22T00:47:45.0854363Z   Deployed to 'C:\ProgramData\chocolatey\lib\vcredist2015'
build-app	Install Dependencies (OpenSSL, NSIS)	2026-04-22T00:47:45.0912370Z Downloading package from source 'https://community.chocolatey.org/api/v2/'
build-app	Install Dependencies (OpenSSL, NSIS)	2026-04-22T00:47:47.0639626Z 
build-app	Install Dependencies (OpenSSL, NSIS)	2026-04-22T00:47:47.0640117Z openssl v1.1.1.2100 [Approved]
build-app	Install Dependencies (OpenSSL, NSIS)	2026-04-22T00:47:47.0669339Z openssl package files install completed. Performing other installation steps.
build-app	Install Dependencies (OpenSSL, NSIS)	2026-04-22T00:47:48.1021241Z Installing 64-bit openssl...
build-app	Install Dependencies (OpenSSL, NSIS)	2026-04-22T00:48:03.1727897Z openssl has been installed.
build-app	Install Dependencies (OpenSSL, NSIS)	2026-04-22T00:48:03.8853663Z WARNING: No registry key found based on  'OpenSSL-Win'
build-app	Install Dependencies (OpenSSL, NSIS)	2026-04-22T00:48:06.2260091Z PATH environment variable does not have \bin in it. Adding...
build-app	Install Dependencies (OpenSSL, NSIS)	2026-04-22T00:48:06.3799792Z WARNING: OPENSSL_CONF has been set to \bin\openssl.cfg
build-app	Install Dependencies (OpenSSL, NSIS)	2026-04-22T00:48:06.5264519Z   openssl can be automatically uninstalled.
build-app	Install Dependencies (OpenSSL, NSIS)	2026-04-22T00:48:06.5294587Z Environment Vars (like PATH) have changed. Close/reopen your shell to
build-app	Install Dependencies (OpenSSL, NSIS)	2026-04-22T00:48:06.5295480Z  see the changes (or in powershell/cmd.exe just type `refreshenv`).
build-app	Install Dependencies (OpenSSL, NSIS)	2026-04-22T00:48:07.2183814Z  The install of openssl was successful.
build-app	Install Dependencies (OpenSSL, NSIS)	2026-04-22T00:48:07.2186506Z   Deployed to 'C:\Program Files\OpenSSL\'
build-app	Install Dependencies (OpenSSL, NSIS)	2026-04-22T00:48:07.2362904Z 
build-app	Install Dependencies (OpenSSL, NSIS)	2026-04-22T00:48:07.2363366Z Chocolatey installed 2/2 packages. 
build-app	Install Dependencies (OpenSSL, NSIS)	2026-04-22T00:48:07.2364036Z  See the log for details (C:\ProgramData\chocolatey\logs\chocolatey.log).
build-app	Install Dependencies (OpenSSL, NSIS)	2026-04-22T00:48:08.0679493Z Chocolatey v2.7.1
build-app	Install Dependencies (OpenSSL, NSIS)	2026-04-22T00:48:08.2310260Z Installing the following packages:
build-app	Install Dependencies (OpenSSL, NSIS)	2026-04-22T00:48:08.2315072Z nsis
build-app	Install Dependencies (OpenSSL, NSIS)	2026-04-22T00:48:08.2318921Z By installing, you accept licenses for the packages.
build-app	Install Dependencies (OpenSSL, NSIS)	2026-04-22T00:48:09.8762094Z Downloading package from source 'https://community.chocolatey.org/api/v2/'
build-app	Install Dependencies (OpenSSL, NSIS)	2026-04-22T00:48:10.2881816Z 
build-app	Install Dependencies (OpenSSL, NSIS)	2026-04-22T00:48:10.2882309Z nsis.install v3.12.0 [Approved]
build-app	Install Dependencies (OpenSSL, NSIS)	2026-04-22T00:48:10.3076679Z nsis.install package files install completed. Performing other installation steps.
build-app	Install Dependencies (OpenSSL, NSIS)	2026-04-22T00:48:11.0246085Z Installing nsis.install...
build-app	Install Dependencies (OpenSSL, NSIS)	2026-04-22T00:48:11.9016787Z nsis.install has been installed.
build-app	Install Dependencies (OpenSSL, NSIS)	2026-04-22T00:48:12.0598810Z   nsis.install can be automatically uninstalled.
build-app	Install Dependencies (OpenSSL, NSIS)	2026-04-22T00:48:12.1507703Z  The install of nsis.install was successful.
build-app	Install Dependencies (OpenSSL, NSIS)	2026-04-22T00:48:12.1512807Z   Deployed to 'C:\Program Files (x86)\NSIS'
build-app	Install Dependencies (OpenSSL, NSIS)	2026-04-22T00:48:12.1652577Z Downloading package from source 'https://community.chocolatey.org/api/v2/'
build-app	Install Dependencies (OpenSSL, NSIS)	2026-04-22T00:48:12.3051076Z 
build-app	Install Dependencies (OpenSSL, NSIS)	2026-04-22T00:48:12.3051567Z nsis v3.12.0 [Approved]
build-app	Install Dependencies (OpenSSL, NSIS)	2026-04-22T00:48:12.3071098Z nsis package files install completed. Performing other installation steps.
build-app	Install Dependencies (OpenSSL, NSIS)	2026-04-22T00:48:12.4730079Z  The install of nsis was successful.
build-app	Install Dependencies (OpenSSL, NSIS)	2026-04-22T00:48:12.4734843Z   Deployed to 'C:\ProgramData\chocolatey\lib\nsis'
build-app	Install Dependencies (OpenSSL, NSIS)	2026-04-22T00:48:12.4836830Z 
build-app	Install Dependencies (OpenSSL, NSIS)	2026-04-22T00:48:12.4837218Z Chocolatey installed 2/2 packages. 
build-app	Install Dependencies (OpenSSL, NSIS)	2026-04-22T00:48:12.4837869Z  See the log for details (C:\ProgramData\chocolatey\logs\chocolatey.log).
build-app	Locate OpenSSL	锘?026-04-22T00:48:12.6872087Z ##[group]Run :: 浼樺厛灏濊瘯 Choco 榛樿璺緞锛屽惁鍒欏叏鐩樻悳绱?build-app	Locate OpenSSL	2026-04-22T00:48:12.6872610Z [36;1m:: 浼樺厛灏濊瘯 Choco 榛樿璺緞锛屽惁鍒欏叏鐩樻悳绱?[0m
build-app	Locate OpenSSL	2026-04-22T00:48:12.6873148Z [36;1mset OPENSSL_REAL_PATH=C:\Program Files\OpenSSL[0m
build-app	Locate OpenSSL	2026-04-22T00:48:12.6874030Z [36;1mif not exist "%OPENSSL_REAL_PATH%\bin\libcrypto-1_1-x64.dll" ([0m
build-app	Locate OpenSSL	2026-04-22T00:48:12.6876087Z [36;1m  dir "C:\Program Files\OpenSSL*" /s /b | findstr /i "libcrypto-1_1-x64.dll"[0m
build-app	Locate OpenSSL	2026-04-22T00:48:12.6877329Z [36;1m  set OPENSSL_REAL_PATH=C:\Program Files\OpenSSL-Win64[0m
build-app	Locate OpenSSL	2026-04-22T00:48:12.6877831Z [36;1m)[0m
build-app	Locate OpenSSL	2026-04-22T00:48:12.6878207Z [36;1mif not exist "C:\Program Files\OpenSSL-Win64" ([0m
build-app	Locate OpenSSL	2026-04-22T00:48:12.6879253Z [36;1m   if not exist "C:\Program Files\OpenSSL" set OPENSSL_REAL_PATH=C:\OpenSSL-Win64[0m
build-app	Locate OpenSSL	2026-04-22T00:48:12.6879913Z [36;1m)[0m
build-app	Locate OpenSSL	2026-04-22T00:48:12.6880261Z [36;1mecho OPENSSL_PATH=%OPENSSL_REAL_PATH%>>%GITHUB_ENV%[0m
build-app	Locate OpenSSL	2026-04-22T00:48:12.6927918Z shell: C:\Windows\system32\cmd.EXE /D /E:ON /V:OFF /S /C "CALL "{0}""
build-app	Locate OpenSSL	2026-04-22T00:48:12.6928356Z env:
build-app	Locate OpenSSL	2026-04-22T00:48:12.6928702Z   pythonLocation: C:\hostedtoolcache\windows\Python\3.10.11\x64
build-app	Locate OpenSSL	2026-04-22T00:48:12.6929585Z   PKG_CONFIG_PATH: C:\hostedtoolcache\windows\Python\3.10.11\x64/lib/pkgconfig
build-app	Locate OpenSSL	2026-04-22T00:48:12.6930353Z   Python_ROOT_DIR: C:\hostedtoolcache\windows\Python\3.10.11\x64
build-app	Locate OpenSSL	2026-04-22T00:48:12.6930995Z   Python2_ROOT_DIR: C:\hostedtoolcache\windows\Python\3.10.11\x64
build-app	Locate OpenSSL	2026-04-22T00:48:12.6931631Z   Python3_ROOT_DIR: C:\hostedtoolcache\windows\Python\3.10.11\x64
build-app	Locate OpenSSL	2026-04-22T00:48:12.6932161Z   CommandPromptType: Native
build-app	Locate OpenSSL	2026-04-22T00:48:12.6932750Z   DevEnvDir: C:\Program Files\Microsoft Visual Studio\2022\Enterprise\Common7\IDE\
build-app	Locate OpenSSL	2026-04-22T00:48:12.6933744Z   ExtensionSdkDir: C:\Program Files (x86)\Microsoft SDKs\Windows Kits\10\ExtensionSDKs
build-app	Locate OpenSSL	2026-04-22T00:48:12.6938659Z   EXTERNAL_INCLUDE: C:\Program Files\Microsoft Visual Studio\2022\Enterprise\VC\Tools\MSVC\14.44.35207\include;C:\Program Files\Microsoft Visual Studio\2022\Enterprise\VC\Tools\MSVC\14.44.35207\ATLMFC\include;C:\Program Files\Microsoft Visual Studio\2022\Enterprise\VC\Auxiliary\VS\include;C:\Program Files (x86)\Windows Kits\10\include\10.0.26100.0\ucrt;C:\Program Files (x86)\Windows Kits\10\\include\10.0.26100.0\\um;C:\Program Files (x86)\Windows Kits\10\\include\10.0.26100.0\\shared;C:\Program Files (x86)\Windows Kits\10\\include\10.0.26100.0\\winrt;C:\Program Files (x86)\Windows Kits\10\\include\10.0.26100.0\\cppwinrt;C:\Program Files (x86)\Windows Kits\NETFXSDK\4.8\include\um
build-app	Locate OpenSSL	2026-04-22T00:48:12.6942781Z   Framework40Version: v4.0
build-app	Locate OpenSSL	2026-04-22T00:48:12.6943276Z   FrameworkDir: C:\Windows\Microsoft.NET\Framework64\
build-app	Locate OpenSSL	2026-04-22T00:48:12.6944322Z   FrameworkDir64: C:\Windows\Microsoft.NET\Framework64\
build-app	Locate OpenSSL	2026-04-22T00:48:12.6944870Z   FrameworkVersion: v4.0.30319
build-app	Locate OpenSSL	2026-04-22T00:48:12.6945240Z   FrameworkVersion64: v4.0.30319
build-app	Locate OpenSSL	2026-04-22T00:48:12.6946179Z   FSHARPINSTALLDIR: C:\Program Files\Microsoft Visual Studio\2022\Enterprise\Common7\IDE\CommonExtensions\Microsoft\FSharp\Tools
build-app	Locate OpenSSL	2026-04-22T00:48:12.6947281Z   HTMLHelpDir: C:\Program Files (x86)\HTML Help Workshop
build-app	Locate OpenSSL	2026-04-22T00:48:12.6948195Z   IFCPATH: C:\Program Files\Microsoft Visual Studio\2022\Enterprise\VC\Tools\MSVC\14.44.35207\ifc\x64
build-app	Locate OpenSSL	2026-04-22T00:48:12.6953102Z   INCLUDE: C:\Program Files\Microsoft Visual Studio\2022\Enterprise\VC\Tools\MSVC\14.44.35207\include;C:\Program Files\Microsoft Visual Studio\2022\Enterprise\VC\Tools\MSVC\14.44.35207\ATLMFC\include;C:\Program Files\Microsoft Visual Studio\2022\Enterprise\VC\Auxiliary\VS\include;C:\Program Files (x86)\Windows Kits\10\include\10.0.26100.0\ucrt;C:\Program Files (x86)\Windows Kits\10\\include\10.0.26100.0\\um;C:\Program Files (x86)\Windows Kits\10\\include\10.0.26100.0\\shared;C:\Program Files (x86)\Windows Kits\10\\include\10.0.26100.0\\winrt;C:\Program Files (x86)\Windows Kits\10\\include\10.0.26100.0\\cppwinrt;C:\Program Files (x86)\Windows Kits\NETFXSDK\4.8\include\um
build-app	Locate OpenSSL	2026-04-22T00:48:12.6957338Z   is_x64_arch: true
build-app	Locate OpenSSL	2026-04-22T00:48:12.6959561Z   LIB: C:\Program Files\Microsoft Visual Studio\2022\Enterprise\VC\Tools\MSVC\14.44.35207\ATLMFC\lib\x64;C:\Program Files\Microsoft Visual Studio\2022\Enterprise\VC\Tools\MSVC\14.44.35207\lib\x64;C:\Program Files (x86)\Windows Kits\NETFXSDK\4.8\lib\um\x64;C:\Program Files (x86)\Windows Kits\10\lib\10.0.26100.0\ucrt\x64;C:\Program Files (x86)\Windows Kits\10\\lib\10.0.26100.0\\um\x64
build-app	Locate OpenSSL	2026-04-22T00:48:12.6968924Z   LIBPATH: C:\Program Files\Microsoft Visual Studio\2022\Enterprise\VC\Tools\MSVC\14.44.35207\ATLMFC\lib\x64;C:\Program Files\Microsoft Visual Studio\2022\Enterprise\VC\Tools\MSVC\14.44.35207\lib\x64;C:\Program Files\Microsoft Visual Studio\2022\Enterprise\VC\Tools\MSVC\14.44.35207\lib\x86\store\references;C:\Program Files (x86)\Windows Kits\10\UnionMetadata\10.0.26100.0;C:\Program Files (x86)\Windows Kits\10\References\10.0.26100.0;C:\Windows\Microsoft.NET\Framework64\v4.0.30319
build-app	Locate OpenSSL	2026-04-22T00:48:12.6972532Z   NETFXSDKDir: C:\Program Files (x86)\Windows Kits\NETFXSDK\4.8\
build-app	Locate OpenSSL	2026-04-22T00:48:12.7000795Z   Path: C:\Program Files\Microsoft Visual Studio\2022\Enterprise\VC\Tools\MSVC\14.44.35207\bin\HostX64\x64;C:\Program Files\Microsoft Visual Studio\2022\Enterprise\Common7\IDE\VC\VCPackages;C:\Program Files\Microsoft Visual Studio\2022\Enterprise\Common7\IDE\CommonExtensions\Microsoft\TestWindow;C:\Program Files\Microsoft Visual Studio\2022\Enterprise\Common7\IDE\CommonExtensions\Microsoft\TeamFoundation\Team Explorer;C:\Program Files\Microsoft Visual Studio\2022\Enterprise\MSBuild\Current\bin\Roslyn;C:\Program Files (x86)\Microsoft SDKs\Windows\v10.0A\bin\NETFX 4.8 Tools\x64\;C:\Program Files (x86)\HTML Help Workshop;C:\Program Files\Microsoft Visual Studio\2022\Enterprise\Common7\IDE\CommonExtensions\Microsoft\FSharp\Tools;C:\Program Files\Microsoft Visual Studio\2022\Enterprise\Team Tools\DiagnosticsHub\Collector;C:\Program Files\Microsoft Visual Studio\2022\Enterprise\Common7\IDE\Extensions\Microsoft\CodeCoverage.Console;C:\Program Files\Microsoft Visual Studio\2022\Enterprise\VC\Tools\Llvm\x64\bin;C:\Program Files (x86)\Windows Kits\10\bin\10.0.26100.0\\x64;C:\Program Files (x86)\Windows Kits\10\bin\\x64;C:\Program Files\Microsoft Visual Studio\2022\Enterprise\\MSBuild\Current\Bin\amd64;C:\Windows\Microsoft.NET\Framework64\v4.0.30319;C:\Program Files\Microsoft Visual Studio\2022\Enterprise\Common7\IDE\;C:\Program Files\Microsoft Visual Studio\2022\Enterprise\Common7\Tools\;C:\Users\runneradmin\AppData\Roaming\Python\Python310\Scripts;C:\hostedtoolcache\windows\Python\3.10.11\x64\Scripts;C:\hostedtoolcache\windows\Python\3.10.11\x64;C:\Program Files\MongoDB\Server\7.0\bin;C:\vcpkg;C:\tools\zstd;C:\hostedtoolcache\windows\stack\3.9.3\x64;C:\cabal\bin;C:\\ghcup\bin;C:\mingw64\bin;C:\Program Files\dotnet;C:\Program Files\MySQL\MySQL Server 8.0\bin;C:\Program Files\R\R-4.5.3\bin\x64;C:\SeleniumWebDrivers\GeckoDriver;C:\SeleniumWebDrivers\EdgeDriver\;C:\SeleniumWebDrivers\ChromeDriver;C:\Program Files (x86)\sbt\bin;C:\Program Files (x86)\GitHub CLI;C:\Program Files\Git\bin;C:\Program Files (x86)\pipx_bin;C:\npm\prefix;C:\hostedtoolcache\windows\go\1.24.13\x64\bin;C:\hostedtoolcache\windows\Python\3.12.10\x64\Scripts;C:\hostedtoolcache\windows\Python\3.12.10\x64;C:\hostedtoolcache\windows\Ruby\3.3.11\x64\bin;C:\Program Files\OpenSSL\bin;C:\tools\kotlinc\bin;C:\hostedtoolcache\windows\Java_Temurin-Hotspot_jdk\17.0.18-8\x64\bin;C:\Program Files\ImageMagick-7.1.2-Q16-HDRI;C:\Program Files\Microsoft SDKs\Azure\CLI2\wbin;C:\ProgramData\kind;C:\ProgramData\Chocolatey\bin;C:\Windows\system32;C:\Windows;C:\Windows\System32\Wbem;C:\Windows\System32\WindowsPowerShell\v1.0\;C:\Windows\System32\OpenSSH\;C:\Program Files\PowerShell\7\;C:\Program Files\Microsoft\Web Platform Installer\;C:\Program Files\Microsoft SQL Server\Client SDK\ODBC\170\Tools\Binn\;C:\Program Files\Microsoft SQL Server\150\Tools\Binn\;C:\Program Files\dotnet\;C:\Program Files (x86)\Windows Kits\10\Windows Performance Toolkit\;C:\Program Files (x86)\WiX Toolset v3.14\bin;C:\Program Files\Microsoft SQL Server\130\DTS\Binn\;C:\Program Files\Microsoft SQL Server\140\DTS\Binn\;C:\Program Files\Microsoft SQL Server\150\DTS\Binn\;C:\Program Files\Microsoft SQL Server\160\DTS\Binn\;C:\Program Files\Microsoft SQL Server\170\DTS\Binn\;C:\ProgramData\chocolatey\lib\pulumi\tools\Pulumi\bin;C:\Program Files\CMake\bin;C:\Strawberry\c\bin;C:\Strawberry\perl\site\bin;C:\Strawberry\perl\bin;C:\ProgramData\chocolatey\lib\maven\apache-maven-3.9.14\bin;C:\Program Files\Microsoft Service Fabric\bin\Fabric\Fabric.Code;C:\Program Files\Microsoft SDKs\Service Fabric\Tools\ServiceFabricLocalClusterManager;C:\Program Files\nodejs\;C:\Program Files\Git\cmd;C:\Program Files\Git\mingw64\bin;C:\Program Files\Git\usr\bin;C:\Program Files\GitHub CLI\;c:\tools\php;C:\Program Files\Amazon\AWSCLIV2\;C:\Program Files\Amazon\SessionManagerPlugin\bin\;C:\Program Files\Amazon\AWSSAMCLI\bin\;C:\Program Files\Microsoft SQL Server\130\Tools\Binn\;C:\Program Files\mongosh\;C:\Program Files\LLVM\bin;C:\Program Files (x86)\LLVM\bin;C:\Users\runneradmin\.dotnet\tools;C:\Users\runneradmin\.cargo\bin;C:\Users\runneradmin\AppData\Local\Microsoft\WindowsApps;C:\Program Files (x86)\Microsoft Visual Studio\Installer;C:\Program Files\Microsoft Visual Studio\2022\Enterprise\Common7\IDE\CommonExtensions\Microsoft\CMake\CMake\bin;C:\Program Files\Microsoft Visual Studio\2022\Enterprise\Common7\IDE\CommonExtensions\Microsoft\CMake\Ninja;C:\Program Files\Microsoft Visual Studio\2022\Enterprise\Common7\IDE\VC\Linux\bin\ConnectionManagerExe;C:\Program Files\Microsoft Visual Studio\2022\Enterprise\VC\vcpkg
build-app	Locate OpenSSL	2026-04-22T00:48:12.7031200Z   Platform: x64
build-app	Locate OpenSSL	2026-04-22T00:48:12.7031587Z   UCRTVersion: 10.0.26100.0
build-app	Locate OpenSSL	2026-04-22T00:48:12.7032057Z   UniversalCRTSdkDir: C:\Program Files (x86)\Windows Kits\10\
build-app	Locate OpenSSL	2026-04-22T00:48:12.7032869Z   VCIDEInstallDir: C:\Program Files\Microsoft Visual Studio\2022\Enterprise\Common7\IDE\VC\
build-app	Locate OpenSSL	2026-04-22T00:48:12.7033807Z   VCINSTALLDIR: C:\Program Files\Microsoft Visual Studio\2022\Enterprise\VC\
build-app	Locate OpenSSL	2026-04-22T00:48:12.7036248Z   VCPKG_ROOT: C:\Program Files\Microsoft Visual Studio\2022\Enterprise\VC\vcpkg
build-app	Locate OpenSSL	2026-04-22T00:48:12.7037261Z   VCToolsInstallDir: C:\Program Files\Microsoft Visual Studio\2022\Enterprise\VC\Tools\MSVC\14.44.35207\
build-app	Locate OpenSSL	2026-04-22T00:48:12.7038496Z   VCToolsRedistDir: C:\Program Files\Microsoft Visual Studio\2022\Enterprise\VC\Redist\MSVC\14.44.35112\
build-app	Locate OpenSSL	2026-04-22T00:48:12.7039338Z   VCToolsVersion: 14.44.35207
build-app	Locate OpenSSL	2026-04-22T00:48:12.7039700Z   VisualStudioVersion: 17.0
build-app	Locate OpenSSL	2026-04-22T00:48:12.7040305Z   VS170COMNTOOLS: C:\Program Files\Microsoft Visual Studio\2022\Enterprise\Common7\Tools\
build-app	Locate OpenSSL	2026-04-22T00:48:12.7041021Z   VSCMD_ARG_app_plat: Desktop
build-app	Locate OpenSSL	2026-04-22T00:48:12.7041358Z   VSCMD_ARG_HOST_ARCH: x64
build-app	Locate OpenSSL	2026-04-22T00:48:12.7041666Z   VSCMD_ARG_TGT_ARCH: x64
build-app	Locate OpenSSL	2026-04-22T00:48:12.7042025Z   VSCMD_VER: 17.14.29
build-app	Locate OpenSSL	2026-04-22T00:48:12.7042556Z   VSINSTALLDIR: C:\Program Files\Microsoft Visual Studio\2022\Enterprise\
build-app	Locate OpenSSL	2026-04-22T00:48:12.7043345Z   VSSDK150INSTALL: C:\Program Files\Microsoft Visual Studio\2022\Enterprise\VSSDK
build-app	Locate OpenSSL	2026-04-22T00:48:12.7044196Z   VSSDKINSTALL: C:\Program Files\Microsoft Visual Studio\2022\Enterprise\VSSDK
build-app	Locate OpenSSL	2026-04-22T00:48:12.7045411Z   WindowsLibPath: C:\Program Files (x86)\Windows Kits\10\UnionMetadata\10.0.26100.0;C:\Program Files (x86)\Windows Kits\10\References\10.0.26100.0
build-app	Locate OpenSSL	2026-04-22T00:48:12.7046462Z   WindowsSdkBinPath: C:\Program Files (x86)\Windows Kits\10\bin\
build-app	Locate OpenSSL	2026-04-22T00:48:12.7047161Z   WindowsSdkDir: C:\Program Files (x86)\Windows Kits\10\
build-app	Locate OpenSSL	2026-04-22T00:48:12.7047665Z   WindowsSDKLibVersion: 10.0.26100.0\
build-app	Locate OpenSSL	2026-04-22T00:48:12.7048245Z   WindowsSdkVerBinPath: C:\Program Files (x86)\Windows Kits\10\bin\10.0.26100.0\
build-app	Locate OpenSSL	2026-04-22T00:48:12.7048865Z   WindowsSDKVersion: 10.0.26100.0\
build-app	Locate OpenSSL	2026-04-22T00:48:12.7049599Z   WindowsSDK_ExecutablePath_x64: C:\Program Files (x86)\Microsoft SDKs\Windows\v10.0A\bin\NETFX 4.8 Tools\x64\
build-app	Locate OpenSSL	2026-04-22T00:48:12.7050792Z   WindowsSDK_ExecutablePath_x86: C:\Program Files (x86)\Microsoft SDKs\Windows\v10.0A\bin\NETFX 4.8 Tools\
build-app	Locate OpenSSL	2026-04-22T00:48:12.7051613Z   __DOTNET_ADD_64BIT: 1
build-app	Locate OpenSSL	2026-04-22T00:48:12.7051931Z   __DOTNET_PREFERRED_BITNESS: 64
build-app	Locate OpenSSL	2026-04-22T00:48:12.7069018Z   __VSCMD_PREINIT_PATH: C:\Users\runneradmin\AppData\Roaming\Python\Python310\Scripts;C:\hostedtoolcache\windows\Python\3.10.11\x64\Scripts;C:\hostedtoolcache\windows\Python\3.10.11\x64;C:\Program Files\MongoDB\Server\7.0\bin;C:\vcpkg;C:\tools\zstd;C:\hostedtoolcache\windows\stack\3.9.3\x64;C:\cabal\bin;C:\\ghcup\bin;C:\mingw64\bin;C:\Program Files\dotnet;C:\Program Files\MySQL\MySQL Server 8.0\bin;C:\Program Files\R\R-4.5.3\bin\x64;C:\SeleniumWebDrivers\GeckoDriver;C:\SeleniumWebDrivers\EdgeDriver\;C:\SeleniumWebDrivers\ChromeDriver;C:\Program Files (x86)\sbt\bin;C:\Program Files (x86)\GitHub CLI;C:\Program Files\Git\bin;C:\Program Files (x86)\pipx_bin;C:\npm\prefix;C:\hostedtoolcache\windows\go\1.24.13\x64\bin;C:\hostedtoolcache\windows\Python\3.12.10\x64\Scripts;C:\hostedtoolcache\windows\Python\3.12.10\x64;C:\hostedtoolcache\windows\Ruby\3.3.11\x64\bin;C:\Program Files\OpenSSL\bin;C:\tools\kotlinc\bin;C:\hostedtoolcache\windows\Java_Temurin-Hotspot_jdk\17.0.18-8\x64\bin;C:\Program Files\ImageMagick-7.1.2-Q16-HDRI;C:\Program Files\Microsoft SDKs\Azure\CLI2\wbin;C:\ProgramData\kind;C:\ProgramData\Chocolatey\bin;C:\Windows\system32;C:\Windows;C:\Windows\System32\Wbem;C:\Windows\System32\WindowsPowerShell\v1.0\;C:\Windows\System32\OpenSSH\;C:\Program Files\PowerShell\7\;C:\Program Files\Microsoft\Web Platform Installer\;C:\Program Files\Microsoft SQL Server\Client SDK\ODBC\170\Tools\Binn\;C:\Program Files\Microsoft SQL Server\150\Tools\Binn\;C:\Program Files\dotnet\;C:\Program Files (x86)\Windows Kits\10\Windows Performance Toolkit\;C:\Program Files (x86)\WiX Toolset v3.14\bin;C:\Program Files\Microsoft SQL Server\130\DTS\Binn\;C:\Program Files\Microsoft SQL Server\140\DTS\Binn\;C:\Program Files\Microsoft SQL Server\150\DTS\Binn\;C:\Program Files\Microsoft SQL Server\160\DTS\Binn\;C:\Program Files\Microsoft SQL Server\170\DTS\Binn\;C:\ProgramData\chocolatey\lib\pulumi\tools\Pulumi\bin;C:\Program Files\CMake\bin;C:\Strawberry\c\bin;C:\Strawberry\perl\site\bin;C:\Strawberry\perl\bin;C:\ProgramData\chocolatey\lib\maven\apache-maven-3.9.14\bin;C:\Program Files\Microsoft Service Fabric\bin\Fabric\Fabric.Code;C:\Program Files\Microsoft SDKs\Service Fabric\Tools\ServiceFabricLocalClusterManager;C:\Program Files\nodejs\;C:\Program Files\Git\cmd;C:\Program Files\Git\mingw64\bin;C:\Program Files\Git\usr\bin;C:\Program Files\GitHub CLI\;c:\tools\php;C:\Program Files (x86)\sbt\bin;C:\Program Files\Amazon\AWSCLIV2\;C:\Program Files\Amazon\SessionManagerPlugin\bin\;C:\Program Files\Amazon\AWSSAMCLI\bin\;C:\Program Files\Microsoft SQL Server\130\Tools\Binn\;C:\Program Files\mongosh\;C:\Program Files\LLVM\bin;C:\Program Files (x86)\LLVM\bin;C:\Users\runneradmin\.dotnet\tools;C:\Users\runneradmin\.cargo\bin;C:\Users\runneradmin\AppData\Local\Microsoft\WindowsApps;C:\Program Files (x86)\Microsoft Visual Studio\Installer
build-app	Locate OpenSSL	2026-04-22T00:48:12.7086889Z   Qt5_Dir: D:\a\robomongo\Qt\5.15.2\msvc2019_64
build-app	Locate OpenSSL	2026-04-22T00:48:12.7087601Z   QT_PLUGIN_PATH: D:\a\robomongo\Qt\5.15.2\msvc2019_64\plugins
build-app	Locate OpenSSL	2026-04-22T00:48:12.7088176Z   QML2_IMPORT_PATH: D:\a\robomongo\Qt\5.15.2\msvc2019_64\qml
build-app	Locate OpenSSL	2026-04-22T00:48:12.7088647Z ##[endgroup]
build-app	Configure and Build Robo 3T	锘?026-04-22T00:48:12.7749360Z ##[group]Run if not exist "robomongo-shell-roboshell-v4.2\build" mkdir "robomongo-shell-roboshell-v4.2\build"
build-app	Configure and Build Robo 3T	2026-04-22T00:48:12.7750300Z [36;1mif not exist "robomongo-shell-roboshell-v4.2\build" mkdir "robomongo-shell-roboshell-v4.2\build"[0m
build-app	Configure and Build Robo 3T	2026-04-22T00:48:12.7750860Z [36;1msubst S: "%GITHUB_WORKSPACE%\robomongo-shell-roboshell-v4.2"[0m
build-app	Configure and Build Robo 3T	2026-04-22T00:48:12.7751233Z [36;1msubst R: "%GITHUB_WORKSPACE%"[0m
build-app	Configure and Build Robo 3T	2026-04-22T00:48:12.7751484Z [36;1mmkdir D:\b[0m
build-app	Configure and Build Robo 3T	2026-04-22T00:48:12.7751926Z [36;1mmkdir D:\dist[0m
build-app	Configure and Build Robo 3T	2026-04-22T00:48:12.7752137Z [36;1mcd /d D:\b[0m
build-app	Configure and Build Robo 3T	2026-04-22T00:48:12.7752481Z [36;1mcmake -G Ninja ^[0m
build-app	Configure and Build Robo 3T	2026-04-22T00:48:12.7752749Z [36;1m  -DCMAKE_BUILD_TYPE=Release ^[0m
build-app	Configure and Build Robo 3T	2026-04-22T00:48:12.7753074Z [36;1m  -DCMAKE_PREFIX_PATH="D:\a\robomongo\Qt\5.15.2\msvc2019_64" ^[0m
build-app	Configure and Build Robo 3T	2026-04-22T00:48:12.7753412Z [36;1m  -DMongoDB_DIR="S:" ^[0m
build-app	Configure and Build Robo 3T	2026-04-22T00:48:12.7753678Z [36;1m  -DOpenSSL_DIR="C:\Program Files\OpenSSL" ^[0m
build-app	Configure and Build Robo 3T	2026-04-22T00:48:12.7753991Z [36;1m  -DCMAKE_RUNTIME_OUTPUT_DIRECTORY="D:\dist" ^[0m
build-app	Configure and Build Robo 3T	2026-04-22T00:48:12.7754382Z [36;1m  -DCMAKE_LIBRARY_OUTPUT_DIRECTORY="D:\dist" ^[0m
build-app	Configure and Build Robo 3T	2026-04-22T00:48:12.7754632Z [36;1m  R:[0m
build-app	Configure and Build Robo 3T	2026-04-22T00:48:12.7754783Z [36;1mninja -v[0m
build-app	Configure and Build Robo 3T	2026-04-22T00:48:12.7781644Z shell: C:\Windows\system32\cmd.EXE /D /E:ON /V:OFF /S /C "CALL "{0}""
build-app	Configure and Build Robo 3T	2026-04-22T00:48:12.7781970Z env:
build-app	Configure and Build Robo 3T	2026-04-22T00:48:12.7782215Z   pythonLocation: C:\hostedtoolcache\windows\Python\3.10.11\x64
build-app	Configure and Build Robo 3T	2026-04-22T00:48:12.7783298Z   PKG_CONFIG_PATH: C:\hostedtoolcache\windows\Python\3.10.11\x64/lib/pkgconfig
build-app	Configure and Build Robo 3T	2026-04-22T00:48:12.7784408Z   Python_ROOT_DIR: C:\hostedtoolcache\windows\Python\3.10.11\x64
build-app	Configure and Build Robo 3T	2026-04-22T00:48:12.7784963Z   Python2_ROOT_DIR: C:\hostedtoolcache\windows\Python\3.10.11\x64
build-app	Configure and Build Robo 3T	2026-04-22T00:48:12.7785587Z   Python3_ROOT_DIR: C:\hostedtoolcache\windows\Python\3.10.11\x64
build-app	Configure and Build Robo 3T	2026-04-22T00:48:12.7786138Z   CommandPromptType: Native
build-app	Configure and Build Robo 3T	2026-04-22T00:48:12.7786669Z   DevEnvDir: C:\Program Files\Microsoft Visual Studio\2022\Enterprise\Common7\IDE\
build-app	Configure and Build Robo 3T	2026-04-22T00:48:12.7787417Z   ExtensionSdkDir: C:\Program Files (x86)\Microsoft SDKs\Windows Kits\10\ExtensionSDKs
build-app	Configure and Build Robo 3T	2026-04-22T00:48:12.7791433Z   EXTERNAL_INCLUDE: C:\Program Files\Microsoft Visual Studio\2022\Enterprise\VC\Tools\MSVC\14.44.35207\include;C:\Program Files\Microsoft Visual Studio\2022\Enterprise\VC\Tools\MSVC\14.44.35207\ATLMFC\include;C:\Program Files\Microsoft Visual Studio\2022\Enterprise\VC\Auxiliary\VS\include;C:\Program Files (x86)\Windows Kits\10\include\10.0.26100.0\ucrt;C:\Program Files (x86)\Windows Kits\10\\include\10.0.26100.0\\um;C:\Program Files (x86)\Windows Kits\10\\include\10.0.26100.0\\shared;C:\Program Files (x86)\Windows Kits\10\\include\10.0.26100.0\\winrt;C:\Program Files (x86)\Windows Kits\10\\include\10.0.26100.0\\cppwinrt;C:\Program Files (x86)\Windows Kits\NETFXSDK\4.8\include\um
build-app	Configure and Build Robo 3T	2026-04-22T00:48:12.7795618Z   Framework40Version: v4.0
build-app	Configure and Build Robo 3T	2026-04-22T00:48:12.7796039Z   FrameworkDir: C:\Windows\Microsoft.NET\Framework64\
build-app	Configure and Build Robo 3T	2026-04-22T00:48:12.7796529Z   FrameworkDir64: C:\Windows\Microsoft.NET\Framework64\
build-app	Configure and Build Robo 3T	2026-04-22T00:48:12.7796913Z   FrameworkVersion: v4.0.30319
build-app	Configure and Build Robo 3T	2026-04-22T00:48:12.7797134Z   FrameworkVersion64: v4.0.30319
build-app	Configure and Build Robo 3T	2026-04-22T00:48:12.7797913Z   FSHARPINSTALLDIR: C:\Program Files\Microsoft Visual Studio\2022\Enterprise\Common7\IDE\CommonExtensions\Microsoft\FSharp\Tools
build-app	Configure and Build Robo 3T	2026-04-22T00:48:12.7798501Z   HTMLHelpDir: C:\Program Files (x86)\HTML Help Workshop
build-app	Configure and Build Robo 3T	2026-04-22T00:48:12.7798957Z   IFCPATH: C:\Program Files\Microsoft Visual Studio\2022\Enterprise\VC\Tools\MSVC\14.44.35207\ifc\x64
build-app	Configure and Build Robo 3T	2026-04-22T00:48:12.7801335Z   INCLUDE: C:\Program Files\Microsoft Visual Studio\2022\Enterprise\VC\Tools\MSVC\14.44.35207\include;C:\Program Files\Microsoft Visual Studio\2022\Enterprise\VC\Tools\MSVC\14.44.35207\ATLMFC\include;C:\Program Files\Microsoft Visual Studio\2022\Enterprise\VC\Auxiliary\VS\include;C:\Program Files (x86)\Windows Kits\10\include\10.0.26100.0\ucrt;C:\Program Files (x86)\Windows Kits\10\\include\10.0.26100.0\\um;C:\Program Files (x86)\Windows Kits\10\\include\10.0.26100.0\\shared;C:\Program Files (x86)\Windows Kits\10\\include\10.0.26100.0\\winrt;C:\Program Files (x86)\Windows Kits\10\\include\10.0.26100.0\\cppwinrt;C:\Program Files (x86)\Windows Kits\NETFXSDK\4.8\include\um
build-app	Configure and Build Robo 3T	2026-04-22T00:48:12.7806014Z   is_x64_arch: true
build-app	Configure and Build Robo 3T	2026-04-22T00:48:12.7807235Z   LIB: C:\Program Files\Microsoft Visual Studio\2022\Enterprise\VC\Tools\MSVC\14.44.35207\ATLMFC\lib\x64;C:\Program Files\Microsoft Visual Studio\2022\Enterprise\VC\Tools\MSVC\14.44.35207\lib\x64;C:\Program Files (x86)\Windows Kits\NETFXSDK\4.8\lib\um\x64;C:\Program Files (x86)\Windows Kits\10\lib\10.0.26100.0\ucrt\x64;C:\Program Files (x86)\Windows Kits\10\\lib\10.0.26100.0\\um\x64
build-app	Configure and Build Robo 3T	2026-04-22T00:48:12.7809888Z   LIBPATH: C:\Program Files\Microsoft Visual Studio\2022\Enterprise\VC\Tools\MSVC\14.44.35207\ATLMFC\lib\x64;C:\Program Files\Microsoft Visual Studio\2022\Enterprise\VC\Tools\MSVC\14.44.35207\lib\x64;C:\Program Files\Microsoft Visual Studio\2022\Enterprise\VC\Tools\MSVC\14.44.35207\lib\x86\store\references;C:\Program Files (x86)\Windows Kits\10\UnionMetadata\10.0.26100.0;C:\Program Files (x86)\Windows Kits\10\References\10.0.26100.0;C:\Windows\Microsoft.NET\Framework64\v4.0.30319
build-app	Configure and Build Robo 3T	2026-04-22T00:48:12.7811562Z   NETFXSDKDir: C:\Program Files (x86)\Windows Kits\NETFXSDK\4.8\
build-app	Configure and Build Robo 3T	2026-04-22T00:48:12.7826928Z   Path: C:\Program Files\Microsoft Visual Studio\2022\Enterprise\VC\Tools\MSVC\14.44.35207\bin\HostX64\x64;C:\Program Files\Microsoft Visual Studio\2022\Enterprise\Common7\IDE\VC\VCPackages;C:\Program Files\Microsoft Visual Studio\2022\Enterprise\Common7\IDE\CommonExtensions\Microsoft\TestWindow;C:\Program Files\Microsoft Visual Studio\2022\Enterprise\Common7\IDE\CommonExtensions\Microsoft\TeamFoundation\Team Explorer;C:\Program Files\Microsoft Visual Studio\2022\Enterprise\MSBuild\Current\bin\Roslyn;C:\Program Files (x86)\Microsoft SDKs\Windows\v10.0A\bin\NETFX 4.8 Tools\x64\;C:\Program Files (x86)\HTML Help Workshop;C:\Program Files\Microsoft Visual Studio\2022\Enterprise\Common7\IDE\CommonExtensions\Microsoft\FSharp\Tools;C:\Program Files\Microsoft Visual Studio\2022\Enterprise\Team Tools\DiagnosticsHub\Collector;C:\Program Files\Microsoft Visual Studio\2022\Enterprise\Common7\IDE\Extensions\Microsoft\CodeCoverage.Console;C:\Program Files\Microsoft Visual Studio\2022\Enterprise\VC\Tools\Llvm\x64\bin;C:\Program Files (x86)\Windows Kits\10\bin\10.0.26100.0\\x64;C:\Program Files (x86)\Windows Kits\10\bin\\x64;C:\Program Files\Microsoft Visual Studio\2022\Enterprise\\MSBuild\Current\Bin\amd64;C:\Windows\Microsoft.NET\Framework64\v4.0.30319;C:\Program Files\Microsoft Visual Studio\2022\Enterprise\Common7\IDE\;C:\Program Files\Microsoft Visual Studio\2022\Enterprise\Common7\Tools\;C:\Users\runneradmin\AppData\Roaming\Python\Python310\Scripts;C:\hostedtoolcache\windows\Python\3.10.11\x64\Scripts;C:\hostedtoolcache\windows\Python\3.10.11\x64;C:\Program Files\MongoDB\Server\7.0\bin;C:\vcpkg;C:\tools\zstd;C:\hostedtoolcache\windows\stack\3.9.3\x64;C:\cabal\bin;C:\\ghcup\bin;C:\mingw64\bin;C:\Program Files\dotnet;C:\Program Files\MySQL\MySQL Server 8.0\bin;C:\Program Files\R\R-4.5.3\bin\x64;C:\SeleniumWebDrivers\GeckoDriver;C:\SeleniumWebDrivers\EdgeDriver\;C:\SeleniumWebDrivers\ChromeDriver;C:\Program Files (x86)\sbt\bin;C:\Program Files (x86)\GitHub CLI;C:\Program Files\Git\bin;C:\Program Files (x86)\pipx_bin;C:\npm\prefix;C:\hostedtoolcache\windows\go\1.24.13\x64\bin;C:\hostedtoolcache\windows\Python\3.12.10\x64\Scripts;C:\hostedtoolcache\windows\Python\3.12.10\x64;C:\hostedtoolcache\windows\Ruby\3.3.11\x64\bin;C:\Program Files\OpenSSL\bin;C:\tools\kotlinc\bin;C:\hostedtoolcache\windows\Java_Temurin-Hotspot_jdk\17.0.18-8\x64\bin;C:\Program Files\ImageMagick-7.1.2-Q16-HDRI;C:\Program Files\Microsoft SDKs\Azure\CLI2\wbin;C:\ProgramData\kind;C:\ProgramData\Chocolatey\bin;C:\Windows\system32;C:\Windows;C:\Windows\System32\Wbem;C:\Windows\System32\WindowsPowerShell\v1.0\;C:\Windows\System32\OpenSSH\;C:\Program Files\PowerShell\7\;C:\Program Files\Microsoft\Web Platform Installer\;C:\Program Files\Microsoft SQL Server\Client SDK\ODBC\170\Tools\Binn\;C:\Program Files\Microsoft SQL Server\150\Tools\Binn\;C:\Program Files\dotnet\;C:\Program Files (x86)\Windows Kits\10\Windows Performance Toolkit\;C:\Program Files (x86)\WiX Toolset v3.14\bin;C:\Program Files\Microsoft SQL Server\130\DTS\Binn\;C:\Program Files\Microsoft SQL Server\140\DTS\Binn\;C:\Program Files\Microsoft SQL Server\150\DTS\Binn\;C:\Program Files\Microsoft SQL Server\160\DTS\Binn\;C:\Program Files\Microsoft SQL Server\170\DTS\Binn\;C:\ProgramData\chocolatey\lib\pulumi\tools\Pulumi\bin;C:\Program Files\CMake\bin;C:\Strawberry\c\bin;C:\Strawberry\perl\site\bin;C:\Strawberry\perl\bin;C:\ProgramData\chocolatey\lib\maven\apache-maven-3.9.14\bin;C:\Program Files\Microsoft Service Fabric\bin\Fabric\Fabric.Code;C:\Program Files\Microsoft SDKs\Service Fabric\Tools\ServiceFabricLocalClusterManager;C:\Program Files\nodejs\;C:\Program Files\Git\cmd;C:\Program Files\Git\mingw64\bin;C:\Program Files\Git\usr\bin;C:\Program Files\GitHub CLI\;c:\tools\php;C:\Program Files\Amazon\AWSCLIV2\;C:\Program Files\Amazon\SessionManagerPlugin\bin\;C:\Program Files\Amazon\AWSSAMCLI\bin\;C:\Program Files\Microsoft SQL Server\130\Tools\Binn\;C:\Program Files\mongosh\;C:\Program Files\LLVM\bin;C:\Program Files (x86)\LLVM\bin;C:\Users\runneradmin\.dotnet\tools;C:\Users\runneradmin\.cargo\bin;C:\Users\runneradmin\AppData\Local\Microsoft\WindowsApps;C:\Program Files (x86)\Microsoft Visual Studio\Installer;C:\Program Files\Microsoft Visual Studio\2022\Enterprise\Common7\IDE\CommonExtensions\Microsoft\CMake\CMake\bin;C:\Program Files\Microsoft Visual Studio\2022\Enterprise\Common7\IDE\CommonExtensions\Microsoft\CMake\Ninja;C:\Program Files\Microsoft Visual Studio\2022\Enterprise\Common7\IDE\VC\Linux\bin\ConnectionManagerExe;C:\Program Files\Microsoft Visual Studio\2022\Enterprise\VC\vcpkg
build-app	Configure and Build Robo 3T	2026-04-22T00:48:12.7844199Z   Platform: x64
build-app	Configure and Build Robo 3T	2026-04-22T00:48:12.7857705Z   UCRTVersion: 10.0.26100.0
build-app	Configure and Build Robo 3T	2026-04-22T00:48:12.7858188Z   UniversalCRTSdkDir: C:\Program Files (x86)\Windows Kits\10\
build-app	Configure and Build Robo 3T	2026-04-22T00:48:12.7858937Z   VCIDEInstallDir: C:\Program Files\Microsoft Visual Studio\2022\Enterprise\Common7\IDE\VC\
build-app	Configure and Build Robo 3T	2026-04-22T00:48:12.7859511Z   VCINSTALLDIR: C:\Program Files\Microsoft Visual Studio\2022\Enterprise\VC\
build-app	Configure and Build Robo 3T	2026-04-22T00:48:12.7860034Z   VCPKG_ROOT: C:\Program Files\Microsoft Visual Studio\2022\Enterprise\VC\vcpkg
build-app	Configure and Build Robo 3T	2026-04-22T00:48:12.7860580Z   VCToolsInstallDir: C:\Program Files\Microsoft Visual Studio\2022\Enterprise\VC\Tools\MSVC\14.44.35207\
build-app	Configure and Build Robo 3T	2026-04-22T00:48:12.7861223Z   VCToolsRedistDir: C:\Program Files\Microsoft Visual Studio\2022\Enterprise\VC\Redist\MSVC\14.44.35112\
build-app	Configure and Build Robo 3T	2026-04-22T00:48:12.7861677Z   VCToolsVersion: 14.44.35207
build-app	Configure and Build Robo 3T	2026-04-22T00:48:12.7861887Z   VisualStudioVersion: 17.0
build-app	Configure and Build Robo 3T	2026-04-22T00:48:12.7862230Z   VS170COMNTOOLS: C:\Program Files\Microsoft Visual Studio\2022\Enterprise\Common7\Tools\
build-app	Configure and Build Robo 3T	2026-04-22T00:48:12.7862624Z   VSCMD_ARG_app_plat: Desktop
build-app	Configure and Build Robo 3T	2026-04-22T00:48:12.7862829Z   VSCMD_ARG_HOST_ARCH: x64
build-app	Configure and Build Robo 3T	2026-04-22T00:48:12.7863008Z   VSCMD_ARG_TGT_ARCH: x64
build-app	Configure and Build Robo 3T	2026-04-22T00:48:12.7863186Z   VSCMD_VER: 17.14.29
build-app	Configure and Build Robo 3T	2026-04-22T00:48:12.7863475Z   VSINSTALLDIR: C:\Program Files\Microsoft Visual Studio\2022\Enterprise\
build-app	Configure and Build Robo 3T	2026-04-22T00:48:12.7863937Z   VSSDK150INSTALL: C:\Program Files\Microsoft Visual Studio\2022\Enterprise\VSSDK
build-app	Configure and Build Robo 3T	2026-04-22T00:48:12.7864394Z   VSSDKINSTALL: C:\Program Files\Microsoft Visual Studio\2022\Enterprise\VSSDK
build-app	Configure and Build Robo 3T	2026-04-22T00:48:12.7865064Z   WindowsLibPath: C:\Program Files (x86)\Windows Kits\10\UnionMetadata\10.0.26100.0;C:\Program Files (x86)\Windows Kits\10\References\10.0.26100.0
build-app	Configure and Build Robo 3T	2026-04-22T00:48:12.7865747Z   WindowsSdkBinPath: C:\Program Files (x86)\Windows Kits\10\bin\
build-app	Configure and Build Robo 3T	2026-04-22T00:48:12.7866127Z   WindowsSdkDir: C:\Program Files (x86)\Windows Kits\10\
build-app	Configure and Build Robo 3T	2026-04-22T00:48:12.7866413Z   WindowsSDKLibVersion: 10.0.26100.0\
build-app	Configure and Build Robo 3T	2026-04-22T00:48:12.7866758Z   WindowsSdkVerBinPath: C:\Program Files (x86)\Windows Kits\10\bin\10.0.26100.0\
build-app	Configure and Build Robo 3T	2026-04-22T00:48:12.7867115Z   WindowsSDKVersion: 10.0.26100.0\
build-app	Configure and Build Robo 3T	2026-04-22T00:48:12.7867535Z   WindowsSDK_ExecutablePath_x64: C:\Program Files (x86)\Microsoft SDKs\Windows\v10.0A\bin\NETFX 4.8 Tools\x64\
build-app	Configure and Build Robo 3T	2026-04-22T00:48:12.7868477Z   WindowsSDK_ExecutablePath_x86: C:\Program Files (x86)\Microsoft SDKs\Windows\v10.0A\bin\NETFX 4.8 Tools\
build-app	Configure and Build Robo 3T	2026-04-22T00:48:12.7868901Z   __DOTNET_ADD_64BIT: 1
build-app	Configure and Build Robo 3T	2026-04-22T00:48:12.7869090Z   __DOTNET_PREFERRED_BITNESS: 64
build-app	Configure and Build Robo 3T	2026-04-22T00:48:12.7878739Z   __VSCMD_PREINIT_PATH: C:\Users\runneradmin\AppData\Roaming\Python\Python310\Scripts;C:\hostedtoolcache\windows\Python\3.10.11\x64\Scripts;C:\hostedtoolcache\windows\Python\3.10.11\x64;C:\Program Files\MongoDB\Server\7.0\bin;C:\vcpkg;C:\tools\zstd;C:\hostedtoolcache\windows\stack\3.9.3\x64;C:\cabal\bin;C:\\ghcup\bin;C:\mingw64\bin;C:\Program Files\dotnet;C:\Program Files\MySQL\MySQL Server 8.0\bin;C:\Program Files\R\R-4.5.3\bin\x64;C:\SeleniumWebDrivers\GeckoDriver;C:\SeleniumWebDrivers\EdgeDriver\;C:\SeleniumWebDrivers\ChromeDriver;C:\Program Files (x86)\sbt\bin;C:\Program Files (x86)\GitHub CLI;C:\Program Files\Git\bin;C:\Program Files (x86)\pipx_bin;C:\npm\prefix;C:\hostedtoolcache\windows\go\1.24.13\x64\bin;C:\hostedtoolcache\windows\Python\3.12.10\x64\Scripts;C:\hostedtoolcache\windows\Python\3.12.10\x64;C:\hostedtoolcache\windows\Ruby\3.3.11\x64\bin;C:\Program Files\OpenSSL\bin;C:\tools\kotlinc\bin;C:\hostedtoolcache\windows\Java_Temurin-Hotspot_jdk\17.0.18-8\x64\bin;C:\Program Files\ImageMagick-7.1.2-Q16-HDRI;C:\Program Files\Microsoft SDKs\Azure\CLI2\wbin;C:\ProgramData\kind;C:\ProgramData\Chocolatey\bin;C:\Windows\system32;C:\Windows;C:\Windows\System32\Wbem;C:\Windows\System32\WindowsPowerShell\v1.0\;C:\Windows\System32\OpenSSH\;C:\Program Files\PowerShell\7\;C:\Program Files\Microsoft\Web Platform Installer\;C:\Program Files\Microsoft SQL Server\Client SDK\ODBC\170\Tools\Binn\;C:\Program Files\Microsoft SQL Server\150\Tools\Binn\;C:\Program Files\dotnet\;C:\Program Files (x86)\Windows Kits\10\Windows Performance Toolkit\;C:\Program Files (x86)\WiX Toolset v3.14\bin;C:\Program Files\Microsoft SQL Server\130\DTS\Binn\;C:\Program Files\Microsoft SQL Server\140\DTS\Binn\;C:\Program Files\Microsoft SQL Server\150\DTS\Binn\;C:\Program Files\Microsoft SQL Server\160\DTS\Binn\;C:\Program Files\Microsoft SQL Server\170\DTS\Binn\;C:\ProgramData\chocolatey\lib\pulumi\tools\Pulumi\bin;C:\Program Files\CMake\bin;C:\Strawberry\c\bin;C:\Strawberry\perl\site\bin;C:\Strawberry\perl\bin;C:\ProgramData\chocolatey\lib\maven\apache-maven-3.9.14\bin;C:\Program Files\Microsoft Service Fabric\bin\Fabric\Fabric.Code;C:\Program Files\Microsoft SDKs\Service Fabric\Tools\ServiceFabricLocalClusterManager;C:\Program Files\nodejs\;C:\Program Files\Git\cmd;C:\Program Files\Git\mingw64\bin;C:\Program Files\Git\usr\bin;C:\Program Files\GitHub CLI\;c:\tools\php;C:\Program Files (x86)\sbt\bin;C:\Program Files\Amazon\AWSCLIV2\;C:\Program Files\Amazon\SessionManagerPlugin\bin\;C:\Program Files\Amazon\AWSSAMCLI\bin\;C:\Program Files\Microsoft SQL Server\130\Tools\Binn\;C:\Program Files\mongosh\;C:\Program Files\LLVM\bin;C:\Program Files (x86)\LLVM\bin;C:\Users\runneradmin\.dotnet\tools;C:\Users\runneradmin\.cargo\bin;C:\Users\runneradmin\AppData\Local\Microsoft\WindowsApps;C:\Program Files (x86)\Microsoft Visual Studio\Installer
build-app	Configure and Build Robo 3T	2026-04-22T00:48:12.7888333Z   Qt5_Dir: D:\a\robomongo\Qt\5.15.2\msvc2019_64
build-app	Configure and Build Robo 3T	2026-04-22T00:48:12.7888641Z   QT_PLUGIN_PATH: D:\a\robomongo\Qt\5.15.2\msvc2019_64\plugins
build-app	Configure and Build Robo 3T	2026-04-22T00:48:12.7888988Z   QML2_IMPORT_PATH: D:\a\robomongo\Qt\5.15.2\msvc2019_64\qml
build-app	Configure and Build Robo 3T	2026-04-22T00:48:12.7889277Z   OPENSSL_PATH: C:\Program Files\OpenSSL
build-app	Configure and Build Robo 3T	2026-04-22T00:48:12.7889501Z ##[endgroup]
build-app	Configure and Build Robo 3T	2026-04-22T00:48:13.3005033Z CMake Deprecation Warning at CMakeLists.txt:1 (cmake_minimum_required):
build-app	Configure and Build Robo 3T	2026-04-22T00:48:13.3005660Z   Compatibility with CMake < 3.10 will be removed from a future version of
build-app	Configure and Build Robo 3T	2026-04-22T00:48:13.3006027Z   CMake.
build-app	Configure and Build Robo 3T	2026-04-22T00:48:13.3006117Z 
build-app	Configure and Build Robo 3T	2026-04-22T00:48:13.3006512Z   Update the VERSION argument <min> value.  Or, use the <min>...<max> syntax
build-app	Configure and Build Robo 3T	2026-04-22T00:48:13.3006993Z   to tell CMake that the project requires at least <min> but has been updated
build-app	Configure and Build Robo 3T	2026-04-22T00:48:13.3007417Z   to work with policies introduced by <max> or earlier.
build-app	Configure and Build Robo 3T	2026-04-22T00:48:13.3007989Z 
build-app	Configure and Build Robo 3T	2026-04-22T00:48:13.3007995Z 
build-app	Configure and Build Robo 3T	2026-04-22T00:48:30.9975388Z -- The C compiler identification is MSVC 19.44.35225.0
build-app	Configure and Build Robo 3T	2026-04-22T00:48:31.7645433Z -- The CXX compiler identification is MSVC 19.44.35225.0
build-app	Configure and Build Robo 3T	2026-04-22T00:48:31.8310672Z -- Detecting C compiler ABI info
build-app	Configure and Build Robo 3T	2026-04-22T00:48:33.2679414Z -- Detecting C compiler ABI info - done
build-app	Configure and Build Robo 3T	2026-04-22T00:48:33.2863154Z -- Check for working C compiler: C:/Program Files/Microsoft Visual Studio/2022/Enterprise/VC/Tools/MSVC/14.44.35207/bin/Hostx64/x64/cl.exe - skipped
build-app	Configure and Build Robo 3T	2026-04-22T00:48:33.2878030Z -- Detecting C compile features
build-app	Configure and Build Robo 3T	2026-04-22T00:48:33.2890000Z -- Detecting C compile features - done
build-app	Configure and Build Robo 3T	2026-04-22T00:48:33.3008800Z -- Detecting CXX compiler ABI info
build-app	Configure and Build Robo 3T	2026-04-22T00:48:33.8977578Z -- Detecting CXX compiler ABI info - done
build-app	Configure and Build Robo 3T	2026-04-22T00:48:33.9170299Z -- Check for working CXX compiler: C:/Program Files/Microsoft Visual Studio/2022/Enterprise/VC/Tools/MSVC/14.44.35207/bin/Hostx64/x64/cl.exe - skipped
build-app	Configure and Build Robo 3T	2026-04-22T00:48:33.9175578Z -- Detecting CXX compile features
build-app	Configure and Build Robo 3T	2026-04-22T00:48:33.9194606Z -- Detecting CXX compile features - done
build-app	Configure and Build Robo 3T	2026-04-22T00:48:34.3068819Z -- Performing Test CMAKE_HAVE_LIBC_PTHREAD
build-app	Configure and Build Robo 3T	2026-04-22T00:48:34.6012007Z -- Performing Test CMAKE_HAVE_LIBC_PTHREAD - Failed
build-app	Configure and Build Robo 3T	2026-04-22T00:48:34.6012692Z -- Looking for pthread_create in pthreads
build-app	Configure and Build Robo 3T	2026-04-22T00:48:34.9785271Z -- Looking for pthread_create in pthreads - not found
build-app	Configure and Build Robo 3T	2026-04-22T00:48:34.9786636Z -- Looking for pthread_create in pthread
build-app	Configure and Build Robo 3T	2026-04-22T00:48:35.3253010Z -- Looking for pthread_create in pthread - not found
build-app	Configure and Build Robo 3T	2026-04-22T00:48:35.3352925Z -- Found Threads: TRUE
build-app	Configure and Build Robo 3T	2026-04-22T00:48:35.4115977Z -- Found MongoDB: S: (found version "v1.5.4")
build-app	Configure and Build Robo 3T	2026-04-22T00:48:35.4410023Z -- Looking for include file unistd.h
build-app	Configure and Build Robo 3T	2026-04-22T00:48:35.7217308Z -- Looking for include file unistd.h - not found
build-app	Configure and Build Robo 3T	2026-04-22T00:48:35.7219475Z -- Looking for include file inttypes.h
build-app	Configure and Build Robo 3T	2026-04-22T00:48:36.3620380Z -- Looking for include file inttypes.h - found
build-app	Configure and Build Robo 3T	2026-04-22T00:48:36.3623647Z -- Looking for include file stdlib.h
build-app	Configure and Build Robo 3T	2026-04-22T00:48:36.9740763Z -- Looking for include file stdlib.h - found
build-app	Configure and Build Robo 3T	2026-04-22T00:48:36.9742885Z -- Looking for include file sys/select.h
build-app	Configure and Build Robo 3T	2026-04-22T00:48:37.2473048Z -- Looking for include file sys/select.h - not found
build-app	Configure and Build Robo 3T	2026-04-22T00:48:37.2475062Z -- Looking for include file sys/uio.h
build-app	Configure and Build Robo 3T	2026-04-22T00:48:37.5247585Z -- Looking for include file sys/uio.h - not found
build-app	Configure and Build Robo 3T	2026-04-22T00:48:37.5249607Z -- Looking for include file sys/socket.h
build-app	Configure and Build Robo 3T	2026-04-22T00:48:37.8046610Z -- Looking for include file sys/socket.h - not found
build-app	Configure and Build Robo 3T	2026-04-22T00:48:37.8048726Z -- Looking for include file sys/ioctl.h
build-app	Configure and Build Robo 3T	2026-04-22T00:48:38.0863399Z -- Looking for include file sys/ioctl.h - not found
build-app	Configure and Build Robo 3T	2026-04-22T00:48:38.0865329Z -- Looking for include file sys/time.h
build-app	Configure and Build Robo 3T	2026-04-22T00:48:38.3808726Z -- Looking for include file sys/time.h - not found
build-app	Configure and Build Robo 3T	2026-04-22T00:48:38.3810757Z -- Looking for include file sys/un.h
build-app	Configure and Build Robo 3T	2026-04-22T00:48:38.6612572Z -- Looking for include file sys/un.h - not found
build-app	Configure and Build Robo 3T	2026-04-22T00:48:38.6614394Z -- Looking for include file windows.h
build-app	Configure and Build Robo 3T	2026-04-22T00:48:40.4251290Z -- Looking for include file windows.h - found
build-app	Configure and Build Robo 3T	2026-04-22T00:48:40.4253864Z -- Looking for include file ws2tcpip.h
build-app	Configure and Build Robo 3T	2026-04-22T00:48:41.2292665Z -- Looking for include file ws2tcpip.h - found
build-app	Configure and Build Robo 3T	2026-04-22T00:48:41.2295234Z -- Looking for include file winsock2.h
build-app	Configure and Build Robo 3T	2026-04-22T00:48:41.9817354Z -- Looking for include file winsock2.h - found
build-app	Configure and Build Robo 3T	2026-04-22T00:48:41.9820565Z -- Looking for sys/types.h
build-app	Configure and Build Robo 3T	2026-04-22T00:48:42.5368107Z -- Looking for sys/types.h - found
build-app	Configure and Build Robo 3T	2026-04-22T00:48:42.5369986Z -- Looking for stdint.h
build-app	Configure and Build Robo 3T	2026-04-22T00:48:43.0650790Z -- Looking for stdint.h - found
build-app	Configure and Build Robo 3T	2026-04-22T00:48:43.0653162Z -- Looking for stddef.h
build-app	Configure and Build Robo 3T	2026-04-22T00:48:43.6027449Z -- Looking for stddef.h - found
build-app	Configure and Build Robo 3T	2026-04-22T00:48:43.6027957Z -- Check size of long long
build-app	Configure and Build Robo 3T	2026-04-22T00:48:44.1381260Z -- Check size of long long - done
build-app	Configure and Build Robo 3T	2026-04-22T00:48:44.1383505Z -- Looking for gettimeofday
build-app	Configure and Build Robo 3T	2026-04-22T00:48:44.5371053Z -- Looking for gettimeofday - not found
build-app	Configure and Build Robo 3T	2026-04-22T00:48:44.5374747Z -- Looking for strtoll
build-app	Configure and Build Robo 3T	2026-04-22T00:48:45.0663738Z -- Looking for strtoll - found
build-app	Configure and Build Robo 3T	2026-04-22T00:48:45.0666751Z -- Looking for snprintf
build-app	Configure and Build Robo 3T	2026-04-22T00:48:45.6467833Z -- Looking for snprintf - found
build-app	Configure and Build Robo 3T	2026-04-22T00:48:45.6469569Z -- Looking for poll
build-app	Configure and Build Robo 3T	2026-04-22T00:48:46.0255137Z -- Looking for poll - not found
build-app	Configure and Build Robo 3T	2026-04-22T00:48:46.0256152Z -- Looking for socket
build-app	Configure and Build Robo 3T	2026-04-22T00:48:46.4182408Z -- Looking for socket - not found
build-app	Configure and Build Robo 3T	2026-04-22T00:48:46.4183008Z -- Looking for socket in socket
build-app	Configure and Build Robo 3T	2026-04-22T00:48:46.7933780Z -- Looking for socket in socket - not found
build-app	Configure and Build Robo 3T	2026-04-22T00:48:46.7934667Z -- Looking for socket in ws2_32
build-app	Configure and Build Robo 3T	2026-04-22T00:48:47.3387506Z -- Looking for socket in ws2_32 - found
build-app	Configure and Build Robo 3T	2026-04-22T00:48:47.3388283Z -- Looking for select
build-app	Configure and Build Robo 3T	2026-04-22T00:48:47.7157918Z -- Looking for select - not found
build-app	Configure and Build Robo 3T	2026-04-22T00:48:47.7158747Z -- Looking for select in ws2_32
build-app	Configure and Build Robo 3T	2026-04-22T00:48:48.2528094Z -- Looking for select in ws2_32 - found
build-app	Configure and Build Robo 3T	2026-04-22T00:48:48.2528885Z -- Looking for inet_addr
build-app	Configure and Build Robo 3T	2026-04-22T00:48:48.6417350Z -- Looking for inet_addr - not found
build-app	Configure and Build Robo 3T	2026-04-22T00:48:48.6417909Z -- Looking for inet_addr in nsl
build-app	Configure and Build Robo 3T	2026-04-22T00:48:48.9811837Z -- Looking for inet_addr in nsl - not found
build-app	Configure and Build Robo 3T	2026-04-22T00:48:48.9812689Z -- Looking for inet_addr in ws2_32
build-app	Configure and Build Robo 3T	2026-04-22T00:48:49.5095962Z -- Looking for inet_addr in ws2_32 - found
build-app	Configure and Build Robo 3T	2026-04-22T00:48:49.5098268Z -- Performing Test HAVE_O_NONBLOCK
build-app	Configure and Build Robo 3T	2026-04-22T00:48:49.7828605Z -- Performing Test HAVE_O_NONBLOCK - Failed
build-app	Configure and Build Robo 3T	2026-04-22T00:48:49.7830667Z -- Performing Test HAVE_FIONBIO
build-app	Configure and Build Robo 3T	2026-04-22T00:48:50.0586429Z -- Performing Test HAVE_FIONBIO - Failed
build-app	Configure and Build Robo 3T	2026-04-22T00:48:50.0588159Z -- Performing Test HAVE_IOCTLSOCKET
build-app	Configure and Build Robo 3T	2026-04-22T00:48:50.6876225Z -- Performing Test HAVE_IOCTLSOCKET - Success
build-app	Configure and Build Robo 3T	2026-04-22T00:48:50.6910196Z -- Looking for include file arpa/inet.h
build-app	Configure and Build Robo 3T	2026-04-22T00:48:50.9769778Z -- Looking for include file arpa/inet.h - not found
build-app	Configure and Build Robo 3T	2026-04-22T00:48:50.9771928Z -- Looking for include file netinet/in.h
build-app	Configure and Build Robo 3T	2026-04-22T00:48:51.2528828Z -- Looking for include file netinet/in.h - not found
build-app	Configure and Build Robo 3T	2026-04-22T00:48:51.2532853Z -- Looking for strcasecmp
build-app	Configure and Build Robo 3T	2026-04-22T00:48:51.5260363Z -- Looking for strcasecmp - not found
build-app	Configure and Build Robo 3T	2026-04-22T00:48:51.5263198Z -- Looking for _stricmp
build-app	Configure and Build Robo 3T	2026-04-22T00:48:52.0454270Z -- Looking for _stricmp - found
build-app	Configure and Build Robo 3T	2026-04-22T00:48:52.0458649Z -- Looking for _snprintf
build-app	Configure and Build Robo 3T	2026-04-22T00:48:52.5820440Z -- Looking for _snprintf - found
build-app	Configure and Build Robo 3T	2026-04-22T00:48:52.5823292Z -- Looking for __func__
build-app	Configure and Build Robo 3T	2026-04-22T00:48:53.1189561Z -- Looking for __func__ - found
build-app	Configure and Build Robo 3T	2026-04-22T00:48:53.1192517Z -- Looking for __FUNCTION__
build-app	Configure and Build Robo 3T	2026-04-22T00:48:53.6590516Z -- Looking for __FUNCTION__ - found
build-app	Configure and Build Robo 3T	2026-04-22T00:48:53.6703270Z CMake Deprecation Warning at src/third-party/googletest-1.8.1/CMakeLists.txt:1 (cmake_minimum_required):
build-app	Configure and Build Robo 3T	2026-04-22T00:48:53.6704319Z   Compatibility with CMake < 3.10 will be removed from a future version of
build-app	Configure and Build Robo 3T	2026-04-22T00:48:53.6704866Z   CMake.
build-app	Configure and Build Robo 3T	2026-04-22T00:48:53.6705012Z 
build-app	Configure and Build Robo 3T	2026-04-22T00:48:53.6705337Z   Update the VERSION argument <min> value.  Or, use the <min>...<max> syntax
build-app	Configure and Build Robo 3T	2026-04-22T00:48:53.6706077Z   to tell CMake that the project requires at least <min> but has been updated
build-app	Configure and Build Robo 3T	2026-04-22T00:48:53.6706723Z   to work with policies introduced by <max> or earlier.
build-app	Configure and Build Robo 3T	2026-04-22T00:48:53.6707059Z 
build-app	Configure and Build Robo 3T	2026-04-22T00:48:53.6707067Z 
build-app	Configure and Build Robo 3T	2026-04-22T00:48:53.6805376Z CMake Deprecation Warning at src/third-party/googletest-1.8.1/googlemock/CMakeLists.txt:42 (cmake_minimum_required):
build-app	Configure and Build Robo 3T	2026-04-22T00:48:53.6806532Z   Compatibility with CMake < 3.10 will be removed from a future version of
build-app	Configure and Build Robo 3T	2026-04-22T00:48:53.6807059Z   CMake.
build-app	Configure and Build Robo 3T	2026-04-22T00:48:53.6807200Z 
build-app	Configure and Build Robo 3T	2026-04-22T00:48:53.6807469Z   Update the VERSION argument <min> value.  Or, use the <min>...<max> syntax
build-app	Configure and Build Robo 3T	2026-04-22T00:48:53.6808128Z   to tell CMake that the project requires at least <min> but has been updated
build-app	Configure and Build Robo 3T	2026-04-22T00:48:53.6808780Z   to work with policies introduced by <max> or earlier.
build-app	Configure and Build Robo 3T	2026-04-22T00:48:53.6809101Z 
build-app	Configure and Build Robo 3T	2026-04-22T00:48:53.6809111Z 
build-app	Configure and Build Robo 3T	2026-04-22T00:48:53.6833188Z CMake Deprecation Warning at src/third-party/googletest-1.8.1/googletest/CMakeLists.txt:49 (cmake_minimum_required):
build-app	Configure and Build Robo 3T	2026-04-22T00:48:53.6834235Z   Compatibility with CMake < 3.10 will be removed from a future version of
build-app	Configure and Build Robo 3T	2026-04-22T00:48:53.6834590Z   CMake.
build-app	Configure and Build Robo 3T	2026-04-22T00:48:53.6834692Z 
build-app	Configure and Build Robo 3T	2026-04-22T00:48:53.6834882Z   Update the VERSION argument <min> value.  Or, use the <min>...<max> syntax
build-app	Configure and Build Robo 3T	2026-04-22T00:48:53.6835344Z   to tell CMake that the project requires at least <min> but has been updated
build-app	Configure and Build Robo 3T	2026-04-22T00:48:53.6835758Z   to work with policies introduced by <max> or earlier.
build-app	Configure and Build Robo 3T	2026-04-22T00:48:53.6835964Z 
build-app	Configure and Build Robo 3T	2026-04-22T00:48:53.6835969Z 
build-app	Configure and Build Robo 3T	2026-04-22T00:48:53.6843634Z CMake Warning (dev) at src/third-party/googletest-1.8.1/googletest/cmake/internal_utils.cmake:239 (find_package):
build-app	Configure and Build Robo 3T	2026-04-22T00:48:53.6844622Z   Policy CMP0148 is not set: The FindPythonInterp and FindPythonLibs modules
build-app	Configure and Build Robo 3T	2026-04-22T00:48:53.6845105Z   are removed.  Run "cmake --help-policy CMP0148" for policy details.  Use
build-app	Configure and Build Robo 3T	2026-04-22T00:48:53.6845568Z   the cmake_policy command to set the policy and suppress this warning.
build-app	Configure and Build Robo 3T	2026-04-22T00:48:53.6845827Z 
build-app	Configure and Build Robo 3T	2026-04-22T00:48:53.6845908Z Call Stack (most recent call first):
build-app	Configure and Build Robo 3T	2026-04-22T00:48:53.6846260Z   src/third-party/googletest-1.8.1/googletest/CMakeLists.txt:84 (include)
build-app	Configure and Build Robo 3T	2026-04-22T00:48:53.6846705Z This warning is for project developers.  Use -Wno-dev to suppress it.
build-app	Configure and Build Robo 3T	2026-04-22T00:48:53.6846963Z 
build-app	Configure and Build Robo 3T	2026-04-22T00:48:53.7608746Z -- Found PythonInterp: C:/hostedtoolcache/windows/Python/3.10.11/x64/python.exe (found version "3.10.11")
build-app	Configure and Build Robo 3T	2026-04-22T00:48:53.8535850Z -- Found Git: C:/Program Files/Git/bin/git.exe (found version "2.53.0.windows.2")
build-app	Configure and Build Robo 3T	2026-04-22T00:48:53.8892114Z CMake Warning (dev) at cmake/RobomongoInstallQt.cmake:101 (install):
build-app	Configure and Build Robo 3T	2026-04-22T00:48:53.8892966Z   Policy CMP0177 is not set: install() DESTINATION paths are normalized.  Run
build-app	Configure and Build Robo 3T	2026-04-22T00:48:53.8893736Z   "cmake --help-policy CMP0177" for policy details.  Use the cmake_policy
build-app	Configure and Build Robo 3T	2026-04-22T00:48:53.8894406Z   command to set the policy and suppress this warning.
build-app	Configure and Build Robo 3T	2026-04-22T00:48:53.8894866Z Call Stack (most recent call first):
build-app	Configure and Build Robo 3T	2026-04-22T00:48:53.8895327Z   cmake/RobomongoInstall.cmake:106 (install_qt_plugins)
build-app	Configure and Build Robo 3T	2026-04-22T00:48:53.8895826Z   src/robomongo/CMakeLists.txt:289 (include)
build-app	Configure and Build Robo 3T	2026-04-22T00:48:53.8896376Z This warning is for project developers.  Use -Wno-dev to suppress it.
build-app	Configure and Build Robo 3T	2026-04-22T00:48:53.8896810Z 
build-app	Configure and Build Robo 3T	2026-04-22T00:48:53.8897067Z CMake Warning (dev) at cmake/RobomongoInstallQt.cmake:101 (install):
build-app	Configure and Build Robo 3T	2026-04-22T00:48:53.8897824Z   Policy CMP0177 is not set: install() DESTINATION paths are normalized.  Run
build-app	Configure and Build Robo 3T	2026-04-22T00:48:53.8898653Z   "cmake --help-policy CMP0177" for policy details.  Use the cmake_policy
build-app	Configure and Build Robo 3T	2026-04-22T00:48:53.8899330Z   command to set the policy and suppress this warning.
build-app	Configure and Build Robo 3T	2026-04-22T00:48:53.8899790Z Call Stack (most recent call first):
build-app	Configure and Build Robo 3T	2026-04-22T00:48:53.8900244Z   cmake/RobomongoInstall.cmake:106 (install_qt_plugins)
build-app	Configure and Build Robo 3T	2026-04-22T00:48:53.8900741Z   src/robomongo/CMakeLists.txt:289 (include)
build-app	Configure and Build Robo 3T	2026-04-22T00:48:53.8901299Z This warning is for project developers.  Use -Wno-dev to suppress it.
build-app	Configure and Build Robo 3T	2026-04-22T00:48:53.8901734Z 
build-app	Configure and Build Robo 3T	2026-04-22T00:48:53.8901878Z -- Searching for windeployqt...
build-app	Configure and Build Robo 3T	2026-04-22T00:48:53.8904769Z -- Found windeployqt: D:/a/robomongo/Qt/5.15.2/msvc2019_64/bin/windeployqt.exe
build-app	Configure and Build Robo 3T	2026-04-22T00:48:53.8905809Z CMake Warning (dev) at cmake/RobomongoInstall.cmake:177 (install):
build-app	Configure and Build Robo 3T	2026-04-22T00:48:53.8906545Z   Policy CMP0177 is not set: install() DESTINATION paths are normalized.  Run
build-app	Configure and Build Robo 3T	2026-04-22T00:48:53.8907319Z   "cmake --help-policy CMP0177" for policy details.  Use the cmake_policy
build-app	Configure and Build Robo 3T	2026-04-22T00:48:53.8907953Z   command to set the policy and suppress this warning.
build-app	Configure and Build Robo 3T	2026-04-22T00:48:53.8908385Z Call Stack (most recent call first):
build-app	Configure and Build Robo 3T	2026-04-22T00:48:53.8908778Z   src/robomongo/CMakeLists.txt:289 (include)
build-app	Configure and Build Robo 3T	2026-04-22T00:48:53.8909330Z This warning is for project developers.  Use -Wno-dev to suppress it.
build-app	Configure and Build Robo 3T	2026-04-22T00:48:53.8909756Z 
build-app	Configure and Build Robo 3T	2026-04-22T00:48:54.0751255Z 
build-app	Configure and Build Robo 3T	2026-04-22T00:48:54.0751825Z  _______________[ Robo 3T configuration summary ]________________
build-app	Configure and Build Robo 3T	2026-04-22T00:48:54.0752355Z | 
build-app	Configure and Build Robo 3T	2026-04-22T00:48:54.0752617Z |-- Dependencies:
build-app	Configure and Build Robo 3T	2026-04-22T00:48:54.0752872Z | 
build-app	Configure and Build Robo 3T	2026-04-22T00:48:54.0753267Z |   Qt5 Core:           5.15.2    D:/a/robomongo/Qt/5.15.2/msvc2019_64/lib/cmake/Qt5Core
build-app	Configure and Build Robo 3T	2026-04-22T00:48:54.0754016Z |   Qt5 Gui:            5.15.2    D:/a/robomongo/Qt/5.15.2/msvc2019_64/lib/cmake/Qt5Gui
build-app	Configure and Build Robo 3T	2026-04-22T00:48:54.0754723Z |   Qt5 Widgets:        5.15.2    D:/a/robomongo/Qt/5.15.2/msvc2019_64/lib/cmake/Qt5Widgets
build-app	Configure and Build Robo 3T	2026-04-22T00:48:54.0755577Z |   Qt5 PrintSupport:   5.15.2    D:/a/robomongo/Qt/5.15.2/msvc2019_64/lib/cmake/Qt5PrintSupport
build-app	Configure and Build Robo 3T	2026-04-22T00:48:54.0756383Z |   Qt5 Network:        5.15.2    D:/a/robomongo/Qt/5.15.2/msvc2019_64/lib/cmake/Qt5Network
build-app	Configure and Build Robo 3T	2026-04-22T00:48:54.0757094Z |   Qt5 Xml:            5.15.2    D:/a/robomongo/Qt/5.15.2/msvc2019_64/lib/cmake/Qt5Xml
build-app	Configure and Build Robo 3T	2026-04-22T00:48:54.0757625Z |   Qt5 WebEng*Widgets:     
build-app	Configure and Build Robo 3T	2026-04-22T00:48:54.0757975Z |   MongoDB:            v1.5.4    S:
build-app	Configure and Build Robo 3T	2026-04-22T00:48:54.0758371Z |   MongoDB Objects:    v1.5.4    S:/build/opt
build-app	Configure and Build Robo 3T	2026-04-22T00:48:54.0758829Z |   OpenSSL:            1.1.1u    C:/Program Files/OpenSSL
build-app	Configure and Build Robo 3T	2026-04-22T00:48:54.0759372Z |   libssh2:            1.9.0     src/third-party/libssh2-1.9.0
build-app	Configure and Build Robo 3T	2026-04-22T00:48:54.0759908Z |   QJson:              0.8.1     src/third-party/qjson-0.8.1
build-app	Configure and Build Robo 3T	2026-04-22T00:48:54.0760514Z |   QScintilla:         2.8.4     src/third-party/qscintilla-2.8.4
build-app	Configure and Build Robo 3T	2026-04-22T00:48:54.0761437Z |   Google Test:        1.8.1     src/third-party/googletest-1.8.1
build-app	Configure and Build Robo 3T	2026-04-22T00:48:54.0762020Z |   ESPRIMA:            2.7.3     src/third-party/esprima-2.7.3
build-app	Configure and Build Robo 3T	2026-04-22T00:48:54.0762468Z |
build-app	Configure and Build Robo 3T	2026-04-22T00:48:54.0762677Z |-- Summary:
build-app	Configure and Build Robo 3T	2026-04-22T00:48:54.0762925Z |
build-app	Configure and Build Robo 3T	2026-04-22T00:48:54.0763158Z |   Version:            1.5.4
build-app	Configure and Build Robo 3T	2026-04-22T00:48:54.0763477Z |   System:             Windows
build-app	Configure and Build Robo 3T	2026-04-22T00:48:54.0763806Z |   Build type:         Release
build-app	Configure and Build Robo 3T	2026-04-22T00:48:54.0764130Z |   Commit:             ce9d9c43
build-app	Configure and Build Robo 3T	2026-04-22T00:48:54.0764504Z |   Install path:       D:/b/install
build-app	Configure and Build Robo 3T	2026-04-22T00:48:54.0764875Z |
build-app	Configure and Build Robo 3T	2026-04-22T00:48:54.0765113Z |-- Build, Run and Install:
build-app	Configure and Build Robo 3T	2026-04-22T00:48:54.0765421Z | 
build-app	Configure and Build Robo 3T	2026-04-22T00:48:54.0765630Z |     $ bin/build
build-app	Configure and Build Robo 3T	2026-04-22T00:48:54.0765871Z |     $ bin/run
build-app	Configure and Build Robo 3T	2026-04-22T00:48:54.0766110Z |     $ bin/install
build-app	Configure and Build Robo 3T	2026-04-22T00:48:54.0766667Z |
build-app	Configure and Build Robo 3T	2026-04-22T00:48:54.0766894Z |-- Run Unit Tests:
build-app	Configure and Build Robo 3T	2026-04-22T00:48:54.0767145Z | 
build-app	Configure and Build Robo 3T	2026-04-22T00:48:54.0767366Z |     $ bin/build-and-run-tests
build-app	Configure and Build Robo 3T	2026-04-22T00:48:54.0767691Z |     $ bin/run-tests
build-app	Configure and Build Robo 3T	2026-04-22T00:48:54.0767954Z |
build-app	Configure and Build Robo 3T	2026-04-22T00:48:54.0768172Z |-- Run Static Code Analysis:
build-app	Configure and Build Robo 3T	2026-04-22T00:48:54.0768483Z |
build-app	Configure and Build Robo 3T	2026-04-22T00:48:54.0768856Z |     $ bin/run-cppcheck <FILE_PATH OR DIR> (Default: /src/robomongo/)
build-app	Configure and Build Robo 3T	2026-04-22T00:48:54.0769376Z |     $ bin/run-vs-code-analysis
build-app	Configure and Build Robo 3T	2026-04-22T00:48:54.0769790Z |__________________________________________________________________
build-app	Configure and Build Robo 3T	2026-04-22T00:48:54.0770141Z 
build-app	Configure and Build Robo 3T	2026-04-22T00:48:54.0770283Z -- Configuring done (40.8s)
build-app	Configure and Build Robo 3T	2026-04-22T00:48:54.2957310Z CMake Warning (dev) in src/third-party/qjson-0.8.1/CMakeLists.txt:
build-app	Configure and Build Robo 3T	2026-04-22T00:48:54.2958152Z   Policy CMP0100 is not set: Let AUTOMOC and AUTOUIC process .hh files.  Run
build-app	Configure and Build Robo 3T	2026-04-22T00:48:54.2958964Z   "cmake --help-policy CMP0100" for policy details.  Use the cmake_policy
build-app	Configure and Build Robo 3T	2026-04-22T00:48:54.2959653Z   command to set the policy and suppress this warning.
build-app	Configure and Build Robo 3T	2026-04-22T00:48:54.2960017Z 
build-app	Configure and Build Robo 3T	2026-04-22T00:48:54.2960268Z   For compatibility, CMake is excluding the header file(s):
build-app	Configure and Build Robo 3T	2026-04-22T00:48:54.2960682Z 
build-app	Configure and Build Robo 3T	2026-04-22T00:48:54.2960912Z     "R:/src/third-party/qjson-0.8.1/sources/src/json_parser.hh"
build-app	Configure and Build Robo 3T	2026-04-22T00:48:54.2961305Z 
build-app	Configure and Build Robo 3T	2026-04-22T00:48:54.2961593Z   from processing by AUTOMOC and AUTOUIC.  If any of the files should be
build-app	Configure and Build Robo 3T	2026-04-22T00:48:54.2962298Z   processed, set CMP0100 to NEW.  If any of the files should not be
build-app	Configure and Build Robo 3T	2026-04-22T00:48:54.2963035Z   processed, explicitly exclude them by setting the source file property
build-app	Configure and Build Robo 3T	2026-04-22T00:48:54.2963927Z   SKIP_AUTOGEN:
build-app	Configure and Build Robo 3T	2026-04-22T00:48:54.2964102Z 
build-app	Configure and Build Robo 3T	2026-04-22T00:48:54.2964316Z     set_property(SOURCE file.hh PROPERTY SKIP_AUTOGEN ON)
build-app	Configure and Build Robo 3T	2026-04-22T00:48:54.2964681Z 
build-app	Configure and Build Robo 3T	2026-04-22T00:48:54.2964968Z This warning is for project developers.  Use -Wno-dev to suppress it.
build-app	Configure and Build Robo 3T	2026-04-22T00:48:54.2965398Z 
build-app	Configure and Build Robo 3T	2026-04-22T00:48:57.6453846Z -- Generating done (3.6s)
build-app	Configure and Build Robo 3T	2026-04-22T00:48:57.6466300Z -- Build files have been written to: D:/b
build-app	Configure and Build Robo 3T	2026-04-22T00:48:58.5684638Z [1/253] C:\PROGRA~1\MICROS~2\2022\ENTERP~1\VC\Tools\MSVC\1444~1.352\bin\Hostx64\x64\cl.exe  /nologo -DLIBSSH2_OPENSSL -DLIBSSH2_WIN32 -IR:\src\third-party\libssh2-1.9.0\sources\include -ID:\b\src\third-party\libssh2-1.9.0 -external:I"C:\Program Files\OpenSSL\include" -external:W0 /DWIN32 /D_WINDOWS /W3 /GR /EHsc -D_UNICODE -DUNICODE -DWIN32 -D_WIN32 -D_CRT_SECURE_NO_WARNINGS -DBOOST_ALL_NO_LIB /wd4355 /wd4800 /wd4267 /wd4244 /wd4290 /wd4068 /wd4351 /MP /MP /wd4133 /MD /O2 /Ob2 /DNDEBUG /showIncludes /Fosrc\third-party\libssh2-1.9.0\CMakeFiles\libssh2.dir\sources\src\agent.c.obj /Fdsrc\third-party\libssh2-1.9.0\CMakeFiles\libssh2.dir\libssh2.pdb /FS -c R:\src\third-party\libssh2-1.9.0\sources\src\agent.c
build-app	Configure and Build Robo 3T	2026-04-22T00:48:58.6063497Z [2/253] C:\PROGRA~1\MICROS~2\2022\ENTERP~1\VC\Tools\MSVC\1444~1.352\bin\Hostx64\x64\cl.exe  /nologo -DLIBSSH2_OPENSSL -DLIBSSH2_WIN32 -IR:\src\third-party\libssh2-1.9.0\sources\include -ID:\b\src\third-party\libssh2-1.9.0 -external:I"C:\Program Files\OpenSSL\include" -external:W0 /DWIN32 /D_WINDOWS /W3 /GR /EHsc -D_UNICODE -DUNICODE -DWIN32 -D_WIN32 -D_CRT_SECURE_NO_WARNINGS -DBOOST_ALL_NO_LIB /wd4355 /wd4800 /wd4267 /wd4244 /wd4290 /wd4068 /wd4351 /MP /MP /wd4133 /MD /O2 /Ob2 /DNDEBUG /showIncludes /Fosrc\third-party\libssh2-1.9.0\CMakeFiles\libssh2.dir\sources\src\openssl.c.obj /Fdsrc\third-party\libssh2-1.9.0\CMakeFiles\libssh2.dir\libssh2.pdb /FS -c R:\src\third-party\libssh2-1.9.0\sources\src\openssl.c
build-app	Configure and Build Robo 3T	2026-04-22T00:48:58.7218662Z [3/253] C:\PROGRA~1\MICROS~2\2022\ENTERP~1\VC\Tools\MSVC\1444~1.352\bin\Hostx64\x64\cl.exe  /nologo -DLIBSSH2_OPENSSL -DLIBSSH2_WIN32 -IR:\src\third-party\libssh2-1.9.0\sources\include -ID:\b\src\third-party\libssh2-1.9.0 -external:I"C:\Program Files\OpenSSL\include" -external:W0 /DWIN32 /D_WINDOWS /W3 /GR /EHsc -D_UNICODE -DUNICODE -DWIN32 -D_WIN32 -D_CRT_SECURE_NO_WARNINGS -DBOOST_ALL_NO_LIB /wd4355 /wd4800 /wd4267 /wd4244 /wd4290 /wd4068 /wd4351 /MP /MP /wd4133 /MD /O2 /Ob2 /DNDEBUG /showIncludes /Fosrc\third-party\libssh2-1.9.0\CMakeFiles\libssh2.dir\sources\src\bcrypt_pbkdf.c.obj /Fdsrc\third-party\libssh2-1.9.0\CMakeFiles\libssh2.dir\libssh2.pdb /FS -c R:\src\third-party\libssh2-1.9.0\sources\src\bcrypt_pbkdf.c
build-app	Configure and Build Robo 3T	2026-04-22T00:48:58.8443990Z [4/253] C:\PROGRA~1\MICROS~2\2022\ENTERP~1\VC\Tools\MSVC\1444~1.352\bin\Hostx64\x64\cl.exe  /nologo -DLIBSSH2_OPENSSL -DLIBSSH2_WIN32 -IR:\src\third-party\libssh2-1.9.0\sources\include -ID:\b\src\third-party\libssh2-1.9.0 -external:I"C:\Program Files\OpenSSL\include" -external:W0 /DWIN32 /D_WINDOWS /W3 /GR /EHsc -D_UNICODE -DUNICODE -DWIN32 -D_WIN32 -D_CRT_SECURE_NO_WARNINGS -DBOOST_ALL_NO_LIB /wd4355 /wd4800 /wd4267 /wd4244 /wd4290 /wd4068 /wd4351 /MP /MP /wd4133 /MD /O2 /Ob2 /DNDEBUG /showIncludes /Fosrc\third-party\libssh2-1.9.0\CMakeFiles\libssh2.dir\sources\src\channel.c.obj /Fdsrc\third-party\libssh2-1.9.0\CMakeFiles\libssh2.dir\libssh2.pdb /FS -c R:\src\third-party\libssh2-1.9.0\sources\src\channel.c
build-app	Configure and Build Robo 3T	2026-04-22T00:48:58.9010820Z [5/253] C:\PROGRA~1\MICROS~2\2022\ENTERP~1\VC\Tools\MSVC\1444~1.352\bin\Hostx64\x64\cl.exe  /nologo -DLIBSSH2_OPENSSL -DLIBSSH2_WIN32 -IR:\src\third-party\libssh2-1.9.0\sources\include -ID:\b\src\third-party\libssh2-1.9.0 -external:I"C:\Program Files\OpenSSL\include" -external:W0 /DWIN32 /D_WINDOWS /W3 /GR /EHsc -D_UNICODE -DUNICODE -DWIN32 -D_WIN32 -D_CRT_SECURE_NO_WARNINGS -DBOOST_ALL_NO_LIB /wd4355 /wd4800 /wd4267 /wd4244 /wd4290 /wd4068 /wd4351 /MP /MP /wd4133 /MD /O2 /Ob2 /DNDEBUG /showIncludes /Fosrc\third-party\libssh2-1.9.0\CMakeFiles\libssh2.dir\sources\src\blowfish.c.obj /Fdsrc\third-party\libssh2-1.9.0\CMakeFiles\libssh2.dir\libssh2.pdb /FS -c R:\src\third-party\libssh2-1.9.0\sources\src\blowfish.c
build-app	Configure and Build Robo 3T	2026-04-22T00:48:59.1737830Z [6/253] C:\PROGRA~1\MICROS~2\2022\ENTERP~1\VC\Tools\MSVC\1444~1.352\bin\Hostx64\x64\cl.exe  /nologo -DLIBSSH2_OPENSSL -DLIBSSH2_WIN32 -IR:\src\third-party\libssh2-1.9.0\sources\include -ID:\b\src\third-party\libssh2-1.9.0 -external:I"C:\Program Files\OpenSSL\include" -external:W0 /DWIN32 /D_WINDOWS /W3 /GR /EHsc -D_UNICODE -DUNICODE -DWIN32 -D_WIN32 -D_CRT_SECURE_NO_WARNINGS -DBOOST_ALL_NO_LIB /wd4355 /wd4800 /wd4267 /wd4244 /wd4290 /wd4068 /wd4351 /MP /MP /wd4133 /MD /O2 /Ob2 /DNDEBUG /showIncludes /Fosrc\third-party\libssh2-1.9.0\CMakeFiles\libssh2.dir\sources\src\comp.c.obj /Fdsrc\third-party\libssh2-1.9.0\CMakeFiles\libssh2.dir\libssh2.pdb /FS -c R:\src\third-party\libssh2-1.9.0\sources\src\comp.c
build-app	Configure and Build Robo 3T	2026-04-22T00:48:59.1807378Z [7/253] C:\PROGRA~1\MICROS~2\2022\ENTERP~1\VC\Tools\MSVC\1444~1.352\bin\Hostx64\x64\cl.exe  /nologo -DLIBSSH2_OPENSSL -DLIBSSH2_WIN32 -IR:\src\third-party\libssh2-1.9.0\sources\include -ID:\b\src\third-party\libssh2-1.9.0 -external:I"C:\Program Files\OpenSSL\include" -external:W0 /DWIN32 /D_WINDOWS /W3 /GR /EHsc -D_UNICODE -DUNICODE -DWIN32 -D_WIN32 -D_CRT_SECURE_NO_WARNINGS -DBOOST_ALL_NO_LIB /wd4355 /wd4800 /wd4267 /wd4244 /wd4290 /wd4068 /wd4351 /MP /MP /wd4133 /MD /O2 /Ob2 /DNDEBUG /showIncludes /Fosrc\third-party\libssh2-1.9.0\CMakeFiles\libssh2.dir\sources\src\crypt.c.obj /Fdsrc\third-party\libssh2-1.9.0\CMakeFiles\libssh2.dir\libssh2.pdb /FS -c R:\src\third-party\libssh2-1.9.0\sources\src\crypt.c
build-app	Configure and Build Robo 3T	2026-04-22T00:48:59.3269635Z [8/253] C:\PROGRA~1\MICROS~2\2022\ENTERP~1\VC\Tools\MSVC\1444~1.352\bin\Hostx64\x64\cl.exe  /nologo -DLIBSSH2_OPENSSL -DLIBSSH2_WIN32 -IR:\src\third-party\libssh2-1.9.0\sources\include -ID:\b\src\third-party\libssh2-1.9.0 -external:I"C:\Program Files\OpenSSL\include" -external:W0 /DWIN32 /D_WINDOWS /W3 /GR /EHsc -D_UNICODE -DUNICODE -DWIN32 -D_WIN32 -D_CRT_SECURE_NO_WARNINGS -DBOOST_ALL_NO_LIB /wd4355 /wd4800 /wd4267 /wd4244 /wd4290 /wd4068 /wd4351 /MP /MP /wd4133 /MD /O2 /Ob2 /DNDEBUG /showIncludes /Fosrc\third-party\libssh2-1.9.0\CMakeFiles\libssh2.dir\sources\src\global.c.obj /Fdsrc\third-party\libssh2-1.9.0\CMakeFiles\libssh2.dir\libssh2.pdb /FS -c R:\src\third-party\libssh2-1.9.0\sources\src\global.c
build-app	Configure and Build Robo 3T	2026-04-22T00:48:59.5170832Z [9/253] C:\PROGRA~1\MICROS~2\2022\ENTERP~1\VC\Tools\MSVC\1444~1.352\bin\Hostx64\x64\cl.exe  /nologo -DLIBSSH2_OPENSSL -DLIBSSH2_WIN32 -IR:\src\third-party\libssh2-1.9.0\sources\include -ID:\b\src\third-party\libssh2-1.9.0 -external:I"C:\Program Files\OpenSSL\include" -external:W0 /DWIN32 /D_WINDOWS /W3 /GR /EHsc -D_UNICODE -DUNICODE -DWIN32 -D_WIN32 -D_CRT_SECURE_NO_WARNINGS -DBOOST_ALL_NO_LIB /wd4355 /wd4800 /wd4267 /wd4244 /wd4290 /wd4068 /wd4351 /MP /MP /wd4133 /MD /O2 /Ob2 /DNDEBUG /showIncludes /Fosrc\third-party\libssh2-1.9.0\CMakeFiles\libssh2.dir\sources\src\hostkey.c.obj /Fdsrc\third-party\libssh2-1.9.0\CMakeFiles\libssh2.dir\libssh2.pdb /FS -c R:\src\third-party\libssh2-1.9.0\sources\src\hostkey.c
build-app	Configure and Build Robo 3T	2026-04-22T00:48:59.5198654Z [10/253] C:\Windows\system32\cmd.exe /C "cd /D D:\b\src\third-party\qscintilla-2.8.4 && "C:\Program Files\CMake\bin\cmake.exe" -E cmake_autogen D:/b/src/third-party/qscintilla-2.8.4/CMakeFiles/qscintilla_autogen.dir/AutogenInfo.json Release && "C:\Program Files\CMake\bin\cmake.exe" -E touch D:/b/src/third-party/qscintilla-2.8.4/qscintilla_autogen/timestamp && "C:\Program Files\CMake\bin\cmake.exe" -E cmake_transform_depfile Ninja gccdepfile R: R:/src/third-party/qscintilla-2.8.4 D:/b D:/b/src/third-party/qscintilla-2.8.4 D:/b/src/third-party/qscintilla-2.8.4/qscintilla_autogen/deps D:/b/CMakeFiles/d/cc6cd66b0764c8b18197ba89b3175d22dccff9f9f8f2f83d2c6ff8b8b670c063.d"
build-app	Configure and Build Robo 3T	2026-04-22T00:48:59.5260834Z [11/253] C:\PROGRA~1\MICROS~2\2022\ENTERP~1\VC\Tools\MSVC\1444~1.352\bin\Hostx64\x64\cl.exe  /nologo -DLIBSSH2_OPENSSL -DLIBSSH2_WIN32 -IR:\src\third-party\libssh2-1.9.0\sources\include -ID:\b\src\third-party\libssh2-1.9.0 -external:I"C:\Program Files\OpenSSL\include" -external:W0 /DWIN32 /D_WINDOWS /W3 /GR /EHsc -D_UNICODE -DUNICODE -DWIN32 -D_WIN32 -D_CRT_SECURE_NO_WARNINGS -DBOOST_ALL_NO_LIB /wd4355 /wd4800 /wd4267 /wd4244 /wd4290 /wd4068 /wd4351 /MP /MP /wd4133 /MD /O2 /Ob2 /DNDEBUG /showIncludes /Fosrc\third-party\libssh2-1.9.0\CMakeFiles\libssh2.dir\sources\src\keepalive.c.obj /Fdsrc\third-party\libssh2-1.9.0\CMakeFiles\libssh2.dir\libssh2.pdb /FS -c R:\src\third-party\libssh2-1.9.0\sources\src\keepalive.c
build-app	Configure and Build Robo 3T	2026-04-22T00:49:00.3353029Z [12/253] C:\PROGRA~1\MICROS~2\2022\ENTERP~1\VC\Tools\MSVC\1444~1.352\bin\Hostx64\x64\cl.exe  /nologo -DLIBSSH2_OPENSSL -DLIBSSH2_WIN32 -IR:\src\third-party\libssh2-1.9.0\sources\include -ID:\b\src\third-party\libssh2-1.9.0 -external:I"C:\Program Files\OpenSSL\include" -external:W0 /DWIN32 /D_WINDOWS /W3 /GR /EHsc -D_UNICODE -DUNICODE -DWIN32 -D_WIN32 -D_CRT_SECURE_NO_WARNINGS -DBOOST_ALL_NO_LIB /wd4355 /wd4800 /wd4267 /wd4244 /wd4290 /wd4068 /wd4351 /MP /MP /wd4133 /MD /O2 /Ob2 /DNDEBUG /showIncludes /Fosrc\third-party\libssh2-1.9.0\CMakeFiles\libssh2.dir\sources\src\knownhost.c.obj /Fdsrc\third-party\libssh2-1.9.0\CMakeFiles\libssh2.dir\libssh2.pdb /FS -c R:\src\third-party\libssh2-1.9.0\sources\src\knownhost.c
build-app	Configure and Build Robo 3T	2026-04-22T00:49:00.3958379Z [13/253] C:\PROGRA~1\MICROS~2\2022\ENTERP~1\VC\Tools\MSVC\1444~1.352\bin\Hostx64\x64\cl.exe  /nologo -DLIBSSH2_OPENSSL -DLIBSSH2_WIN32 -IR:\src\third-party\libssh2-1.9.0\sources\include -ID:\b\src\third-party\libssh2-1.9.0 -external:I"C:\Program Files\OpenSSL\include" -external:W0 /DWIN32 /D_WINDOWS /W3 /GR /EHsc -D_UNICODE -DUNICODE -DWIN32 -D_WIN32 -D_CRT_SECURE_NO_WARNINGS -DBOOST_ALL_NO_LIB /wd4355 /wd4800 /wd4267 /wd4244 /wd4290 /wd4068 /wd4351 /MP /MP /wd4133 /MD /O2 /Ob2 /DNDEBUG /showIncludes /Fosrc\third-party\libssh2-1.9.0\CMakeFiles\libssh2.dir\sources\src\misc.c.obj /Fdsrc\third-party\libssh2-1.9.0\CMakeFiles\libssh2.dir\libssh2.pdb /FS -c R:\src\third-party\libssh2-1.9.0\sources\src\misc.c
build-app	Configure and Build Robo 3T	2026-04-22T00:49:00.3991461Z [14/253] C:\PROGRA~1\MICROS~2\2022\ENTERP~1\VC\Tools\MSVC\1444~1.352\bin\Hostx64\x64\cl.exe  /nologo -DLIBSSH2_OPENSSL -DLIBSSH2_WIN32 -IR:\src\third-party\libssh2-1.9.0\sources\include -ID:\b\src\third-party\libssh2-1.9.0 -external:I"C:\Program Files\OpenSSL\include" -external:W0 /DWIN32 /D_WINDOWS /W3 /GR /EHsc -D_UNICODE -DUNICODE -DWIN32 -D_WIN32 -D_CRT_SECURE_NO_WARNINGS -DBOOST_ALL_NO_LIB /wd4355 /wd4800 /wd4267 /wd4244 /wd4290 /wd4068 /wd4351 /MP /MP /wd4133 /MD /O2 /Ob2 /DNDEBUG /showIncludes /Fosrc\third-party\libssh2-1.9.0\CMakeFiles\libssh2.dir\sources\src\pem.c.obj /Fdsrc\third-party\libssh2-1.9.0\CMakeFiles\libssh2.dir\libssh2.pdb /FS -c R:\src\third-party\libssh2-1.9.0\sources\src\pem.c
build-app	Configure and Build Robo 3T	2026-04-22T00:49:00.4504886Z [15/253] C:\PROGRA~1\MICROS~2\2022\ENTERP~1\VC\Tools\MSVC\1444~1.352\bin\Hostx64\x64\cl.exe  /nologo -DLIBSSH2_OPENSSL -DLIBSSH2_WIN32 -IR:\src\third-party\libssh2-1.9.0\sources\include -ID:\b\src\third-party\libssh2-1.9.0 -external:I"C:\Program Files\OpenSSL\include" -external:W0 /DWIN32 /D_WINDOWS /W3 /GR /EHsc -D_UNICODE -DUNICODE -DWIN32 -D_WIN32 -D_CRT_SECURE_NO_WARNINGS -DBOOST_ALL_NO_LIB /wd4355 /wd4800 /wd4267 /wd4244 /wd4290 /wd4068 /wd4351 /MP /MP /wd4133 /MD /O2 /Ob2 /DNDEBUG /showIncludes /Fosrc\third-party\libssh2-1.9.0\CMakeFiles\libssh2.dir\sources\src\mac.c.obj /Fdsrc\third-party\libssh2-1.9.0\CMakeFiles\libssh2.dir\libssh2.pdb /FS -c R:\src\third-party\libssh2-1.9.0\sources\src\mac.c
build-app	Configure and Build Robo 3T	2026-04-22T00:49:00.6289171Z [16/253] C:\PROGRA~1\MICROS~2\2022\ENTERP~1\VC\Tools\MSVC\1444~1.352\bin\Hostx64\x64\cl.exe  /nologo -DLIBSSH2_OPENSSL -DLIBSSH2_WIN32 -IR:\src\third-party\libssh2-1.9.0\sources\include -ID:\b\src\third-party\libssh2-1.9.0 -external:I"C:\Program Files\OpenSSL\include" -external:W0 /DWIN32 /D_WINDOWS /W3 /GR /EHsc -D_UNICODE -DUNICODE -DWIN32 -D_WIN32 -D_CRT_SECURE_NO_WARNINGS -DBOOST_ALL_NO_LIB /wd4355 /wd4800 /wd4267 /wd4244 /wd4290 /wd4068 /wd4351 /MP /MP /wd4133 /MD /O2 /Ob2 /DNDEBUG /showIncludes /Fosrc\third-party\libssh2-1.9.0\CMakeFiles\libssh2.dir\sources\src\kex.c.obj /Fdsrc\third-party\libssh2-1.9.0\CMakeFiles\libssh2.dir\libssh2.pdb /FS -c R:\src\third-party\libssh2-1.9.0\sources\src\kex.c
build-app	Configure and Build Robo 3T	2026-04-22T00:49:00.6473623Z [17/253] C:\PROGRA~1\MICROS~2\2022\ENTERP~1\VC\Tools\MSVC\1444~1.352\bin\Hostx64\x64\cl.exe  /nologo -DLIBSSH2_OPENSSL -DLIBSSH2_WIN32 -IR:\src\third-party\libssh2-1.9.0\sources\include -ID:\b\src\third-party\libssh2-1.9.0 -external:I"C:\Program Files\OpenSSL\include" -external:W0 /DWIN32 /D_WINDOWS /W3 /GR /EHsc -D_UNICODE -DUNICODE -DWIN32 -D_WIN32 -D_CRT_SECURE_NO_WARNINGS -DBOOST_ALL_NO_LIB /wd4355 /wd4800 /wd4267 /wd4244 /wd4290 /wd4068 /wd4351 /MP /MP /wd4133 /MD /O2 /Ob2 /DNDEBUG /showIncludes /Fosrc\third-party\libssh2-1.9.0\CMakeFiles\libssh2.dir\sources\src\packet.c.obj /Fdsrc\third-party\libssh2-1.9.0\CMakeFiles\libssh2.dir\libssh2.pdb /FS -c R:\src\third-party\libssh2-1.9.0\sources\src\packet.c
build-app	Configure and Build Robo 3T	2026-04-22T00:49:01.3079830Z [18/253] C:\PROGRA~1\MICROS~2\2022\ENTERP~1\VC\Tools\MSVC\1444~1.352\bin\Hostx64\x64\cl.exe  /nologo -DLIBSSH2_OPENSSL -DLIBSSH2_WIN32 -IR:\src\third-party\libssh2-1.9.0\sources\include -ID:\b\src\third-party\libssh2-1.9.0 -external:I"C:\Program Files\OpenSSL\include" -external:W0 /DWIN32 /D_WINDOWS /W3 /GR /EHsc -D_UNICODE -DUNICODE -DWIN32 -D_WIN32 -D_CRT_SECURE_NO_WARNINGS -DBOOST_ALL_NO_LIB /wd4355 /wd4800 /wd4267 /wd4244 /wd4290 /wd4068 /wd4351 /MP /MP /wd4133 /MD /O2 /Ob2 /DNDEBUG /showIncludes /Fosrc\third-party\libssh2-1.9.0\CMakeFiles\libssh2.dir\sources\src\scp.c.obj /Fdsrc\third-party\libssh2-1.9.0\CMakeFiles\libssh2.dir\libssh2.pdb /FS -c R:\src\third-party\libssh2-1.9.0\sources\src\scp.c
build-app	Configure and Build Robo 3T	2026-04-22T00:49:01.6297720Z [19/253] C:\PROGRA~1\MICROS~2\2022\ENTERP~1\VC\Tools\MSVC\1444~1.352\bin\Hostx64\x64\cl.exe  /nologo -DLIBSSH2_OPENSSL -DLIBSSH2_WIN32 -IR:\src\third-party\libssh2-1.9.0\sources\include -ID:\b\src\third-party\libssh2-1.9.0 -external:I"C:\Program Files\OpenSSL\include" -external:W0 /DWIN32 /D_WINDOWS /W3 /GR /EHsc -D_UNICODE -DUNICODE -DWIN32 -D_WIN32 -D_CRT_SECURE_NO_WARNINGS -DBOOST_ALL_NO_LIB /wd4355 /wd4800 /wd4267 /wd4244 /wd4290 /wd4068 /wd4351 /MP /MP /wd4133 /MD /O2 /Ob2 /DNDEBUG /showIncludes /Fosrc\third-party\libssh2-1.9.0\CMakeFiles\libssh2.dir\sources\src\session.c.obj /Fdsrc\third-party\libssh2-1.9.0\CMakeFiles\libssh2.dir\libssh2.pdb /FS -c R:\src\third-party\libssh2-1.9.0\sources\src\session.c
build-app	Configure and Build Robo 3T	2026-04-22T00:49:01.6895096Z [20/253] C:\PROGRA~1\MICROS~2\2022\ENTERP~1\VC\Tools\MSVC\1444~1.352\bin\Hostx64\x64\cl.exe  /nologo -DLIBSSH2_OPENSSL -DLIBSSH2_WIN32 -IR:\src\third-party\libssh2-1.9.0\sources\include -ID:\b\src\third-party\libssh2-1.9.0 -external:I"C:\Program Files\OpenSSL\include" -external:W0 /DWIN32 /D_WINDOWS /W3 /GR /EHsc -D_UNICODE -DUNICODE -DWIN32 -D_WIN32 -D_CRT_SECURE_NO_WARNINGS -DBOOST_ALL_NO_LIB /wd4355 /wd4800 /wd4267 /wd4244 /wd4290 /wd4068 /wd4351 /MP /MP /wd4133 /MD /O2 /Ob2 /DNDEBUG /showIncludes /Fosrc\third-party\libssh2-1.9.0\CMakeFiles\libssh2.dir\sources\src\publickey.c.obj /Fdsrc\third-party\libssh2-1.9.0\CMakeFiles\libssh2.dir\libssh2.pdb /FS -c R:\src\third-party\libssh2-1.9.0\sources\src\publickey.c
build-app	Configure and Build Robo 3T	2026-04-22T00:49:01.8510351Z [21/253] C:\PROGRA~1\MICROS~2\2022\ENTERP~1\VC\Tools\MSVC\1444~1.352\bin\Hostx64\x64\cl.exe  /nologo -DLIBSSH2_OPENSSL -DLIBSSH2_WIN32 -IR:\src\third-party\libssh2-1.9.0\sources\include -ID:\b\src\third-party\libssh2-1.9.0 -external:I"C:\Program Files\OpenSSL\include" -external:W0 /DWIN32 /D_WINDOWS /W3 /GR /EHsc -D_UNICODE -DUNICODE -DWIN32 -D_WIN32 -D_CRT_SECURE_NO_WARNINGS -DBOOST_ALL_NO_LIB /wd4355 /wd4800 /wd4267 /wd4244 /wd4290 /wd4068 /wd4351 /MP /MP /wd4133 /MD /O2 /Ob2 /DNDEBUG /showIncludes /Fosrc\third-party\libssh2-1.9.0\CMakeFiles\libssh2.dir\sources\src\transport.c.obj /Fdsrc\third-party\libssh2-1.9.0\CMakeFiles\libssh2.dir\libssh2.pdb /FS -c R:\src\third-party\libssh2-1.9.0\sources\src\transport.c
build-app	Configure and Build Robo 3T	2026-04-22T00:49:01.8624041Z [22/253] C:\PROGRA~1\MICROS~2\2022\ENTERP~1\VC\Tools\MSVC\1444~1.352\bin\Hostx64\x64\cl.exe  /nologo -DLIBSSH2_OPENSSL -DLIBSSH2_WIN32 -IR:\src\third-party\libssh2-1.9.0\sources\include -ID:\b\src\third-party\libssh2-1.9.0 -external:I"C:\Program Files\OpenSSL\include" -external:W0 /DWIN32 /D_WINDOWS /W3 /GR /EHsc -D_UNICODE -DUNICODE -DWIN32 -D_WIN32 -D_CRT_SECURE_NO_WARNINGS -DBOOST_ALL_NO_LIB /wd4355 /wd4800 /wd4267 /wd4244 /wd4290 /wd4068 /wd4351 /MP /MP /wd4133 /MD /O2 /Ob2 /DNDEBUG /showIncludes /Fosrc\third-party\libssh2-1.9.0\CMakeFiles\libssh2.dir\sources\src\sftp.c.obj /Fdsrc\third-party\libssh2-1.9.0\CMakeFiles\libssh2.dir\libssh2.pdb /FS -c R:\src\third-party\libssh2-1.9.0\sources\src\sftp.c
build-app	Configure and Build Robo 3T	2026-04-22T00:49:01.9223933Z [23/253] C:\PROGRA~1\MICROS~2\2022\ENTERP~1\VC\Tools\MSVC\1444~1.352\bin\Hostx64\x64\cl.exe  /nologo -DLIBSSH2_OPENSSL -DLIBSSH2_WIN32 -IR:\src\third-party\libssh2-1.9.0\sources\include -ID:\b\src\third-party\libssh2-1.9.0 -external:I"C:\Program Files\OpenSSL\include" -external:W0 /DWIN32 /D_WINDOWS /W3 /GR /EHsc -D_UNICODE -DUNICODE -DWIN32 -D_WIN32 -D_CRT_SECURE_NO_WARNINGS -DBOOST_ALL_NO_LIB /wd4355 /wd4800 /wd4267 /wd4244 /wd4290 /wd4068 /wd4351 /MP /MP /wd4133 /MD /O2 /Ob2 /DNDEBUG /showIncludes /Fosrc\third-party\libssh2-1.9.0\CMakeFiles\libssh2.dir\sources\src\userauth.c.obj /Fdsrc\third-party\libssh2-1.9.0\CMakeFiles\libssh2.dir\libssh2.pdb /FS -c R:\src\third-party\libssh2-1.9.0\sources\src\userauth.c
build-app	Configure and Build Robo 3T	2026-04-22T00:49:01.9654671Z [24/253] C:\Windows\system32\cmd.exe /C "cd /D D:\b\src\third-party\qscintilla-2.8.4\sources\Qt4Qt5\Qsci && D:\a\robomongo\Qt\5.15.2\msvc2019_64\bin\moc.exe @D:/b/src/third-party/qscintilla-2.8.4/sources/Qt4Qt5/Qsci/moc_qsciapis.cpp_parameters"
build-app	Configure and Build Robo 3T	2026-04-22T00:49:01.9723285Z [25/253] C:\Windows\system32\cmd.exe /C "cd /D D:\b\src\third-party\qscintilla-2.8.4\sources\Qt4Qt5\Qsci && D:\a\robomongo\Qt\5.15.2\msvc2019_64\bin\moc.exe @D:/b/src/third-party/qscintilla-2.8.4/sources/Qt4Qt5/Qsci/moc_qsciabstractapis.cpp_parameters"
build-app	Configure and Build Robo 3T	2026-04-22T00:49:01.9848591Z [26/253] C:\Windows\system32\cmd.exe /C "cd /D D:\b\src\third-party\qscintilla-2.8.4\sources\Qt4Qt5\Qsci && D:\a\robomongo\Qt\5.15.2\msvc2019_64\bin\moc.exe @D:/b/src/third-party/qscintilla-2.8.4/sources/Qt4Qt5/Qsci/moc_qscilexer.cpp_parameters"
build-app	Configure and Build Robo 3T	2026-04-22T00:49:02.0348880Z [27/253] C:\PROGRA~1\MICROS~2\2022\ENTERP~1\VC\Tools\MSVC\1444~1.352\bin\Hostx64\x64\cl.exe  /nologo -DLIBSSH2_OPENSSL -DLIBSSH2_WIN32 -IR:\src\third-party\libssh2-1.9.0\sources\include -ID:\b\src\third-party\libssh2-1.9.0 -external:I"C:\Program Files\OpenSSL\include" -external:W0 /DWIN32 /D_WINDOWS /W3 /GR /EHsc -D_UNICODE -DUNICODE -DWIN32 -D_WIN32 -D_CRT_SECURE_NO_WARNINGS -DBOOST_ALL_NO_LIB /wd4355 /wd4800 /wd4267 /wd4244 /wd4290 /wd4068 /wd4351 /MP /MP /wd4133 /MD /O2 /Ob2 /DNDEBUG /showIncludes /Fosrc\third-party\libssh2-1.9.0\CMakeFiles\libssh2.dir\sources\src\version.c.obj /Fdsrc\third-party\libssh2-1.9.0\CMakeFiles\libssh2.dir\libssh2.pdb /FS -c R:\src\third-party\libssh2-1.9.0\sources\src\version.c
build-app	Configure and Build Robo 3T	2026-04-22T00:49:02.0514190Z [28/253] C:/PROGRA~1/CMake/bin/cmcldeps.exe RC R:\src\third-party\libssh2-1.9.0\sources\win32\libssh2.rc src\third-party\libssh2-1.9.0\CMakeFiles\libssh2.dir\sources\win32\libssh2.rc.res.d src\third-party\libssh2-1.9.0\CMakeFiles\libssh2.dir\sources\win32\libssh2.rc.res "Note: including file: " "C:/Program Files/Microsoft Visual Studio/2022/Enterprise/VC/Tools/MSVC/14.44.35207/bin/Hostx64/x64/cl.exe" C:\PROGRA~2\WI3CF2~1\10\bin\100261~1.0\x64\rc.exe -DLIBSSH2_OPENSSL -DLIBSSH2_WIN32 -I R:\src\third-party\libssh2-1.9.0\sources\include -I D:\b\src\third-party\libssh2-1.9.0 -I "C:\Program Files\OpenSSL\include" -DWIN32 /fo src\third-party\libssh2-1.9.0\CMakeFiles\libssh2.dir\sources\win32\libssh2.rc.res R:\src\third-party\libssh2-1.9.0\sources\win32\libssh2.rc
build-app	Configure and Build Robo 3T	2026-04-22T00:49:02.0645944Z [29/253] C:\Windows\system32\cmd.exe /C "cd /D D:\b\src\third-party\qscintilla-2.8.4\sources\Qt4Qt5\Qsci && D:\a\robomongo\Qt\5.15.2\msvc2019_64\bin\moc.exe @D:/b/src/third-party/qscintilla-2.8.4/sources/Qt4Qt5/Qsci/moc_qscilexercpp.cpp_parameters"
build-app	Configure and Build Robo 3T	2026-04-22T00:49:02.1177811Z [30/253] C:\Windows\system32\cmd.exe /C "cd /D D:\b\src\third-party\qscintilla-2.8.4\sources\Qt4Qt5\Qsci && D:\a\robomongo\Qt\5.15.2\msvc2019_64\bin\moc.exe @D:/b/src/third-party/qscintilla-2.8.4/sources/Qt4Qt5/Qsci/moc_qscimacro.cpp_parameters"
build-app	Configure and Build Robo 3T	2026-04-22T00:49:02.1247211Z [31/253] C:\Windows\system32\cmd.exe /C "cd /D D:\b\src\third-party\qscintilla-2.8.4\sources\Qt4Qt5\Qsci && D:\a\robomongo\Qt\5.15.2\msvc2019_64\bin\moc.exe @D:/b/src/third-party/qscintilla-2.8.4/sources/Qt4Qt5/Qsci/moc_qscilexerjavascript.cpp_parameters"
build-app	Configure and Build Robo 3T	2026-04-22T00:49:02.1438189Z [32/253] C:\Windows\system32\cmd.exe /C "cd /D D:\b\src\third-party\qscintilla-2.8.4\sources\Qt4Qt5\Qsci && D:\a\robomongo\Qt\5.15.2\msvc2019_64\bin\moc.exe @D:/b/src/third-party/qscintilla-2.8.4/sources/Qt4Qt5/Qsci/moc_qsciscintilla.cpp_parameters"
build-app	Configure and Build Robo 3T	2026-04-22T00:49:02.1749938Z [33/253] C:\Windows\system32\cmd.exe /C "cd /D D:\b\src\third-party\qscintilla-2.8.4\sources\Qt4Qt5\Qsci && D:\a\robomongo\Qt\5.15.2\msvc2019_64\bin\moc.exe @D:/b/src/third-party/qscintilla-2.8.4/sources/Qt4Qt5/Qsci/moc_qsciscintillabase.cpp_parameters"
build-app	Configure and Build Robo 3T	2026-04-22T00:49:02.5538449Z [34/253] C:\Windows\system32\cmd.exe /C "cd . && C:\PROGRA~1\MICROS~2\2022\ENTERP~1\VC\Tools\MSVC\1444~1.352\bin\Hostx64\x64\lib.exe /nologo /machine:x64 /out:src\third-party\libssh2-1.9.0\libssh2.lib src\third-party\libssh2-1.9.0\CMakeFiles\libssh2.dir\sources\src\openssl.c.obj src\third-party\libssh2-1.9.0\CMakeFiles\libssh2.dir\sources\src\agent.c.obj src\third-party\libssh2-1.9.0\CMakeFiles\libssh2.dir\sources\src\bcrypt_pbkdf.c.obj src\third-party\libssh2-1.9.0\CMakeFiles\libssh2.dir\sources\src\blowfish.c.obj src\third-party\libssh2-1.9.0\CMakeFiles\libssh2.dir\sources\src\channel.c.obj src\third-party\libssh2-1.9.0\CMakeFiles\libssh2.dir\sources\src\comp.c.obj src\third-party\libssh2-1.9.0\CMakeFiles\libssh2.dir\sources\src\crypt.c.obj src\third-party\libssh2-1.9.0\CMakeFiles\libssh2.dir\sources\src\global.c.obj src\third-party\libssh2-1.9.0\CMakeFiles\libssh2.dir\sources\src\hostkey.c.obj src\third-party\libssh2-1.9.0\CMakeFiles\libssh2.dir\sources\src\keepalive.c.obj src\third-party\libssh2-1.9.0\CMakeFiles\libssh2.dir\sources\src\kex.c.obj src\third-party\libssh2-1.9.0\CMakeFiles\libssh2.dir\sources\src\knownhost.c.obj src\third-party\libssh2-1.9.0\CMakeFiles\libssh2.dir\sources\src\mac.c.obj src\third-party\libssh2-1.9.0\CMakeFiles\libssh2.dir\sources\src\misc.c.obj src\third-party\libssh2-1.9.0\CMakeFiles\libssh2.dir\sources\src\packet.c.obj src\third-party\libssh2-1.9.0\CMakeFiles\libssh2.dir\sources\src\pem.c.obj src\third-party\libssh2-1.9.0\CMakeFiles\libssh2.dir\sources\src\publickey.c.obj src\third-party\libssh2-1.9.0\CMakeFiles\libssh2.dir\sources\src\scp.c.obj src\third-party\libssh2-1.9.0\CMakeFiles\libssh2.dir\sources\src\session.c.obj src\third-party\libssh2-1.9.0\CMakeFiles\libssh2.dir\sources\src\sftp.c.obj src\third-party\libssh2-1.9.0\CMakeFiles\libssh2.dir\sources\src\transport.c.obj src\third-party\libssh2-1.9.0\CMakeFiles\libssh2.dir\sources\src\userauth.c.obj src\third-party\libssh2-1.9.0\CMakeFiles\libssh2.dir\sources\src\version.c.obj src\third-party\libssh2-1.9.0\CMakeFiles\libssh2.dir\sources\win32\libssh2.rc.res && cd ."
build-app	Configure and Build Robo 3T	2026-04-22T00:49:02.6274294Z [35/253] C:\PROGRA~1\MICROS~2\2022\ENTERP~1\VC\Tools\MSVC\1444~1.352\bin\Hostx64\x64\cl.exe  /nologo  -ID:\b\src -IR:\src -IR:\src\third-party\libssh2-1.9.0\sources\include -external:I"C:\Program Files\OpenSSL\include" -external:W0 /DWIN32 /D_WINDOWS /W3 /GR /EHsc -D_UNICODE -DUNICODE -DWIN32 -D_WIN32 -D_CRT_SECURE_NO_WARNINGS -DBOOST_ALL_NO_LIB /wd4355 /wd4800 /wd4267 /wd4244 /wd4290 /wd4068 /wd4351 /MP /MP /MD /O2 /Ob2 /DNDEBUG /showIncludes /Fosrc\robomongo\ssh\CMakeFiles\ssh.dir\array.c.obj /Fdsrc\robomongo\ssh\CMakeFiles\ssh.dir\ssh.pdb /FS -c R:\src\robomongo\ssh\array.c
build-app	Configure and Build Robo 3T	2026-04-22T00:49:02.6891531Z [36/253] C:\PROGRA~1\MICROS~2\2022\ENTERP~1\VC\Tools\MSVC\1444~1.352\bin\Hostx64\x64\cl.exe  /nologo  -ID:\b\src -IR:\src -IR:\src\third-party\libssh2-1.9.0\sources\include -external:I"C:\Program Files\OpenSSL\include" -external:W0 /DWIN32 /D_WINDOWS /W3 /GR /EHsc -D_UNICODE -DUNICODE -DWIN32 -D_WIN32 -D_CRT_SECURE_NO_WARNINGS -DBOOST_ALL_NO_LIB /wd4355 /wd4800 /wd4267 /wd4244 /wd4290 /wd4068 /wd4351 /MP /MP /MD /O2 /Ob2 /DNDEBUG /showIncludes /Fosrc\robomongo\ssh\CMakeFiles\ssh.dir\log.c.obj /Fdsrc\robomongo\ssh\CMakeFiles\ssh.dir\ssh.pdb /FS -c R:\src\robomongo\ssh\log.c
build-app	Configure and Build Robo 3T	2026-04-22T00:49:02.6919906Z [37/253] C:\PROGRA~1\MICROS~2\2022\ENTERP~1\VC\Tools\MSVC\1444~1.352\bin\Hostx64\x64\cl.exe  /nologo  -ID:\b\src -IR:\src -IR:\src\third-party\libssh2-1.9.0\sources\include -external:I"C:\Program Files\OpenSSL\include" -external:W0 /DWIN32 /D_WINDOWS /W3 /GR /EHsc -D_UNICODE -DUNICODE -DWIN32 -D_WIN32 -D_CRT_SECURE_NO_WARNINGS -DBOOST_ALL_NO_LIB /wd4355 /wd4800 /wd4267 /wd4244 /wd4290 /wd4068 /wd4351 /MP /MP /MD /O2 /Ob2 /DNDEBUG /showIncludes /Fosrc\robomongo\ssh\CMakeFiles\ssh.dir\ssh.c.obj /Fdsrc\robomongo\ssh\CMakeFiles\ssh.dir\ssh.pdb /FS -c R:\src\robomongo\ssh\ssh.c
build-app	Configure and Build Robo 3T	2026-04-22T00:49:02.7241720Z [38/253] C:\Windows\system32\cmd.exe /C "cd /D D:\b\src\third-party\qjson-0.8.1 && "C:\Program Files\CMake\bin\cmake.exe" -E cmake_autogen D:/b/src/third-party/qjson-0.8.1/CMakeFiles/qjson_autogen.dir/AutogenInfo.json Release && "C:\Program Files\CMake\bin\cmake.exe" -E touch D:/b/src/third-party/qjson-0.8.1/qjson_autogen/timestamp && "C:\Program Files\CMake\bin\cmake.exe" -E cmake_transform_depfile Ninja gccdepfile R: R:/src/third-party/qjson-0.8.1 D:/b D:/b/src/third-party/qjson-0.8.1 D:/b/src/third-party/qjson-0.8.1/qjson_autogen/deps D:/b/CMakeFiles/d/ffd3f77c59eea0e258efd4c882efb4835b04507951d420845c771774a6fc5582.d"
build-app	Configure and Build Robo 3T	2026-04-22T00:49:02.7246350Z AutoMoc: R:/src/third-party/qjson-0.8.1/sources/src/qobjecthelper.h(0): Note: No relevant classes found. No output generated.
build-app	Configure and Build Robo 3T	2026-04-22T00:49:05.9068477Z [39/253] C:\PROGRA~1\MICROS~2\2022\ENTERP~1\VC\Tools\MSVC\1444~1.352\bin\Hostx64\x64\cl.exe  /nologo /TP -DQT_CORE_LIB -DQT_GUI_LIB -DQT_NO_DEBUG -DQT_PRINTSUPPORT_LIB -DQT_WIDGETS_LIB -DSCINTILLA_QT -DSCI_LEXER -ID:\b\src\third-party\qscintilla-2.8.4\qscintilla_autogen\include -IR:\src\third-party\qscintilla-2.8.4\sources\Qt4Qt5 -IR:\src\third-party\qscintilla-2.8.4\sources\include -IR:\src\third-party\qscintilla-2.8.4\sources\lexlib -IR:\src\third-party\qscintilla-2.8.4\sources\src -external:ID:\a\robomongo\Qt\5.15.2\msvc2019_64\include -external:ID:\a\robomongo\Qt\5.15.2\msvc2019_64\include\QtWidgets -external:ID:\a\robomongo\Qt\5.15.2\msvc2019_64\include\QtGui -external:ID:\a\robomongo\Qt\5.15.2\msvc2019_64\include\QtANGLE -external:ID:\a\robomongo\Qt\5.15.2\msvc2019_64\include\QtCore -external:ID:\a\robomongo\Qt\5.15.2\msvc2019_64\.\mkspecs\win32-msvc -external:ID:\a\robomongo\Qt\5.15.2\msvc2019_64\include\QtPrintSupport -external:W0 /DWIN32 /D_WINDOWS /W3 /GR /EHsc -D_UNICODE -DUNICODE -DWIN32 -D_WIN32 -D_CRT_SECURE_NO_WARNINGS -DBOOST_ALL_NO_LIB /wd4355 /wd4800 /wd4267 /wd4244 /wd4290 /wd4068 /wd4351 /MP /wd4554 /wd4099 /MD /O2 /Ob2 /DNDEBUG -std:c++17 /showIncludes /Fosrc\third-party\qscintilla-2.8.4\CMakeFiles\qscintilla.dir\sources\Qt4Qt5\Qsci\moc_qscilexer.cpp.obj /Fdsrc\third-party\qscintilla-2.8.4\CMakeFiles\qscintilla.dir\qscintilla.pdb /FS -c D:\b\src\third-party\qscintilla-2.8.4\sources\Qt4Qt5\Qsci\moc_qscilexer.cpp
build-app	Configure and Build Robo 3T	2026-04-22T00:49:05.9136430Z [40/253] C:\PROGRA~1\MICROS~2\2022\ENTERP~1\VC\Tools\MSVC\1444~1.352\bin\Hostx64\x64\cl.exe  /nologo /TP -DQT_CORE_LIB -DQT_GUI_LIB -DQT_NO_DEBUG -DQT_PRINTSUPPORT_LIB -DQT_WIDGETS_LIB -DSCINTILLA_QT -DSCI_LEXER -ID:\b\src\third-party\qscintilla-2.8.4\qscintilla_autogen\include -IR:\src\third-party\qscintilla-2.8.4\sources\Qt4Qt5 -IR:\src\third-party\qscintilla-2.8.4\sources\include -IR:\src\third-party\qscintilla-2.8.4\sources\lexlib -IR:\src\third-party\qscintilla-2.8.4\sources\src -external:ID:\a\robomongo\Qt\5.15.2\msvc2019_64\include -external:ID:\a\robomongo\Qt\5.15.2\msvc2019_64\include\QtWidgets -external:ID:\a\robomongo\Qt\5.15.2\msvc2019_64\include\QtGui -external:ID:\a\robomongo\Qt\5.15.2\msvc2019_64\include\QtANGLE -external:ID:\a\robomongo\Qt\5.15.2\msvc2019_64\include\QtCore -external:ID:\a\robomongo\Qt\5.15.2\msvc2019_64\.\mkspecs\win32-msvc -external:ID:\a\robomongo\Qt\5.15.2\msvc2019_64\include\QtPrintSupport -external:W0 /DWIN32 /D_WINDOWS /W3 /GR /EHsc -D_UNICODE -DUNICODE -DWIN32 -D_WIN32 -D_CRT_SECURE_NO_WARNINGS -DBOOST_ALL_NO_LIB /wd4355 /wd4800 /wd4267 /wd4244 /wd4290 /wd4068 /wd4351 /MP /wd4554 /wd4099 /MD /O2 /Ob2 /DNDEBUG -std:c++17 /showIncludes /Fosrc\third-party\qscintilla-2.8.4\CMakeFiles\qscintilla.dir\sources\Qt4Qt5\Qsci\moc_qscilexercpp.cpp.obj /Fdsrc\third-party\qscintilla-2.8.4\CMakeFiles\qscintilla.dir\qscintilla.pdb /FS -c D:\b\src\third-party\qscintilla-2.8.4\sources\Qt4Qt5\Qsci\moc_qscilexercpp.cpp
build-app	Configure and Build Robo 3T	2026-04-22T00:49:05.9627644Z [41/253] C:\PROGRA~1\MICROS~2\2022\ENTERP~1\VC\Tools\MSVC\1444~1.352\bin\Hostx64\x64\cl.exe  /nologo /TP -DQT_CORE_LIB -DQT_GUI_LIB -DQT_NO_DEBUG -DQT_PRINTSUPPORT_LIB -DQT_WIDGETS_LIB -DSCINTILLA_QT -DSCI_LEXER -ID:\b\src\third-party\qscintilla-2.8.4\qscintilla_autogen\include -IR:\src\third-party\qscintilla-2.8.4\sources\Qt4Qt5 -IR:\src\third-party\qscintilla-2.8.4\sources\include -IR:\src\third-party\qscintilla-2.8.4\sources\lexlib -IR:\src\third-party\qscintilla-2.8.4\sources\src -external:ID:\a\robomongo\Qt\5.15.2\msvc2019_64\include -external:ID:\a\robomongo\Qt\5.15.2\msvc2019_64\include\QtWidgets -external:ID:\a\robomongo\Qt\5.15.2\msvc2019_64\include\QtGui -external:ID:\a\robomongo\Qt\5.15.2\msvc2019_64\include\QtANGLE -external:ID:\a\robomongo\Qt\5.15.2\msvc2019_64\include\QtCore -external:ID:\a\robomongo\Qt\5.15.2\msvc2019_64\.\mkspecs\win32-msvc -external:ID:\a\robomongo\Qt\5.15.2\msvc2019_64\include\QtPrintSupport -external:W0 /DWIN32 /D_WINDOWS /W3 /GR /EHsc -D_UNICODE -DUNICODE -DWIN32 -D_WIN32 -D_CRT_SECURE_NO_WARNINGS -DBOOST_ALL_NO_LIB /wd4355 /wd4800 /wd4267 /wd4244 /wd4290 /wd4068 /wd4351 /MP /wd4554 /wd4099 /MD /O2 /Ob2 /DNDEBUG -std:c++17 /showIncludes /Fosrc\third-party\qscintilla-2.8.4\CMakeFiles\qscintilla.dir\sources\Qt4Qt5\Qsci\moc_qsciabstractapis.cpp.obj /Fdsrc\third-party\qscintilla-2.8.4\CMakeFiles\qscintilla.dir\qscintilla.pdb /FS -c D:\b\src\third-party\qscintilla-2.8.4\sources\Qt4Qt5\Qsci\moc_qsciabstractapis.cpp
build-app	Configure and Build Robo 3T	2026-04-22T00:49:05.9693135Z [42/253] C:\PROGRA~1\MICROS~2\2022\ENTERP~1\VC\Tools\MSVC\1444~1.352\bin\Hostx64\x64\cl.exe  /nologo /TP -DQJSON_STATIC -DQT_CORE_LIB -DQT_NO_DEBUG -ID:\b\src\third-party\qjson-0.8.1\qjson_autogen\include -IR:\src\third-party\qjson-0.8.1\sources\src -external:ID:\a\robomongo\Qt\5.15.2\msvc2019_64\include -external:ID:\a\robomongo\Qt\5.15.2\msvc2019_64\include\QtCore -external:ID:\a\robomongo\Qt\5.15.2\msvc2019_64\.\mkspecs\win32-msvc -external:W0 /DWIN32 /D_WINDOWS /W3 /GR /EHsc -D_UNICODE -DUNICODE -DWIN32 -D_WIN32 -D_CRT_SECURE_NO_WARNINGS -DBOOST_ALL_NO_LIB /wd4355 /wd4800 /wd4267 /wd4244 /wd4290 /wd4068 /wd4351 /MP /wd4065 /wd5033 /MD /O2 /Ob2 /DNDEBUG -std:c++17 /showIncludes /Fosrc\third-party\qjson-0.8.1\CMakeFiles\qjson.dir\qjson_autogen\mocs_compilation.cpp.obj /Fdsrc\third-party\qjson-0.8.1\CMakeFiles\qjson.dir\qjson.pdb /FS -c D:\b\src\third-party\qjson-0.8.1\qjson_autogen\mocs_compilation.cpp
build-app	Configure and Build Robo 3T	2026-04-22T00:49:06.3768830Z [43/253] C:\PROGRA~1\MICROS~2\2022\ENTERP~1\VC\Tools\MSVC\1444~1.352\bin\Hostx64\x64\cl.exe  /nologo /TP -DQT_CORE_LIB -DQT_GUI_LIB -DQT_NO_DEBUG -DQT_PRINTSUPPORT_LIB -DQT_WIDGETS_LIB -DSCINTILLA_QT -DSCI_LEXER -ID:\b\src\third-party\qscintilla-2.8.4\qscintilla_autogen\include -IR:\src\third-party\qscintilla-2.8.4\sources\Qt4Qt5 -IR:\src\third-party\qscintilla-2.8.4\sources\include -IR:\src\third-party\qscintilla-2.8.4\sources\lexlib -IR:\src\third-party\qscintilla-2.8.4\sources\src -external:ID:\a\robomongo\Qt\5.15.2\msvc2019_64\include -external:ID:\a\robomongo\Qt\5.15.2\msvc2019_64\include\QtWidgets -external:ID:\a\robomongo\Qt\5.15.2\msvc2019_64\include\QtGui -external:ID:\a\robomongo\Qt\5.15.2\msvc2019_64\include\QtANGLE -external:ID:\a\robomongo\Qt\5.15.2\msvc2019_64\include\QtCore -external:ID:\a\robomongo\Qt\5.15.2\msvc2019_64\.\mkspecs\win32-msvc -external:ID:\a\robomongo\Qt\5.15.2\msvc2019_64\include\QtPrintSupport -external:W0 /DWIN32 /D_WINDOWS /W3 /GR /EHsc -D_UNICODE -DUNICODE -DWIN32 -D_WIN32 -D_CRT_SECURE_NO_WARNINGS -DBOOST_ALL_NO_LIB /wd4355 /wd4800 /wd4267 /wd4244 /wd4290 /wd4068 /wd4351 /MP /wd4554 /wd4099 /MD /O2 /Ob2 /DNDEBUG -std:c++17 /showIncludes /Fosrc\third-party\qscintilla-2.8.4\CMakeFiles\qscintilla.dir\sources\Qt4Qt5\Qsci\moc_qsciapis.cpp.obj /Fdsrc\third-party\qscintilla-2.8.4\CMakeFiles\qscintilla.dir\qscintilla.pdb /FS -c D:\b\src\third-party\qscintilla-2.8.4\sources\Qt4Qt5\Qsci\moc_qsciapis.cpp
build-app	Configure and Build Robo 3T	2026-04-22T00:49:06.8976339Z [44/253] C:\PROGRA~1\MICROS~2\2022\ENTERP~1\VC\Tools\MSVC\1444~1.352\bin\Hostx64\x64\cl.exe  /nologo /TP -DQT_CORE_LIB -DQT_GUI_LIB -DQT_NO_DEBUG -DQT_PRINTSUPPORT_LIB -DQT_WIDGETS_LIB -DSCINTILLA_QT -DSCI_LEXER -ID:\b\src\third-party\qscintilla-2.8.4\qscintilla_autogen\include -IR:\src\third-party\qscintilla-2.8.4\sources\Qt4Qt5 -IR:\src\third-party\qscintilla-2.8.4\sources\include -IR:\src\third-party\qscintilla-2.8.4\sources\lexlib -IR:\src\third-party\qscintilla-2.8.4\sources\src -external:ID:\a\robomongo\Qt\5.15.2\msvc2019_64\include -external:ID:\a\robomongo\Qt\5.15.2\msvc2019_64\include\QtWidgets -external:ID:\a\robomongo\Qt\5.15.2\msvc2019_64\include\QtGui -external:ID:\a\robomongo\Qt\5.15.2\msvc2019_64\include\QtANGLE -external:ID:\a\robomongo\Qt\5.15.2\msvc2019_64\include\QtCore -external:ID:\a\robomongo\Qt\5.15.2\msvc2019_64\.\mkspecs\win32-msvc -external:ID:\a\robomongo\Qt\5.15.2\msvc2019_64\include\QtPrintSupport -external:W0 /DWIN32 /D_WINDOWS /W3 /GR /EHsc -D_UNICODE -DUNICODE -DWIN32 -D_WIN32 -D_CRT_SECURE_NO_WARNINGS -DBOOST_ALL_NO_LIB /wd4355 /wd4800 /wd4267 /wd4244 /wd4290 /wd4068 /wd4351 /MP /wd4554 /wd4099 /MD /O2 /Ob2 /DNDEBUG -std:c++17 /showIncludes /Fosrc\third-party\qscintilla-2.8.4\CMakeFiles\qscintilla.dir\qscintilla_autogen\mocs_compilation.cpp.obj /Fdsrc\third-party\qscintilla-2.8.4\CMakeFiles\qscintilla.dir\qscintilla.pdb /FS -c D:\b\src\third-party\qscintilla-2.8.4\qscintilla_autogen\mocs_compilation.cpp
build-app	Configure and Build Robo 3T	2026-04-22T00:49:08.9730505Z [45/253] C:\PROGRA~1\MICROS~2\2022\ENTERP~1\VC\Tools\MSVC\1444~1.352\bin\Hostx64\x64\cl.exe  /nologo /TP -DQJSON_STATIC -DQT_CORE_LIB -DQT_NO_DEBUG -ID:\b\src\third-party\qjson-0.8.1\qjson_autogen\include -IR:\src\third-party\qjson-0.8.1\sources\src -external:ID:\a\robomongo\Qt\5.15.2\msvc2019_64\include -external:ID:\a\robomongo\Qt\5.15.2\msvc2019_64\include\QtCore -external:ID:\a\robomongo\Qt\5.15.2\msvc2019_64\.\mkspecs\win32-msvc -external:W0 /DWIN32 /D_WINDOWS /W3 /GR /EHsc -D_UNICODE -DUNICODE -DWIN32 -D_WIN32 -D_CRT_SECURE_NO_WARNINGS -DBOOST_ALL_NO_LIB /wd4355 /wd4800 /wd4267 /wd4244 /wd4290 /wd4068 /wd4351 /MP /wd4065 /wd5033 /MD /O2 /Ob2 /DNDEBUG -std:c++17 /showIncludes /Fosrc\third-party\qjson-0.8.1\CMakeFiles\qjson.dir\sources\src\qobjecthelper.cpp.obj /Fdsrc\third-party\qjson-0.8.1\CMakeFiles\qjson.dir\qjson.pdb /FS -c R:\src\third-party\qjson-0.8.1\sources\src\qobjecthelper.cpp
build-app	Configure and Build Robo 3T	2026-04-22T00:49:09.2364449Z [46/253] C:\PROGRA~1\MICROS~2\2022\ENTERP~1\VC\Tools\MSVC\1444~1.352\bin\Hostx64\x64\cl.exe  /nologo /TP -DQJSON_STATIC -DQT_CORE_LIB -DQT_NO_DEBUG -ID:\b\src\third-party\qjson-0.8.1\qjson_autogen\include -IR:\src\third-party\qjson-0.8.1\sources\src -external:ID:\a\robomongo\Qt\5.15.2\msvc2019_64\include -external:ID:\a\robomongo\Qt\5.15.2\msvc2019_64\include\QtCore -external:ID:\a\robomongo\Qt\5.15.2\msvc2019_64\.\mkspecs\win32-msvc -external:W0 /DWIN32 /D_WINDOWS /W3 /GR /EHsc -D_UNICODE -DUNICODE -DWIN32 -D_WIN32 -D_CRT_SECURE_NO_WARNINGS -DBOOST_ALL_NO_LIB /wd4355 /wd4800 /wd4267 /wd4244 /wd4290 /wd4068 /wd4351 /MP /wd4065 /wd5033 /MD /O2 /Ob2 /DNDEBUG -std:c++17 /showIncludes /Fosrc\third-party\qjson-0.8.1\CMakeFiles\qjson.dir\sources\src\parser.cpp.obj /Fdsrc\third-party\qjson-0.8.1\CMakeFiles\qjson.dir\qjson.pdb /FS -c R:\src\third-party\qjson-0.8.1\sources\src\parser.cpp
build-app	Configure and Build Robo 3T	2026-04-22T00:49:09.5757987Z [47/253] C:\PROGRA~1\MICROS~2\2022\ENTERP~1\VC\Tools\MSVC\1444~1.352\bin\Hostx64\x64\cl.exe  /nologo /TP -DQJSON_STATIC -DQT_CORE_LIB -DQT_NO_DEBUG -ID:\b\src\third-party\qjson-0.8.1\qjson_autogen\include -IR:\src\third-party\qjson-0.8.1\sources\src -external:ID:\a\robomongo\Qt\5.15.2\msvc2019_64\include -external:ID:\a\robomongo\Qt\5.15.2\msvc2019_64\include\QtCore -external:ID:\a\robomongo\Qt\5.15.2\msvc2019_64\.\mkspecs\win32-msvc -external:W0 /DWIN32 /D_WINDOWS /W3 /GR /EHsc -D_UNICODE -DUNICODE -DWIN32 -D_WIN32 -D_CRT_SECURE_NO_WARNINGS -DBOOST_ALL_NO_LIB /wd4355 /wd4800 /wd4267 /wd4244 /wd4290 /wd4068 /wd4351 /MP /wd4065 /wd5033 /MD /O2 /Ob2 /DNDEBUG -std:c++17 /showIncludes /Fosrc\third-party\qjson-0.8.1\CMakeFiles\qjson.dir\sources\src\parserrunnable.cpp.obj /Fdsrc\third-party\qjson-0.8.1\CMakeFiles\qjson.dir\qjson.pdb /FS -c R:\src\third-party\qjson-0.8.1\sources\src\parserrunnable.cpp
build-app	Configure and Build Robo 3T	2026-04-22T00:49:10.3222465Z [48/253] C:\PROGRA~1\MICROS~2\2022\ENTERP~1\VC\Tools\MSVC\1444~1.352\bin\Hostx64\x64\cl.exe  /nologo /TP -DQJSON_STATIC -DQT_CORE_LIB -DQT_NO_DEBUG -ID:\b\src\third-party\qjson-0.8.1\qjson_autogen\include -IR:\src\third-party\qjson-0.8.1\sources\src -external:ID:\a\robomongo\Qt\5.15.2\msvc2019_64\include -external:ID:\a\robomongo\Qt\5.15.2\msvc2019_64\include\QtCore -external:ID:\a\robomongo\Qt\5.15.2\msvc2019_64\.\mkspecs\win32-msvc -external:W0 /DWIN32 /D_WINDOWS /W3 /GR /EHsc -D_UNICODE -DUNICODE -DWIN32 -D_WIN32 -D_CRT_SECURE_NO_WARNINGS -DBOOST_ALL_NO_LIB /wd4355 /wd4800 /wd4267 /wd4244 /wd4290 /wd4068 /wd4351 /MP /wd4065 /wd5033 /MD /O2 /Ob2 /DNDEBUG -std:c++17 /showIncludes /Fosrc\third-party\qjson-0.8.1\CMakeFiles\qjson.dir\sources\src\json_scanner.cpp.obj /Fdsrc\third-party\qjson-0.8.1\CMakeFiles\qjson.dir\qjson.pdb /FS -c R:\src\third-party\qjson-0.8.1\sources\src\json_scanner.cpp
build-app	Configure and Build Robo 3T	2026-04-22T00:49:11.5426894Z [49/253] C:\PROGRA~1\MICROS~2\2022\ENTERP~1\VC\Tools\MSVC\1444~1.352\bin\Hostx64\x64\cl.exe  /nologo /TP -DQJSON_STATIC -DQT_CORE_LIB -DQT_NO_DEBUG -ID:\b\src\third-party\qjson-0.8.1\qjson_autogen\include -IR:\src\third-party\qjson-0.8.1\sources\src -external:ID:\a\robomongo\Qt\5.15.2\msvc2019_64\include -external:ID:\a\robomongo\Qt\5.15.2\msvc2019_64\include\QtCore -external:ID:\a\robomongo\Qt\5.15.2\msvc2019_64\.\mkspecs\win32-msvc -external:W0 /DWIN32 /D_WINDOWS /W3 /GR /EHsc -D_UNICODE -DUNICODE -DWIN32 -D_WIN32 -D_CRT_SECURE_NO_WARNINGS -DBOOST_ALL_NO_LIB /wd4355 /wd4800 /wd4267 /wd4244 /wd4290 /wd4068 /wd4351 /MP /wd4065 /wd5033 /MD /O2 /Ob2 /DNDEBUG -std:c++17 /showIncludes /Fosrc\third-party\qjson-0.8.1\CMakeFiles\qjson.dir\sources\src\serializer.cpp.obj /Fdsrc\third-party\qjson-0.8.1\CMakeFiles\qjson.dir\qjson.pdb /FS -c R:\src\third-party\qjson-0.8.1\sources\src\serializer.cpp
build-app	Configure and Build Robo 3T	2026-04-22T00:49:12.2123513Z [50/253] C:\PROGRA~1\MICROS~2\2022\ENTERP~1\VC\Tools\MSVC\1444~1.352\bin\Hostx64\x64\cl.exe  /nologo /TP -DQJSON_STATIC -DQT_CORE_LIB -DQT_NO_DEBUG -ID:\b\src\third-party\qjson-0.8.1\qjson_autogen\include -IR:\src\third-party\qjson-0.8.1\sources\src -external:ID:\a\robomongo\Qt\5.15.2\msvc2019_64\include -external:ID:\a\robomongo\Qt\5.15.2\msvc2019_64\include\QtCore -external:ID:\a\robomongo\Qt\5.15.2\msvc2019_64\.\mkspecs\win32-msvc -external:W0 /DWIN32 /D_WINDOWS /W3 /GR /EHsc -D_UNICODE -DUNICODE -DWIN32 -D_WIN32 -D_CRT_SECURE_NO_WARNINGS -DBOOST_ALL_NO_LIB /wd4355 /wd4800 /wd4267 /wd4244 /wd4290 /wd4068 /wd4351 /MP /wd4065 /wd5033 /MD /O2 /Ob2 /DNDEBUG -std:c++17 /showIncludes /Fosrc\third-party\qjson-0.8.1\CMakeFiles\qjson.dir\sources\src\serializerrunnable.cpp.obj /Fdsrc\third-party\qjson-0.8.1\CMakeFiles\qjson.dir\qjson.pdb /FS -c R:\src\third-party\qjson-0.8.1\sources\src\serializerrunnable.cpp
build-app	Configure and Build Robo 3T	2026-04-22T00:49:12.3170636Z [51/253] C:\PROGRA~1\MICROS~2\2022\ENTERP~1\VC\Tools\MSVC\1444~1.352\bin\Hostx64\x64\cl.exe  /nologo /TP -DQT_CORE_LIB -DQT_GUI_LIB -DQT_NO_DEBUG -DQT_PRINTSUPPORT_LIB -DQT_WIDGETS_LIB -DSCINTILLA_QT -DSCI_LEXER -ID:\b\src\third-party\qscintilla-2.8.4\qscintilla_autogen\include -IR:\src\third-party\qscintilla-2.8.4\sources\Qt4Qt5 -IR:\src\third-party\qscintilla-2.8.4\sources\include -IR:\src\third-party\qscintilla-2.8.4\sources\lexlib -IR:\src\third-party\qscintilla-2.8.4\sources\src -external:ID:\a\robomongo\Qt\5.15.2\msvc2019_64\include -external:ID:\a\robomongo\Qt\5.15.2\msvc2019_64\include\QtWidgets -external:ID:\a\robomongo\Qt\5.15.2\msvc2019_64\include\QtGui -external:ID:\a\robomongo\Qt\5.15.2\msvc2019_64\include\QtANGLE -external:ID:\a\robomongo\Qt\5.15.2\msvc2019_64\include\QtCore -external:ID:\a\robomongo\Qt\5.15.2\msvc2019_64\.\mkspecs\win32-msvc -external:ID:\a\robomongo\Qt\5.15.2\msvc2019_64\include\QtPrintSupport -external:W0 /DWIN32 /D_WINDOWS /W3 /GR /EHsc -D_UNICODE -DUNICODE -DWIN32 -D_WIN32 -D_CRT_SECURE_NO_WARNINGS -DBOOST_ALL_NO_LIB /wd4355 /wd4800 /wd4267 /wd4244 /wd4290 /wd4068 /wd4351 /MP /wd4554 /wd4099 /MD /O2 /Ob2 /DNDEBUG -std:c++17 /showIncludes /Fosrc\third-party\qscintilla-2.8.4\CMakeFiles\qscintilla.dir\sources\Qt4Qt5\Qsci\moc_qscilexerjavascript.cpp.obj /Fdsrc\third-party\qscintilla-2.8.4\CMakeFiles\qscintilla.dir\qscintilla.pdb /FS -c D:\b\src\third-party\qscintilla-2.8.4\sources\Qt4Qt5\Qsci\moc_qscilexerjavascript.cpp
build-app	Configure and Build Robo 3T	2026-04-22T00:49:12.4398522Z [52/253] C:\PROGRA~1\MICROS~2\2022\ENTERP~1\VC\Tools\MSVC\1444~1.352\bin\Hostx64\x64\cl.exe  /nologo /TP -DQT_CORE_LIB -DQT_GUI_LIB -DQT_NO_DEBUG -DQT_PRINTSUPPORT_LIB -DQT_WIDGETS_LIB -DSCINTILLA_QT -DSCI_LEXER -ID:\b\src\third-party\qscintilla-2.8.4\qscintilla_autogen\include -IR:\src\third-party\qscintilla-2.8.4\sources\Qt4Qt5 -IR:\src\third-party\qscintilla-2.8.4\sources\include -IR:\src\third-party\qscintilla-2.8.4\sources\lexlib -IR:\src\third-party\qscintilla-2.8.4\sources\src -external:ID:\a\robomongo\Qt\5.15.2\msvc2019_64\include -external:ID:\a\robomongo\Qt\5.15.2\msvc2019_64\include\QtWidgets -external:ID:\a\robomongo\Qt\5.15.2\msvc2019_64\include\QtGui -external:ID:\a\robomongo\Qt\5.15.2\msvc2019_64\include\QtANGLE -external:ID:\a\robomongo\Qt\5.15.2\msvc2019_64\include\QtCore -external:ID:\a\robomongo\Qt\5.15.2\msvc2019_64\.\mkspecs\win32-msvc -external:ID:\a\robomongo\Qt\5.15.2\msvc2019_64\include\QtPrintSupport -external:W0 /DWIN32 /D_WINDOWS /W3 /GR /EHsc -D_UNICODE -DUNICODE -DWIN32 -D_WIN32 -D_CRT_SECURE_NO_WARNINGS -DBOOST_ALL_NO_LIB /wd4355 /wd4800 /wd4267 /wd4244 /wd4290 /wd4068 /wd4351 /MP /wd4554 /wd4099 /MD /O2 /Ob2 /DNDEBUG -std:c++17 /showIncludes /Fosrc\third-party\qscintilla-2.8.4\CMakeFiles\qscintilla.dir\sources\Qt4Qt5\Qsci\moc_qscimacro.cpp.obj /Fdsrc\third-party\qscintilla-2.8.4\CMakeFiles\qscintilla.dir\qscintilla.pdb /FS -c D:\b\src\third-party\qscintilla-2.8.4\sources\Qt4Qt5\Qsci\moc_qscimacro.cpp
build-app	Configure and Build Robo 3T	2026-04-22T00:49:12.5402484Z [53/253] C:\PROGRA~1\MICROS~2\2022\ENTERP~1\VC\Tools\MSVC\1444~1.352\bin\Hostx64\x64\cl.exe  /nologo /TP -DQJSON_STATIC -DQT_CORE_LIB -DQT_NO_DEBUG -ID:\b\src\third-party\qjson-0.8.1\qjson_autogen\include -IR:\src\third-party\qjson-0.8.1\sources\src -external:ID:\a\robomongo\Qt\5.15.2\msvc2019_64\include -external:ID:\a\robomongo\Qt\5.15.2\msvc2019_64\include\QtCore -external:ID:\a\robomongo\Qt\5.15.2\msvc2019_64\.\mkspecs\win32-msvc -external:W0 /DWIN32 /D_WINDOWS /W3 /GR /EHsc -D_UNICODE -DUNICODE -DWIN32 -D_WIN32 -D_CRT_SECURE_NO_WARNINGS -DBOOST_ALL_NO_LIB /wd4355 /wd4800 /wd4267 /wd4244 /wd4290 /wd4068 /wd4351 /MP /wd4065 /wd5033 /MD /O2 /Ob2 /DNDEBUG -std:c++17 /showIncludes /Fosrc\third-party\qjson-0.8.1\CMakeFiles\qjson.dir\sources\src\json_parser.cc.obj /Fdsrc\third-party\qjson-0.8.1\CMakeFiles\qjson.dir\qjson.pdb /FS -c R:\src\third-party\qjson-0.8.1\sources\src\json_parser.cc
build-app	Configure and Build Robo 3T	2026-04-22T00:49:12.6280850Z [54/253] C:\PROGRA~1\MICROS~2\2022\ENTERP~1\VC\Tools\MSVC\1444~1.352\bin\Hostx64\x64\cl.exe  /nologo /TP -DQT_CORE_LIB -DQT_GUI_LIB -DQT_NO_DEBUG -DQT_PRINTSUPPORT_LIB -DQT_WIDGETS_LIB -DSCINTILLA_QT -DSCI_LEXER -ID:\b\src\third-party\qscintilla-2.8.4\qscintilla_autogen\include -IR:\src\third-party\qscintilla-2.8.4\sources\Qt4Qt5 -IR:\src\third-party\qscintilla-2.8.4\sources\include -IR:\src\third-party\qscintilla-2.8.4\sources\lexlib -IR:\src\third-party\qscintilla-2.8.4\sources\src -external:ID:\a\robomongo\Qt\5.15.2\msvc2019_64\include -external:ID:\a\robomongo\Qt\5.15.2\msvc2019_64\include\QtWidgets -external:ID:\a\robomongo\Qt\5.15.2\msvc2019_64\include\QtGui -external:ID:\a\robomongo\Qt\5.15.2\msvc2019_64\include\QtANGLE -external:ID:\a\robomongo\Qt\5.15.2\msvc2019_64\include\QtCore -external:ID:\a\robomongo\Qt\5.15.2\msvc2019_64\.\mkspecs\win32-msvc -external:ID:\a\robomongo\Qt\5.15.2\msvc2019_64\include\QtPrintSupport -external:W0 /DWIN32 /D_WINDOWS /W3 /GR /EHsc -D_UNICODE -DUNICODE -DWIN32 -D_WIN32 -D_CRT_SECURE_NO_WARNINGS -DBOOST_ALL_NO_LIB /wd4355 /wd4800 /wd4267 /wd4244 /wd4290 /wd4068 /wd4351 /MP /wd4554 /wd4099 /MD /O2 /Ob2 /DNDEBUG -std:c++17 /showIncludes /Fosrc\third-party\qscintilla-2.8.4\CMakeFiles\qscintilla.dir\sources\lexlib\StyleContext.cpp.obj /Fdsrc\third-party\qscintilla-2.8.4\CMakeFiles\qscintilla.dir\qscintilla.pdb /FS -c R:\src\third-party\qscintilla-2.8.4\sources\lexlib\StyleContext.cpp
build-app	Configure and Build Robo 3T	2026-04-22T00:49:13.2515361Z [55/253] C:\PROGRA~1\MICROS~2\2022\ENTERP~1\VC\Tools\MSVC\1444~1.352\bin\Hostx64\x64\cl.exe  /nologo /TP -DQT_CORE_LIB -DQT_GUI_LIB -DQT_NO_DEBUG -DQT_PRINTSUPPORT_LIB -DQT_WIDGETS_LIB -DSCINTILLA_QT -DSCI_LEXER -ID:\b\src\third-party\qscintilla-2.8.4\qscintilla_autogen\include -IR:\src\third-party\qscintilla-2.8.4\sources\Qt4Qt5 -IR:\src\third-party\qscintilla-2.8.4\sources\include -IR:\src\third-party\qscintilla-2.8.4\sources\lexlib -IR:\src\third-party\qscintilla-2.8.4\sources\src -external:ID:\a\robomongo\Qt\5.15.2\msvc2019_64\include -external:ID:\a\robomongo\Qt\5.15.2\msvc2019_64\include\QtWidgets -external:ID:\a\robomongo\Qt\5.15.2\msvc2019_64\include\QtGui -external:ID:\a\robomongo\Qt\5.15.2\msvc2019_64\include\QtANGLE -external:ID:\a\robomongo\Qt\5.15.2\msvc2019_64\include\QtCore -external:ID:\a\robomongo\Qt\5.15.2\msvc2019_64\.\mkspecs\win32-msvc -external:ID:\a\robomongo\Qt\5.15.2\msvc2019_64\include\QtPrintSupport -external:W0 /DWIN32 /D_WINDOWS /W3 /GR /EHsc -D_UNICODE -DUNICODE -DWIN32 -D_WIN32 -D_CRT_SECURE_NO_WARNINGS -DBOOST_ALL_NO_LIB /wd4355 /wd4800 /wd4267 /wd4244 /wd4290 /wd4068 /wd4351 /MP /wd4554 /wd4099 /MD /O2 /Ob2 /DNDEBUG -std:c++17 /showIncludes /Fosrc\third-party\qscintilla-2.8.4\CMakeFiles\qscintilla.dir\sources\lexlib\Accessor.cpp.obj /Fdsrc\third-party\qscintilla-2.8.4\CMakeFiles\qscintilla.dir\qscintilla.pdb /FS -c R:\src\third-party\qscintilla-2.8.4\sources\lexlib\Accessor.cpp
build-app	Configure and Build Robo 3T	2026-04-22T00:49:13.3190413Z [56/253] C:\PROGRA~1\MICROS~2\2022\ENTERP~1\VC\Tools\MSVC\1444~1.352\bin\Hostx64\x64\cl.exe  /nologo /TP -DQT_CORE_LIB -DQT_GUI_LIB -DQT_NO_DEBUG -DQT_PRINTSUPPORT_LIB -DQT_WIDGETS_LIB -DSCINTILLA_QT -DSCI_LEXER -ID:\b\src\third-party\qscintilla-2.8.4\qscintilla_autogen\include -IR:\src\third-party\qscintilla-2.8.4\sources\Qt4Qt5 -IR:\src\third-party\qscintilla-2.8.4\sources\include -IR:\src\third-party\qscintilla-2.8.4\sources\lexlib -IR:\src\third-party\qscintilla-2.8.4\sources\src -external:ID:\a\robomongo\Qt\5.15.2\msvc2019_64\include -external:ID:\a\robomongo\Qt\5.15.2\msvc2019_64\include\QtWidgets -external:ID:\a\robomongo\Qt\5.15.2\msvc2019_64\include\QtGui -external:ID:\a\robomongo\Qt\5.15.2\msvc2019_64\include\QtANGLE -external:ID:\a\robomongo\Qt\5.15.2\msvc2019_64\include\QtCore -external:ID:\a\robomongo\Qt\5.15.2\msvc2019_64\.\mkspecs\win32-msvc -external:ID:\a\robomongo\Qt\5.15.2\msvc2019_64\include\QtPrintSupport -external:W0 /DWIN32 /D_WINDOWS /W3 /GR /EHsc -D_UNICODE -DUNICODE -DWIN32 -D_WIN32 -D_CRT_SECURE_NO_WARNINGS -DBOOST_ALL_NO_LIB /wd4355 /wd4800 /wd4267 /wd4244 /wd4290 /wd4068 /wd4351 /MP /wd4554 /wd4099 /MD /O2 /Ob2 /DNDEBUG -std:c++17 /showIncludes /Fosrc\third-party\qscintilla-2.8.4\CMakeFiles\qscintilla.dir\sources\lexlib\LexerBase.cpp.obj /Fdsrc\third-party\qscintilla-2.8.4\CMakeFiles\qscintilla.dir\qscintilla.pdb /FS -c R:\src\third-party\qscintilla-2.8.4\sources\lexlib\LexerBase.cpp
build-app	Configure and Build Robo 3T	2026-04-22T00:49:13.3907199Z [57/253] C:\PROGRA~1\MICROS~2\2022\ENTERP~1\VC\Tools\MSVC\1444~1.352\bin\Hostx64\x64\cl.exe  /nologo /TP -DQT_CORE_LIB -DQT_GUI_LIB -DQT_NO_DEBUG -DQT_PRINTSUPPORT_LIB -DQT_WIDGETS_LIB -DSCINTILLA_QT -DSCI_LEXER -ID:\b\src\third-party\qscintilla-2.8.4\qscintilla_autogen\include -IR:\src\third-party\qscintilla-2.8.4\sources\Qt4Qt5 -IR:\src\third-party\qscintilla-2.8.4\sources\include -IR:\src\third-party\qscintilla-2.8.4\sources\lexlib -IR:\src\third-party\qscintilla-2.8.4\sources\src -external:ID:\a\robomongo\Qt\5.15.2\msvc2019_64\include -external:ID:\a\robomongo\Qt\5.15.2\msvc2019_64\include\QtWidgets -external:ID:\a\robomongo\Qt\5.15.2\msvc2019_64\include\QtGui -external:ID:\a\robomongo\Qt\5.15.2\msvc2019_64\include\QtANGLE -external:ID:\a\robomongo\Qt\5.15.2\msvc2019_64\include\QtCore -external:ID:\a\robomongo\Qt\5.15.2\msvc2019_64\.\mkspecs\win32-msvc -external:ID:\a\robomongo\Qt\5.15.2\msvc2019_64\include\QtPrintSupport -external:W0 /DWIN32 /D_WINDOWS /W3 /GR /EHsc -D_UNICODE -DUNICODE -DWIN32 -D_WIN32 -D_CRT_SECURE_NO_WARNINGS -DBOOST_ALL_NO_LIB /wd4355 /wd4800 /wd4267 /wd4244 /wd4290 /wd4068 /wd4351 /MP /wd4554 /wd4099 /MD /O2 /Ob2 /DNDEBUG -std:c++17 /showIncludes /Fosrc\third-party\qscintilla-2.8.4\CMakeFiles\qscintilla.dir\sources\lexlib\WordList.cpp.obj /Fdsrc\third-party\qscintilla-2.8.4\CMakeFiles\qscintilla.dir\qscintilla.pdb /FS -c R:\src\third-party\qscintilla-2.8.4\sources\lexlib\WordList.cpp
build-app	Configure and Build Robo 3T	2026-04-22T00:49:14.0576235Z [58/253] C:\PROGRA~1\MICROS~2\2022\ENTERP~1\VC\Tools\MSVC\1444~1.352\bin\Hostx64\x64\cl.exe  /nologo /TP -DQT_CORE_LIB -DQT_GUI_LIB -DQT_NO_DEBUG -DQT_PRINTSUPPORT_LIB -DQT_WIDGETS_LIB -DSCINTILLA_QT -DSCI_LEXER -ID:\b\src\third-party\qscintilla-2.8.4\qscintilla_autogen\include -IR:\src\third-party\qscintilla-2.8.4\sources\Qt4Qt5 -IR:\src\third-party\qscintilla-2.8.4\sources\include -IR:\src\third-party\qscintilla-2.8.4\sources\lexlib -IR:\src\third-party\qscintilla-2.8.4\sources\src -external:ID:\a\robomongo\Qt\5.15.2\msvc2019_64\include -external:ID:\a\robomongo\Qt\5.15.2\msvc2019_64\include\QtWidgets -external:ID:\a\robomongo\Qt\5.15.2\msvc2019_64\include\QtGui -external:ID:\a\robomongo\Qt\5.15.2\msvc2019_64\include\QtANGLE -external:ID:\a\robomongo\Qt\5.15.2\msvc2019_64\include\QtCore -external:ID:\a\robomongo\Qt\5.15.2\msvc2019_64\.\mkspecs\win32-msvc -external:ID:\a\robomongo\Qt\5.15.2\msvc2019_64\include\QtPrintSupport -external:W0 /DWIN32 /D_WINDOWS /W3 /GR /EHsc -D_UNICODE -DUNICODE -DWIN32 -D_WIN32 -D_CRT_SECURE_NO_WARNINGS -DBOOST_ALL_NO_LIB /wd4355 /wd4800 /wd4267 /wd4244 /wd4290 /wd4068 /wd4351 /MP /wd4554 /wd4099 /MD /O2 /Ob2 /DNDEBUG -std:c++17 /showIncludes /Fosrc\third-party\qscintilla-2.8.4\CMakeFiles\qscintilla.dir\sources\Qt4Qt5\Qsci\moc_qsciscintilla.cpp.obj /Fdsrc\third-party\qscintilla-2.8.4\CMakeFiles\qscintilla.dir\qscintilla.pdb /FS -c D:\b\src\third-party\qscintilla-2.8.4\sources\Qt4Qt5\Qsci\moc_qsciscintilla.cpp
build-app	Configure and Build Robo 3T	2026-04-22T00:49:14.0808931Z [59/253] C:\PROGRA~1\MICROS~2\2022\ENTERP~1\VC\Tools\MSVC\1444~1.352\bin\Hostx64\x64\cl.exe  /nologo /TP -DQT_CORE_LIB -DQT_GUI_LIB -DQT_NO_DEBUG -DQT_PRINTSUPPORT_LIB -DQT_WIDGETS_LIB -DSCINTILLA_QT -DSCI_LEXER -ID:\b\src\third-party\qscintilla-2.8.4\qscintilla_autogen\include -IR:\src\third-party\qscintilla-2.8.4\sources\Qt4Qt5 -IR:\src\third-party\qscintilla-2.8.4\sources\include -IR:\src\third-party\qscintilla-2.8.4\sources\lexlib -IR:\src\third-party\qscintilla-2.8.4\sources\src -external:ID:\a\robomongo\Qt\5.15.2\msvc2019_64\include -external:ID:\a\robomongo\Qt\5.15.2\msvc2019_64\include\QtWidgets -external:ID:\a\robomongo\Qt\5.15.2\msvc2019_64\include\QtGui -external:ID:\a\robomongo\Qt\5.15.2\msvc2019_64\include\QtANGLE -external:ID:\a\robomongo\Qt\5.15.2\msvc2019_64\include\QtCore -external:ID:\a\robomongo\Qt\5.15.2\msvc2019_64\.\mkspecs\win32-msvc -external:ID:\a\robomongo\Qt\5.15.2\msvc2019_64\include\QtPrintSupport -external:W0 /DWIN32 /D_WINDOWS /W3 /GR /EHsc -D_UNICODE -DUNICODE -DWIN32 -D_WIN32 -D_CRT_SECURE_NO_WARNINGS -DBOOST_ALL_NO_LIB /wd4355 /wd4800 /wd4267 /wd4244 /wd4290 /wd4068 /wd4351 /MP /wd4554 /wd4099 /MD /O2 /Ob2 /DNDEBUG -std:c++17 /showIncludes /Fosrc\third-party\qscintilla-2.8.4\CMakeFiles\qscintilla.dir\sources\lexlib\CharacterSet.cpp.obj /Fdsrc\third-party\qscintilla-2.8.4\CMakeFiles\qscintilla.dir\qscintilla.pdb /FS -c R:\src\third-party\qscintilla-2.8.4\sources\lexlib\CharacterSet.cpp
build-app	Configure and Build Robo 3T	2026-04-22T00:49:14.1088917Z [60/253] C:\PROGRA~1\MICROS~2\2022\ENTERP~1\VC\Tools\MSVC\1444~1.352\bin\Hostx64\x64\cl.exe  /nologo /TP -DQT_CORE_LIB -DQT_GUI_LIB -DQT_NO_DEBUG -DQT_PRINTSUPPORT_LIB -DQT_WIDGETS_LIB -DSCINTILLA_QT -DSCI_LEXER -ID:\b\src\third-party\qscintilla-2.8.4\qscintilla_autogen\include -IR:\src\third-party\qscintilla-2.8.4\sources\Qt4Qt5 -IR:\src\third-party\qscintilla-2.8.4\sources\include -IR:\src\third-party\qscintilla-2.8.4\sources\lexlib -IR:\src\third-party\qscintilla-2.8.4\sources\src -external:ID:\a\robomongo\Qt\5.15.2\msvc2019_64\include -external:ID:\a\robomongo\Qt\5.15.2\msvc2019_64\include\QtWidgets -external:ID:\a\robomongo\Qt\5.15.2\msvc2019_64\include\QtGui -external:ID:\a\robomongo\Qt\5.15.2\msvc2019_64\include\QtANGLE -external:ID:\a\robomongo\Qt\5.15.2\msvc2019_64\include\QtCore -external:ID:\a\robomongo\Qt\5.15.2\msvc2019_64\.\mkspecs\win32-msvc -external:ID:\a\robomongo\Qt\5.15.2\msvc2019_64\include\QtPrintSupport -external:W0 /DWIN32 /D_WINDOWS /W3 /GR /EHsc -D_UNICODE -DUNICODE -DWIN32 -D_WIN32 -D_CRT_SECURE_NO_WARNINGS -DBOOST_ALL_NO_LIB /wd4355 /wd4800 /wd4267 /wd4244 /wd4290 /wd4068 /wd4351 /MP /wd4554 /wd4099 /MD /O2 /Ob2 /DNDEBUG -std:c++17 /showIncludes /Fosrc\third-party\qscintilla-2.8.4\CMakeFiles\qscintilla.dir\sources\lexlib\LexerModule.cpp.obj /Fdsrc\third-party\qscintilla-2.8.4\CMakeFiles\qscintilla.dir\qscintilla.pdb /FS -c R:\src\third-party\qscintilla-2.8.4\sources\lexlib\LexerModule.cpp
build-app	Configure and Build Robo 3T	2026-04-22T00:49:14.1374968Z [61/253] C:\PROGRA~1\MICROS~2\2022\ENTERP~1\VC\Tools\MSVC\1444~1.352\bin\Hostx64\x64\cl.exe  /nologo /TP -DQT_CORE_LIB -DQT_GUI_LIB -DQT_NO_DEBUG -DQT_PRINTSUPPORT_LIB -DQT_WIDGETS_LIB -DSCINTILLA_QT -DSCI_LEXER -ID:\b\src\third-party\qscintilla-2.8.4\qscintilla_autogen\include -IR:\src\third-party\qscintilla-2.8.4\sources\Qt4Qt5 -IR:\src\third-party\qscintilla-2.8.4\sources\include -IR:\src\third-party\qscintilla-2.8.4\sources\lexlib -IR:\src\third-party\qscintilla-2.8.4\sources\src -external:ID:\a\robomongo\Qt\5.15.2\msvc2019_64\include -external:ID:\a\robomongo\Qt\5.15.2\msvc2019_64\include\QtWidgets -external:ID:\a\robomongo\Qt\5.15.2\msvc2019_64\include\QtGui -external:ID:\a\robomongo\Qt\5.15.2\msvc2019_64\include\QtANGLE -external:ID:\a\robomongo\Qt\5.15.2\msvc2019_64\include\QtCore -external:ID:\a\robomongo\Qt\5.15.2\msvc2019_64\.\mkspecs\win32-msvc -external:ID:\a\robomongo\Qt\5.15.2\msvc2019_64\include\QtPrintSupport -external:W0 /DWIN32 /D_WINDOWS /W3 /GR /EHsc -D_UNICODE -DUNICODE -DWIN32 -D_WIN32 -D_CRT_SECURE_NO_WARNINGS -DBOOST_ALL_NO_LIB /wd4355 /wd4800 /wd4267 /wd4244 /wd4290 /wd4068 /wd4351 /MP /wd4554 /wd4099 /MD /O2 /Ob2 /DNDEBUG -std:c++17 /showIncludes /Fosrc\third-party\qscintilla-2.8.4\CMakeFiles\qscintilla.dir\sources\lexlib\CharacterCategory.cpp.obj /Fdsrc\third-party\qscintilla-2.8.4\CMakeFiles\qscintilla.dir\qscintilla.pdb /FS -c R:\src\third-party\qscintilla-2.8.4\sources\lexlib\CharacterCategory.cpp
build-app	Configure and Build Robo 3T	2026-04-22T00:49:14.7232106Z [62/253] C:\PROGRA~1\MICROS~2\2022\ENTERP~1\VC\Tools\MSVC\1444~1.352\bin\Hostx64\x64\cl.exe  /nologo /TP -DQT_CORE_LIB -DQT_GUI_LIB -DQT_NO_DEBUG -DQT_PRINTSUPPORT_LIB -DQT_WIDGETS_LIB -DSCINTILLA_QT -DSCI_LEXER -ID:\b\src\third-party\qscintilla-2.8.4\qscintilla_autogen\include -IR:\src\third-party\qscintilla-2.8.4\sources\Qt4Qt5 -IR:\src\third-party\qscintilla-2.8.4\sources\include -IR:\src\third-party\qscintilla-2.8.4\sources\lexlib -IR:\src\third-party\qscintilla-2.8.4\sources\src -external:ID:\a\robomongo\Qt\5.15.2\msvc2019_64\include -external:ID:\a\robomongo\Qt\5.15.2\msvc2019_64\include\QtWidgets -external:ID:\a\robomongo\Qt\5.15.2\msvc2019_64\include\QtGui -external:ID:\a\robomongo\Qt\5.15.2\msvc2019_64\include\QtANGLE -external:ID:\a\robomongo\Qt\5.15.2\msvc2019_64\include\QtCore -external:ID:\a\robomongo\Qt\5.15.2\msvc2019_64\.\mkspecs\win32-msvc -external:ID:\a\robomongo\Qt\5.15.2\msvc2019_64\include\QtPrintSupport -external:W0 /DWIN32 /D_WINDOWS /W3 /GR /EHsc -D_UNICODE -DUNICODE -DWIN32 -D_WIN32 -D_CRT_SECURE_NO_WARNINGS -DBOOST_ALL_NO_LIB /wd4355 /wd4800 /wd4267 /wd4244 /wd4290 /wd4068 /wd4351 /MP /wd4554 /wd4099 /MD /O2 /Ob2 /DNDEBUG -std:c++17 /showIncludes /Fosrc\third-party\qscintilla-2.8.4\CMakeFiles\qscintilla.dir\sources\lexlib\LexerNoExceptions.cpp.obj /Fdsrc\third-party\qscintilla-2.8.4\CMakeFiles\qscintilla.dir\qscintilla.pdb /FS -c R:\src\third-party\qscintilla-2.8.4\sources\lexlib\LexerNoExceptions.cpp
build-app	Configure and Build Robo 3T	2026-04-22T00:49:14.7667225Z [63/253] C:\PROGRA~1\MICROS~2\2022\ENTERP~1\VC\Tools\MSVC\1444~1.352\bin\Hostx64\x64\cl.exe  /nologo /TP -DQT_CORE_LIB -DQT_GUI_LIB -DQT_NO_DEBUG -DQT_PRINTSUPPORT_LIB -DQT_WIDGETS_LIB -DSCINTILLA_QT -DSCI_LEXER -ID:\b\src\third-party\qscintilla-2.8.4\qscintilla_autogen\include -IR:\src\third-party\qscintilla-2.8.4\sources\Qt4Qt5 -IR:\src\third-party\qscintilla-2.8.4\sources\include -IR:\src\third-party\qscintilla-2.8.4\sources\lexlib -IR:\src\third-party\qscintilla-2.8.4\sources\src -external:ID:\a\robomongo\Qt\5.15.2\msvc2019_64\include -external:ID:\a\robomongo\Qt\5.15.2\msvc2019_64\include\QtWidgets -external:ID:\a\robomongo\Qt\5.15.2\msvc2019_64\include\QtGui -external:ID:\a\robomongo\Qt\5.15.2\msvc2019_64\include\QtANGLE -external:ID:\a\robomongo\Qt\5.15.2\msvc2019_64\include\QtCore -external:ID:\a\robomongo\Qt\5.15.2\msvc2019_64\.\mkspecs\win32-msvc -external:ID:\a\robomongo\Qt\5.15.2\msvc2019_64\include\QtPrintSupport -external:W0 /DWIN32 /D_WINDOWS /W3 /GR /EHsc -D_UNICODE -DUNICODE -DWIN32 -D_WIN32 -D_CRT_SECURE_NO_WARNINGS -DBOOST_ALL_NO_LIB /wd4355 /wd4800 /wd4267 /wd4244 /wd4290 /wd4068 /wd4351 /MP /wd4554 /wd4099 /MD /O2 /Ob2 /DNDEBUG -std:c++17 /showIncludes /Fosrc\third-party\qscintilla-2.8.4\CMakeFiles\qscintilla.dir\sources\Qt4Qt5\Qsci\moc_qsciscintillabase.cpp.obj /Fdsrc\third-party\qscintilla-2.8.4\CMakeFiles\qscintilla.dir\qscintilla.pdb /FS -c D:\b\src\third-party\qscintilla-2.8.4\sources\Qt4Qt5\Qsci\moc_qsciscintillabase.cpp
build-app	Configure and Build Robo 3T	2026-04-22T00:49:15.0439129Z [64/253] C:\PROGRA~1\MICROS~2\2022\ENTERP~1\VC\Tools\MSVC\1444~1.352\bin\Hostx64\x64\cl.exe  /nologo /TP -DQT_CORE_LIB -DQT_GUI_LIB -DQT_NO_DEBUG -DQT_PRINTSUPPORT_LIB -DQT_WIDGETS_LIB -DSCINTILLA_QT -DSCI_LEXER -ID:\b\src\third-party\qscintilla-2.8.4\qscintilla_autogen\include -IR:\src\third-party\qscintilla-2.8.4\sources\Qt4Qt5 -IR:\src\third-party\qscintilla-2.8.4\sources\include -IR:\src\third-party\qscintilla-2.8.4\sources\lexlib -IR:\src\third-party\qscintilla-2.8.4\sources\src -external:ID:\a\robomongo\Qt\5.15.2\msvc2019_64\include -external:ID:\a\robomongo\Qt\5.15.2\msvc2019_64\include\QtWidgets -external:ID:\a\robomongo\Qt\5.15.2\msvc2019_64\include\QtGui -external:ID:\a\robomongo\Qt\5.15.2\msvc2019_64\include\QtANGLE -external:ID:\a\robomongo\Qt\5.15.2\msvc2019_64\include\QtCore -external:ID:\a\robomongo\Qt\5.15.2\msvc2019_64\.\mkspecs\win32-msvc -external:ID:\a\robomongo\Qt\5.15.2\msvc2019_64\include\QtPrintSupport -external:W0 /DWIN32 /D_WINDOWS /W3 /GR /EHsc -D_UNICODE -DUNICODE -DWIN32 -D_WIN32 -D_CRT_SECURE_NO_WARNINGS -DBOOST_ALL_NO_LIB /wd4355 /wd4800 /wd4267 /wd4244 /wd4290 /wd4068 /wd4351 /MP /wd4554 /wd4099 /MD /O2 /Ob2 /DNDEBUG -std:c++17 /showIncludes /Fosrc\third-party\qscintilla-2.8.4\CMakeFiles\qscintilla.dir\sources\lexlib\LexerSimple.cpp.obj /Fdsrc\third-party\qscintilla-2.8.4\CMakeFiles\qscintilla.dir\qscintilla.pdb /FS -c R:\src\third-party\qscintilla-2.8.4\sources\lexlib\LexerSimple.cpp
build-app	Configure and Build Robo 3T	2026-04-22T00:49:15.8531560Z [65/253] C:\PROGRA~1\MICROS~2\2022\ENTERP~1\VC\Tools\MSVC\1444~1.352\bin\Hostx64\x64\cl.exe  /nologo /TP -DQT_CORE_LIB -DQT_GUI_LIB -DQT_NO_DEBUG -DQT_PRINTSUPPORT_LIB -DQT_WIDGETS_LIB -DSCINTILLA_QT -DSCI_LEXER -ID:\b\src\third-party\qscintilla-2.8.4\qscintilla_autogen\include -IR:\src\third-party\qscintilla-2.8.4\sources\Qt4Qt5 -IR:\src\third-party\qscintilla-2.8.4\sources\include -IR:\src\third-party\qscintilla-2.8.4\sources\lexlib -IR:\src\third-party\qscintilla-2.8.4\sources\src -external:ID:\a\robomongo\Qt\5.15.2\msvc2019_64\include -external:ID:\a\robomongo\Qt\5.15.2\msvc2019_64\include\QtWidgets -external:ID:\a\robomongo\Qt\5.15.2\msvc2019_64\include\QtGui -external:ID:\a\robomongo\Qt\5.15.2\msvc2019_64\include\QtANGLE -external:ID:\a\robomongo\Qt\5.15.2\msvc2019_64\include\QtCore -external:ID:\a\robomongo\Qt\5.15.2\msvc2019_64\.\mkspecs\win32-msvc -external:ID:\a\robomongo\Qt\5.15.2\msvc2019_64\include\QtPrintSupport -external:W0 /DWIN32 /D_WINDOWS /W3 /GR /EHsc -D_UNICODE -DUNICODE -DWIN32 -D_WIN32 -D_CRT_SECURE_NO_WARNINGS -DBOOST_ALL_NO_LIB /wd4355 /wd4800 /wd4267 /wd4244 /wd4290 /wd4068 /wd4351 /MP /wd4554 /wd4099 /MD /O2 /Ob2 /DNDEBUG -std:c++17 /showIncludes /Fosrc\third-party\qscintilla-2.8.4\CMakeFiles\qscintilla.dir\sources\lexlib\PropSetSimple.cpp.obj /Fdsrc\third-party\qscintilla-2.8.4\CMakeFiles\qscintilla.dir\qscintilla.pdb /FS -c R:\src\third-party\qscintilla-2.8.4\sources\lexlib\PropSetSimple.cpp
build-app	Configure and Build Robo 3T	2026-04-22T00:49:17.0798186Z [66/253] C:\PROGRA~1\MICROS~2\2022\ENTERP~1\VC\Tools\MSVC\1444~1.352\bin\Hostx64\x64\cl.exe  /nologo /TP -DQT_CORE_LIB -DQT_GUI_LIB -DQT_NO_DEBUG -DQT_PRINTSUPPORT_LIB -DQT_WIDGETS_LIB -DSCINTILLA_QT -DSCI_LEXER -ID:\b\src\third-party\qscintilla-2.8.4\qscintilla_autogen\include -IR:\src\third-party\qscintilla-2.8.4\sources\Qt4Qt5 -IR:\src\third-party\qscintilla-2.8.4\sources\include -IR:\src\third-party\qscintilla-2.8.4\sources\lexlib -IR:\src\third-party\qscintilla-2.8.4\sources\src -external:ID:\a\robomongo\Qt\5.15.2\msvc2019_64\include -external:ID:\a\robomongo\Qt\5.15.2\msvc2019_64\include\QtWidgets -external:ID:\a\robomongo\Qt\5.15.2\msvc2019_64\include\QtGui -external:ID:\a\robomongo\Qt\5.15.2\msvc2019_64\include\QtANGLE -external:ID:\a\robomongo\Qt\5.15.2\msvc2019_64\include\QtCore -external:ID:\a\robomongo\Qt\5.15.2\msvc2019_64\.\mkspecs\win32-msvc -external:ID:\a\robomongo\Qt\5.15.2\msvc2019_64\include\QtPrintSupport -external:W0 /DWIN32 /D_WINDOWS /W3 /GR /EHsc -D_UNICODE -DUNICODE -DWIN32 -D_WIN32 -D_CRT_SECURE_NO_WARNINGS -DBOOST_ALL_NO_LIB /wd4355 /wd4800 /wd4267 /wd4244 /wd4290 /wd4068 /wd4351 /MP /wd4554 /wd4099 /MD /O2 /Ob2 /DNDEBUG -std:c++17 /showIncludes /Fosrc\third-party\qscintilla-2.8.4\CMakeFiles\qscintilla.dir\sources\Qt4Qt5\qscilexerjavascript.cpp.obj /Fdsrc\third-party\qscintilla-2.8.4\CMakeFiles\qscintilla.dir\qscintilla.pdb /FS -c R:\src\third-party\qscintilla-2.8.4\sources\Qt4Qt5\qscilexerjavascript.cpp
build-app	Configure and Build Robo 3T	2026-04-22T00:49:18.1184989Z [67/253] C:\PROGRA~1\MICROS~2\2022\ENTERP~1\VC\Tools\MSVC\1444~1.352\bin\Hostx64\x64\cl.exe  /nologo /TP -DQT_CORE_LIB -DQT_GUI_LIB -DQT_NO_DEBUG -DQT_PRINTSUPPORT_LIB -DQT_WIDGETS_LIB -DSCINTILLA_QT -DSCI_LEXER -ID:\b\src\third-party\qscintilla-2.8.4\qscintilla_autogen\include -IR:\src\third-party\qscintilla-2.8.4\sources\Qt4Qt5 -IR:\src\third-party\qscintilla-2.8.4\sources\include -IR:\src\third-party\qscintilla-2.8.4\sources\lexlib -IR:\src\third-party\qscintilla-2.8.4\sources\src -external:ID:\a\robomongo\Qt\5.15.2\msvc2019_64\include -external:ID:\a\robomongo\Qt\5.15.2\msvc2019_64\include\QtWidgets -external:ID:\a\robomongo\Qt\5.15.2\msvc2019_64\include\QtGui -external:ID:\a\robomongo\Qt\5.15.2\msvc2019_64\include\QtANGLE -external:ID:\a\robomongo\Qt\5.15.2\msvc2019_64\include\QtCore -external:ID:\a\robomongo\Qt\5.15.2\msvc2019_64\.\mkspecs\win32-msvc -external:ID:\a\robomongo\Qt\5.15.2\msvc2019_64\include\QtPrintSupport -external:W0 /DWIN32 /D_WINDOWS /W3 /GR /EHsc -D_UNICODE -DUNICODE -DWIN32 -D_WIN32 -D_CRT_SECURE_NO_WARNINGS -DBOOST_ALL_NO_LIB /wd4355 /wd4800 /wd4267 /wd4244 /wd4290 /wd4068 /wd4351 /MP /wd4554 /wd4099 /MD /O2 /Ob2 /DNDEBUG -std:c++17 /showIncludes /Fosrc\third-party\qscintilla-2.8.4\CMakeFiles\qscintilla.dir\sources\Qt4Qt5\qscilexercpp.cpp.obj /Fdsrc\third-party\qscintilla-2.8.4\CMakeFiles\qscintilla.dir\qscintilla.pdb /FS -c R:\src\third-party\qscintilla-2.8.4\sources\Qt4Qt5\qscilexercpp.cpp
build-app	Configure and Build Robo 3T	2026-04-22T00:49:18.3592058Z [68/253] C:\PROGRA~1\MICROS~2\2022\ENTERP~1\VC\Tools\MSVC\1444~1.352\bin\Hostx64\x64\cl.exe  /nologo /TP -DQT_CORE_LIB -DQT_GUI_LIB -DQT_NO_DEBUG -DQT_PRINTSUPPORT_LIB -DQT_WIDGETS_LIB -DSCINTILLA_QT -DSCI_LEXER -ID:\b\src\third-party\qscintilla-2.8.4\qscintilla_autogen\include -IR:\src\third-party\qscintilla-2.8.4\sources\Qt4Qt5 -IR:\src\third-party\qscintilla-2.8.4\sources\include -IR:\src\third-party\qscintilla-2.8.4\sources\lexlib -IR:\src\third-party\qscintilla-2.8.4\sources\src -external:ID:\a\robomongo\Qt\5.15.2\msvc2019_64\include -external:ID:\a\robomongo\Qt\5.15.2\msvc2019_64\include\QtWidgets -external:ID:\a\robomongo\Qt\5.15.2\msvc2019_64\include\QtGui -external:ID:\a\robomongo\Qt\5.15.2\msvc2019_64\include\QtANGLE -external:ID:\a\robomongo\Qt\5.15.2\msvc2019_64\include\QtCore -external:ID:\a\robomongo\Qt\5.15.2\msvc2019_64\.\mkspecs\win32-msvc -external:ID:\a\robomongo\Qt\5.15.2\msvc2019_64\include\QtPrintSupport -external:W0 /DWIN32 /D_WINDOWS /W3 /GR /EHsc -D_UNICODE -DUNICODE -DWIN32 -D_WIN32 -D_CRT_SECURE_NO_WARNINGS -DBOOST_ALL_NO_LIB /wd4355 /wd4800 /wd4267 /wd4244 /wd4290 /wd4068 /wd4351 /MP /wd4554 /wd4099 /MD /O2 /Ob2 /DNDEBUG -std:c++17 /showIncludes /Fosrc\third-party\qscintilla-2.8.4\CMakeFiles\qscintilla.dir\sources\Qt4Qt5\qscistyle.cpp.obj /Fdsrc\third-party\qscintilla-2.8.4\CMakeFiles\qscintilla.dir\qscintilla.pdb /FS -c R:\src\third-party\qscintilla-2.8.4\sources\Qt4Qt5\qscistyle.cpp
build-app	Configure and Build Robo 3T	2026-04-22T00:49:18.6102993Z [69/253] C:\PROGRA~1\MICROS~2\2022\ENTERP~1\VC\Tools\MSVC\1444~1.352\bin\Hostx64\x64\cl.exe  /nologo /TP -DQT_CORE_LIB -DQT_GUI_LIB -DQT_NO_DEBUG -DQT_PRINTSUPPORT_LIB -DQT_WIDGETS_LIB -DSCINTILLA_QT -DSCI_LEXER -ID:\b\src\third-party\qscintilla-2.8.4\qscintilla_autogen\include -IR:\src\third-party\qscintilla-2.8.4\sources\Qt4Qt5 -IR:\src\third-party\qscintilla-2.8.4\sources\include -IR:\src\third-party\qscintilla-2.8.4\sources\lexlib -IR:\src\third-party\qscintilla-2.8.4\sources\src -external:ID:\a\robomongo\Qt\5.15.2\msvc2019_64\include -external:ID:\a\robomongo\Qt\5.15.2\msvc2019_64\include\QtWidgets -external:ID:\a\robomongo\Qt\5.15.2\msvc2019_64\include\QtGui -external:ID:\a\robomongo\Qt\5.15.2\msvc2019_64\include\QtANGLE -external:ID:\a\robomongo\Qt\5.15.2\msvc2019_64\include\QtCore -external:ID:\a\robomongo\Qt\5.15.2\msvc2019_64\.\mkspecs\win32-msvc -external:ID:\a\robomongo\Qt\5.15.2\msvc2019_64\include\QtPrintSupport -external:W0 /DWIN32 /D_WINDOWS /W3 /GR /EHsc -D_UNICODE -DUNICODE -DWIN32 -D_WIN32 -D_CRT_SECURE_NO_WARNINGS -DBOOST_ALL_NO_LIB /wd4355 /wd4800 /wd4267 /wd4244 /wd4290 /wd4068 /wd4351 /MP /wd4554 /wd4099 /MD /O2 /Ob2 /DNDEBUG -std:c++17 /showIncludes /Fosrc\third-party\qscintilla-2.8.4\CMakeFiles\qscintilla.dir\sources\Qt4Qt5\qscilexer.cpp.obj /Fdsrc\third-party\qscintilla-2.8.4\CMakeFiles\qscintilla.dir\qscintilla.pdb /FS -c R:\src\third-party\qscintilla-2.8.4\sources\Qt4Qt5\qscilexer.cpp
build-app	Configure and Build Robo 3T	2026-04-22T00:49:18.6476139Z R:\src\third-party\qscintilla-2.8.4\sources\Qt4Qt5\qscilexer.cpp(384): warning C4996: 'QString::sprintf': Use asprintf(), arg() or QTextStream instead
build-app	Configure and Build Robo 3T	2026-04-22T00:49:18.6781504Z R:\src\third-party\qscintilla-2.8.4\sources\Qt4Qt5\qscilexer.cpp(471): warning C4996: 'QString::sprintf': Use asprintf(), arg() or QTextStream instead
build-app	Configure and Build Robo 3T	2026-04-22T00:49:18.6814996Z R:\src\third-party\qscintilla-2.8.4\sources\Qt4Qt5\qscilexer.cpp(479): warning C4996: 'QString::sprintf': Use asprintf(), arg() or QTextStream instead
build-app	Configure and Build Robo 3T	2026-04-22T00:49:18.7349221Z R:\src\third-party\qscintilla-2.8.4\sources\Qt4Qt5\qscilexer.cpp(586): warning C4996: 'QString::sprintf': Use asprintf(), arg() or QTextStream instead
build-app	Configure and Build Robo 3T	2026-04-22T00:49:18.7854514Z R:\src\third-party\qscintilla-2.8.4\sources\Qt4Qt5\qscilexer.cpp(624): warning C4996: 'QString::sprintf': Use asprintf(), arg() or QTextStream instead
build-app	Configure and Build Robo 3T	2026-04-22T00:49:18.8215064Z R:\src\third-party\qscintilla-2.8.4\sources\Qt4Qt5\qscilexer.cpp(630): warning C4996: 'QString::sprintf': Use asprintf(), arg() or QTextStream instead
build-app	Configure and Build Robo 3T	2026-04-22T00:49:18.9100946Z [70/253] C:\PROGRA~1\MICROS~2\2022\ENTERP~1\VC\Tools\MSVC\1444~1.352\bin\Hostx64\x64\cl.exe  /nologo /TP -DQT_CORE_LIB -DQT_GUI_LIB -DQT_NO_DEBUG -DQT_PRINTSUPPORT_LIB -DQT_WIDGETS_LIB -DSCINTILLA_QT -DSCI_LEXER -ID:\b\src\third-party\qscintilla-2.8.4\qscintilla_autogen\include -IR:\src\third-party\qscintilla-2.8.4\sources\Qt4Qt5 -IR:\src\third-party\qscintilla-2.8.4\sources\include -IR:\src\third-party\qscintilla-2.8.4\sources\lexlib -IR:\src\third-party\qscintilla-2.8.4\sources\src -external:ID:\a\robomongo\Qt\5.15.2\msvc2019_64\include -external:ID:\a\robomongo\Qt\5.15.2\msvc2019_64\include\QtWidgets -external:ID:\a\robomongo\Qt\5.15.2\msvc2019_64\include\QtGui -external:ID:\a\robomongo\Qt\5.15.2\msvc2019_64\include\QtANGLE -external:ID:\a\robomongo\Qt\5.15.2\msvc2019_64\include\QtCore -external:ID:\a\robomongo\Qt\5.15.2\msvc2019_64\.\mkspecs\win32-msvc -external:ID:\a\robomongo\Qt\5.15.2\msvc2019_64\include\QtPrintSupport -external:W0 /DWIN32 /D_WINDOWS /W3 /GR /EHsc -D_UNICODE -DUNICODE -DWIN32 -D_WIN32 -D_CRT_SECURE_NO_WARNINGS -DBOOST_ALL_NO_LIB /wd4355 /wd4800 /wd4267 /wd4244 /wd4290 /wd4068 /wd4351 /MP /wd4554 /wd4099 /MD /O2 /Ob2 /DNDEBUG -std:c++17 /showIncludes /Fosrc\third-party\qscintilla-2.8.4\CMakeFiles\qscintilla.dir\sources\Qt4Qt5\qsciabstractapis.cpp.obj /Fdsrc\third-party\qscintilla-2.8.4\CMakeFiles\qscintilla.dir\qscintilla.pdb /FS -c R:\src\third-party\qscintilla-2.8.4\sources\Qt4Qt5\qsciabstractapis.cpp
build-app	Configure and Build Robo 3T	2026-04-22T00:49:19.1454112Z [71/253] C:\PROGRA~1\MICROS~2\2022\ENTERP~1\VC\Tools\MSVC\1444~1.352\bin\Hostx64\x64\cl.exe  /nologo /TP -DQT_CORE_LIB -DQT_GUI_LIB -DQT_NO_DEBUG -DQT_PRINTSUPPORT_LIB -DQT_WIDGETS_LIB -DSCINTILLA_QT -DSCI_LEXER -ID:\b\src\third-party\qscintilla-2.8.4\qscintilla_autogen\include -IR:\src\third-party\qscintilla-2.8.4\sources\Qt4Qt5 -IR:\src\third-party\qscintilla-2.8.4\sources\include -IR:\src\third-party\qscintilla-2.8.4\sources\lexlib -IR:\src\third-party\qscintilla-2.8.4\sources\src -external:ID:\a\robomongo\Qt\5.15.2\msvc2019_64\include -external:ID:\a\robomongo\Qt\5.15.2\msvc2019_64\include\QtWidgets -external:ID:\a\robomongo\Qt\5.15.2\msvc2019_64\include\QtGui -external:ID:\a\robomongo\Qt\5.15.2\msvc2019_64\include\QtANGLE -external:ID:\a\robomongo\Qt\5.15.2\msvc2019_64\include\QtCore -external:ID:\a\robomongo\Qt\5.15.2\msvc2019_64\.\mkspecs\win32-msvc -external:ID:\a\robomongo\Qt\5.15.2\msvc2019_64\include\QtPrintSupport -external:W0 /DWIN32 /D_WINDOWS /W3 /GR /EHsc -D_UNICODE -DUNICODE -DWIN32 -D_WIN32 -D_CRT_SECURE_NO_WARNINGS -DBOOST_ALL_NO_LIB /wd4355 /wd4800 /wd4267 /wd4244 /wd4290 /wd4068 /wd4351 /MP /wd4554 /wd4099 /MD /O2 /Ob2 /DNDEBUG -std:c++17 /showIncludes /Fosrc\third-party\qscintilla-2.8.4\CMakeFiles\qscintilla.dir\sources\Qt4Qt5\InputMethod.cpp.obj /Fdsrc\third-party\qscintilla-2.8.4\CMakeFiles\qscintilla.dir\qscintilla.pdb /FS -c R:\src\third-party\qscintilla-2.8.4\sources\Qt4Qt5\InputMethod.cpp
build-app	Configure and Build Robo 3T	2026-04-22T00:49:19.1647936Z R:\src\third-party\qscintilla-2.8.4\sources\Qt4Qt5\InputMethod.cpp(127): warning C4996: 'Qt::ImMicroFocus': was declared deprecated
build-app	Configure and Build Robo 3T	2026-04-22T00:49:21.7252305Z [72/253] C:\PROGRA~1\MICROS~2\2022\ENTERP~1\VC\Tools\MSVC\1444~1.352\bin\Hostx64\x64\cl.exe  /nologo /TP -DQT_CORE_LIB -DQT_GUI_LIB -DQT_NO_DEBUG -DQT_PRINTSUPPORT_LIB -DQT_WIDGETS_LIB -DSCINTILLA_QT -DSCI_LEXER -ID:\b\src\third-party\qscintilla-2.8.4\qscintilla_autogen\include -IR:\src\third-party\qscintilla-2.8.4\sources\Qt4Qt5 -IR:\src\third-party\qscintilla-2.8.4\sources\include -IR:\src\third-party\qscintilla-2.8.4\sources\lexlib -IR:\src\third-party\qscintilla-2.8.4\sources\src -external:ID:\a\robomongo\Qt\5.15.2\msvc2019_64\include -external:ID:\a\robomongo\Qt\5.15.2\msvc2019_64\include\QtWidgets -external:ID:\a\robomongo\Qt\5.15.2\msvc2019_64\include\QtGui -external:ID:\a\robomongo\Qt\5.15.2\msvc2019_64\include\QtANGLE -external:ID:\a\robomongo\Qt\5.15.2\msvc2019_64\include\QtCore -external:ID:\a\robomongo\Qt\5.15.2\msvc2019_64\.\mkspecs\win32-msvc -external:ID:\a\robomongo\Qt\5.15.2\msvc2019_64\include\QtPrintSupport -external:W0 /DWIN32 /D_WINDOWS /W3 /GR /EHsc -D_UNICODE -DUNICODE -DWIN32 -D_WIN32 -D_CRT_SECURE_NO_WARNINGS -DBOOST_ALL_NO_LIB /wd4355 /wd4800 /wd4267 /wd4244 /wd4290 /wd4068 /wd4351 /MP /wd4554 /wd4099 /MD /O2 /Ob2 /DNDEBUG -std:c++17 /showIncludes /Fosrc\third-party\qscintilla-2.8.4\CMakeFiles\qscintilla.dir\sources\Qt4Qt5\qscidocument.cpp.obj /Fdsrc\third-party\qscintilla-2.8.4\CMakeFiles\qscintilla.dir\qscintilla.pdb /FS -c R:\src\third-party\qscintilla-2.8.4\sources\Qt4Qt5\qscidocument.cpp
build-app	Configure and Build Robo 3T	2026-04-22T00:49:22.5149323Z [73/253] C:\PROGRA~1\MICROS~2\2022\ENTERP~1\VC\Tools\MSVC\1444~1.352\bin\Hostx64\x64\cl.exe  /nologo /TP -DQT_CORE_LIB -DQT_GUI_LIB -DQT_NO_DEBUG -DQT_PRINTSUPPORT_LIB -DQT_WIDGETS_LIB -DSCINTILLA_QT -DSCI_LEXER -ID:\b\src\third-party\qscintilla-2.8.4\qscintilla_autogen\include -IR:\src\third-party\qscintilla-2.8.4\sources\Qt4Qt5 -IR:\src\third-party\qscintilla-2.8.4\sources\include -IR:\src\third-party\qscintilla-2.8.4\sources\lexlib -IR:\src\third-party\qscintilla-2.8.4\sources\src -external:ID:\a\robomongo\Qt\5.15.2\msvc2019_64\include -external:ID:\a\robomongo\Qt\5.15.2\msvc2019_64\include\QtWidgets -external:ID:\a\robomongo\Qt\5.15.2\msvc2019_64\include\QtGui -external:ID:\a\robomongo\Qt\5.15.2\msvc2019_64\include\QtANGLE -external:ID:\a\robomongo\Qt\5.15.2\msvc2019_64\include\QtCore -external:ID:\a\robomongo\Qt\5.15.2\msvc2019_64\.\mkspecs\win32-msvc -external:ID:\a\robomongo\Qt\5.15.2\msvc2019_64\include\QtPrintSupport -external:W0 /DWIN32 /D_WINDOWS /W3 /GR /EHsc -D_UNICODE -DUNICODE -DWIN32 -D_WIN32 -D_CRT_SECURE_NO_WARNINGS -DBOOST_ALL_NO_LIB /wd4355 /wd4800 /wd4267 /wd4244 /wd4290 /wd4068 /wd4351 /MP /wd4554 /wd4099 /MD /O2 /Ob2 /DNDEBUG -std:c++17 /showIncludes /Fosrc\third-party\qscintilla-2.8.4\CMakeFiles\qscintilla.dir\sources\Qt4Qt5\ScintillaQt.cpp.obj /Fdsrc\third-party\qscintilla-2.8.4\CMakeFiles\qscintilla.dir\qscintilla.pdb /FS -c R:\src\third-party\qscintilla-2.8.4\sources\Qt4Qt5\ScintillaQt.cpp
build-app	Configure and Build Robo 3T	2026-04-22T00:49:23.1065288Z [74/253] C:\PROGRA~1\MICROS~2\2022\ENTERP~1\VC\Tools\MSVC\1444~1.352\bin\Hostx64\x64\cl.exe  /nologo /TP -DQT_CORE_LIB -DQT_GUI_LIB -DQT_NO_DEBUG -DQT_PRINTSUPPORT_LIB -DQT_WIDGETS_LIB -DSCINTILLA_QT -DSCI_LEXER -ID:\b\src\third-party\qscintilla-2.8.4\qscintilla_autogen\include -IR:\src\third-party\qscintilla-2.8.4\sources\Qt4Qt5 -IR:\src\third-party\qscintilla-2.8.4\sources\include -IR:\src\third-party\qscintilla-2.8.4\sources\lexlib -IR:\src\third-party\qscintilla-2.8.4\sources\src -external:ID:\a\robomongo\Qt\5.15.2\msvc2019_64\include -external:ID:\a\robomongo\Qt\5.15.2\msvc2019_64\include\QtWidgets -external:ID:\a\robomongo\Qt\5.15.2\msvc2019_64\include\QtGui -external:ID:\a\robomongo\Qt\5.15.2\msvc2019_64\include\QtANGLE -external:ID:\a\robomongo\Qt\5.15.2\msvc2019_64\include\QtCore -external:ID:\a\robomongo\Qt\5.15.2\msvc2019_64\.\mkspecs\win32-msvc -external:ID:\a\robomongo\Qt\5.15.2\msvc2019_64\include\QtPrintSupport -external:W0 /DWIN32 /D_WINDOWS /W3 /GR /EHsc -D_UNICODE -DUNICODE -DWIN32 -D_WIN32 -D_CRT_SECURE_NO_WARNINGS -DBOOST_ALL_NO_LIB /wd4355 /wd4800 /wd4267 /wd4244 /wd4290 /wd4068 /wd4351 /MP /wd4554 /wd4099 /MD /O2 /Ob2 /DNDEBUG -std:c++17 /showIncludes /Fosrc\third-party\qscintilla-2.8.4\CMakeFiles\qscintilla.dir\sources\Qt4Qt5\qsciscintillabase.cpp.obj /Fdsrc\third-party\qscintilla-2.8.4\CMakeFiles\qscintilla.dir\qscintilla.pdb /FS -c R:\src\third-party\qscintilla-2.8.4\sources\Qt4Qt5\qsciscintillabase.cpp
build-app	Configure and Build Robo 3T	2026-04-22T00:49:23.1806163Z R:\src\third-party\qscintilla-2.8.4\sources\Qt4Qt5\qsciscintillabase.cpp(604): warning C4996: 'Qt::MidButton': MidButton is deprecated. Use MiddleButton instead
build-app	Configure and Build Robo 3T	2026-04-22T00:49:23.2466918Z [75/253] C:\PROGRA~1\MICROS~2\2022\ENTERP~1\VC\Tools\MSVC\1444~1.352\bin\Hostx64\x64\cl.exe  /nologo /TP -DQT_CORE_LIB -DQT_GUI_LIB -DQT_NO_DEBUG -DQT_PRINTSUPPORT_LIB -DQT_WIDGETS_LIB -DSCINTILLA_QT -DSCI_LEXER -ID:\b\src\third-party\qscintilla-2.8.4\qscintilla_autogen\include -IR:\src\third-party\qscintilla-2.8.4\sources\Qt4Qt5 -IR:\src\third-party\qscintilla-2.8.4\sources\include -IR:\src\third-party\qscintilla-2.8.4\sources\lexlib -IR:\src\third-party\qscintilla-2.8.4\sources\src -external:ID:\a\robomongo\Qt\5.15.2\msvc2019_64\include -external:ID:\a\robomongo\Qt\5.15.2\msvc2019_64\include\QtWidgets -external:ID:\a\robomongo\Qt\5.15.2\msvc2019_64\include\QtGui -external:ID:\a\robomongo\Qt\5.15.2\msvc2019_64\include\QtANGLE -external:ID:\a\robomongo\Qt\5.15.2\msvc2019_64\include\QtCore -external:ID:\a\robomongo\Qt\5.15.2\msvc2019_64\.\mkspecs\win32-msvc -external:ID:\a\robomongo\Qt\5.15.2\msvc2019_64\include\QtPrintSupport -external:W0 /DWIN32 /D_WINDOWS /W3 /GR /EHsc -D_UNICODE -DUNICODE -DWIN32 -D_WIN32 -D_CRT_SECURE_NO_WARNINGS -DBOOST_ALL_NO_LIB /wd4355 /wd4800 /wd4267 /wd4244 /wd4290 /wd4068 /wd4351 /MP /wd4554 /wd4099 /MD /O2 /Ob2 /DNDEBUG -std:c++17 /showIncludes /Fosrc\third-party\qscintilla-2.8.4\CMakeFiles\qscintilla.dir\sources\Qt4Qt5\qsciscintilla.cpp.obj /Fdsrc\third-party\qscintilla-2.8.4\CMakeFiles\qscintilla.dir\qscintilla.pdb /FS -c R:\src\third-party\qscintilla-2.8.4\sources\Qt4Qt5\qsciscintilla.cpp
build-app	Configure and Build Robo 3T	2026-04-22T00:49:23.2796266Z [76/253] C:\PROGRA~1\MICROS~2\2022\ENTERP~1\VC\Tools\MSVC\1444~1.352\bin\Hostx64\x64\cl.exe  /nologo /TP -DQT_CORE_LIB -DQT_GUI_LIB -DQT_NO_DEBUG -DQT_PRINTSUPPORT_LIB -DQT_WIDGETS_LIB -DSCINTILLA_QT -DSCI_LEXER -ID:\b\src\third-party\qscintilla-2.8.4\qscintilla_autogen\include -IR:\src\third-party\qscintilla-2.8.4\sources\Qt4Qt5 -IR:\src\third-party\qscintilla-2.8.4\sources\include -IR:\src\third-party\qscintilla-2.8.4\sources\lexlib -IR:\src\third-party\qscintilla-2.8.4\sources\src -external:ID:\a\robomongo\Qt\5.15.2\msvc2019_64\include -external:ID:\a\robomongo\Qt\5.15.2\msvc2019_64\include\QtWidgets -external:ID:\a\robomongo\Qt\5.15.2\msvc2019_64\include\QtGui -external:ID:\a\robomongo\Qt\5.15.2\msvc2019_64\include\QtANGLE -external:ID:\a\robomongo\Qt\5.15.2\msvc2019_64\include\QtCore -external:ID:\a\robomongo\Qt\5.15.2\msvc2019_64\.\mkspecs\win32-msvc -external:ID:\a\robomongo\Qt\5.15.2\msvc2019_64\include\QtPrintSupport -external:W0 /DWIN32 /D_WINDOWS /W3 /GR /EHsc -D_UNICODE -DUNICODE -DWIN32 -D_WIN32 -D_CRT_SECURE_NO_WARNINGS -DBOOST_ALL_NO_LIB /wd4355 /wd4800 /wd4267 /wd4244 /wd4290 /wd4068 /wd4351 /MP /wd4554 /wd4099 /MD /O2 /Ob2 /DNDEBUG -std:c++17 /showIncludes /Fosrc\third-party\qscintilla-2.8.4\CMakeFiles\qscintilla.dir\sources\Qt4Qt5\qscicommand.cpp.obj /Fdsrc\third-party\qscintilla-2.8.4\CMakeFiles\qscintilla.dir\qscintilla.pdb /FS -c R:\src\third-party\qscintilla-2.8.4\sources\Qt4Qt5\qscicommand.cpp
build-app	Configure and Build Robo 3T	2026-04-22T00:49:24.0193227Z [77/253] C:\PROGRA~1\MICROS~2\2022\ENTERP~1\VC\Tools\MSVC\1444~1.352\bin\Hostx64\x64\cl.exe  /nologo /TP -DQT_CORE_LIB -DQT_GUI_LIB -DQT_NO_DEBUG -DQT_PRINTSUPPORT_LIB -DQT_WIDGETS_LIB -DSCINTILLA_QT -DSCI_LEXER -ID:\b\src\third-party\qscintilla-2.8.4\qscintilla_autogen\include -IR:\src\third-party\qscintilla-2.8.4\sources\Qt4Qt5 -IR:\src\third-party\qscintilla-2.8.4\sources\include -IR:\src\third-party\qscintilla-2.8.4\sources\lexlib -IR:\src\third-party\qscintilla-2.8.4\sources\src -external:ID:\a\robomongo\Qt\5.15.2\msvc2019_64\include -external:ID:\a\robomongo\Qt\5.15.2\msvc2019_64\include\QtWidgets -external:ID:\a\robomongo\Qt\5.15.2\msvc2019_64\include\QtGui -external:ID:\a\robomongo\Qt\5.15.2\msvc2019_64\include\QtANGLE -external:ID:\a\robomongo\Qt\5.15.2\msvc2019_64\include\QtCore -external:ID:\a\robomongo\Qt\5.15.2\msvc2019_64\.\mkspecs\win32-msvc -external:ID:\a\robomongo\Qt\5.15.2\msvc2019_64\include\QtPrintSupport -external:W0 /DWIN32 /D_WINDOWS /W3 /GR /EHsc -D_UNICODE -DUNICODE -DWIN32 -D_WIN32 -D_CRT_SECURE_NO_WARNINGS -DBOOST_ALL_NO_LIB /wd4355 /wd4800 /wd4267 /wd4244 /wd4290 /wd4068 /wd4351 /MP /wd4554 /wd4099 /MD /O2 /Ob2 /DNDEBUG -std:c++17 /showIncludes /Fosrc\third-party\qscintilla-2.8.4\CMakeFiles\qscintilla.dir\sources\Qt4Qt5\ListBoxQt.cpp.obj /Fdsrc\third-party\qscintilla-2.8.4\CMakeFiles\qscintilla.dir\qscintilla.pdb /FS -c R:\src\third-party\qscintilla-2.8.4\sources\Qt4Qt5\ListBoxQt.cpp
build-app	Configure and Build Robo 3T	2026-04-22T00:49:24.0977913Z [78/253] C:\PROGRA~1\MICROS~2\2022\ENTERP~1\VC\Tools\MSVC\1444~1.352\bin\Hostx64\x64\cl.exe  /nologo /TP -DQT_CORE_LIB -DQT_GUI_LIB -DQT_NO_DEBUG -DQT_PRINTSUPPORT_LIB -DQT_WIDGETS_LIB -DSCINTILLA_QT -DSCI_LEXER -ID:\b\src\third-party\qscintilla-2.8.4\qscintilla_autogen\include -IR:\src\third-party\qscintilla-2.8.4\sources\Qt4Qt5 -IR:\src\third-party\qscintilla-2.8.4\sources\include -IR:\src\third-party\qscintilla-2.8.4\sources\lexlib -IR:\src\third-party\qscintilla-2.8.4\sources\src -external:ID:\a\robomongo\Qt\5.15.2\msvc2019_64\include -external:ID:\a\robomongo\Qt\5.15.2\msvc2019_64\include\QtWidgets -external:ID:\a\robomongo\Qt\5.15.2\msvc2019_64\include\QtGui -external:ID:\a\robomongo\Qt\5.15.2\msvc2019_64\include\QtANGLE -external:ID:\a\robomongo\Qt\5.15.2\msvc2019_64\include\QtCore -external:ID:\a\robomongo\Qt\5.15.2\msvc2019_64\.\mkspecs\win32-msvc -external:ID:\a\robomongo\Qt\5.15.2\msvc2019_64\include\QtPrintSupport -external:W0 /DWIN32 /D_WINDOWS /W3 /GR /EHsc -D_UNICODE -DUNICODE -DWIN32 -D_WIN32 -D_CRT_SECURE_NO_WARNINGS -DBOOST_ALL_NO_LIB /wd4355 /wd4800 /wd4267 /wd4244 /wd4290 /wd4068 /wd4351 /MP /wd4554 /wd4099 /MD /O2 /Ob2 /DNDEBUG -std:c++17 /showIncludes /Fosrc\third-party\qscintilla-2.8.4\CMakeFiles\qscintilla.dir\sources\Qt4Qt5\MacPasteboardMime.cpp.obj /Fdsrc\third-party\qscintilla-2.8.4\CMakeFiles\qscintilla.dir\qscintilla.pdb /FS -c R:\src\third-party\qscintilla-2.8.4\sources\Qt4Qt5\MacPasteboardMime.cpp
build-app	Configure and Build Robo 3T	2026-04-22T00:49:25.0182231Z [79/253] C:\PROGRA~1\MICROS~2\2022\ENTERP~1\VC\Tools\MSVC\1444~1.352\bin\Hostx64\x64\cl.exe  /nologo /TP -DQT_CORE_LIB -DQT_GUI_LIB -DQT_NO_DEBUG -DQT_PRINTSUPPORT_LIB -DQT_WIDGETS_LIB -DSCINTILLA_QT -DSCI_LEXER -ID:\b\src\third-party\qscintilla-2.8.4\qscintilla_autogen\include -IR:\src\third-party\qscintilla-2.8.4\sources\Qt4Qt5 -IR:\src\third-party\qscintilla-2.8.4\sources\include -IR:\src\third-party\qscintilla-2.8.4\sources\lexlib -IR:\src\third-party\qscintilla-2.8.4\sources\src -external:ID:\a\robomongo\Qt\5.15.2\msvc2019_64\include -external:ID:\a\robomongo\Qt\5.15.2\msvc2019_64\include\QtWidgets -external:ID:\a\robomongo\Qt\5.15.2\msvc2019_64\include\QtGui -external:ID:\a\robomongo\Qt\5.15.2\msvc2019_64\include\QtANGLE -external:ID:\a\robomongo\Qt\5.15.2\msvc2019_64\include\QtCore -external:ID:\a\robomongo\Qt\5.15.2\msvc2019_64\.\mkspecs\win32-msvc -external:ID:\a\robomongo\Qt\5.15.2\msvc2019_64\include\QtPrintSupport -external:W0 /DWIN32 /D_WINDOWS /W3 /GR /EHsc -D_UNICODE -DUNICODE -DWIN32 -D_WIN32 -D_CRT_SECURE_NO_WARNINGS -DBOOST_ALL_NO_LIB /wd4355 /wd4800 /wd4267 /wd4244 /wd4290 /wd4068 /wd4351 /MP /wd4554 /wd4099 /MD /O2 /Ob2 /DNDEBUG -std:c++17 /showIncludes /Fosrc\third-party\qscintilla-2.8.4\CMakeFiles\qscintilla.dir\sources\Qt4Qt5\qscistyledtext.cpp.obj /Fdsrc\third-party\qscintilla-2.8.4\CMakeFiles\qscintilla.dir\qscintilla.pdb /FS -c R:\src\third-party\qscintilla-2.8.4\sources\Qt4Qt5\qscistyledtext.cpp
build-app	Configure and Build Robo 3T	2026-04-22T00:49:27.3027351Z [80/253] C:\PROGRA~1\MICROS~2\2022\ENTERP~1\VC\Tools\MSVC\1444~1.352\bin\Hostx64\x64\cl.exe  /nologo /TP -DQT_CORE_LIB -DQT_GUI_LIB -DQT_NO_DEBUG -DQT_PRINTSUPPORT_LIB -DQT_WIDGETS_LIB -DSCINTILLA_QT -DSCI_LEXER -ID:\b\src\third-party\qscintilla-2.8.4\qscintilla_autogen\include -IR:\src\third-party\qscintilla-2.8.4\sources\Qt4Qt5 -IR:\src\third-party\qscintilla-2.8.4\sources\include -IR:\src\third-party\qscintilla-2.8.4\sources\lexlib -IR:\src\third-party\qscintilla-2.8.4\sources\src -external:ID:\a\robomongo\Qt\5.15.2\msvc2019_64\include -external:ID:\a\robomongo\Qt\5.15.2\msvc2019_64\include\QtWidgets -external:ID:\a\robomongo\Qt\5.15.2\msvc2019_64\include\QtGui -external:ID:\a\robomongo\Qt\5.15.2\msvc2019_64\include\QtANGLE -external:ID:\a\robomongo\Qt\5.15.2\msvc2019_64\include\QtCore -external:ID:\a\robomongo\Qt\5.15.2\msvc2019_64\.\mkspecs\win32-msvc -external:ID:\a\robomongo\Qt\5.15.2\msvc2019_64\include\QtPrintSupport -external:W0 /DWIN32 /D_WINDOWS /W3 /GR /EHsc -D_UNICODE -DUNICODE -DWIN32 -D_WIN32 -D_CRT_SECURE_NO_WARNINGS -DBOOST_ALL_NO_LIB /wd4355 /wd4800 /wd4267 /wd4244 /wd4290 /wd4068 /wd4351 /MP /wd4554 /wd4099 /MD /O2 /Ob2 /DNDEBUG -std:c++17 /showIncludes /Fosrc\third-party\qscintilla-2.8.4\CMakeFiles\qscintilla.dir\sources\Qt4Qt5\qsciprinter.cpp.obj /Fdsrc\third-party\qscintilla-2.8.4\CMakeFiles\qscintilla.dir\qscintilla.pdb /FS -c R:\src\third-party\qscintilla-2.8.4\sources\Qt4Qt5\qsciprinter.cpp
build-app	Configure and Build Robo 3T	2026-04-22T00:49:27.3600127Z R:\src\third-party\qscintilla-2.8.4\sources\Qt4Qt5\qsciprinter.cpp(104): warning C4996: 'QPrinter::numCopies': Use copyCount() instead.
build-app	Configure and Build Robo 3T	2026-04-22T00:49:27.3927108Z [81/253] C:\PROGRA~1\MICROS~2\2022\ENTERP~1\VC\Tools\MSVC\1444~1.352\bin\Hostx64\x64\cl.exe  /nologo /TP -DQT_CORE_LIB -DQT_GUI_LIB -DQT_NO_DEBUG -DQT_PRINTSUPPORT_LIB -DQT_WIDGETS_LIB -DSCINTILLA_QT -DSCI_LEXER -ID:\b\src\third-party\qscintilla-2.8.4\qscintilla_autogen\include -IR:\src\third-party\qscintilla-2.8.4\sources\Qt4Qt5 -IR:\src\third-party\qscintilla-2.8.4\sources\include -IR:\src\third-party\qscintilla-2.8.4\sources\lexlib -IR:\src\third-party\qscintilla-2.8.4\sources\src -external:ID:\a\robomongo\Qt\5.15.2\msvc2019_64\include -external:ID:\a\robomongo\Qt\5.15.2\msvc2019_64\include\QtWidgets -external:ID:\a\robomongo\Qt\5.15.2\msvc2019_64\include\QtGui -external:ID:\a\robomongo\Qt\5.15.2\msvc2019_64\include\QtANGLE -external:ID:\a\robomongo\Qt\5.15.2\msvc2019_64\include\QtCore -external:ID:\a\robomongo\Qt\5.15.2\msvc2019_64\.\mkspecs\win32-msvc -external:ID:\a\robomongo\Qt\5.15.2\msvc2019_64\include\QtPrintSupport -external:W0 /DWIN32 /D_WINDOWS /W3 /GR /EHsc -D_UNICODE -DUNICODE -DWIN32 -D_WIN32 -D_CRT_SECURE_NO_WARNINGS -DBOOST_ALL_NO_LIB /wd4355 /wd4800 /wd4267 /wd4244 /wd4290 /wd4068 /wd4351 /MP /wd4554 /wd4099 /MD /O2 /Ob2 /DNDEBUG -std:c++17 /showIncludes /Fosrc\third-party\qscintilla-2.8.4\CMakeFiles\qscintilla.dir\sources\Qt4Qt5\SciClasses.cpp.obj /Fdsrc\third-party\qscintilla-2.8.4\CMakeFiles\qscintilla.dir\qscintilla.pdb /FS -c R:\src\third-party\qscintilla-2.8.4\sources\Qt4Qt5\SciClasses.cpp
build-app	Configure and Build Robo 3T	2026-04-22T00:49:27.4178683Z [82/253] C:\PROGRA~1\MICROS~2\2022\ENTERP~1\VC\Tools\MSVC\1444~1.352\bin\Hostx64\x64\cl.exe  /nologo /TP -DQT_CORE_LIB -DQT_GUI_LIB -DQT_NO_DEBUG -DQT_PRINTSUPPORT_LIB -DQT_WIDGETS_LIB -DSCINTILLA_QT -DSCI_LEXER -ID:\b\src\third-party\qscintilla-2.8.4\qscintilla_autogen\include -IR:\src\third-party\qscintilla-2.8.4\sources\Qt4Qt5 -IR:\src\third-party\qscintilla-2.8.4\sources\include -IR:\src\third-party\qscintilla-2.8.4\sources\lexlib -IR:\src\third-party\qscintilla-2.8.4\sources\src -external:ID:\a\robomongo\Qt\5.15.2\msvc2019_64\include -external:ID:\a\robomongo\Qt\5.15.2\msvc2019_64\include\QtWidgets -external:ID:\a\robomongo\Qt\5.15.2\msvc2019_64\include\QtGui -external:ID:\a\robomongo\Qt\5.15.2\msvc2019_64\include\QtANGLE -external:ID:\a\robomongo\Qt\5.15.2\msvc2019_64\include\QtCore -external:ID:\a\robomongo\Qt\5.15.2\msvc2019_64\.\mkspecs\win32-msvc -external:ID:\a\robomongo\Qt\5.15.2\msvc2019_64\include\QtPrintSupport -external:W0 /DWIN32 /D_WINDOWS /W3 /GR /EHsc -D_UNICODE -DUNICODE -DWIN32 -D_WIN32 -D_CRT_SECURE_NO_WARNINGS -DBOOST_ALL_NO_LIB /wd4355 /wd4800 /wd4267 /wd4244 /wd4290 /wd4068 /wd4351 /MP /wd4554 /wd4099 /MD /O2 /Ob2 /DNDEBUG -std:c++17 /showIncludes /Fosrc\third-party\qscintilla-2.8.4\CMakeFiles\qscintilla.dir\sources\Qt4Qt5\PlatQt.cpp.obj /Fdsrc\third-party\qscintilla-2.8.4\CMakeFiles\qscintilla.dir\qscintilla.pdb /FS -c R:\src\third-party\qscintilla-2.8.4\sources\Qt4Qt5\PlatQt.cpp
build-app	Configure and Build Robo 3T	2026-04-22T00:49:27.4282755Z R:\src\third-party\qscintilla-2.8.4\sources\Qt4Qt5\PlatQt.cpp(127): warning C4996: 'QFont::setRawName': was declared deprecated
build-app	Configure and Build Robo 3T	2026-04-22T00:49:27.4477887Z R:\src\third-party\qscintilla-2.8.4\sources\Qt4Qt5\PlatQt.cpp(413): warning C4996: 'QPainter::drawRoundRect': Use drawRoundedRect(..., Qt::RelativeSize) instead
build-app	Configure and Build Robo 3T	2026-04-22T00:49:27.5155082Z R:\src\third-party\qscintilla-2.8.4\sources\Qt4Qt5\PlatQt.cpp(437): warning C4996: 'QPainter::drawRoundRect': Use drawRoundedRect(..., Qt::RelativeSize) instead
build-app	Configure and Build Robo 3T	2026-04-22T00:49:27.5578883Z R:\src\third-party\qscintilla-2.8.4\sources\Qt4Qt5\PlatQt.cpp(861): warning C4996: 'QDesktopWidget::availableGeometry': Use QGuiApplication::screenAt()
build-app	Configure and Build Robo 3T	2026-04-22T00:49:27.7333321Z [83/253] C:\PROGRA~1\MICROS~2\2022\ENTERP~1\VC\Tools\MSVC\1444~1.352\bin\Hostx64\x64\cl.exe  /nologo /TP -DQT_CORE_LIB -DQT_GUI_LIB -DQT_NO_DEBUG -DQT_PRINTSUPPORT_LIB -DQT_WIDGETS_LIB -DSCINTILLA_QT -DSCI_LEXER -ID:\b\src\third-party\qscintilla-2.8.4\qscintilla_autogen\include -IR:\src\third-party\qscintilla-2.8.4\sources\Qt4Qt5 -IR:\src\third-party\qscintilla-2.8.4\sources\include -IR:\src\third-party\qscintilla-2.8.4\sources\lexlib -IR:\src\third-party\qscintilla-2.8.4\sources\src -external:ID:\a\robomongo\Qt\5.15.2\msvc2019_64\include -external:ID:\a\robomongo\Qt\5.15.2\msvc2019_64\include\QtWidgets -external:ID:\a\robomongo\Qt\5.15.2\msvc2019_64\include\QtGui -external:ID:\a\robomongo\Qt\5.15.2\msvc2019_64\include\QtANGLE -external:ID:\a\robomongo\Qt\5.15.2\msvc2019_64\include\QtCore -external:ID:\a\robomongo\Qt\5.15.2\msvc2019_64\.\mkspecs\win32-msvc -external:ID:\a\robomongo\Qt\5.15.2\msvc2019_64\include\QtPrintSupport -external:W0 /DWIN32 /D_WINDOWS /W3 /GR /EHsc -D_UNICODE -DUNICODE -DWIN32 -D_WIN32 -D_CRT_SECURE_NO_WARNINGS -DBOOST_ALL_NO_LIB /wd4355 /wd4800 /wd4267 /wd4244 /wd4290 /wd4068 /wd4351 /MP /wd4554 /wd4099 /MD /O2 /Ob2 /DNDEBUG -std:c++17 /showIncludes /Fosrc\third-party\qscintilla-2.8.4\CMakeFiles\qscintilla.dir\sources\Qt4Qt5\qscimacro.cpp.obj /Fdsrc\third-party\qscintilla-2.8.4\CMakeFiles\qscintilla.dir\qscintilla.pdb /FS -c R:\src\third-party\qscintilla-2.8.4\sources\Qt4Qt5\qscimacro.cpp
build-app	Configure and Build Robo 3T	2026-04-22T00:49:27.8108703Z R:\src\third-party\qscintilla-2.8.4\sources\Qt4Qt5\qscimacro.cpp(195): warning C4996: 'QString::sprintf': Use asprintf(), arg() or QTextStream instead
build-app	Configure and Build Robo 3T	2026-04-22T00:49:27.8889345Z R:\src\third-party\qscintilla-2.8.4\sources\Qt4Qt5\qscimacro.cpp(222): warning C4996: 'QString::sprintf': Use asprintf(), arg() or QTextStream instead
build-app	Configure and Build Robo 3T	2026-04-22T00:49:28.7440620Z [84/253] C:\PROGRA~1\MICROS~2\2022\ENTERP~1\VC\Tools\MSVC\1444~1.352\bin\Hostx64\x64\cl.exe  /nologo /TP -DQT_CORE_LIB -DQT_GUI_LIB -DQT_NO_DEBUG -DQT_PRINTSUPPORT_LIB -DQT_WIDGETS_LIB -DSCINTILLA_QT -DSCI_LEXER -ID:\b\src\third-party\qscintilla-2.8.4\qscintilla_autogen\include -IR:\src\third-party\qscintilla-2.8.4\sources\Qt4Qt5 -IR:\src\third-party\qscintilla-2.8.4\sources\include -IR:\src\third-party\qscintilla-2.8.4\sources\lexlib -IR:\src\third-party\qscintilla-2.8.4\sources\src -external:ID:\a\robomongo\Qt\5.15.2\msvc2019_64\include -external:ID:\a\robomongo\Qt\5.15.2\msvc2019_64\include\QtWidgets -external:ID:\a\robomongo\Qt\5.15.2\msvc2019_64\include\QtGui -external:ID:\a\robomongo\Qt\5.15.2\msvc2019_64\include\QtANGLE -external:ID:\a\robomongo\Qt\5.15.2\msvc2019_64\include\QtCore -external:ID:\a\robomongo\Qt\5.15.2\msvc2019_64\.\mkspecs\win32-msvc -external:ID:\a\robomongo\Qt\5.15.2\msvc2019_64\include\QtPrintSupport -external:W0 /DWIN32 /D_WINDOWS /W3 /GR /EHsc -D_UNICODE -DUNICODE -DWIN32 -D_WIN32 -D_CRT_SECURE_NO_WARNINGS -DBOOST_ALL_NO_LIB /wd4355 /wd4800 /wd4267 /wd4244 /wd4290 /wd4068 /wd4351 /MP /wd4554 /wd4099 /MD /O2 /Ob2 /DNDEBUG -std:c++17 /showIncludes /Fosrc\third-party\qscintilla-2.8.4\CMakeFiles\qscintilla.dir\sources\Qt4Qt5\qscicommandset.cpp.obj /Fdsrc\third-party\qscintilla-2.8.4\CMakeFiles\qscintilla.dir\qscintilla.pdb /FS -c R:\src\third-party\qscintilla-2.8.4\sources\Qt4Qt5\qscicommandset.cpp
build-app	Configure and Build Robo 3T	2026-04-22T00:49:28.7701929Z R:\src\third-party\qscintilla-2.8.4\sources\Qt4Qt5\qscicommandset.cpp(899): warning C4996: 'QString::sprintf': Use asprintf(), arg() or QTextStream instead
build-app	Configure and Build Robo 3T	2026-04-22T00:49:28.8117587Z R:\src\third-party\qscintilla-2.8.4\sources\Qt4Qt5\qscicommandset.cpp(938): warning C4996: 'QString::sprintf': Use asprintf(), arg() or QTextStream instead
build-app	Configure and Build Robo 3T	2026-04-22T00:49:28.8306736Z [85/253] C:\PROGRA~1\MICROS~2\2022\ENTERP~1\VC\Tools\MSVC\1444~1.352\bin\Hostx64\x64\cl.exe  /nologo /TP -DQT_CORE_LIB -DQT_GUI_LIB -DQT_NO_DEBUG -DQT_PRINTSUPPORT_LIB -DQT_WIDGETS_LIB -DSCINTILLA_QT -DSCI_LEXER -ID:\b\src\third-party\qscintilla-2.8.4\qscintilla_autogen\include -IR:\src\third-party\qscintilla-2.8.4\sources\Qt4Qt5 -IR:\src\third-party\qscintilla-2.8.4\sources\include -IR:\src\third-party\qscintilla-2.8.4\sources\lexlib -IR:\src\third-party\qscintilla-2.8.4\sources\src -external:ID:\a\robomongo\Qt\5.15.2\msvc2019_64\include -external:ID:\a\robomongo\Qt\5.15.2\msvc2019_64\include\QtWidgets -external:ID:\a\robomongo\Qt\5.15.2\msvc2019_64\include\QtGui -external:ID:\a\robomongo\Qt\5.15.2\msvc2019_64\include\QtANGLE -external:ID:\a\robomongo\Qt\5.15.2\msvc2019_64\include\QtCore -external:ID:\a\robomongo\Qt\5.15.2\msvc2019_64\.\mkspecs\win32-msvc -external:ID:\a\robomongo\Qt\5.15.2\msvc2019_64\include\QtPrintSupport -external:W0 /DWIN32 /D_WINDOWS /W3 /GR /EHsc -D_UNICODE -DUNICODE -DWIN32 -D_WIN32 -D_CRT_SECURE_NO_WARNINGS -DBOOST_ALL_NO_LIB /wd4355 /wd4800 /wd4267 /wd4244 /wd4290 /wd4068 /wd4351 /MP /wd4554 /wd4099 /MD /O2 /Ob2 /DNDEBUG -std:c++17 /showIncludes /Fosrc\third-party\qscintilla-2.8.4\CMakeFiles\qscintilla.dir\sources\src\CallTip.cpp.obj /Fdsrc\third-party\qscintilla-2.8.4\CMakeFiles\qscintilla.dir\qscintilla.pdb /FS -c R:\src\third-party\qscintilla-2.8.4\sources\src\CallTip.cpp
build-app	Configure and Build Robo 3T	2026-04-22T00:49:29.6770352Z [86/253] C:\PROGRA~1\MICROS~2\2022\ENTERP~1\VC\Tools\MSVC\1444~1.352\bin\Hostx64\x64\cl.exe  /nologo /TP -DQT_CORE_LIB -DQT_GUI_LIB -DQT_NO_DEBUG -DQT_PRINTSUPPORT_LIB -DQT_WIDGETS_LIB -DSCINTILLA_QT -DSCI_LEXER -ID:\b\src\third-party\qscintilla-2.8.4\qscintilla_autogen\include -IR:\src\third-party\qscintilla-2.8.4\sources\Qt4Qt5 -IR:\src\third-party\qscintilla-2.8.4\sources\include -IR:\src\third-party\qscintilla-2.8.4\sources\lexlib -IR:\src\third-party\qscintilla-2.8.4\sources\src -external:ID:\a\robomongo\Qt\5.15.2\msvc2019_64\include -external:ID:\a\robomongo\Qt\5.15.2\msvc2019_64\include\QtWidgets -external:ID:\a\robomongo\Qt\5.15.2\msvc2019_64\include\QtGui -external:ID:\a\robomongo\Qt\5.15.2\msvc2019_64\include\QtANGLE -external:ID:\a\robomongo\Qt\5.15.2\msvc2019_64\include\QtCore -external:ID:\a\robomongo\Qt\5.15.2\msvc2019_64\.\mkspecs\win32-msvc -external:ID:\a\robomongo\Qt\5.15.2\msvc2019_64\include\QtPrintSupport -external:W0 /DWIN32 /D_WINDOWS /W3 /GR /EHsc -D_UNICODE -DUNICODE -DWIN32 -D_WIN32 -D_CRT_SECURE_NO_WARNINGS -DBOOST_ALL_NO_LIB /wd4355 /wd4800 /wd4267 /wd4244 /wd4290 /wd4068 /wd4351 /MP /wd4554 /wd4099 /MD /O2 /Ob2 /DNDEBUG -std:c++17 /showIncludes /Fosrc\third-party\qscintilla-2.8.4\CMakeFiles\qscintilla.dir\sources\src\AutoComplete.cpp.obj /Fdsrc\third-party\qscintilla-2.8.4\CMakeFiles\qscintilla.dir\qscintilla.pdb /FS -c R:\src\third-party\qscintilla-2.8.4\sources\src\AutoComplete.cpp
build-app	Configure and Build Robo 3T	2026-04-22T00:49:30.1410916Z [87/253] C:\PROGRA~1\MICROS~2\2022\ENTERP~1\VC\Tools\MSVC\1444~1.352\bin\Hostx64\x64\cl.exe  /nologo /TP -DQT_CORE_LIB -DQT_GUI_LIB -DQT_NO_DEBUG -DQT_PRINTSUPPORT_LIB -DQT_WIDGETS_LIB -DSCINTILLA_QT -DSCI_LEXER -ID:\b\src\third-party\qscintilla-2.8.4\qscintilla_autogen\include -IR:\src\third-party\qscintilla-2.8.4\sources\Qt4Qt5 -IR:\src\third-party\qscintilla-2.8.4\sources\include -IR:\src\third-party\qscintilla-2.8.4\sources\lexlib -IR:\src\third-party\qscintilla-2.8.4\sources\src -external:ID:\a\robomongo\Qt\5.15.2\msvc2019_64\include -external:ID:\a\robomongo\Qt\5.15.2\msvc2019_64\include\QtWidgets -external:ID:\a\robomongo\Qt\5.15.2\msvc2019_64\include\QtGui -external:ID:\a\robomongo\Qt\5.15.2\msvc2019_64\include\QtANGLE -external:ID:\a\robomongo\Qt\5.15.2\msvc2019_64\include\QtCore -external:ID:\a\robomongo\Qt\5.15.2\msvc2019_64\.\mkspecs\win32-msvc -external:ID:\a\robomongo\Qt\5.15.2\msvc2019_64\include\QtPrintSupport -external:W0 /DWIN32 /D_WINDOWS /W3 /GR /EHsc -D_UNICODE -DUNICODE -DWIN32 -D_WIN32 -D_CRT_SECURE_NO_WARNINGS -DBOOST_ALL_NO_LIB /wd4355 /wd4800 /wd4267 /wd4244 /wd4290 /wd4068 /wd4351 /MP /wd4554 /wd4099 /MD /O2 /Ob2 /DNDEBUG -std:c++17 /showIncludes /Fosrc\third-party\qscintilla-2.8.4\CMakeFiles\qscintilla.dir\sources\src\CaseConvert.cpp.obj /Fdsrc\third-party\qscintilla-2.8.4\CMakeFiles\qscintilla.dir\qscintilla.pdb /FS -c R:\src\third-party\qscintilla-2.8.4\sources\src\CaseConvert.cpp
build-app	Configure and Build Robo 3T	2026-04-22T00:49:30.2184247Z [88/253] C:\PROGRA~1\MICROS~2\2022\ENTERP~1\VC\Tools\MSVC\1444~1.352\bin\Hostx64\x64\cl.exe  /nologo /TP -DQT_CORE_LIB -DQT_GUI_LIB -DQT_NO_DEBUG -DQT_PRINTSUPPORT_LIB -DQT_WIDGETS_LIB -DSCINTILLA_QT -DSCI_LEXER -ID:\b\src\third-party\qscintilla-2.8.4\qscintilla_autogen\include -IR:\src\third-party\qscintilla-2.8.4\sources\Qt4Qt5 -IR:\src\third-party\qscintilla-2.8.4\sources\include -IR:\src\third-party\qscintilla-2.8.4\sources\lexlib -IR:\src\third-party\qscintilla-2.8.4\sources\src -external:ID:\a\robomongo\Qt\5.15.2\msvc2019_64\include -external:ID:\a\robomongo\Qt\5.15.2\msvc2019_64\include\QtWidgets -external:ID:\a\robomongo\Qt\5.15.2\msvc2019_64\include\QtGui -external:ID:\a\robomongo\Qt\5.15.2\msvc2019_64\include\QtANGLE -external:ID:\a\robomongo\Qt\5.15.2\msvc2019_64\include\QtCore -external:ID:\a\robomongo\Qt\5.15.2\msvc2019_64\.\mkspecs\win32-msvc -external:ID:\a\robomongo\Qt\5.15.2\msvc2019_64\include\QtPrintSupport -external:W0 /DWIN32 /D_WINDOWS /W3 /GR /EHsc -D_UNICODE -DUNICODE -DWIN32 -D_WIN32 -D_CRT_SECURE_NO_WARNINGS -DBOOST_ALL_NO_LIB /wd4355 /wd4800 /wd4267 /wd4244 /wd4290 /wd4068 /wd4351 /MP /wd4554 /wd4099 /MD /O2 /Ob2 /DNDEBUG -std:c++17 /showIncludes /Fosrc\third-party\qscintilla-2.8.4\CMakeFiles\qscintilla.dir\sources\src\CaseFolder.cpp.obj /Fdsrc\third-party\qscintilla-2.8.4\CMakeFiles\qscintilla.dir\qscintilla.pdb /FS -c R:\src\third-party\qscintilla-2.8.4\sources\src\CaseFolder.cpp
build-app	Configure and Build Robo 3T	2026-04-22T00:49:30.6030329Z [89/253] C:\PROGRA~1\MICROS~2\2022\ENTERP~1\VC\Tools\MSVC\1444~1.352\bin\Hostx64\x64\cl.exe  /nologo /TP -DQT_CORE_LIB -DQT_GUI_LIB -DQT_NO_DEBUG -DQT_PRINTSUPPORT_LIB -DQT_WIDGETS_LIB -DSCINTILLA_QT -DSCI_LEXER -ID:\b\src\third-party\qscintilla-2.8.4\qscintilla_autogen\include -IR:\src\third-party\qscintilla-2.8.4\sources\Qt4Qt5 -IR:\src\third-party\qscintilla-2.8.4\sources\include -IR:\src\third-party\qscintilla-2.8.4\sources\lexlib -IR:\src\third-party\qscintilla-2.8.4\sources\src -external:ID:\a\robomongo\Qt\5.15.2\msvc2019_64\include -external:ID:\a\robomongo\Qt\5.15.2\msvc2019_64\include\QtWidgets -external:ID:\a\robomongo\Qt\5.15.2\msvc2019_64\include\QtGui -external:ID:\a\robomongo\Qt\5.15.2\msvc2019_64\include\QtANGLE -external:ID:\a\robomongo\Qt\5.15.2\msvc2019_64\include\QtCore -external:ID:\a\robomongo\Qt\5.15.2\msvc2019_64\.\mkspecs\win32-msvc -external:ID:\a\robomongo\Qt\5.15.2\msvc2019_64\include\QtPrintSupport -external:W0 /DWIN32 /D_WINDOWS /W3 /GR /EHsc -D_UNICODE -DUNICODE -DWIN32 -D_WIN32 -D_CRT_SECURE_NO_WARNINGS -DBOOST_ALL_NO_LIB /wd4355 /wd4800 /wd4267 /wd4244 /wd4290 /wd4068 /wd4351 /MP /wd4554 /wd4099 /MD /O2 /Ob2 /DNDEBUG -std:c++17 /showIncludes /Fosrc\third-party\qscintilla-2.8.4\CMakeFiles\qscintilla.dir\sources\Qt4Qt5\qsciapis.cpp.obj /Fdsrc\third-party\qscintilla-2.8.4\CMakeFiles\qscintilla.dir\qscintilla.pdb /FS -c R:\src\third-party\qscintilla-2.8.4\sources\Qt4Qt5\qsciapis.cpp
build-app	Configure and Build Robo 3T	2026-04-22T00:49:30.6543136Z R:\src\third-party\qscintilla-2.8.4\sources\Qt4Qt5\qsciapis.cpp(601): warning C4996: 'qLowerBound': Use std::lower_bound
build-app	Configure and Build Robo 3T	2026-04-22T00:49:30.7052562Z [90/253] C:\PROGRA~1\MICROS~2\2022\ENTERP~1\VC\Tools\MSVC\1444~1.352\bin\Hostx64\x64\cl.exe  /nologo /TP -DQT_CORE_LIB -DQT_GUI_LIB -DQT_NO_DEBUG -DQT_PRINTSUPPORT_LIB -DQT_WIDGETS_LIB -DSCINTILLA_QT -DSCI_LEXER -ID:\b\src\third-party\qscintilla-2.8.4\qscintilla_autogen\include -IR:\src\third-party\qscintilla-2.8.4\sources\Qt4Qt5 -IR:\src\third-party\qscintilla-2.8.4\sources\include -IR:\src\third-party\qscintilla-2.8.4\sources\lexlib -IR:\src\third-party\qscintilla-2.8.4\sources\src -external:ID:\a\robomongo\Qt\5.15.2\msvc2019_64\include -external:ID:\a\robomongo\Qt\5.15.2\msvc2019_64\include\QtWidgets -external:ID:\a\robomongo\Qt\5.15.2\msvc2019_64\include\QtGui -external:ID:\a\robomongo\Qt\5.15.2\msvc2019_64\include\QtANGLE -external:ID:\a\robomongo\Qt\5.15.2\msvc2019_64\include\QtCore -external:ID:\a\robomongo\Qt\5.15.2\msvc2019_64\.\mkspecs\win32-msvc -external:ID:\a\robomongo\Qt\5.15.2\msvc2019_64\include\QtPrintSupport -external:W0 /DWIN32 /D_WINDOWS /W3 /GR /EHsc -D_UNICODE -DUNICODE -DWIN32 -D_WIN32 -D_CRT_SECURE_NO_WARNINGS -DBOOST_ALL_NO_LIB /wd4355 /wd4800 /wd4267 /wd4244 /wd4290 /wd4068 /wd4351 /MP /wd4554 /wd4099 /MD /O2 /Ob2 /DNDEBUG -std:c++17 /showIncludes /Fosrc\third-party\qscintilla-2.8.4\CMakeFiles\qscintilla.dir\sources\src\Catalogue.cpp.obj /Fdsrc\third-party\qscintilla-2.8.4\CMakeFiles\qscintilla.dir\qscintilla.pdb /FS -c R:\src\third-party\qscintilla-2.8.4\sources\src\Catalogue.cpp
build-app	Configure and Build Robo 3T	2026-04-22T00:49:31.5002494Z [91/253] C:\PROGRA~1\MICROS~2\2022\ENTERP~1\VC\Tools\MSVC\1444~1.352\bin\Hostx64\x64\cl.exe  /nologo /TP -DQT_CORE_LIB -DQT_GUI_LIB -DQT_NO_DEBUG -DQT_PRINTSUPPORT_LIB -DQT_WIDGETS_LIB -DSCINTILLA_QT -DSCI_LEXER -ID:\b\src\third-party\qscintilla-2.8.4\qscintilla_autogen\include -IR:\src\third-party\qscintilla-2.8.4\sources\Qt4Qt5 -IR:\src\third-party\qscintilla-2.8.4\sources\include -IR:\src\third-party\qscintilla-2.8.4\sources\lexlib -IR:\src\third-party\qscintilla-2.8.4\sources\src -external:ID:\a\robomongo\Qt\5.15.2\msvc2019_64\include -external:ID:\a\robomongo\Qt\5.15.2\msvc2019_64\include\QtWidgets -external:ID:\a\robomongo\Qt\5.15.2\msvc2019_64\include\QtGui -external:ID:\a\robomongo\Qt\5.15.2\msvc2019_64\include\QtANGLE -external:ID:\a\robomongo\Qt\5.15.2\msvc2019_64\include\QtCore -external:ID:\a\robomongo\Qt\5.15.2\msvc2019_64\.\mkspecs\win32-msvc -external:ID:\a\robomongo\Qt\5.15.2\msvc2019_64\include\QtPrintSupport -external:W0 /DWIN32 /D_WINDOWS /W3 /GR /EHsc -D_UNICODE -DUNICODE -DWIN32 -D_WIN32 -D_CRT_SECURE_NO_WARNINGS -DBOOST_ALL_NO_LIB /wd4355 /wd4800 /wd4267 /wd4244 /wd4290 /wd4068 /wd4351 /MP /wd4554 /wd4099 /MD /O2 /Ob2 /DNDEBUG -std:c++17 /showIncludes /Fosrc\third-party\qscintilla-2.8.4\CMakeFiles\qscintilla.dir\sources\src\CharClassify.cpp.obj /Fdsrc\third-party\qscintilla-2.8.4\CMakeFiles\qscintilla.dir\qscintilla.pdb /FS -c R:\src\third-party\qscintilla-2.8.4\sources\src\CharClassify.cpp
build-app	Configure and Build Robo 3T	2026-04-22T00:49:32.0661853Z [92/253] C:\PROGRA~1\MICROS~2\2022\ENTERP~1\VC\Tools\MSVC\1444~1.352\bin\Hostx64\x64\cl.exe  /nologo /TP -DQT_CORE_LIB -DQT_GUI_LIB -DQT_NO_DEBUG -DQT_PRINTSUPPORT_LIB -DQT_WIDGETS_LIB -DSCINTILLA_QT -DSCI_LEXER -ID:\b\src\third-party\qscintilla-2.8.4\qscintilla_autogen\include -IR:\src\third-party\qscintilla-2.8.4\sources\Qt4Qt5 -IR:\src\third-party\qscintilla-2.8.4\sources\include -IR:\src\third-party\qscintilla-2.8.4\sources\lexlib -IR:\src\third-party\qscintilla-2.8.4\sources\src -external:ID:\a\robomongo\Qt\5.15.2\msvc2019_64\include -external:ID:\a\robomongo\Qt\5.15.2\msvc2019_64\include\QtWidgets -external:ID:\a\robomongo\Qt\5.15.2\msvc2019_64\include\QtGui -external:ID:\a\robomongo\Qt\5.15.2\msvc2019_64\include\QtANGLE -external:ID:\a\robomongo\Qt\5.15.2\msvc2019_64\include\QtCore -external:ID:\a\robomongo\Qt\5.15.2\msvc2019_64\.\mkspecs\win32-msvc -external:ID:\a\robomongo\Qt\5.15.2\msvc2019_64\include\QtPrintSupport -external:W0 /DWIN32 /D_WINDOWS /W3 /GR /EHsc -D_UNICODE -DUNICODE -DWIN32 -D_WIN32 -D_CRT_SECURE_NO_WARNINGS -DBOOST_ALL_NO_LIB /wd4355 /wd4800 /wd4267 /wd4244 /wd4290 /wd4068 /wd4351 /MP /wd4554 /wd4099 /MD /O2 /Ob2 /DNDEBUG -std:c++17 /showIncludes /Fosrc\third-party\qscintilla-2.8.4\CMakeFiles\qscintilla.dir\sources\src\CellBuffer.cpp.obj /Fdsrc\third-party\qscintilla-2.8.4\CMakeFiles\qscintilla.dir\qscintilla.pdb /FS -c R:\src\third-party\qscintilla-2.8.4\sources\src\CellBuffer.cpp
build-app	Configure and Build Robo 3T	2026-04-22T00:49:32.3006327Z [93/253] C:\PROGRA~1\MICROS~2\2022\ENTERP~1\VC\Tools\MSVC\1444~1.352\bin\Hostx64\x64\cl.exe  /nologo /TP -DQT_CORE_LIB -DQT_GUI_LIB -DQT_NO_DEBUG -DQT_PRINTSUPPORT_LIB -DQT_WIDGETS_LIB -DSCINTILLA_QT -DSCI_LEXER -ID:\b\src\third-party\qscintilla-2.8.4\qscintilla_autogen\include -IR:\src\third-party\qscintilla-2.8.4\sources\Qt4Qt5 -IR:\src\third-party\qscintilla-2.8.4\sources\include -IR:\src\third-party\qscintilla-2.8.4\sources\lexlib -IR:\src\third-party\qscintilla-2.8.4\sources\src -external:ID:\a\robomongo\Qt\5.15.2\msvc2019_64\include -external:ID:\a\robomongo\Qt\5.15.2\msvc2019_64\include\QtWidgets -external:ID:\a\robomongo\Qt\5.15.2\msvc2019_64\include\QtGui -external:ID:\a\robomongo\Qt\5.15.2\msvc2019_64\include\QtANGLE -external:ID:\a\robomongo\Qt\5.15.2\msvc2019_64\include\QtCore -external:ID:\a\robomongo\Qt\5.15.2\msvc2019_64\.\mkspecs\win32-msvc -external:ID:\a\robomongo\Qt\5.15.2\msvc2019_64\include\QtPrintSupport -external:W0 /DWIN32 /D_WINDOWS /W3 /GR /EHsc -D_UNICODE -DUNICODE -DWIN32 -D_WIN32 -D_CRT_SECURE_NO_WARNINGS -DBOOST_ALL_NO_LIB /wd4355 /wd4800 /wd4267 /wd4244 /wd4290 /wd4068 /wd4351 /MP /wd4554 /wd4099 /MD /O2 /Ob2 /DNDEBUG -std:c++17 /showIncludes /Fosrc\third-party\qscintilla-2.8.4\CMakeFiles\qscintilla.dir\sources\src\Decoration.cpp.obj /Fdsrc\third-party\qscintilla-2.8.4\CMakeFiles\qscintilla.dir\qscintilla.pdb /FS -c R:\src\third-party\qscintilla-2.8.4\sources\src\Decoration.cpp
build-app	Configure and Build Robo 3T	2026-04-22T00:49:32.6727221Z [94/253] C:\PROGRA~1\MICROS~2\2022\ENTERP~1\VC\Tools\MSVC\1444~1.352\bin\Hostx64\x64\cl.exe  /nologo /TP -DQT_CORE_LIB -DQT_GUI_LIB -DQT_NO_DEBUG -DQT_PRINTSUPPORT_LIB -DQT_WIDGETS_LIB -DSCINTILLA_QT -DSCI_LEXER -ID:\b\src\third-party\qscintilla-2.8.4\qscintilla_autogen\include -IR:\src\third-party\qscintilla-2.8.4\sources\Qt4Qt5 -IR:\src\third-party\qscintilla-2.8.4\sources\include -IR:\src\third-party\qscintilla-2.8.4\sources\lexlib -IR:\src\third-party\qscintilla-2.8.4\sources\src -external:ID:\a\robomongo\Qt\5.15.2\msvc2019_64\include -external:ID:\a\robomongo\Qt\5.15.2\msvc2019_64\include\QtWidgets -external:ID:\a\robomongo\Qt\5.15.2\msvc2019_64\include\QtGui -external:ID:\a\robomongo\Qt\5.15.2\msvc2019_64\include\QtANGLE -external:ID:\a\robomongo\Qt\5.15.2\msvc2019_64\include\QtCore -external:ID:\a\robomongo\Qt\5.15.2\msvc2019_64\.\mkspecs\win32-msvc -external:ID:\a\robomongo\Qt\5.15.2\msvc2019_64\include\QtPrintSupport -external:W0 /DWIN32 /D_WINDOWS /W3 /GR /EHsc -D_UNICODE -DUNICODE -DWIN32 -D_WIN32 -D_CRT_SECURE_NO_WARNINGS -DBOOST_ALL_NO_LIB /wd4355 /wd4800 /wd4267 /wd4244 /wd4290 /wd4068 /wd4351 /MP /wd4554 /wd4099 /MD /O2 /Ob2 /DNDEBUG -std:c++17 /showIncludes /Fosrc\third-party\qscintilla-2.8.4\CMakeFiles\qscintilla.dir\sources\src\ContractionState.cpp.obj /Fdsrc\third-party\qscintilla-2.8.4\CMakeFiles\qscintilla.dir\qscintilla.pdb /FS -c R:\src\third-party\qscintilla-2.8.4\sources\src\ContractionState.cpp
build-app	Configure and Build Robo 3T	2026-04-22T00:49:34.1523445Z [95/253] C:\PROGRA~1\MICROS~2\2022\ENTERP~1\VC\Tools\MSVC\1444~1.352\bin\Hostx64\x64\cl.exe  /nologo /TP -DQT_CORE_LIB -DQT_GUI_LIB -DQT_NO_DEBUG -DQT_PRINTSUPPORT_LIB -DQT_WIDGETS_LIB -DSCINTILLA_QT -DSCI_LEXER -ID:\b\src\third-party\qscintilla-2.8.4\qscintilla_autogen\include -IR:\src\third-party\qscintilla-2.8.4\sources\Qt4Qt5 -IR:\src\third-party\qscintilla-2.8.4\sources\include -IR:\src\third-party\qscintilla-2.8.4\sources\lexlib -IR:\src\third-party\qscintilla-2.8.4\sources\src -external:ID:\a\robomongo\Qt\5.15.2\msvc2019_64\include -external:ID:\a\robomongo\Qt\5.15.2\msvc2019_64\include\QtWidgets -external:ID:\a\robomongo\Qt\5.15.2\msvc2019_64\include\QtGui -external:ID:\a\robomongo\Qt\5.15.2\msvc2019_64\include\QtANGLE -external:ID:\a\robomongo\Qt\5.15.2\msvc2019_64\include\QtCore -external:ID:\a\robomongo\Qt\5.15.2\msvc2019_64\.\mkspecs\win32-msvc -external:ID:\a\robomongo\Qt\5.15.2\msvc2019_64\include\QtPrintSupport -external:W0 /DWIN32 /D_WINDOWS /W3 /GR /EHsc -D_UNICODE -DUNICODE -DWIN32 -D_WIN32 -D_CRT_SECURE_NO_WARNINGS -DBOOST_ALL_NO_LIB /wd4355 /wd4800 /wd4267 /wd4244 /wd4290 /wd4068 /wd4351 /MP /wd4554 /wd4099 /MD /O2 /Ob2 /DNDEBUG -std:c++17 /showIncludes /Fosrc\third-party\qscintilla-2.8.4\CMakeFiles\qscintilla.dir\sources\src\Document.cpp.obj /Fdsrc\third-party\qscintilla-2.8.4\CMakeFiles\qscintilla.dir\qscintilla.pdb /FS -c R:\src\third-party\qscintilla-2.8.4\sources\src\Document.cpp
build-app	Configure and Build Robo 3T	2026-04-22T00:49:34.3202616Z [96/253] C:\PROGRA~1\MICROS~2\2022\ENTERP~1\VC\Tools\MSVC\1444~1.352\bin\Hostx64\x64\cl.exe  /nologo /TP -DQT_CORE_LIB -DQT_GUI_LIB -DQT_NO_DEBUG -DQT_PRINTSUPPORT_LIB -DQT_WIDGETS_LIB -DSCINTILLA_QT -DSCI_LEXER -ID:\b\src\third-party\qscintilla-2.8.4\qscintilla_autogen\include -IR:\src\third-party\qscintilla-2.8.4\sources\Qt4Qt5 -IR:\src\third-party\qscintilla-2.8.4\sources\include -IR:\src\third-party\qscintilla-2.8.4\sources\lexlib -IR:\src\third-party\qscintilla-2.8.4\sources\src -external:ID:\a\robomongo\Qt\5.15.2\msvc2019_64\include -external:ID:\a\robomongo\Qt\5.15.2\msvc2019_64\include\QtWidgets -external:ID:\a\robomongo\Qt\5.15.2\msvc2019_64\include\QtGui -external:ID:\a\robomongo\Qt\5.15.2\msvc2019_64\include\QtANGLE -external:ID:\a\robomongo\Qt\5.15.2\msvc2019_64\include\QtCore -external:ID:\a\robomongo\Qt\5.15.2\msvc2019_64\.\mkspecs\win32-msvc -external:ID:\a\robomongo\Qt\5.15.2\msvc2019_64\include\QtPrintSupport -external:W0 /DWIN32 /D_WINDOWS /W3 /GR /EHsc -D_UNICODE -DUNICODE -DWIN32 -D_WIN32 -D_CRT_SECURE_NO_WARNINGS -DBOOST_ALL_NO_LIB /wd4355 /wd4800 /wd4267 /wd4244 /wd4290 /wd4068 /wd4351 /MP /wd4554 /wd4099 /MD /O2 /Ob2 /DNDEBUG -std:c++17 /showIncludes /Fosrc\third-party\qscintilla-2.8.4\CMakeFiles\qscintilla.dir\sources\src\ExternalLexer.cpp.obj /Fdsrc\third-party\qscintilla-2.8.4\CMakeFiles\qscintilla.dir\qscintilla.pdb /FS -c R:\src\third-party\qscintilla-2.8.4\sources\src\ExternalLexer.cpp
build-app	Configure and Build Robo 3T	2026-04-22T00:49:34.8682444Z [97/253] C:\PROGRA~1\MICROS~2\2022\ENTERP~1\VC\Tools\MSVC\1444~1.352\bin\Hostx64\x64\cl.exe  /nologo /TP -DQT_CORE_LIB -DQT_GUI_LIB -DQT_NO_DEBUG -DQT_PRINTSUPPORT_LIB -DQT_WIDGETS_LIB -DSCINTILLA_QT -DSCI_LEXER -ID:\b\src\third-party\qscintilla-2.8.4\qscintilla_autogen\include -IR:\src\third-party\qscintilla-2.8.4\sources\Qt4Qt5 -IR:\src\third-party\qscintilla-2.8.4\sources\include -IR:\src\third-party\qscintilla-2.8.4\sources\lexlib -IR:\src\third-party\qscintilla-2.8.4\sources\src -external:ID:\a\robomongo\Qt\5.15.2\msvc2019_64\include -external:ID:\a\robomongo\Qt\5.15.2\msvc2019_64\include\QtWidgets -external:ID:\a\robomongo\Qt\5.15.2\msvc2019_64\include\QtGui -external:ID:\a\robomongo\Qt\5.15.2\msvc2019_64\include\QtANGLE -external:ID:\a\robomongo\Qt\5.15.2\msvc2019_64\include\QtCore -external:ID:\a\robomongo\Qt\5.15.2\msvc2019_64\.\mkspecs\win32-msvc -external:ID:\a\robomongo\Qt\5.15.2\msvc2019_64\include\QtPrintSupport -external:W0 /DWIN32 /D_WINDOWS /W3 /GR /EHsc -D_UNICODE -DUNICODE -DWIN32 -D_WIN32 -D_CRT_SECURE_NO_WARNINGS -DBOOST_ALL_NO_LIB /wd4355 /wd4800 /wd4267 /wd4244 /wd4290 /wd4068 /wd4351 /MP /wd4554 /wd4099 /MD /O2 /Ob2 /DNDEBUG -std:c++17 /showIncludes /Fosrc\third-party\qscintilla-2.8.4\CMakeFiles\qscintilla.dir\sources\src\KeyMap.cpp.obj /Fdsrc\third-party\qscintilla-2.8.4\CMakeFiles\qscintilla.dir\qscintilla.pdb /FS -c R:\src\third-party\qscintilla-2.8.4\sources\src\KeyMap.cpp
build-app	Configure and Build Robo 3T	2026-04-22T00:49:35.7607511Z [98/253] C:\PROGRA~1\MICROS~2\2022\ENTERP~1\VC\Tools\MSVC\1444~1.352\bin\Hostx64\x64\cl.exe  /nologo /TP -DQT_CORE_LIB -DQT_GUI_LIB -DQT_NO_DEBUG -DQT_PRINTSUPPORT_LIB -DQT_WIDGETS_LIB -DSCINTILLA_QT -DSCI_LEXER -ID:\b\src\third-party\qscintilla-2.8.4\qscintilla_autogen\include -IR:\src\third-party\qscintilla-2.8.4\sources\Qt4Qt5 -IR:\src\third-party\qscintilla-2.8.4\sources\include -IR:\src\third-party\qscintilla-2.8.4\sources\lexlib -IR:\src\third-party\qscintilla-2.8.4\sources\src -external:ID:\a\robomongo\Qt\5.15.2\msvc2019_64\include -external:ID:\a\robomongo\Qt\5.15.2\msvc2019_64\include\QtWidgets -external:ID:\a\robomongo\Qt\5.15.2\msvc2019_64\include\QtGui -external:ID:\a\robomongo\Qt\5.15.2\msvc2019_64\include\QtANGLE -external:ID:\a\robomongo\Qt\5.15.2\msvc2019_64\include\QtCore -external:ID:\a\robomongo\Qt\5.15.2\msvc2019_64\.\mkspecs\win32-msvc -external:ID:\a\robomongo\Qt\5.15.2\msvc2019_64\include\QtPrintSupport -external:W0 /DWIN32 /D_WINDOWS /W3 /GR /EHsc -D_UNICODE -DUNICODE -DWIN32 -D_WIN32 -D_CRT_SECURE_NO_WARNINGS -DBOOST_ALL_NO_LIB /wd4355 /wd4800 /wd4267 /wd4244 /wd4290 /wd4068 /wd4351 /MP /wd4554 /wd4099 /MD /O2 /Ob2 /DNDEBUG -std:c++17 /showIncludes /Fosrc\third-party\qscintilla-2.8.4\CMakeFiles\qscintilla.dir\sources\lexers\LexCPP.cpp.obj /Fdsrc\third-party\qscintilla-2.8.4\CMakeFiles\qscintilla.dir\qscintilla.pdb /FS -c R:\src\third-party\qscintilla-2.8.4\sources\lexers\LexCPP.cpp
build-app	Configure and Build Robo 3T	2026-04-22T00:49:35.9119495Z [99/253] C:\PROGRA~1\MICROS~2\2022\ENTERP~1\VC\Tools\MSVC\1444~1.352\bin\Hostx64\x64\cl.exe  /nologo /TP -DQT_CORE_LIB -DQT_GUI_LIB -DQT_NO_DEBUG -DQT_PRINTSUPPORT_LIB -DQT_WIDGETS_LIB -DSCINTILLA_QT -DSCI_LEXER -ID:\b\src\third-party\qscintilla-2.8.4\qscintilla_autogen\include -IR:\src\third-party\qscintilla-2.8.4\sources\Qt4Qt5 -IR:\src\third-party\qscintilla-2.8.4\sources\include -IR:\src\third-party\qscintilla-2.8.4\sources\lexlib -IR:\src\third-party\qscintilla-2.8.4\sources\src -external:ID:\a\robomongo\Qt\5.15.2\msvc2019_64\include -external:ID:\a\robomongo\Qt\5.15.2\msvc2019_64\include\QtWidgets -external:ID:\a\robomongo\Qt\5.15.2\msvc2019_64\include\QtGui -external:ID:\a\robomongo\Qt\5.15.2\msvc2019_64\include\QtANGLE -external:ID:\a\robomongo\Qt\5.15.2\msvc2019_64\include\QtCore -external:ID:\a\robomongo\Qt\5.15.2\msvc2019_64\.\mkspecs\win32-msvc -external:ID:\a\robomongo\Qt\5.15.2\msvc2019_64\include\QtPrintSupport -external:W0 /DWIN32 /D_WINDOWS /W3 /GR /EHsc -D_UNICODE -DUNICODE -DWIN32 -D_WIN32 -D_CRT_SECURE_NO_WARNINGS -DBOOST_ALL_NO_LIB /wd4355 /wd4800 /wd4267 /wd4244 /wd4290 /wd4068 /wd4351 /MP /wd4554 /wd4099 /MD /O2 /Ob2 /DNDEBUG -std:c++17 /showIncludes /Fosrc\third-party\qscintilla-2.8.4\CMakeFiles\qscintilla.dir\sources\src\Indicator.cpp.obj /Fdsrc\third-party\qscintilla-2.8.4\CMakeFiles\qscintilla.dir\qscintilla.pdb /FS -c R:\src\third-party\qscintilla-2.8.4\sources\src\Indicator.cpp
build-app	Configure and Build Robo 3T	2026-04-22T00:49:36.5337552Z [100/253] C:\PROGRA~1\MICROS~2\2022\ENTERP~1\VC\Tools\MSVC\1444~1.352\bin\Hostx64\x64\cl.exe  /nologo /TP -DQT_CORE_LIB -DQT_GUI_LIB -DQT_NO_DEBUG -DQT_PRINTSUPPORT_LIB -DQT_WIDGETS_LIB -DSCINTILLA_QT -DSCI_LEXER -ID:\b\src\third-party\qscintilla-2.8.4\qscintilla_autogen\include -IR:\src\third-party\qscintilla-2.8.4\sources\Qt4Qt5 -IR:\src\third-party\qscintilla-2.8.4\sources\include -IR:\src\third-party\qscintilla-2.8.4\sources\lexlib -IR:\src\third-party\qscintilla-2.8.4\sources\src -external:ID:\a\robomongo\Qt\5.15.2\msvc2019_64\include -external:ID:\a\robomongo\Qt\5.15.2\msvc2019_64\include\QtWidgets -external:ID:\a\robomongo\Qt\5.15.2\msvc2019_64\include\QtGui -external:ID:\a\robomongo\Qt\5.15.2\msvc2019_64\include\QtANGLE -external:ID:\a\robomongo\Qt\5.15.2\msvc2019_64\include\QtCore -external:ID:\a\robomongo\Qt\5.15.2\msvc2019_64\.\mkspecs\win32-msvc -external:ID:\a\robomongo\Qt\5.15.2\msvc2019_64\include\QtPrintSupport -external:W0 /DWIN32 /D_WINDOWS /W3 /GR /EHsc -D_UNICODE -DUNICODE -DWIN32 -D_WIN32 -D_CRT_SECURE_NO_WARNINGS -DBOOST_ALL_NO_LIB /wd4355 /wd4800 /wd4267 /wd4244 /wd4290 /wd4068 /wd4351 /MP /wd4554 /wd4099 /MD /O2 /Ob2 /DNDEBUG -std:c++17 /showIncludes /Fosrc\third-party\qscintilla-2.8.4\CMakeFiles\qscintilla.dir\sources\src\PerLine.cpp.obj /Fdsrc\third-party\qscintilla-2.8.4\CMakeFiles\qscintilla.dir\qscintilla.pdb /FS -c R:\src\third-party\qscintilla-2.8.4\sources\src\PerLine.cpp
build-app	Configure and Build Robo 3T	2026-04-22T00:49:38.0265796Z [101/253] C:\PROGRA~1\MICROS~2\2022\ENTERP~1\VC\Tools\MSVC\1444~1.352\bin\Hostx64\x64\cl.exe  /nologo /TP -DQT_CORE_LIB -DQT_GUI_LIB -DQT_NO_DEBUG -DQT_PRINTSUPPORT_LIB -DQT_WIDGETS_LIB -DSCINTILLA_QT -DSCI_LEXER -ID:\b\src\third-party\qscintilla-2.8.4\qscintilla_autogen\include -IR:\src\third-party\qscintilla-2.8.4\sources\Qt4Qt5 -IR:\src\third-party\qscintilla-2.8.4\sources\include -IR:\src\third-party\qscintilla-2.8.4\sources\lexlib -IR:\src\third-party\qscintilla-2.8.4\sources\src -external:ID:\a\robomongo\Qt\5.15.2\msvc2019_64\include -external:ID:\a\robomongo\Qt\5.15.2\msvc2019_64\include\QtWidgets -external:ID:\a\robomongo\Qt\5.15.2\msvc2019_64\include\QtGui -external:ID:\a\robomongo\Qt\5.15.2\msvc2019_64\include\QtANGLE -external:ID:\a\robomongo\Qt\5.15.2\msvc2019_64\include\QtCore -external:ID:\a\robomongo\Qt\5.15.2\msvc2019_64\.\mkspecs\win32-msvc -external:ID:\a\robomongo\Qt\5.15.2\msvc2019_64\include\QtPrintSupport -external:W0 /DWIN32 /D_WINDOWS /W3 /GR /EHsc -D_UNICODE -DUNICODE -DWIN32 -D_WIN32 -D_CRT_SECURE_NO_WARNINGS -DBOOST_ALL_NO_LIB /wd4355 /wd4800 /wd4267 /wd4244 /wd4290 /wd4068 /wd4351 /MP /wd4554 /wd4099 /MD /O2 /Ob2 /DNDEBUG -std:c++17 /showIncludes /Fosrc\third-party\qscintilla-2.8.4\CMakeFiles\qscintilla.dir\sources\src\LineMarker.cpp.obj /Fdsrc\third-party\qscintilla-2.8.4\CMakeFiles\qscintilla.dir\qscintilla.pdb /FS -c R:\src\third-party\qscintilla-2.8.4\sources\src\LineMarker.cpp
build-app	Configure and Build Robo 3T	2026-04-22T00:49:38.6254631Z [102/253] C:\PROGRA~1\MICROS~2\2022\ENTERP~1\VC\Tools\MSVC\1444~1.352\bin\Hostx64\x64\cl.exe  /nologo /TP -DQT_CORE_LIB -DQT_GUI_LIB -DQT_NO_DEBUG -DQT_PRINTSUPPORT_LIB -DQT_WIDGETS_LIB -DSCINTILLA_QT -DSCI_LEXER -ID:\b\src\third-party\qscintilla-2.8.4\qscintilla_autogen\include -IR:\src\third-party\qscintilla-2.8.4\sources\Qt4Qt5 -IR:\src\third-party\qscintilla-2.8.4\sources\include -IR:\src\third-party\qscintilla-2.8.4\sources\lexlib -IR:\src\third-party\qscintilla-2.8.4\sources\src -external:ID:\a\robomongo\Qt\5.15.2\msvc2019_64\include -external:ID:\a\robomongo\Qt\5.15.2\msvc2019_64\include\QtWidgets -external:ID:\a\robomongo\Qt\5.15.2\msvc2019_64\include\QtGui -external:ID:\a\robomongo\Qt\5.15.2\msvc2019_64\include\QtANGLE -external:ID:\a\robomongo\Qt\5.15.2\msvc2019_64\include\QtCore -external:ID:\a\robomongo\Qt\5.15.2\msvc2019_64\.\mkspecs\win32-msvc -external:ID:\a\robomongo\Qt\5.15.2\msvc2019_64\include\QtPrintSupport -external:W0 /DWIN32 /D_WINDOWS /W3 /GR /EHsc -D_UNICODE -DUNICODE -DWIN32 -D_WIN32 -D_CRT_SECURE_NO_WARNINGS -DBOOST_ALL_NO_LIB /wd4355 /wd4800 /wd4267 /wd4244 /wd4290 /wd4068 /wd4351 /MP /wd4554 /wd4099 /MD /O2 /Ob2 /DNDEBUG -std:c++17 /showIncludes /Fosrc\third-party\qscintilla-2.8.4\CMakeFiles\qscintilla.dir\sources\src\RunStyles.cpp.obj /Fdsrc\third-party\qscintilla-2.8.4\CMakeFiles\qscintilla.dir\qscintilla.pdb /FS -c R:\src\third-party\qscintilla-2.8.4\sources\src\RunStyles.cpp
build-app	Configure and Build Robo 3T	2026-04-22T00:49:38.9709640Z [103/253] C:\PROGRA~1\MICROS~2\2022\ENTERP~1\VC\Tools\MSVC\1444~1.352\bin\Hostx64\x64\cl.exe  /nologo /TP -DQT_CORE_LIB -DQT_GUI_LIB -DQT_NO_DEBUG -DQT_PRINTSUPPORT_LIB -DQT_WIDGETS_LIB -DSCINTILLA_QT -DSCI_LEXER -ID:\b\src\third-party\qscintilla-2.8.4\qscintilla_autogen\include -IR:\src\third-party\qscintilla-2.8.4\sources\Qt4Qt5 -IR:\src\third-party\qscintilla-2.8.4\sources\include -IR:\src\third-party\qscintilla-2.8.4\sources\lexlib -IR:\src\third-party\qscintilla-2.8.4\sources\src -external:ID:\a\robomongo\Qt\5.15.2\msvc2019_64\include -external:ID:\a\robomongo\Qt\5.15.2\msvc2019_64\include\QtWidgets -external:ID:\a\robomongo\Qt\5.15.2\msvc2019_64\include\QtGui -external:ID:\a\robomongo\Qt\5.15.2\msvc2019_64\include\QtANGLE -external:ID:\a\robomongo\Qt\5.15.2\msvc2019_64\include\QtCore -external:ID:\a\robomongo\Qt\5.15.2\msvc2019_64\.\mkspecs\win32-msvc -external:ID:\a\robomongo\Qt\5.15.2\msvc2019_64\include\QtPrintSupport -external:W0 /DWIN32 /D_WINDOWS /W3 /GR /EHsc -D_UNICODE -DUNICODE -DWIN32 -D_WIN32 -D_CRT_SECURE_NO_WARNINGS -DBOOST_ALL_NO_LIB /wd4355 /wd4800 /wd4267 /wd4244 /wd4290 /wd4068 /wd4351 /MP /wd4554 /wd4099 /MD /O2 /Ob2 /DNDEBUG -std:c++17 /showIncludes /Fosrc\third-party\qscintilla-2.8.4\CMakeFiles\qscintilla.dir\sources\src\RESearch.cpp.obj /Fdsrc\third-party\qscintilla-2.8.4\CMakeFiles\qscintilla.dir\qscintilla.pdb /FS -c R:\src\third-party\qscintilla-2.8.4\sources\src\RESearch.cpp
build-app	Configure and Build Robo 3T	2026-04-22T00:49:39.8119504Z [104/253] C:\PROGRA~1\MICROS~2\2022\ENTERP~1\VC\Tools\MSVC\1444~1.352\bin\Hostx64\x64\cl.exe  /nologo /TP -DQT_CORE_LIB -DQT_GUI_LIB -DQT_NO_DEBUG -DQT_PRINTSUPPORT_LIB -DQT_WIDGETS_LIB -DSCINTILLA_QT -DSCI_LEXER -ID:\b\src\third-party\qscintilla-2.8.4\qscintilla_autogen\include -IR:\src\third-party\qscintilla-2.8.4\sources\Qt4Qt5 -IR:\src\third-party\qscintilla-2.8.4\sources\include -IR:\src\third-party\qscintilla-2.8.4\sources\lexlib -IR:\src\third-party\qscintilla-2.8.4\sources\src -external:ID:\a\robomongo\Qt\5.15.2\msvc2019_64\include -external:ID:\a\robomongo\Qt\5.15.2\msvc2019_64\include\QtWidgets -external:ID:\a\robomongo\Qt\5.15.2\msvc2019_64\include\QtGui -external:ID:\a\robomongo\Qt\5.15.2\msvc2019_64\include\QtANGLE -external:ID:\a\robomongo\Qt\5.15.2\msvc2019_64\include\QtCore -external:ID:\a\robomongo\Qt\5.15.2\msvc2019_64\.\mkspecs\win32-msvc -external:ID:\a\robomongo\Qt\5.15.2\msvc2019_64\include\QtPrintSupport -external:W0 /DWIN32 /D_WINDOWS /W3 /GR /EHsc -D_UNICODE -DUNICODE -DWIN32 -D_WIN32 -D_CRT_SECURE_NO_WARNINGS -DBOOST_ALL_NO_LIB /wd4355 /wd4800 /wd4267 /wd4244 /wd4290 /wd4068 /wd4351 /MP /wd4554 /wd4099 /MD /O2 /Ob2 /DNDEBUG -std:c++17 /showIncludes /Fosrc\third-party\qscintilla-2.8.4\CMakeFiles\qscintilla.dir\sources\src\PositionCache.cpp.obj /Fdsrc\third-party\qscintilla-2.8.4\CMakeFiles\qscintilla.dir\qscintilla.pdb /FS -c R:\src\third-party\qscintilla-2.8.4\sources\src\PositionCache.cpp
build-app	Configure and Build Robo 3T	2026-04-22T00:49:40.1820046Z [105/253] C:\PROGRA~1\MICROS~2\2022\ENTERP~1\VC\Tools\MSVC\1444~1.352\bin\Hostx64\x64\cl.exe  /nologo /TP -DQT_CORE_LIB -DQT_GUI_LIB -DQT_NO_DEBUG -DQT_PRINTSUPPORT_LIB -DQT_WIDGETS_LIB -DSCINTILLA_QT -DSCI_LEXER -ID:\b\src\third-party\qscintilla-2.8.4\qscintilla_autogen\include -IR:\src\third-party\qscintilla-2.8.4\sources\Qt4Qt5 -IR:\src\third-party\qscintilla-2.8.4\sources\include -IR:\src\third-party\qscintilla-2.8.4\sources\lexlib -IR:\src\third-party\qscintilla-2.8.4\sources\src -external:ID:\a\robomongo\Qt\5.15.2\msvc2019_64\include -external:ID:\a\robomongo\Qt\5.15.2\msvc2019_64\include\QtWidgets -external:ID:\a\robomongo\Qt\5.15.2\msvc2019_64\include\QtGui -external:ID:\a\robomongo\Qt\5.15.2\msvc2019_64\include\QtANGLE -external:ID:\a\robomongo\Qt\5.15.2\msvc2019_64\include\QtCore -external:ID:\a\robomongo\Qt\5.15.2\msvc2019_64\.\mkspecs\win32-msvc -external:ID:\a\robomongo\Qt\5.15.2\msvc2019_64\include\QtPrintSupport -external:W0 /DWIN32 /D_WINDOWS /W3 /GR /EHsc -D_UNICODE -DUNICODE -DWIN32 -D_WIN32 -D_CRT_SECURE_NO_WARNINGS -DBOOST_ALL_NO_LIB /wd4355 /wd4800 /wd4267 /wd4244 /wd4290 /wd4068 /wd4351 /MP /wd4554 /wd4099 /MD /O2 /Ob2 /DNDEBUG -std:c++17 /showIncludes /Fosrc\third-party\qscintilla-2.8.4\CMakeFiles\qscintilla.dir\sources\src\Selection.cpp.obj /Fdsrc\third-party\qscintilla-2.8.4\CMakeFiles\qscintilla.dir\qscintilla.pdb /FS -c R:\src\third-party\qscintilla-2.8.4\sources\src\Selection.cpp
build-app	Configure and Build Robo 3T	2026-04-22T00:49:40.1864560Z [106/253] C:\PROGRA~1\MICROS~2\2022\ENTERP~1\VC\Tools\MSVC\1444~1.352\bin\Hostx64\x64\cl.exe  /nologo /TP -DQT_CORE_LIB -DQT_GUI_LIB -DQT_NO_DEBUG -DQT_PRINTSUPPORT_LIB -DQT_WIDGETS_LIB -DSCINTILLA_QT -DSCI_LEXER -ID:\b\src\third-party\qscintilla-2.8.4\qscintilla_autogen\include -IR:\src\third-party\qscintilla-2.8.4\sources\Qt4Qt5 -IR:\src\third-party\qscintilla-2.8.4\sources\include -IR:\src\third-party\qscintilla-2.8.4\sources\lexlib -IR:\src\third-party\qscintilla-2.8.4\sources\src -external:ID:\a\robomongo\Qt\5.15.2\msvc2019_64\include -external:ID:\a\robomongo\Qt\5.15.2\msvc2019_64\include\QtWidgets -external:ID:\a\robomongo\Qt\5.15.2\msvc2019_64\include\QtGui -external:ID:\a\robomongo\Qt\5.15.2\msvc2019_64\include\QtANGLE -external:ID:\a\robomongo\Qt\5.15.2\msvc2019_64\include\QtCore -external:ID:\a\robomongo\Qt\5.15.2\msvc2019_64\.\mkspecs\win32-msvc -external:ID:\a\robomongo\Qt\5.15.2\msvc2019_64\include\QtPrintSupport -external:W0 /DWIN32 /D_WINDOWS /W3 /GR /EHsc -D_UNICODE -DUNICODE -DWIN32 -D_WIN32 -D_CRT_SECURE_NO_WARNINGS -DBOOST_ALL_NO_LIB /wd4355 /wd4800 /wd4267 /wd4244 /wd4290 /wd4068 /wd4351 /MP /wd4554 /wd4099 /MD /O2 /Ob2 /DNDEBUG -std:c++17 /showIncludes /Fosrc\third-party\qscintilla-2.8.4\CMakeFiles\qscintilla.dir\sources\src\UniConversion.cpp.obj /Fdsrc\third-party\qscintilla-2.8.4\CMakeFiles\qscintilla.dir\qscintilla.pdb /FS -c R:\src\third-party\qscintilla-2.8.4\sources\src\UniConversion.cpp
build-app	Configure and Build Robo 3T	2026-04-22T00:49:40.2727357Z [107/253] C:\PROGRA~1\MICROS~2\2022\ENTERP~1\VC\Tools\MSVC\1444~1.352\bin\Hostx64\x64\cl.exe  /nologo /TP -DQT_CORE_LIB -DQT_GUI_LIB -DQT_NO_DEBUG -DQT_PRINTSUPPORT_LIB -DQT_WIDGETS_LIB -DSCINTILLA_QT -DSCI_LEXER -ID:\b\src\third-party\qscintilla-2.8.4\qscintilla_autogen\include -IR:\src\third-party\qscintilla-2.8.4\sources\Qt4Qt5 -IR:\src\third-party\qscintilla-2.8.4\sources\include -IR:\src\third-party\qscintilla-2.8.4\sources\lexlib -IR:\src\third-party\qscintilla-2.8.4\sources\src -external:ID:\a\robomongo\Qt\5.15.2\msvc2019_64\include -external:ID:\a\robomongo\Qt\5.15.2\msvc2019_64\include\QtWidgets -external:ID:\a\robomongo\Qt\5.15.2\msvc2019_64\include\QtGui -external:ID:\a\robomongo\Qt\5.15.2\msvc2019_64\include\QtANGLE -external:ID:\a\robomongo\Qt\5.15.2\msvc2019_64\include\QtCore -external:ID:\a\robomongo\Qt\5.15.2\msvc2019_64\.\mkspecs\win32-msvc -external:ID:\a\robomongo\Qt\5.15.2\msvc2019_64\include\QtPrintSupport -external:W0 /DWIN32 /D_WINDOWS /W3 /GR /EHsc -D_UNICODE -DUNICODE -DWIN32 -D_WIN32 -D_CRT_SECURE_NO_WARNINGS -DBOOST_ALL_NO_LIB /wd4355 /wd4800 /wd4267 /wd4244 /wd4290 /wd4068 /wd4351 /MP /wd4554 /wd4099 /MD /O2 /Ob2 /DNDEBUG -std:c++17 /showIncludes /Fosrc\third-party\qscintilla-2.8.4\CMakeFiles\qscintilla.dir\sources\src\Style.cpp.obj /Fdsrc\third-party\qscintilla-2.8.4\CMakeFiles\qscintilla.dir\qscintilla.pdb /FS -c R:\src\third-party\qscintilla-2.8.4\sources\src\Style.cpp
build-app	Configure and Build Robo 3T	2026-04-22T00:49:40.5018310Z [108/253] C:\PROGRA~1\MICROS~2\2022\ENTERP~1\VC\Tools\MSVC\1444~1.352\bin\Hostx64\x64\cl.exe  /nologo /TP -DQT_CORE_LIB -DQT_GUI_LIB -DQT_NO_DEBUG -DQT_PRINTSUPPORT_LIB -DQT_WIDGETS_LIB -DSCINTILLA_QT -DSCI_LEXER -ID:\b\src\third-party\qscintilla-2.8.4\qscintilla_autogen\include -IR:\src\third-party\qscintilla-2.8.4\sources\Qt4Qt5 -IR:\src\third-party\qscintilla-2.8.4\sources\include -IR:\src\third-party\qscintilla-2.8.4\sources\lexlib -IR:\src\third-party\qscintilla-2.8.4\sources\src -external:ID:\a\robomongo\Qt\5.15.2\msvc2019_64\include -external:ID:\a\robomongo\Qt\5.15.2\msvc2019_64\include\QtWidgets -external:ID:\a\robomongo\Qt\5.15.2\msvc2019_64\include\QtGui -external:ID:\a\robomongo\Qt\5.15.2\msvc2019_64\include\QtANGLE -external:ID:\a\robomongo\Qt\5.15.2\msvc2019_64\include\QtCore -external:ID:\a\robomongo\Qt\5.15.2\msvc2019_64\.\mkspecs\win32-msvc -external:ID:\a\robomongo\Qt\5.15.2\msvc2019_64\include\QtPrintSupport -external:W0 /DWIN32 /D_WINDOWS /W3 /GR /EHsc -D_UNICODE -DUNICODE -DWIN32 -D_WIN32 -D_CRT_SECURE_NO_WARNINGS -DBOOST_ALL_NO_LIB /wd4355 /wd4800 /wd4267 /wd4244 /wd4290 /wd4068 /wd4351 /MP /wd4554 /wd4099 /MD /O2 /Ob2 /DNDEBUG -std:c++17 /showIncludes /Fosrc\third-party\qscintilla-2.8.4\CMakeFiles\qscintilla.dir\sources\src\ScintillaBase.cpp.obj /Fdsrc\third-party\qscintilla-2.8.4\CMakeFiles\qscintilla.dir\qscintilla.pdb /FS -c R:\src\third-party\qscintilla-2.8.4\sources\src\ScintillaBase.cpp
build-app	Configure and Build Robo 3T	2026-04-22T00:49:41.0893424Z [109/253] C:\Windows\system32\cmd.exe /C "cd . && C:\PROGRA~1\MICROS~2\2022\ENTERP~1\VC\Tools\MSVC\1444~1.352\bin\Hostx64\x64\lib.exe /nologo /machine:x64 /out:src\third-party\qjson-0.8.1\qjson.lib src\third-party\qjson-0.8.1\CMakeFiles\qjson.dir\qjson_autogen\mocs_compilation.cpp.obj src\third-party\qjson-0.8.1\CMakeFiles\qjson.dir\sources\src\parser.cpp.obj src\third-party\qjson-0.8.1\CMakeFiles\qjson.dir\sources\src\qobjecthelper.cpp.obj src\third-party\qjson-0.8.1\CMakeFiles\qjson.dir\sources\src\json_scanner.cpp.obj src\third-party\qjson-0.8.1\CMakeFiles\qjson.dir\sources\src\json_parser.cc.obj src\third-party\qjson-0.8.1\CMakeFiles\qjson.dir\sources\src\parserrunnable.cpp.obj src\third-party\qjson-0.8.1\CMakeFiles\qjson.dir\sources\src\serializer.cpp.obj src\third-party\qjson-0.8.1\CMakeFiles\qjson.dir\sources\src\serializerrunnable.cpp.obj && cd ."
build-app	Configure and Build Robo 3T	2026-04-22T00:49:41.2870599Z [110/253] C:\Windows\system32\cmd.exe /C "cd . && C:\PROGRA~1\MICROS~2\2022\ENTERP~1\VC\Tools\MSVC\1444~1.352\bin\Hostx64\x64\lib.exe /nologo /machine:x64 /out:src\robomongo\ssh\ssh.lib src\robomongo\ssh\CMakeFiles\ssh.dir\ssh.c.obj src\robomongo\ssh\CMakeFiles\ssh.dir\log.c.obj src\robomongo\ssh\CMakeFiles\ssh.dir\array.c.obj && cd ."
build-app	Configure and Build Robo 3T	2026-04-22T00:49:41.4721262Z [111/253] C:\PROGRA~1\MICROS~2\2022\ENTERP~1\VC\Tools\MSVC\1444~1.352\bin\Hostx64\x64\cl.exe  /nologo /TP -DQT_CORE_LIB -DQT_GUI_LIB -DQT_NO_DEBUG -DQT_PRINTSUPPORT_LIB -DQT_WIDGETS_LIB -DSCINTILLA_QT -DSCI_LEXER -ID:\b\src\third-party\qscintilla-2.8.4\qscintilla_autogen\include -IR:\src\third-party\qscintilla-2.8.4\sources\Qt4Qt5 -IR:\src\third-party\qscintilla-2.8.4\sources\include -IR:\src\third-party\qscintilla-2.8.4\sources\lexlib -IR:\src\third-party\qscintilla-2.8.4\sources\src -external:ID:\a\robomongo\Qt\5.15.2\msvc2019_64\include -external:ID:\a\robomongo\Qt\5.15.2\msvc2019_64\include\QtWidgets -external:ID:\a\robomongo\Qt\5.15.2\msvc2019_64\include\QtGui -external:ID:\a\robomongo\Qt\5.15.2\msvc2019_64\include\QtANGLE -external:ID:\a\robomongo\Qt\5.15.2\msvc2019_64\include\QtCore -external:ID:\a\robomongo\Qt\5.15.2\msvc2019_64\.\mkspecs\win32-msvc -external:ID:\a\robomongo\Qt\5.15.2\msvc2019_64\include\QtPrintSupport -external:W0 /DWIN32 /D_WINDOWS /W3 /GR /EHsc -D_UNICODE -DUNICODE -DWIN32 -D_WIN32 -D_CRT_SECURE_NO_WARNINGS -DBOOST_ALL_NO_LIB /wd4355 /wd4800 /wd4267 /wd4244 /wd4290 /wd4068 /wd4351 /MP /wd4554 /wd4099 /MD /O2 /Ob2 /DNDEBUG -std:c++17 /showIncludes /Fosrc\third-party\qscintilla-2.8.4\CMakeFiles\qscintilla.dir\sources\src\Editor.cpp.obj /Fdsrc\third-party\qscintilla-2.8.4\CMakeFiles\qscintilla.dir\qscintilla.pdb /FS -c R:\src\third-party\qscintilla-2.8.4\sources\src\Editor.cpp
build-app	Configure and Build Robo 3T	2026-04-22T00:49:41.5603090Z [112/253] C:\PROGRA~1\MICROS~2\2022\ENTERP~1\VC\Tools\MSVC\1444~1.352\bin\Hostx64\x64\cl.exe  /nologo  -ID:\b\src -IR:\src -IR:\src\third-party\libssh2-1.9.0\sources\include -external:I"C:\Program Files\OpenSSL\include" -external:W0 /DWIN32 /D_WINDOWS /W3 /GR /EHsc -D_UNICODE -DUNICODE -DWIN32 -D_WIN32 -D_CRT_SECURE_NO_WARNINGS -DBOOST_ALL_NO_LIB /wd4355 /wd4800 /wd4267 /wd4244 /wd4290 /wd4068 /wd4351 /MP /MP /MD /O2 /Ob2 /DNDEBUG /showIncludes /Fosrc\robomongo\ssh\CMakeFiles\server.dir\server.c.obj /Fdsrc\robomongo\ssh\CMakeFiles\server.dir\ /FS -c R:\src\robomongo\ssh\server.c
build-app	Configure and Build Robo 3T	2026-04-22T00:49:42.2697324Z [113/253] C:\PROGRA~1\MICROS~2\2022\ENTERP~1\VC\Tools\MSVC\1444~1.352\bin\Hostx64\x64\cl.exe  /nologo  -ID:\b\src -IR:\src -IR:\src\third-party\libssh2-1.9.0\sources\include -external:I"C:\Program Files\OpenSSL\include" -external:W0 /DWIN32 /D_WINDOWS /W3 /GR /EHsc -D_UNICODE -DUNICODE -DWIN32 -D_WIN32 -D_CRT_SECURE_NO_WARNINGS -DBOOST_ALL_NO_LIB /wd4355 /wd4800 /wd4267 /wd4244 /wd4290 /wd4068 /wd4351 /MP /MP /MD /O2 /Ob2 /DNDEBUG /showIncludes /Fosrc\robomongo\ssh\CMakeFiles\ssh_test.dir\test.c.obj /Fdsrc\robomongo\ssh\CMakeFiles\ssh_test.dir\ /FS -c R:\src\robomongo\ssh\test.c
build-app	Configure and Build Robo 3T	2026-04-22T00:49:43.5099586Z [114/253] C:\PROGRA~1\MICROS~2\2022\ENTERP~1\VC\Tools\MSVC\1444~1.352\bin\Hostx64\x64\cl.exe  /nologo /TP -DQT_CORE_LIB -DQT_GUI_LIB -DQT_NO_DEBUG -DQT_PRINTSUPPORT_LIB -DQT_WIDGETS_LIB -DSCINTILLA_QT -DSCI_LEXER -ID:\b\src\third-party\qscintilla-2.8.4\qscintilla_autogen\include -IR:\src\third-party\qscintilla-2.8.4\sources\Qt4Qt5 -IR:\src\third-party\qscintilla-2.8.4\sources\include -IR:\src\third-party\qscintilla-2.8.4\sources\lexlib -IR:\src\third-party\qscintilla-2.8.4\sources\src -external:ID:\a\robomongo\Qt\5.15.2\msvc2019_64\include -external:ID:\a\robomongo\Qt\5.15.2\msvc2019_64\include\QtWidgets -external:ID:\a\robomongo\Qt\5.15.2\msvc2019_64\include\QtGui -external:ID:\a\robomongo\Qt\5.15.2\msvc2019_64\include\QtANGLE -external:ID:\a\robomongo\Qt\5.15.2\msvc2019_64\include\QtCore -external:ID:\a\robomongo\Qt\5.15.2\msvc2019_64\.\mkspecs\win32-msvc -external:ID:\a\robomongo\Qt\5.15.2\msvc2019_64\include\QtPrintSupport -external:W0 /DWIN32 /D_WINDOWS /W3 /GR /EHsc -D_UNICODE -DUNICODE -DWIN32 -D_WIN32 -D_CRT_SECURE_NO_WARNINGS -DBOOST_ALL_NO_LIB /wd4355 /wd4800 /wd4267 /wd4244 /wd4290 /wd4068 /wd4351 /MP /wd4554 /wd4099 /MD /O2 /Ob2 /DNDEBUG -std:c++17 /showIncludes /Fosrc\third-party\qscintilla-2.8.4\CMakeFiles\qscintilla.dir\sources\src\XPM.cpp.obj /Fdsrc\third-party\qscintilla-2.8.4\CMakeFiles\qscintilla.dir\qscintilla.pdb /FS -c R:\src\third-party\qscintilla-2.8.4\sources\src\XPM.cpp
build-app	Configure and Build Robo 3T	2026-04-22T00:49:43.5818613Z [115/253] C:\PROGRA~1\MICROS~2\2022\ENTERP~1\VC\Tools\MSVC\1444~1.352\bin\Hostx64\x64\cl.exe  /nologo /TP -DQT_CORE_LIB -DQT_GUI_LIB -DQT_NO_DEBUG -DQT_PRINTSUPPORT_LIB -DQT_WIDGETS_LIB -DSCINTILLA_QT -DSCI_LEXER -ID:\b\src\third-party\qscintilla-2.8.4\qscintilla_autogen\include -IR:\src\third-party\qscintilla-2.8.4\sources\Qt4Qt5 -IR:\src\third-party\qscintilla-2.8.4\sources\include -IR:\src\third-party\qscintilla-2.8.4\sources\lexlib -IR:\src\third-party\qscintilla-2.8.4\sources\src -external:ID:\a\robomongo\Qt\5.15.2\msvc2019_64\include -external:ID:\a\robomongo\Qt\5.15.2\msvc2019_64\include\QtWidgets -external:ID:\a\robomongo\Qt\5.15.2\msvc2019_64\include\QtGui -external:ID:\a\robomongo\Qt\5.15.2\msvc2019_64\include\QtANGLE -external:ID:\a\robomongo\Qt\5.15.2\msvc2019_64\include\QtCore -external:ID:\a\robomongo\Qt\5.15.2\msvc2019_64\.\mkspecs\win32-msvc -external:ID:\a\robomongo\Qt\5.15.2\msvc2019_64\include\QtPrintSupport -external:W0 /DWIN32 /D_WINDOWS /W3 /GR /EHsc -D_UNICODE -DUNICODE -DWIN32 -D_WIN32 -D_CRT_SECURE_NO_WARNINGS -DBOOST_ALL_NO_LIB /wd4355 /wd4800 /wd4267 /wd4244 /wd4290 /wd4068 /wd4351 /MP /wd4554 /wd4099 /MD /O2 /Ob2 /DNDEBUG -std:c++17 /showIncludes /Fosrc\third-party\qscintilla-2.8.4\CMakeFiles\qscintilla.dir\sources\src\ViewStyle.cpp.obj /Fdsrc\third-party\qscintilla-2.8.4\CMakeFiles\qscintilla.dir\qscintilla.pdb /FS -c R:\src\third-party\qscintilla-2.8.4\sources\src\ViewStyle.cpp
build-app	Configure and Build Robo 3T	2026-04-22T00:49:45.5036954Z [116/253] C:\Windows\system32\cmd.exe /C "cd . && C:\PROGRA~1\MICROS~2\2022\ENTERP~1\VC\Tools\MSVC\1444~1.352\bin\Hostx64\x64\lib.exe /nologo /machine:x64 /IGNORE:4221 /out:src\third-party\qscintilla-2.8.4\qscintilla.lib src\third-party\qscintilla-2.8.4\CMakeFiles\qscintilla.dir\qscintilla_autogen\mocs_compilation.cpp.obj src\third-party\qscintilla-2.8.4\CMakeFiles\qscintilla.dir\sources\Qt4Qt5\Qsci\moc_qsciabstractapis.cpp.obj src\third-party\qscintilla-2.8.4\CMakeFiles\qscintilla.dir\sources\Qt4Qt5\Qsci\moc_qsciapis.cpp.obj src\third-party\qscintilla-2.8.4\CMakeFiles\qscintilla.dir\sources\Qt4Qt5\Qsci\moc_qscilexer.cpp.obj src\third-party\qscintilla-2.8.4\CMakeFiles\qscintilla.dir\sources\Qt4Qt5\Qsci\moc_qscilexercpp.cpp.obj src\third-party\qscintilla-2.8.4\CMakeFiles\qscintilla.dir\sources\Qt4Qt5\Qsci\moc_qscilexerjavascript.cpp.obj src\third-party\qscintilla-2.8.4\CMakeFiles\qscintilla.dir\sources\Qt4Qt5\Qsci\moc_qscimacro.cpp.obj src\third-party\qscintilla-2.8.4\CMakeFiles\qscintilla.dir\sources\Qt4Qt5\Qsci\moc_qsciscintilla.cpp.obj src\third-party\qscintilla-2.8.4\CMakeFiles\qscintilla.dir\sources\Qt4Qt5\Qsci\moc_qsciscintillabase.cpp.obj src\third-party\qscintilla-2.8.4\CMakeFiles\qscintilla.dir\sources\lexlib\StyleContext.cpp.obj src\third-party\qscintilla-2.8.4\CMakeFiles\qscintilla.dir\sources\lexlib\WordList.cpp.obj src\third-party\qscintilla-2.8.4\CMakeFiles\qscintilla.dir\sources\lexlib\Accessor.cpp.obj src\third-party\qscintilla-2.8.4\CMakeFiles\qscintilla.dir\sources\lexlib\LexerBase.cpp.obj src\third-party\qscintilla-2.8.4\CMakeFiles\qscintilla.dir\sources\lexlib\LexerModule.cpp.obj src\third-party\qscintilla-2.8.4\CMakeFiles\qscintilla.dir\sources\lexlib\CharacterSet.cpp.obj src\third-party\qscintilla-2.8.4\CMakeFiles\qscintilla.dir\sources\lexlib\CharacterCategory.cpp.obj src\third-party\qscintilla-2.8.4\CMakeFiles\qscintilla.dir\sources\lexlib\PropSetSimple.cpp.obj src\third-party\qscintilla-2.8.4\CMakeFiles\qscintilla.dir\sources\lexlib\LexerSimple.cpp.obj src\third-party\qscintilla-2.8.4\CMakeFiles\qscintilla.dir\sources\lexlib\LexerNoExceptions.cpp.obj src\third-party\qscintilla-2.8.4\CMakeFiles\qscintilla.dir\sources\Qt4Qt5\qscilexer.cpp.obj src\third-party\qscintilla-2.8.4\CMakeFiles\qscintilla.dir\sources\Qt4Qt5\qscilexerjavascript.cpp.obj src\third-party\qscintilla-2.8.4\CMakeFiles\qscintilla.dir\sources\Qt4Qt5\qscilexercpp.cpp.obj src\third-party\qscintilla-2.8.4\CMakeFiles\qscintilla.dir\sources\Qt4Qt5\qscistyle.cpp.obj src\third-party\qscintilla-2.8.4\CMakeFiles\qscintilla.dir\sources\Qt4Qt5\InputMethod.cpp.obj src\third-party\qscintilla-2.8.4\CMakeFiles\qscintilla.dir\sources\Qt4Qt5\qsciabstractapis.cpp.obj src\third-party\qscintilla-2.8.4\CMakeFiles\qscintilla.dir\sources\Qt4Qt5\ScintillaQt.cpp.obj src\third-party\qscintilla-2.8.4\CMakeFiles\qscintilla.dir\sources\Qt4Qt5\qscidocument.cpp.obj src\third-party\qscintilla-2.8.4\CMakeFiles\qscintilla.dir\sources\Qt4Qt5\qsciscintilla.cpp.obj src\third-party\qscintilla-2.8.4\CMakeFiles\qscintilla.dir\sources\Qt4Qt5\qsciscintillabase.cpp.obj src\third-party\qscintilla-2.8.4\CMakeFiles\qscintilla.dir\sources\Qt4Qt5\qscicommand.cpp.obj src\third-party\qscintilla-2.8.4\CMakeFiles\qscintilla.dir\sources\Qt4Qt5\ListBoxQt.cpp.obj src\third-party\qscintilla-2.8.4\CMakeFiles\qscintilla.dir\sources\Qt4Qt5\qscistyledtext.cpp.obj src\third-party\qscintilla-2.8.4\CMakeFiles\qscintilla.dir\sources\Qt4Qt5\SciClasses.cpp.obj src\third-party\qscintilla-2.8.4\CMakeFiles\qscintilla.dir\sources\Qt4Qt5\qsciprinter.cpp.obj src\third-party\qscintilla-2.8.4\CMakeFiles\qscintilla.dir\sources\Qt4Qt5\PlatQt.cpp.obj src\third-party\qscintilla-2.8.4\CMakeFiles\qscintilla.dir\sources\Qt4Qt5\MacPasteboardMime.cpp.obj src\third-party\qscintilla-2.8.4\CMakeFiles\qscintilla.dir\sources\Qt4Qt5\qscimacro.cpp.obj src\third-party\qscintilla-2.8.4\CMakeFiles\qscintilla.dir\sources\Qt4Qt5\qsciapis.cpp.obj src\third-party\qscintilla-2.8.4\CMakeFiles\qscintilla.dir\sources\Qt4Qt5\qscicommandset.cpp.obj src\third-party\qscintilla-2.8.4\CMakeFiles\qscintilla.dir\sources\lexers\LexCPP.cpp.obj src\third-party\qscintilla-2.8.4\CMakeFiles\qscintilla.dir\sources\src\AutoComplete.cpp.obj src\third-party\qscintilla-2.8.4\CMakeFiles\qscintilla.dir\sources\src\CallTip.cpp.obj src\third-party\qscintilla-2.8.4\CMakeFiles\qscintilla.dir\sources\src\CaseConvert.cpp.obj src\third-party\qscintilla-2.8.4\CMakeFiles\qscintilla.dir\sources\src\CaseFolder.cpp.obj src\third-party\qscintilla-2.8.4\CMakeFiles\qscintilla.dir\sources\src\Catalogue.cpp.obj src\third-party\qscintilla-2.8.4\CMakeFiles\qscintilla.dir\sources\src\CellBuffer.cpp.obj src\third-party\qscintilla-2.8.4\CMakeFiles\qscintilla.dir\sources\src\CharClassify.cpp.obj src\third-party\qscintilla-2.8.4\CMakeFiles\qscintilla.dir\sources\src\ContractionState.cpp.obj src\third-party\qscintilla-2.8.4\CMakeFiles\qscintilla.dir\sources\src\Decoration.cpp.obj src\third-party\qscintilla-2.8.4\CMakeFiles\qscintilla.dir\sources\src\Document.cpp.obj src\third-party\qscintilla-2.8.4\CMakeFiles\qscintilla.dir\sources\src\Editor.cpp.obj src\third-party\qscintilla-2.8.4\CMakeFiles\qscintilla.dir\sources\src\ExternalLexer.cpp.obj src\third-party\qscintilla-2.8.4\CMakeFiles\qscintilla.dir\sources\src\Indicator.cpp.obj src\third-party\qscintilla-2.8.4\CMakeFiles\qscintilla.dir\sources\src\KeyMap.cpp.obj src\third-party\qscintilla-2.8.4\CMakeFiles\qscintilla.dir\sources\src\LineMarker.cpp.obj src\third-party\qscintilla-2.8.4\CMakeFiles\qscintilla.dir\sources\src\PerLine.cpp.obj src\third-party\qscintilla-2.8.4\CMakeFiles\qscintilla.dir\sources\src\PositionCache.cpp.obj src\third-party\qscintilla-2.8.4\CMakeFiles\qscintilla.dir\sources\src\RESearch.cpp.obj src\third-party\qscintilla-2.8.4\CMakeFiles\qscintilla.dir\sources\src\RunStyles.cpp.obj src\third-party\qscintilla-2.8.4\CMakeFiles\qscintilla.dir\sources\src\ScintillaBase.cpp.obj src\third-party\qscintilla-2.8.4\CMakeFiles\qscintilla.dir\sources\src\Selection.cpp.obj src\third-party\qscintilla-2.8.4\CMakeFiles\qscintilla.dir\sources\src\Style.cpp.obj src\third-party\qscintilla-2.8.4\CMakeFiles\qscintilla.dir\sources\src\UniConversion.cpp.obj src\third-party\qscintilla-2.8.4\CMakeFiles\qscintilla.dir\sources\src\ViewStyle.cpp.obj src\third-party\qscintilla-2.8.4\CMakeFiles\qscintilla.dir\sources\src\XPM.cpp.obj && cd ."
build-app	Configure and Build Robo 3T	2026-04-22T00:49:48.8195950Z [117/253] C:\PROGRA~1\MICROS~2\2022\ENTERP~1\VC\Tools\MSVC\1444~1.352\bin\Hostx64\x64\cl.exe  /nologo /TP  -IR:\src\third-party\googletest-1.8.1\googlemock\include -IR:\src\third-party\googletest-1.8.1\googlemock -IR:\src\third-party\googletest-1.8.1\googletest\include -IR:\src\third-party\googletest-1.8.1\googletest /DWIN32 /D_WINDOWS /W4 /GR  -D_UNICODE -DUNICODE -DWIN32 -D_WIN32 -D_CRT_SECURE_NO_WARNINGS -DBOOST_ALL_NO_LIB /wd4355 /wd4800 /wd4267 /wd4244 /wd4290 /wd4068 /wd4351 /MP /MD /O2 /Ob2 /DNDEBUG -std:c++17 -GS -W4 -WX -wd4251 -wd4275 -nologo -J -Zi -wd4702 -D_UNICODE -DUNICODE -DWIN32 -D_WIN32 -DSTRICT -DWIN32_LEAN_AND_MEAN -DGTEST_HAS_PTHREAD=0 -EHsc -D_HAS_EXCEPTIONS=1 /showIncludes /Fosrc\third-party\googletest-1.8.1\googlemock\CMakeFiles\gmock.dir\src\gmock-all.cc.obj /Fdsrc\third-party\googletest-1.8.1\googlemock\CMakeFiles\gmock.dir\gmock.pdb /FS -c R:\src\third-party\googletest-1.8.1\googlemock\src\gmock-all.cc
build-app	Configure and Build Robo 3T	2026-04-22T00:49:54.0589454Z [118/253] C:\PROGRA~1\MICROS~2\2022\ENTERP~1\VC\Tools\MSVC\1444~1.352\bin\Hostx64\x64\cl.exe  /nologo /TP  -IR:\src\third-party\googletest-1.8.1\googlemock\include -IR:\src\third-party\googletest-1.8.1\googlemock -IR:\src\third-party\googletest-1.8.1\googletest\include -IR:\src\third-party\googletest-1.8.1\googletest /DWIN32 /D_WINDOWS /W4 /GR  -D_UNICODE -DUNICODE -DWIN32 -D_WIN32 -D_CRT_SECURE_NO_WARNINGS -DBOOST_ALL_NO_LIB /wd4355 /wd4800 /wd4267 /wd4244 /wd4290 /wd4068 /wd4351 /MP /MD /O2 /Ob2 /DNDEBUG -std:c++17 -GS -W4 -WX -wd4251 -wd4275 -nologo -J -Zi -wd4702 -D_UNICODE -DUNICODE -DWIN32 -D_WIN32 -DSTRICT -DWIN32_LEAN_AND_MEAN -DGTEST_HAS_PTHREAD=0 -EHsc -D_HAS_EXCEPTIONS=1 /showIncludes /Fosrc\third-party\googletest-1.8.1\googlemock\CMakeFiles\gmock_main.dir\src\gmock-all.cc.obj /Fdsrc\third-party\googletest-1.8.1\googlemock\CMakeFiles\gmock_main.dir\gmock_main.pdb /FS -c R:\src\third-party\googletest-1.8.1\googlemock\src\gmock-all.cc
build-app	Configure and Build Robo 3T	2026-04-22T00:49:57.7006718Z [119/253] C:\PROGRA~1\MICROS~2\2022\ENTERP~1\VC\Tools\MSVC\1444~1.352\bin\Hostx64\x64\cl.exe  /nologo /TP  -IR:\src\third-party\googletest-1.8.1\googlemock\include -IR:\src\third-party\googletest-1.8.1\googlemock -IR:\src\third-party\googletest-1.8.1\googletest\include -IR:\src\third-party\googletest-1.8.1\googletest /DWIN32 /D_WINDOWS /W4 /GR  -D_UNICODE -DUNICODE -DWIN32 -D_WIN32 -D_CRT_SECURE_NO_WARNINGS -DBOOST_ALL_NO_LIB /wd4355 /wd4800 /wd4267 /wd4244 /wd4290 /wd4068 /wd4351 /MP /MD /O2 /Ob2 /DNDEBUG -std:c++17 -GS -W4 -WX -wd4251 -wd4275 -nologo -J -Zi -wd4702 -D_UNICODE -DUNICODE -DWIN32 -D_WIN32 -DSTRICT -DWIN32_LEAN_AND_MEAN -DGTEST_HAS_PTHREAD=0 -EHsc -D_HAS_EXCEPTIONS=1 /showIncludes /Fosrc\third-party\googletest-1.8.1\googlemock\CMakeFiles\gmock_main.dir\src\gmock_main.cc.obj /Fdsrc\third-party\googletest-1.8.1\googlemock\CMakeFiles\gmock_main.dir\gmock_main.pdb /FS -c R:\src\third-party\googletest-1.8.1\googlemock\src\gmock_main.cc
build-app	Configure and Build Robo 3T	2026-04-22T00:49:59.3364738Z [120/253] C:\PROGRA~1\MICROS~2\2022\ENTERP~1\VC\Tools\MSVC\1444~1.352\bin\Hostx64\x64\cl.exe  /nologo /TP  -IR:\src\third-party\googletest-1.8.1\googletest\include -IR:\src\third-party\googletest-1.8.1\googletest /DWIN32 /D_WINDOWS /W4 /GR  -D_UNICODE -DUNICODE -DWIN32 -D_WIN32 -D_CRT_SECURE_NO_WARNINGS -DBOOST_ALL_NO_LIB /wd4355 /wd4800 /wd4267 /wd4244 /wd4290 /wd4068 /wd4351 /MP /MD /O2 /Ob2 /DNDEBUG -std:c++17 -GS -W4 -WX -wd4251 -wd4275 -nologo -J -Zi -wd4702 -D_UNICODE -DUNICODE -DWIN32 -D_WIN32 -DSTRICT -DWIN32_LEAN_AND_MEAN -DGTEST_HAS_PTHREAD=0 -EHsc -D_HAS_EXCEPTIONS=1 /showIncludes /Fosrc\third-party\googletest-1.8.1\googlemock\gtest\CMakeFiles\gtest.dir\src\gtest-all.cc.obj /Fdsrc\third-party\googletest-1.8.1\googlemock\gtest\CMakeFiles\gtest.dir\gtest.pdb /FS -c R:\src\third-party\googletest-1.8.1\googletest\src\gtest-all.cc
build-app	Configure and Build Robo 3T	2026-04-22T00:50:00.0310331Z [121/253] C:\PROGRA~1\MICROS~2\2022\ENTERP~1\VC\Tools\MSVC\1444~1.352\bin\Hostx64\x64\cl.exe  /nologo /TP  -external:IR:\src\third-party\googletest-1.8.1\googletest\include -external:IR:\src\third-party\googletest-1.8.1\googletest -external:W0 /DWIN32 /D_WINDOWS /W4 /GR  -D_UNICODE -DUNICODE -DWIN32 -D_WIN32 -D_CRT_SECURE_NO_WARNINGS -DBOOST_ALL_NO_LIB /wd4355 /wd4800 /wd4267 /wd4244 /wd4290 /wd4068 /wd4351 /MP /MD /O2 /Ob2 /DNDEBUG -std:c++17 -GS -W4 -WX -wd4251 -wd4275 -nologo -J -Zi -wd4702 -D_UNICODE -DUNICODE -DWIN32 -D_WIN32 -DSTRICT -DWIN32_LEAN_AND_MEAN -DGTEST_HAS_PTHREAD=0 -EHsc -D_HAS_EXCEPTIONS=1 /showIncludes /Fosrc\third-party\googletest-1.8.1\googlemock\gtest\CMakeFiles\gtest_main.dir\src\gtest_main.cc.obj /Fdsrc\third-party\googletest-1.8.1\googlemock\gtest\CMakeFiles\gtest_main.dir\gtest_main.pdb /FS -c R:\src\third-party\googletest-1.8.1\googletest\src\gtest_main.cc
build-app	Configure and Build Robo 3T	2026-04-22T00:50:00.7565982Z [122/253] C:\PROGRA~1\MICROS~2\2022\ENTERP~1\VC\Tools\MSVC\1444~1.352\bin\Hostx64\x64\cl.exe  /nologo /TP  -IR:\src\third-party\googletest-1.8.1\googlemock\include -IR:\src\third-party\googletest-1.8.1\googlemock -IR:\src\third-party\googletest-1.8.1\googletest\include -IR:\src\third-party\googletest-1.8.1\googletest /DWIN32 /D_WINDOWS /W4 /GR  -D_UNICODE -DUNICODE -DWIN32 -D_WIN32 -D_CRT_SECURE_NO_WARNINGS -DBOOST_ALL_NO_LIB /wd4355 /wd4800 /wd4267 /wd4244 /wd4290 /wd4068 /wd4351 /MP /MD /O2 /Ob2 /DNDEBUG -std:c++17 -GS -W4 -WX -wd4251 -wd4275 -nologo -J -Zi -wd4702 -D_UNICODE -DUNICODE -DWIN32 -D_WIN32 -DSTRICT -DWIN32_LEAN_AND_MEAN -DGTEST_HAS_PTHREAD=0 -EHsc -D_HAS_EXCEPTIONS=1 /showIncludes /Fosrc\third-party\googletest-1.8.1\googlemock\CMakeFiles\gmock.dir\__\googletest\src\gtest-all.cc.obj /Fdsrc\third-party\googletest-1.8.1\googlemock\CMakeFiles\gmock.dir\gmock.pdb /FS -c R:\src\third-party\googletest-1.8.1\googletest\src\gtest-all.cc
build-app	Configure and Build Robo 3T	2026-04-22T00:50:01.1990417Z [123/253] C:\Windows\system32\cmd.exe /C "cd . && C:\PROGRA~1\MICROS~2\2022\ENTERP~1\VC\Tools\MSVC\1444~1.352\bin\Hostx64\x64\lib.exe /nologo /machine:x64 /out:src\third-party\googletest-1.8.1\googlemock\gtest\gtest.lib src\third-party\googletest-1.8.1\googlemock\gtest\CMakeFiles\gtest.dir\src\gtest-all.cc.obj && cd ."
build-app	Configure and Build Robo 3T	2026-04-22T00:50:01.3118446Z [124/253] C:\Windows\system32\cmd.exe /C "cd . && "C:\Program Files\CMake\bin\cmake.exe" -E vs_link_exe --msvc-ver=1944 --intdir=src\robomongo\ssh\CMakeFiles\server.dir --rc=C:\PROGRA~2\WI3CF2~1\10\bin\100261~1.0\x64\rc.exe --mt=C:\PROGRA~2\WI3CF2~1\10\bin\100261~1.0\x64\mt.exe --manifests  -- C:\PROGRA~1\MICROS~2\2022\ENTERP~1\VC\Tools\MSVC\1444~1.352\bin\Hostx64\x64\link.exe /nologo src\robomongo\ssh\CMakeFiles\server.dir\server.c.obj  /out:D:\dist\server.exe /implib:src\robomongo\ssh\server.lib /pdb:D:\dist\server.pdb /version:0.0 /machine:x64 /INCREMENTAL:NO /subsystem:console  src\robomongo\ssh\ssh.lib  src\third-party\libssh2-1.9.0\libssh2.lib  "C:\Program Files\OpenSSL\lib\libssl.lib"  "C:\Program Files\OpenSSL\lib\libcrypto.lib"  ws2_32.lib  kernel32.lib user32.lib gdi32.lib winspool.lib shell32.lib ole32.lib oleaut32.lib uuid.lib comdlg32.lib advapi32.lib && cd ."
build-app	Configure and Build Robo 3T	2026-04-22T00:50:01.4302384Z [125/253] C:\PROGRA~1\MICROS~2\2022\ENTERP~1\VC\Tools\MSVC\1444~1.352\bin\Hostx64\x64\cl.exe  /nologo /TP  -IR:\src\third-party\googletest-1.8.1\googlemock\include -IR:\src\third-party\googletest-1.8.1\googlemock -IR:\src\third-party\googletest-1.8.1\googletest\include -IR:\src\third-party\googletest-1.8.1\googletest /DWIN32 /D_WINDOWS /W4 /GR  -D_UNICODE -DUNICODE -DWIN32 -D_WIN32 -D_CRT_SECURE_NO_WARNINGS -DBOOST_ALL_NO_LIB /wd4355 /wd4800 /wd4267 /wd4244 /wd4290 /wd4068 /wd4351 /MP /MD /O2 /Ob2 /DNDEBUG -std:c++17 -GS -W4 -WX -wd4251 -wd4275 -nologo -J -Zi -wd4702 -D_UNICODE -DUNICODE -DWIN32 -D_WIN32 -DSTRICT -DWIN32_LEAN_AND_MEAN -DGTEST_HAS_PTHREAD=0 -EHsc -D_HAS_EXCEPTIONS=1 /showIncludes /Fosrc\third-party\googletest-1.8.1\googlemock\CMakeFiles\gmock_main.dir\__\googletest\src\gtest-all.cc.obj /Fdsrc\third-party\googletest-1.8.1\googlemock\CMakeFiles\gmock_main.dir\gmock_main.pdb /FS -c R:\src\third-party\googletest-1.8.1\googletest\src\gtest-all.cc
build-app	Configure and Build Robo 3T	2026-04-22T00:50:01.4328403Z [126/253] C:\Windows\system32\cmd.exe /C "cd . && C:\PROGRA~1\MICROS~2\2022\ENTERP~1\VC\Tools\MSVC\1444~1.352\bin\Hostx64\x64\lib.exe /nologo /machine:x64 /out:src\third-party\googletest-1.8.1\googlemock\gtest\gtest_main.lib src\third-party\googletest-1.8.1\googlemock\gtest\CMakeFiles\gtest_main.dir\src\gtest_main.cc.obj && cd ."
build-app	Configure and Build Robo 3T	2026-04-22T00:50:01.4345826Z [127/253] C:\Windows\system32\cmd.exe /C "cd . && C:\PROGRA~1\MICROS~2\2022\ENTERP~1\VC\Tools\MSVC\1444~1.352\bin\Hostx64\x64\lib.exe /nologo /machine:x64 /out:src\third-party\googletest-1.8.1\googlemock\gmock.lib src\third-party\googletest-1.8.1\googlemock\CMakeFiles\gmock.dir\__\googletest\src\gtest-all.cc.obj src\third-party\googletest-1.8.1\googlemock\CMakeFiles\gmock.dir\src\gmock-all.cc.obj && cd ."
build-app	Configure and Build Robo 3T	2026-04-22T00:50:01.4357044Z [128/253] C:\Windows\system32\cmd.exe /C "cd . && "C:\Program Files\CMake\bin\cmake.exe" -E vs_link_exe --msvc-ver=1944 --intdir=src\robomongo\ssh\CMakeFiles\ssh_test.dir --rc=C:\PROGRA~2\WI3CF2~1\10\bin\100261~1.0\x64\rc.exe --mt=C:\PROGRA~2\WI3CF2~1\10\bin\100261~1.0\x64\mt.exe --manifests  -- C:\PROGRA~1\MICROS~2\2022\ENTERP~1\VC\Tools\MSVC\1444~1.352\bin\Hostx64\x64\link.exe /nologo src\robomongo\ssh\CMakeFiles\ssh_test.dir\test.c.obj  /out:D:\dist\ssh_test.exe /implib:src\robomongo\ssh\ssh_test.lib /pdb:D:\dist\ssh_test.pdb /version:0.0 /machine:x64 /INCREMENTAL:NO /subsystem:console  src\robomongo\ssh\ssh.lib  src\third-party\libssh2-1.9.0\libssh2.lib  "C:\Program Files\OpenSSL\lib\libssl.lib"  "C:\Program Files\OpenSSL\lib\libcrypto.lib"  ws2_32.lib  kernel32.lib user32.lib gdi32.lib winspool.lib shell32.lib ole32.lib oleaut32.lib uuid.lib comdlg32.lib advapi32.lib && cd ."
build-app	Configure and Build Robo 3T	2026-04-22T00:50:01.5156447Z [129/253] C:\Windows\system32\cmd.exe /C "cd . && C:\PROGRA~1\MICROS~2\2022\ENTERP~1\VC\Tools\MSVC\1444~1.352\bin\Hostx64\x64\lib.exe /nologo /machine:x64 /out:src\third-party\googletest-1.8.1\googlemock\gmock_main.lib src\third-party\googletest-1.8.1\googlemock\CMakeFiles\gmock_main.dir\__\googletest\src\gtest-all.cc.obj src\third-party\googletest-1.8.1\googlemock\CMakeFiles\gmock_main.dir\src\gmock-all.cc.obj src\third-party\googletest-1.8.1\googlemock\CMakeFiles\gmock_main.dir\src\gmock_main.cc.obj && cd ."
build-app	Configure and Build Robo 3T	2026-04-22T00:50:10.2428772Z [130/253] C:\Windows\system32\cmd.exe /C "cd /D D:\b\src\robomongo && "C:\Program Files\CMake\bin\cmake.exe" -E cmake_autogen D:/b/src/robomongo/CMakeFiles/robomongo_autogen.dir/AutogenInfo.json Release && "C:\Program Files\CMake\bin\cmake.exe" -E touch D:/b/src/robomongo/robomongo_autogen/timestamp && "C:\Program Files\CMake\bin\cmake.exe" -E cmake_transform_depfile Ninja gccdepfile R: R:/src/robomongo D:/b D:/b/src/robomongo D:/b/src/robomongo/robomongo_autogen/deps D:/b/CMakeFiles/d/116af377eac779eb8c19c5ca8c271997f10336d7b90eb8195f48b6b63c5d8815.d"
build-app	Configure and Build Robo 3T	2026-04-22T00:50:10.3514994Z [131/253] C:\Windows\system32\cmd.exe /C "cd /D D:\b\src\robomongo && D:\a\robomongo\Qt\5.15.2\msvc2019_64\bin\lrelease.exe R:/src/robomongo/resources/translations/robomongo_zh_CN_core.ts -qm D:/b/src/robomongo/robomongo_zh_CN_core.qm"
build-app	Configure and Build Robo 3T	2026-04-22T00:50:10.3554702Z Warning: dropping duplicate messages in 'D:/b/src/robomongo/robomongo_zh_CN_core.qm':
build-app	Configure and Build Robo 3T	2026-04-22T00:50:10.3580429Z 
build-app	Configure and Build Robo 3T	2026-04-22T00:50:10.3593734Z * Context: Robomongo::ConnectionAuthTab
build-app	Configure and Build Robo 3T	2026-04-22T00:50:10.3608523Z * Source: Databases
build-app	Configure and Build Robo 3T	2026-04-22T00:50:10.3609323Z 
build-app	Configure and Build Robo 3T	2026-04-22T00:50:10.3610864Z * Context: Robomongo::ConnectionAuthTab
build-app	Configure and Build Robo 3T	2026-04-22T00:50:10.3613339Z * Source: Some MongoDB users might not have the permission to get the list of database names (<b>listDatabases</b> command). For this case, manually add the name of the database(s) that this user has access to.
build-app	Configure and Build Robo 3T	2026-04-22T00:50:10.3614992Z 
build-app	Configure and Build Robo 3T	2026-04-22T00:50:10.3616521Z * Context: Robomongo::SSLTab
build-app	Configure and Build Robo 3T	2026-04-22T00:50:10.3617954Z * Source:  mongo --tlsCertificateKeyFile : PEM certificate/key file for TLS
build-app	Configure and Build Robo 3T	2026-04-22T00:50:10.3618844Z 
build-app	Configure and Build Robo 3T	2026-04-22T00:50:10.3619920Z * Context: Robomongo::SSLTab
build-app	Configure and Build Robo 3T	2026-04-22T00:50:10.3620824Z * Source:  mongo --tlsCertificateKeyFilePassword : Password for key in PEM file for TLS
build-app	Configure and Build Robo 3T	2026-04-22T00:50:10.3621573Z 
build-app	Configure and Build Robo 3T	2026-04-22T00:50:10.3621851Z * Context: Robomongo::SSLTab
build-app	Configure and Build Robo 3T	2026-04-22T00:50:10.3622715Z * Source:  mongo --tlsAllowInvalidHostnames : Allow connections to servers with non-matching hostnames
build-app	Configure and Build Robo 3T	2026-04-22T00:50:10.3623535Z 
build-app	Configure and Build Robo 3T	2026-04-22T00:50:10.3623817Z * Context: Robomongo::SSLTab
build-app	Configure and Build Robo 3T	2026-04-22T00:50:10.3624671Z * Source:  mongo --tlsAllowInvalidCertificates : Allow connections to servers with invalid certificates
build-app	Configure and Build Robo 3T	2026-04-22T00:50:10.3625484Z 
build-app	Configure and Build Robo 3T	2026-04-22T00:50:10.3625758Z * Context: Robomongo::SSLTab
build-app	Configure and Build Robo 3T	2026-04-22T00:50:10.3626402Z * Source:  mongo --tlsCRLFile : Certificate Revocation List file for TLS
build-app	Configure and Build Robo 3T	2026-04-22T00:50:10.3626980Z 
build-app	Configure and Build Robo 3T	2026-04-22T00:50:10.3627271Z * Context: Robomongo::SSLTab
build-app	Configure and Build Robo 3T	2026-04-22T00:50:10.3627746Z * Source: Choose File
build-app	Configure and Build Robo 3T	2026-04-22T00:50:10.3628093Z 
build-app	Configure and Build Robo 3T	2026-04-22T00:50:10.3628375Z * Context: Robomongo::ConnectionBasicTab
build-app	Configure and Build Robo 3T	2026-04-22T00:50:10.3628992Z * Source: Direct Connection
build-app	Configure and Build Robo 3T	2026-04-22T00:50:10.3629365Z 
build-app	Configure and Build Robo 3T	2026-04-22T00:50:10.3629720Z * Context: Robomongo::ConnectionBasicTab
build-app	Configure and Build Robo 3T	2026-04-22T00:50:10.3630245Z * Source: Replica Set
build-app	Configure and Build Robo 3T	2026-04-22T00:50:10.3630583Z 
build-app	Configure and Build Robo 3T	2026-04-22T00:50:10.3630855Z * Context: Robomongo::SSLTab
build-app	Configure and Build Robo 3T	2026-04-22T00:50:10.3631354Z * Source: Authentication Method: 
build-app	Configure and Build Robo 3T	2026-04-22T00:50:10.3636195Z 
build-app	Configure and Build Robo 3T	2026-04-22T00:50:10.3637272Z * Context: Robomongo::SSLTab
build-app	Configure and Build Robo 3T	2026-04-22T00:50:10.3638465Z * Source: Self-signed Certificate
build-app	Configure and Build Robo 3T	2026-04-22T00:50:10.3639125Z 
build-app	Configure and Build Robo 3T	2026-04-22T00:50:10.3640368Z * Context: Robomongo::SSLTab
build-app	Configure and Build Robo 3T	2026-04-22T00:50:10.3645358Z * Source: Use CA Certificate
build-app	Configure and Build Robo 3T	2026-04-22T00:50:10.3649305Z 
build-app	Configure and Build Robo 3T	2026-04-22T00:50:10.3649736Z * Context: Robomongo::SSLTab
build-app	Configure and Build Robo 3T	2026-04-22T00:50:10.3651353Z * Source: In general, avoid using self-signed certificates unless the network is trusted. If self-signed certificate is used, the communications channel will be encrypted however there will be no validation of server identity.
build-app	Configure and Build Robo 3T	2026-04-22T00:50:10.3652887Z 
build-app	Configure and Build Robo 3T	2026-04-22T00:50:10.3653248Z * Context: Robomongo::SSLTab
build-app	Configure and Build Robo 3T	2026-04-22T00:50:10.3654079Z * Source: CA Certificate:
build-app	Configure and Build Robo 3T	2026-04-22T00:50:10.3654412Z 
build-app	Configure and Build Robo 3T	2026-04-22T00:50:10.3654677Z * Context: Robomongo::SSLTab
build-app	Configure and Build Robo 3T	2026-04-22T00:50:10.3655157Z * Source: Use PEM Cert./Key: 
build-app	Configure and Build Robo 3T	2026-04-22T00:50:10.3655862Z 
build-app	Configure and Build Robo 3T	2026-04-22T00:50:10.3656130Z * Context: Robomongo::SSLTab
build-app	Configure and Build Robo 3T	2026-04-22T00:50:10.3656954Z * Source: Enable this option to connect to a MongoDB that requires CA-signed client certificates/key file.
build-app	Configure and Build Robo 3T	2026-04-22T00:50:10.3657755Z 
build-app	Configure and Build Robo 3T	2026-04-22T00:50:10.3658026Z * Context: Robomongo::SSLTab
build-app	Configure and Build Robo 3T	2026-04-22T00:50:10.3658503Z * Source: PEM Certificate/Key: 
build-app	Configure and Build Robo 3T	2026-04-22T00:50:10.3658892Z 
build-app	Configure and Build Robo 3T	2026-04-22T00:50:10.3659161Z * Context: Robomongo::SshTunnelTab
build-app	Configure and Build Robo 3T	2026-04-22T00:50:10.3659677Z * Source: Password
build-app	Configure and Build Robo 3T	2026-04-22T00:50:10.3660082Z 
build-app	Configure and Build Robo 3T	2026-04-22T00:50:10.3660369Z * Context: Robomongo::SshTunnelTab
build-app	Configure and Build Robo 3T	2026-04-22T00:50:10.3660913Z * Source: Private Key
build-app	Configure and Build Robo 3T	2026-04-22T00:50:10.3661251Z 
build-app	Configure and Build Robo 3T	2026-04-22T00:50:10.3661538Z * Context: Robomongo::SshTunnelTab
build-app	Configure and Build Robo 3T	2026-04-22T00:50:10.3662194Z * Source: SSH is currently not supported for Replica Set connections
build-app	Configure and Build Robo 3T	2026-04-22T00:50:10.3662788Z 
build-app	Configure and Build Robo 3T	2026-04-22T00:50:10.3663094Z * Context: Robomongo::SshTunnelTab
build-app	Configure and Build Robo 3T	2026-04-22T00:50:10.3663773Z * Source: Select private key file
build-app	Configure and Build Robo 3T	2026-04-22T00:50:10.3664231Z 
build-app	Configure and Build Robo 3T	2026-04-22T00:50:10.3664516Z * Context: Robomongo::SshTunnelTab
build-app	Configure and Build Robo 3T	2026-04-22T00:50:10.3665227Z * Source: Settings are incomplete
build-app	Configure and Build Robo 3T	2026-04-22T00:50:10.3665658Z 
build-app	Configure and Build Robo 3T	2026-04-22T00:50:10.3665950Z * Context: Robomongo::SshTunnelTab
build-app	Configure and Build Robo 3T	2026-04-22T00:50:10.3666521Z * Source: Private key file "%1" doesn't exist
build-app	Configure and Build Robo 3T	2026-04-22T00:50:10.3666983Z 
build-app	Configure and Build Robo 3T	2026-04-22T00:50:10.3667259Z * Context: Robomongo::SSLTab
build-app	Configure and Build Robo 3T	2026-04-22T00:50:10.3667754Z * Source: Use TLS protocol
build-app	Configure and Build Robo 3T	2026-04-22T00:50:10.3668095Z 
build-app	Configure and Build Robo 3T	2026-04-22T00:50:10.3668532Z * Context: Robomongo::SSLTab
build-app	Configure and Build Robo 3T	2026-04-22T00:50:10.3668871Z * Source: Error: 
build-app	Configure and Build Robo 3T	2026-04-22T00:50:10.3669047Z 
build-app	Configure and Build Robo 3T	2026-04-22T00:50:10.3669175Z * Context: Robomongo::SSLTab
build-app	Configure and Build Robo 3T	2026-04-22T00:50:10.3669515Z * Source:  file does not exist
build-app	Configure and Build Robo 3T	2026-04-22T00:50:10.3698017Z 
build-app	Configure and Build Robo 3T	2026-04-22T00:50:10.3698215Z * Context: Robomongo::SSLTab
build-app	Configure and Build Robo 3T	2026-04-22T00:50:10.3699314Z * Source: CA-signed certificate
build-app	Configure and Build Robo 3T	2026-04-22T00:50:10.3699593Z 
build-app	Configure and Build Robo 3T	2026-04-22T00:50:10.3699736Z * Context: Robomongo::SSLTab
build-app	Configure and Build Robo 3T	2026-04-22T00:50:10.3700089Z * Source: PEM Certificate/Key
build-app	Configure and Build Robo 3T	2026-04-22T00:50:10.3700337Z 
build-app	Configure and Build Robo 3T	2026-04-22T00:50:10.3700472Z * Context: Robomongo::SSLTab
build-app	Configure and Build Robo 3T	2026-04-22T00:50:10.3700806Z * Source: CRL (Revocation List)
build-app	Configure and Build Robo 3T	2026-04-22T00:50:10.3701049Z 
build-app	Configure and Build Robo 3T	2026-04-22T00:50:10.3701207Z * Context: Robomongo::ConnectionAdvancedTab
build-app	Configure and Build Robo 3T	2026-04-22T00:50:10.3701624Z * Source: Default Database:
build-app	Configure and Build Robo 3T	2026-04-22T00:50:10.3701838Z 
build-app	Configure and Build Robo 3T	2026-04-22T00:50:10.3701998Z * Context: Robomongo::ConnectionAdvancedTab
build-app	Configure and Build Robo 3T	2026-04-22T00:50:10.3703539Z * Source: Database, that will be default (<code>db</code> shell variable will point to this database). By default, default database will be the one you authenticate on, or <code>test</code> otherwise. Leave this field empty, if you want default behavior.
build-app	Configure and Build Robo 3T	2026-04-22T00:50:10.3704964Z 
build-app	Configure and Build Robo 3T	2026-04-22T00:50:10.3705082Z * Context: Robomongo::SSLTab
build-app	Configure and Build Robo 3T	2026-04-22T00:50:10.3706089Z * Source:  mongo --tlsCAFile : Certificate Authority file for TLS
build-app	Configure and Build Robo 3T	2026-04-22T00:50:10.3706498Z 
build-app	Configure and Build Robo 3T	2026-04-22T00:50:10.3706636Z * Context: Robomongo::SSLTab
build-app	Configure and Build Robo 3T	2026-04-22T00:50:10.3706973Z * Source: Passphrase: 
build-app	Configure and Build Robo 3T	2026-04-22T00:50:10.3707172Z 
build-app	Configure and Build Robo 3T	2026-04-22T00:50:10.3707297Z * Context: Robomongo::SSLTab
build-app	Configure and Build Robo 3T	2026-04-22T00:50:10.3708571Z * Source: Ask for passphrase each time
build-app	Configure and Build Robo 3T	2026-04-22T00:50:10.3711435Z 
build-app	Configure and Build Robo 3T	2026-04-22T00:50:10.3711790Z * Context: Robomongo::SSLTab
build-app	Configure and Build Robo 3T	2026-04-22T00:50:10.3714008Z * Source: Advanced Options
build-app	Configure and Build Robo 3T	2026-04-22T00:50:10.3715130Z 
build-app	Configure and Build Robo 3T	2026-04-22T00:50:10.3715808Z * Context: Robomongo::SSLTab
build-app	Configure and Build Robo 3T	2026-04-22T00:50:10.3717835Z * Source: CRL (Revocation List): 
build-app	Configure and Build Robo 3T	2026-04-22T00:50:10.3720050Z 
build-app	Configure and Build Robo 3T	2026-04-22T00:50:10.3720757Z * Context: Robomongo::SSLTab
build-app	Configure and Build Robo 3T	2026-04-22T00:50:10.3722005Z * Source: Invalid Hostnames: 
build-app	Configure and Build Robo 3T	2026-04-22T00:50:10.3723333Z 
build-app	Configure and Build Robo 3T	2026-04-22T00:50:10.3724149Z * Context: Robomongo::SSLTab
build-app	Configure and Build Robo 3T	2026-04-22T00:50:10.3727171Z * Source: Not Allowed
build-app	Configure and Build Robo 3T	2026-04-22T00:50:10.3728050Z 
build-app	Configure and Build Robo 3T	2026-04-22T00:50:10.3728896Z * Context: Robomongo::SSLTab
build-app	Configure and Build Robo 3T	2026-04-22T00:50:10.3730124Z * Source: Allowed
build-app	Configure and Build Robo 3T	2026-04-22T00:50:10.3731181Z 
build-app	Configure and Build Robo 3T	2026-04-22T00:50:10.3731362Z * Context: Robomongo::SSLTab
build-app	Configure and Build Robo 3T	2026-04-22T00:50:10.3734650Z * Source: Error
build-app	Configure and Build Robo 3T	2026-04-22T00:50:10.3735435Z 
build-app	Configure and Build Robo 3T	2026-04-22T00:50:10.3736790Z * Context: Robomongo::ConnectionBasicTab
build-app	Configure and Build Robo 3T	2026-04-22T00:50:10.3738073Z * Source: From URI
build-app	Configure and Build Robo 3T	2026-04-22T00:50:10.3738821Z 
build-app	Configure and Build Robo 3T	2026-04-22T00:50:10.3739467Z * Context: Robomongo::ConnectionBasicTab
build-app	Configure and Build Robo 3T	2026-04-22T00:50:10.3740852Z * Source: Error
build-app	Configure and Build Robo 3T	2026-04-22T00:50:10.3741609Z 
build-app	Configure and Build Robo 3T	2026-04-22T00:50:10.3742081Z * Context: Robomongo::ConnectionBasicTab
build-app	Configure and Build Robo 3T	2026-04-22T00:50:10.3743392Z * Source: Replica set members cannot be empty. Please enter at least one member.
build-app	Configure and Build Robo 3T	2026-04-22T00:50:10.3745275Z 
build-app	Configure and Build Robo 3T	2026-04-22T00:50:10.3745903Z * Context: Robomongo::ConnectionBasicTab
build-app	Configure and Build Robo 3T	2026-04-22T00:50:10.3748218Z * Source: Replica set member items must all contain ':' between hostname and port.
build-app	Configure and Build Robo 3T	2026-04-22T00:50:10.3749981Z 
build-app	Configure and Build Robo 3T	2026-04-22T00:50:10.3750589Z * Context: Robomongo::ConnectionBasicTab
build-app	Configure and Build Robo 3T	2026-04-22T00:50:10.3752913Z * Source: Please remove duplicate member, two replica set members cannot have the same hostname and port.
build-app	Configure and Build Robo 3T	2026-04-22T00:50:10.3754953Z 
build-app	Configure and Build Robo 3T	2026-04-22T00:50:10.3755597Z * Context: Robomongo::ConnectionBasicTab
build-app	Configure and Build Robo 3T	2026-04-22T00:50:10.3757105Z * Source: New Connection
build-app	Configure and Build Robo 3T	2026-04-22T00:50:10.3757875Z 
build-app	Configure and Build Robo 3T	2026-04-22T00:50:10.3758461Z * Context: Robomongo::ConnectionBasicTab
build-app	Configure and Build Robo 3T	2026-04-22T00:50:10.3759823Z * Source: MongoDB URI:
build-app	Configure and Build Robo 3T	2026-04-22T00:50:10.3760454Z 
build-app	Configure and Build Robo 3T	2026-04-22T00:50:10.3760470Z 
build-app	Configure and Build Robo 3T	2026-04-22T00:50:10.3761029Z * Context: Robomongo::ConnectionAuthTab
build-app	Configure and Build Robo 3T	2026-04-22T00:50:10.3762396Z * Source: Perform authentication
build-app	Configure and Build Robo 3T	2026-04-22T00:50:10.3764153Z 
build-app	Configure and Build Robo 3T	2026-04-22T00:50:10.3764815Z * Context: Robomongo::ConnectionBasicTab
build-app	Configure and Build Robo 3T	2026-04-22T00:50:10.3766139Z * Source: Type:
build-app	Configure and Build Robo 3T	2026-04-22T00:50:10.3766724Z 
build-app	Configure and Build Robo 3T	2026-04-22T00:50:10.3767310Z * Context: Robomongo::ConnectionBasicTab
build-app	Configure and Build Robo 3T	2026-04-22T00:50:10.3768607Z * Source: Name:
build-app	Configure and Build Robo 3T	2026-04-22T00:50:10.3769334Z 
build-app	Configure and Build Robo 3T	2026-04-22T00:50:10.3769919Z * Context: Robomongo::ConnectionBasicTab
build-app	Configure and Build Robo 3T	2026-04-22T00:50:10.3771939Z * Source: Choose any connection name that will help you to identify this connection.
build-app	Configure and Build Robo 3T	2026-04-22T00:50:10.3773792Z 
build-app	Configure and Build Robo 3T	2026-04-22T00:50:10.3774523Z * Context: Robomongo::ConnectionBasicTab
build-app	Configure and Build Robo 3T	2026-04-22T00:50:10.3775898Z * Source: Address:
build-app	Configure and Build Robo 3T	2026-04-22T00:50:10.3776488Z 
build-app	Configure and Build Robo 3T	2026-04-22T00:50:10.3777057Z * Context: Robomongo::ConnectionBasicTab
build-app	Configure and Build Robo 3T	2026-04-22T00:50:10.3779351Z * Source: Specify host and port of MongoDB server. Host can be either IPv4, IPv6 or domain name.
build-app	Configure and Build Robo 3T	2026-04-22T00:50:10.3781235Z 
build-app	Configure and Build Robo 3T	2026-04-22T00:50:10.3781826Z * Context: Robomongo::ConnectionBasicTab
build-app	Configure and Build Robo 3T	2026-04-22T00:50:10.3783348Z * Source: Members:
build-app	Configure and Build Robo 3T	2026-04-22T00:50:10.3785034Z 
build-app	Configure and Build Robo 3T	2026-04-22T00:50:10.3785890Z * Context: Robomongo::ConnectionBasicTab
build-app	Configure and Build Robo 3T	2026-04-22T00:50:10.3787984Z * Source: Set Name:
build-app	Configure and Build Robo 3T	2026-04-22T00:50:10.3788915Z 
build-app	Configure and Build Robo 3T	2026-04-22T00:50:10.3790024Z * Context: Robomongo::ConnectionBasicTab
build-app	Configure and Build Robo 3T	2026-04-22T00:50:10.3792525Z * Source: Import connection details from MongoDB URI connection string
build-app	Configure and Build Robo 3T	2026-04-22T00:50:10.3794677Z 
build-app	Configure and Build Robo 3T	2026-04-22T00:50:10.3795929Z * Context: Robomongo::ConnectionAuthTab
build-app	Configure and Build Robo 3T	2026-04-22T00:50:10.3798650Z * Source: Manually specify visible databases
build-app	Configure and Build Robo 3T	2026-04-22T00:50:10.3800113Z 
build-app	Configure and Build Robo 3T	2026-04-22T00:50:10.3800883Z * Context: Robomongo::SshTunnelTab
build-app	Configure and Build Robo 3T	2026-04-22T00:50:10.3802690Z * Source: Use SSH tunnel
build-app	Configure and Build Robo 3T	2026-04-22T00:50:10.3803697Z 
build-app	Configure and Build Robo 3T	2026-04-22T00:50:10.3804711Z * Context: Robomongo::SshTunnelTab
build-app	Configure and Build Robo 3T	2026-04-22T00:50:10.3806474Z * Source: SSH Address:
build-app	Configure and Build Robo 3T	2026-04-22T00:50:10.3807648Z 
build-app	Configure and Build Robo 3T	2026-04-22T00:50:10.3808358Z * Context: Robomongo::SshTunnelTab
build-app	Configure and Build Robo 3T	2026-04-22T00:50:10.3810796Z * Source: SSH User Name:
build-app	Configure and Build Robo 3T	2026-04-22T00:50:10.3812175Z 
build-app	Configure and Build Robo 3T	2026-04-22T00:50:10.3813140Z * Context: Robomongo::SshTunnelTab
build-app	Configure and Build Robo 3T	2026-04-22T00:50:10.3815272Z * Source: SSH Auth Method:
build-app	Configure and Build Robo 3T	2026-04-22T00:50:10.3816680Z 
build-app	Configure and Build Robo 3T	2026-04-22T00:50:10.3817568Z * Context: Robomongo::SshTunnelTab
build-app	Configure and Build Robo 3T	2026-04-22T00:50:10.3819133Z * Source: User Password:
build-app	Configure and Build Robo 3T	2026-04-22T00:50:10.3820485Z 
build-app	Configure and Build Robo 3T	2026-04-22T00:50:10.3821166Z * Context: Robomongo::SshTunnelTab
build-app	Configure and Build Robo 3T	2026-04-22T00:50:10.3823265Z * Source: Private key:
build-app	Configure and Build Robo 3T	2026-04-22T00:50:10.3824830Z 
build-app	Configure and Build Robo 3T	2026-04-22T00:50:10.3825899Z * Context: Robomongo::SshTunnelTab
build-app	Configure and Build Robo 3T	2026-04-22T00:50:10.3829251Z * Source: Passphrase:
build-app	Configure and Build Robo 3T	2026-04-22T00:50:10.3830615Z 
build-app	Configure and Build Robo 3T	2026-04-22T00:50:10.3831160Z * Context: Robomongo::ConnectionAuthTab
build-app	Configure and Build Robo 3T	2026-04-22T00:50:10.3837190Z * Source: <nobr>The admin database is unique in MongoDB.</nobr> Users with normal access to the admin database have read and write access to <b>all databases</b>.
build-app	Configure and Build Robo 3T	2026-04-22T00:50:10.3841128Z 
build-app	Configure and Build Robo 3T	2026-04-22T00:50:10.3841973Z * Context: Robomongo::ConnectionAuthTab
build-app	Configure and Build Robo 3T	2026-04-22T00:50:10.3843735Z * Source: User Name
build-app	Configure and Build Robo 3T	2026-04-22T00:50:10.3844887Z 
build-app	Configure and Build Robo 3T	2026-04-22T00:50:10.3845548Z * Context: Robomongo::ConnectionAuthTab
build-app	Configure and Build Robo 3T	2026-04-22T00:50:10.3847994Z * Source: Auth Mechanism
build-app	Configure and Build Robo 3T	2026-04-22T00:50:10.3849271Z 
build-app	Configure and Build Robo 3T	2026-04-22T00:50:10.3849905Z * Context: Robomongo::ConnectionAuthTab
build-app	Configure and Build Robo 3T	2026-04-22T00:50:10.3851594Z * Source: Password
build-app	Configure and Build Robo 3T	2026-04-22T00:50:10.3851784Z 
build-app	Configure and Build Robo 3T	2026-04-22T00:50:10.3851938Z * Context: Robomongo::ConnectionAuthTab
build-app	Configure and Build Robo 3T	2026-04-22T00:50:10.3852312Z * Source: Database
build-app	Configure and Build Robo 3T	2026-04-22T00:50:10.3852477Z 
build-app	Configure and Build Robo 3T	2026-04-22T00:50:10.3852607Z * Context: Robomongo::ConnectionAuthTab
build-app	Configure and Build Robo 3T	2026-04-22T00:50:10.3853054Z * Source: Comma-separated e.g. products, users
build-app	Configure and Build Robo 3T	2026-04-22T00:50:10.3853355Z 
build-app	Configure and Build Robo 3T	2026-04-22T00:50:10.3853567Z Updating 'D:/b/src/robomongo/robomongo_zh_CN_core.qm'...
build-app	Configure and Build Robo 3T	2026-04-22T00:50:10.3854162Z     Generated 105 translation(s) (105 finished and 0 unfinished)
build-app	Configure and Build Robo 3T	2026-04-22T00:50:10.3855714Z [132/253] C:\Windows\system32\cmd.exe /C "cd /D D:\b\src\robomongo && D:\a\robomongo\Qt\5.15.2\msvc2019_64\bin\lrelease.exe R:/src/robomongo/resources/translations/robomongo_zh_CN_welcome.ts -qm D:/b/src/robomongo/robomongo_zh_CN_welcome.qm"
build-app	Configure and Build Robo 3T	2026-04-22T00:50:10.3857504Z Updating 'D:/b/src/robomongo/robomongo_zh_CN_welcome.qm'...
build-app	Configure and Build Robo 3T	2026-04-22T00:50:10.3858065Z     Generated 9 translation(s) (9 finished and 0 unfinished)
build-app	Configure and Build Robo 3T	2026-04-22T00:50:10.3859559Z [133/253] C:\Windows\system32\cmd.exe /C "cd /D D:\b\src\robomongo && D:\a\robomongo\Qt\5.15.2\msvc2019_64\bin\lrelease.exe R:/src/robomongo/resources/translations/robomongo_zh_CN_explorer.ts -qm D:/b/src/robomongo/robomongo_zh_CN_explorer.qm"
build-app	Configure and Build Robo 3T	2026-04-22T00:50:10.3861330Z Warning: dropping duplicate messages in 'D:/b/src/robomongo/robomongo_zh_CN_explorer.qm':
build-app	Configure and Build Robo 3T	2026-04-22T00:50:10.3861886Z 
build-app	Configure and Build Robo 3T	2026-04-22T00:50:10.3862069Z * Context: Robomongo::ExplorerCollectionTreeItem
build-app	Configure and Build Robo 3T	2026-04-22T00:50:10.3862496Z * Source: Rename Collection...
build-app	Configure and Build Robo 3T	2026-04-22T00:50:10.3862710Z 
build-app	Configure and Build Robo 3T	2026-04-22T00:50:10.3862866Z * Context: Robomongo::ExplorerCollectionTreeItem
build-app	Configure and Build Robo 3T	2026-04-22T00:50:10.3863263Z * Source: Indexes
build-app	Configure and Build Robo 3T	2026-04-22T00:50:10.3863419Z 
build-app	Configure and Build Robo 3T	2026-04-22T00:50:10.3863592Z * Context: Robomongo::ExplorerCollectionTreeItem
build-app	Configure and Build Robo 3T	2026-04-22T00:50:10.3863997Z * Source: View Documents
build-app	Configure and Build Robo 3T	2026-04-22T00:50:10.3864196Z 
build-app	Configure and Build Robo 3T	2026-04-22T00:50:10.3864361Z * Context: Robomongo::ExplorerCollectionTreeItem
build-app	Configure and Build Robo 3T	2026-04-22T00:50:10.3864777Z * Source: Shard Version
build-app	Configure and Build Robo 3T	2026-04-22T00:50:10.3864957Z 
build-app	Configure and Build Robo 3T	2026-04-22T00:50:10.3865126Z * Context: Robomongo::ExplorerCollectionTreeItem
build-app	Configure and Build Robo 3T	2026-04-22T00:50:10.3865531Z * Source: Total Size
build-app	Configure and Build Robo 3T	2026-04-22T00:50:10.3865704Z 
build-app	Configure and Build Robo 3T	2026-04-22T00:50:10.3865864Z * Context: Robomongo::ExplorerCollectionTreeItem
build-app	Configure and Build Robo 3T	2026-04-22T00:50:10.3866298Z * Source: Drop Collection...
build-app	Configure and Build Robo 3T	2026-04-22T00:50:10.3866514Z 
build-app	Configure and Build Robo 3T	2026-04-22T00:50:10.3866677Z * Context: Robomongo::ExplorerCollectionTreeItem
build-app	Configure and Build Robo 3T	2026-04-22T00:50:10.3867097Z * Source: Shard Distribution
build-app	Configure and Build Robo 3T	2026-04-22T00:50:10.3867311Z 
build-app	Configure and Build Robo 3T	2026-04-22T00:50:10.3867486Z * Context: Robomongo::ExplorerCollectionIndexItem
build-app	Configure and Build Robo 3T	2026-04-22T00:50:10.3867901Z * Source: Edit Index...
build-app	Configure and Build Robo 3T	2026-04-22T00:50:10.3868081Z 
build-app	Configure and Build Robo 3T	2026-04-22T00:50:10.3868249Z * Context: Robomongo::ExplorerCollectionIndexItem
build-app	Configure and Build Robo 3T	2026-04-22T00:50:10.3868677Z * Source: Drop Index...
build-app	Configure and Build Robo 3T	2026-04-22T00:50:10.3868858Z 
build-app	Configure and Build Robo 3T	2026-04-22T00:50:10.3869006Z * Context: Robomongo::ExplorerUserTreeItem
build-app	Configure and Build Robo 3T	2026-04-22T00:50:10.3869372Z * Source: Drop User
build-app	Configure and Build Robo 3T	2026-04-22T00:50:10.3869541Z 
build-app	Configure and Build Robo 3T	2026-04-22T00:50:10.3869707Z * Context: Robomongo::ExplorerCollectionIndexItem
build-app	Configure and Build Robo 3T	2026-04-22T00:50:10.3870112Z * Source: Index
build-app	Configure and Build Robo 3T	2026-04-22T00:50:10.3870273Z 
build-app	Configure and Build Robo 3T	2026-04-22T00:50:10.3870708Z * Context: Robomongo::ExplorerCollectionIndexesDir
build-app	Configure and Build Robo 3T	2026-04-22T00:50:10.3872334Z * Source: Rebuild Indexes...
build-app	Configure and Build Robo 3T	2026-04-22T00:50:10.3872559Z 
build-app	Configure and Build Robo 3T	2026-04-22T00:50:10.3872747Z * Context: Robomongo::ExplorerCollectionIndexesDir
build-app	Configure and Build Robo 3T	2026-04-22T00:50:10.3873169Z * Source: Add Index...
build-app	Configure and Build Robo 3T	2026-04-22T00:50:10.3873348Z 
build-app	Configure and Build Robo 3T	2026-04-22T00:50:10.3873528Z * Context: Robomongo::ExplorerCollectionIndexesDir
build-app	Configure and Build Robo 3T	2026-04-22T00:50:10.3873940Z * Source: Refresh
build-app	Configure and Build Robo 3T	2026-04-22T00:50:10.3874100Z 
build-app	Configure and Build Robo 3T	2026-04-22T00:50:10.3874279Z * Context: Robomongo::ExplorerCollectionIndexesDir
build-app	Configure and Build Robo 3T	2026-04-22T00:50:10.3874697Z * Source: View Indexes
build-app	Configure and Build Robo 3T	2026-04-22T00:50:10.3874878Z 
build-app	Configure and Build Robo 3T	2026-04-22T00:50:10.3875081Z * Context: Robomongo::ExplorerDatabaseCategoryTreeItem
build-app	Configure and Build Robo 3T	2026-04-22T00:50:10.3875530Z * Source: View Functions
build-app	Configure and Build Robo 3T	2026-04-22T00:50:10.3875722Z 
build-app	Configure and Build Robo 3T	2026-04-22T00:50:10.3875921Z * Context: Robomongo::ExplorerDatabaseCategoryTreeItem
build-app	Configure and Build Robo 3T	2026-04-22T00:50:10.3876352Z * Source: Add User...
build-app	Configure and Build Robo 3T	2026-04-22T00:50:10.3876531Z 
build-app	Configure and Build Robo 3T	2026-04-22T00:50:10.3876722Z * Context: Robomongo::ExplorerDatabaseCategoryTreeItem
build-app	Configure and Build Robo 3T	2026-04-22T00:50:10.3877178Z * Source: Create Function
build-app	Configure and Build Robo 3T	2026-04-22T00:50:10.3877385Z 
build-app	Configure and Build Robo 3T	2026-04-22T00:50:10.3877587Z * Context: Robomongo::ExplorerDatabaseCategoryTreeItem
build-app	Configure and Build Robo 3T	2026-04-22T00:50:10.3878015Z * Source: Add Function...
build-app	Configure and Build Robo 3T	2026-04-22T00:50:10.3878209Z 
build-app	Configure and Build Robo 3T	2026-04-22T00:50:10.3878412Z * Context: Robomongo::ExplorerDatabaseCategoryTreeItem
build-app	Configure and Build Robo 3T	2026-04-22T00:50:10.3878869Z * Source: Collections Statistics
build-app	Configure and Build Robo 3T	2026-04-22T00:50:10.3879104Z 
build-app	Configure and Build Robo 3T	2026-04-22T00:50:10.3879299Z * Context: Robomongo::ExplorerDatabaseCategoryTreeItem
build-app	Configure and Build Robo 3T	2026-04-22T00:50:10.3879923Z * Source: Create Collection...
build-app	Configure and Build Robo 3T	2026-04-22T00:50:10.3880153Z 
build-app	Configure and Build Robo 3T	2026-04-22T00:50:10.3880360Z * Context: Robomongo::ExplorerDatabaseCategoryTreeItem
build-app	Configure and Build Robo 3T	2026-04-22T00:50:10.3880801Z * Source: View Users
build-app	Configure and Build Robo 3T	2026-04-22T00:50:10.3880968Z 
build-app	Configure and Build Robo 3T	2026-04-22T00:50:10.3881169Z * Context: Robomongo::ExplorerDatabaseCategoryTreeItem
build-app	Configure and Build Robo 3T	2026-04-22T00:50:10.3881597Z * Source: Refresh
build-app	Configure and Build Robo 3T	2026-04-22T00:50:10.3881759Z 
build-app	Configure and Build Robo 3T	2026-04-22T00:50:10.3881920Z * Context: Robomongo::ExplorerDatabaseTreeItem
build-app	Configure and Build Robo 3T	2026-04-22T00:50:10.3882333Z * Source: Kill Operation...
build-app	Configure and Build Robo 3T	2026-04-22T00:50:10.3882551Z 
build-app	Configure and Build Robo 3T	2026-04-22T00:50:10.3882710Z * Context: Robomongo::ExplorerDatabaseTreeItem
build-app	Configure and Build Robo 3T	2026-04-22T00:50:10.3883129Z * Source: Current Operations
build-app	Configure and Build Robo 3T	2026-04-22T00:50:10.3883342Z 
build-app	Configure and Build Robo 3T	2026-04-22T00:50:10.3883510Z * Context: Robomongo::ExplorerDatabaseTreeItem
build-app	Configure and Build Robo 3T	2026-04-22T00:50:10.3883912Z * Source: Repair Database...
build-app	Configure and Build Robo 3T	2026-04-22T00:50:10.3884129Z 
build-app	Configure and Build Robo 3T	2026-04-22T00:50:10.3884284Z * Context: Robomongo::ExplorerDatabaseTreeItem
build-app	Configure and Build Robo 3T	2026-04-22T00:50:10.3884689Z * Source: Drop Database...
build-app	Configure and Build Robo 3T	2026-04-22T00:50:10.3884899Z 
build-app	Configure and Build Robo 3T	2026-04-22T00:50:10.3885055Z * Context: Robomongo::ExplorerServerTreeItem
build-app	Configure and Build Robo 3T	2026-04-22T00:50:10.3885427Z * Source:  [Offline]
build-app	Configure and Build Robo 3T	2026-04-22T00:50:10.3885601Z 
build-app	Configure and Build Robo 3T	2026-04-22T00:50:10.3885749Z * Context: Robomongo::ExplorerServerTreeItem
build-app	Configure and Build Robo 3T	2026-04-22T00:50:10.3886140Z * Source: System
build-app	Configure and Build Robo 3T	2026-04-22T00:50:10.3886292Z 
build-app	Configure and Build Robo 3T	2026-04-22T00:50:10.3886451Z * Context: Robomongo::ExplorerDatabaseTreeItem
build-app	Configure and Build Robo 3T	2026-04-22T00:50:10.3886873Z * Source: Database Statistics
build-app	Configure and Build Robo 3T	2026-04-22T00:50:10.3887094Z 
build-app	Configure and Build Robo 3T	2026-04-22T00:50:10.3887261Z * Context: Robomongo::ExplorerDatabaseTreeItem
build-app	Configure and Build Robo 3T	2026-04-22T00:50:10.3887656Z * Source: Open Shell
build-app	Configure and Build Robo 3T	2026-04-22T00:50:10.3887827Z 
build-app	Configure and Build Robo 3T	2026-04-22T00:50:10.3887974Z * Context: Robomongo::ExplorerServerTreeItem
build-app	Configure and Build Robo 3T	2026-04-22T00:50:10.3888365Z * Source: Host Info
build-app	Configure and Build Robo 3T	2026-04-22T00:50:10.3888527Z 
build-app	Configure and Build Robo 3T	2026-04-22T00:50:10.3888680Z * Context: Robomongo::ExplorerServerTreeItem
build-app	Configure and Build Robo 3T	2026-04-22T00:50:10.3889069Z * Source: MongoDB Version
build-app	Configure and Build Robo 3T	2026-04-22T00:50:10.3889264Z 
build-app	Configure and Build Robo 3T	2026-04-22T00:50:10.3889412Z * Context: Robomongo::ExplorerServerTreeItem
build-app	Configure and Build Robo 3T	2026-04-22T00:50:10.3889801Z * Source: Disconnect
build-app	Configure and Build Robo 3T	2026-04-22T00:50:10.3889965Z 
build-app	Configure and Build Robo 3T	2026-04-22T00:50:10.3890118Z * Context: Robomongo::ExplorerServerTreeItem
build-app	Configure and Build Robo 3T	2026-04-22T00:50:10.3890494Z * Source: Show Log
build-app	Configure and Build Robo 3T	2026-04-22T00:50:10.3890982Z 
build-app	Configure and Build Robo 3T	2026-04-22T00:50:10.3891135Z * Context: Robomongo::ExplorerServerTreeItem
build-app	Configure and Build Robo 3T	2026-04-22T00:50:10.3891511Z * Source: Refresh
build-app	Configure and Build Robo 3T	2026-04-22T00:50:10.3891663Z 
build-app	Configure and Build Robo 3T	2026-04-22T00:50:10.3891806Z * Context: Robomongo::ExplorerServerTreeItem
build-app	Configure and Build Robo 3T	2026-04-22T00:50:10.3892349Z * Source: Open Shell
build-app	Configure and Build Robo 3T	2026-04-22T00:50:10.3892518Z 
build-app	Configure and Build Robo 3T	2026-04-22T00:50:10.3892670Z * Context: Robomongo::ExplorerServerTreeItem
build-app	Configure and Build Robo 3T	2026-04-22T00:50:10.3893046Z * Source: Server Status
build-app	Configure and Build Robo 3T	2026-04-22T00:50:10.3893240Z 
build-app	Configure and Build Robo 3T	2026-04-22T00:50:10.3893388Z * Context: Robomongo::ExplorerServerTreeItem
build-app	Configure and Build Robo 3T	2026-04-22T00:50:10.3893779Z * Source: Create Database
build-app	Configure and Build Robo 3T	2026-04-22T00:50:10.3893978Z 
build-app	Configure and Build Robo 3T	2026-04-22T00:50:10.3894154Z * Context: Robomongo::ExplorerCollectionTreeItem
build-app	Configure and Build Robo 3T	2026-04-22T00:50:10.3894566Z * Source: Statistics
build-app	Configure and Build Robo 3T	2026-04-22T00:50:10.3894738Z 
build-app	Configure and Build Robo 3T	2026-04-22T00:50:10.3894904Z * Context: Robomongo::ExplorerCollectionTreeItem
build-app	Configure and Build Robo 3T	2026-04-22T00:50:10.3895324Z * Source: Remove All Documents...
build-app	Configure and Build Robo 3T	2026-04-22T00:50:10.3895561Z 
build-app	Configure and Build Robo 3T	2026-04-22T00:50:10.3895731Z * Context: Robomongo::ExplorerCollectionTreeItem
build-app	Configure and Build Robo 3T	2026-04-22T00:50:10.3896133Z * Source: Total Index Size
build-app	Configure and Build Robo 3T	2026-04-22T00:50:10.3896347Z 
build-app	Configure and Build Robo 3T	2026-04-22T00:50:10.3896511Z * Context: Robomongo::ExplorerCollectionTreeItem
build-app	Configure and Build Robo 3T	2026-04-22T00:50:10.3896923Z * Source: Storage Size
build-app	Configure and Build Robo 3T	2026-04-22T00:50:10.3897108Z 
build-app	Configure and Build Robo 3T	2026-04-22T00:50:10.3897275Z * Context: Robomongo::ExplorerCollectionTreeItem
build-app	Configure and Build Robo 3T	2026-04-22T00:50:10.3897691Z * Source: Insert Document...
build-app	Configure and Build Robo 3T	2026-04-22T00:50:10.3897896Z 
build-app	Configure and Build Robo 3T	2026-04-22T00:50:10.3898059Z * Context: Robomongo::ExplorerDatabaseTreeItem
build-app	Configure and Build Robo 3T	2026-04-22T00:50:10.3898449Z * Source: Repair Database
build-app	Configure and Build Robo 3T	2026-04-22T00:50:10.3898637Z 
build-app	Configure and Build Robo 3T	2026-04-22T00:50:10.3898805Z * Context: Robomongo::ExplorerCollectionTreeItem
build-app	Configure and Build Robo 3T	2026-04-22T00:50:10.3899215Z * Source: Remove Documents...
build-app	Configure and Build Robo 3T	2026-04-22T00:50:10.3900285Z 
build-app	Configure and Build Robo 3T	2026-04-22T00:50:10.3900472Z * Context: Robomongo::ExplorerCollectionTreeItem
build-app	Configure and Build Robo 3T	2026-04-22T00:50:10.3900897Z * Source: Update Documents...
build-app	Configure and Build Robo 3T	2026-04-22T00:50:10.3901138Z 
build-app	Configure and Build Robo 3T	2026-04-22T00:50:10.3901308Z * Context: Robomongo::ExplorerDatabaseTreeItem
build-app	Configure and Build Robo 3T	2026-04-22T00:50:10.3901760Z * Source: Drop <b>%1</b> database?
build-app	Configure and Build Robo 3T	2026-04-22T00:50:10.3902000Z 
build-app	Configure and Build Robo 3T	2026-04-22T00:50:10.3902168Z * Context: Robomongo::ExplorerDatabaseTreeItem
build-app	Configure and Build Robo 3T	2026-04-22T00:50:10.3902558Z * Source: System
build-app	Configure and Build Robo 3T	2026-04-22T00:50:10.3902725Z 
build-app	Configure and Build Robo 3T	2026-04-22T00:50:10.3902884Z * Context: Robomongo::ExplorerDatabaseTreeItem
build-app	Configure and Build Robo 3T	2026-04-22T00:50:10.3903293Z * Source: Repair <b>%1</b> database?
build-app	Configure and Build Robo 3T	2026-04-22T00:50:10.3903535Z 
build-app	Configure and Build Robo 3T	2026-04-22T00:50:10.3903696Z * Context: Robomongo::ExplorerDatabaseTreeItem
build-app	Configure and Build Robo 3T	2026-04-22T00:50:10.3904088Z * Source: Drop Database
build-app	Configure and Build Robo 3T	2026-04-22T00:50:10.3904273Z 
build-app	Configure and Build Robo 3T	2026-04-22T00:50:10.3904440Z * Context: Robomongo::ExplorerDatabaseTreeItem
build-app	Configure and Build Robo 3T	2026-04-22T00:50:10.3904842Z * Source: Collections
build-app	Configure and Build Robo 3T	2026-04-22T00:50:10.3905024Z 
build-app	Configure and Build Robo 3T	2026-04-22T00:50:10.3905190Z * Context: Robomongo::ExplorerDatabaseTreeItem
build-app	Configure and Build Robo 3T	2026-04-22T00:50:10.3905621Z * Source: Refresh
build-app	Configure and Build Robo 3T	2026-04-22T00:50:10.3905784Z 
build-app	Configure and Build Robo 3T	2026-04-22T00:50:10.3905952Z * Context: Robomongo::ExplorerDatabaseTreeItem
build-app	Configure and Build Robo 3T	2026-04-22T00:50:10.3906340Z * Source: Users
build-app	Configure and Build Robo 3T	2026-04-22T00:50:10.3906504Z 
build-app	Configure and Build Robo 3T	2026-04-22T00:50:10.3906665Z * Context: Robomongo::ExplorerDatabaseTreeItem
build-app	Configure and Build Robo 3T	2026-04-22T00:50:10.3907057Z * Source: Functions
build-app	Configure and Build Robo 3T	2026-04-22T00:50:10.3907219Z 
build-app	Configure and Build Robo 3T	2026-04-22T00:50:10.3907408Z * Context: Robomongo::ExplorerCollectionIndexesDir
build-app	Configure and Build Robo 3T	2026-04-22T00:50:10.3907819Z * Source: Indexes
build-app	Configure and Build Robo 3T	2026-04-22T00:50:10.3907979Z 
build-app	Configure and Build Robo 3T	2026-04-22T00:50:10.3908143Z * Context: Robomongo::ExplorerServerTreeItem
build-app	Configure and Build Robo 3T	2026-04-22T00:50:10.3908589Z * Source: Replica set's primary is unreachable.
build-app	Configure and Build Robo 3T	2026-04-22T00:50:10.3908888Z 
build-app	Configure and Build Robo 3T	2026-04-22T00:50:10.3908978Z Reason:
build-app	Configure and Build Robo 3T	2026-04-22T00:50:10.3909212Z Connection failure. 
build-app	Configure and Build Robo 3T	2026-04-22T00:50:10.3909392Z 
build-app	Configure and Build Robo 3T	2026-04-22T00:50:10.3909542Z * Context: Robomongo::ExplorerServerTreeItem
build-app	Configure and Build Robo 3T	2026-04-22T00:50:10.3909944Z * Source: Error
build-app	Configure and Build Robo 3T	2026-04-22T00:50:10.3910094Z 
build-app	Configure and Build Robo 3T	2026-04-22T00:50:10.3910243Z * Context: Robomongo::ExplorerServerTreeItem
build-app	Configure and Build Robo 3T	2026-04-22T00:50:10.3910631Z * Source: Database Name:
build-app	Configure and Build Robo 3T	2026-04-22T00:50:10.3911138Z 
build-app	Configure and Build Robo 3T	2026-04-22T00:50:10.3911300Z * Context: Robomongo::ExplorerServerTreeItem
build-app	Configure and Build Robo 3T	2026-04-22T00:50:10.3911667Z * Source: &Create
build-app	Configure and Build Robo 3T	2026-04-22T00:50:10.3911824Z 
build-app	Configure and Build Robo 3T	2026-04-22T00:50:10.3911997Z * Context: Robomongo::ExplorerReplicaSetTreeItem
build-app	Configure and Build Robo 3T	2026-04-22T00:50:10.3912422Z * Source: [Not Reachable]
build-app	Configure and Build Robo 3T	2026-04-22T00:50:10.3912801Z 
build-app	Configure and Build Robo 3T	2026-04-22T00:50:10.3912985Z * Context: Robomongo::ExplorerReplicaSetTreeItem
build-app	Configure and Build Robo 3T	2026-04-22T00:50:10.3913395Z * Source: [Secondary]
build-app	Configure and Build Robo 3T	2026-04-22T00:50:10.3913577Z 
build-app	Configure and Build Robo 3T	2026-04-22T00:50:10.3913755Z * Context: Robomongo::ExplorerReplicaSetFolderItem
build-app	Configure and Build Robo 3T	2026-04-22T00:50:10.3914194Z * Source: Replica Set (%1 nodes)
build-app	Configure and Build Robo 3T	2026-04-22T00:50:10.3914415Z 
build-app	Configure and Build Robo 3T	2026-04-22T00:50:10.3914579Z * Context: Robomongo::ExplorerReplicaSetTreeItem
build-app	Configure and Build Robo 3T	2026-04-22T00:50:10.3914986Z * Source: [Unknown]
build-app	Configure and Build Robo 3T	2026-04-22T00:50:10.3915154Z 
build-app	Configure and Build Robo 3T	2026-04-22T00:50:10.3915317Z * Context: Robomongo::ExplorerReplicaSetTreeItem
build-app	Configure and Build Robo 3T	2026-04-22T00:50:10.3915721Z * Source: Host Info
build-app	Configure and Build Robo 3T	2026-04-22T00:50:10.3915879Z 
build-app	Configure and Build Robo 3T	2026-04-22T00:50:10.3916046Z * Context: Robomongo::ExplorerReplicaSetTreeItem
build-app	Configure and Build Robo 3T	2026-04-22T00:50:10.3916466Z * Source: MongoDB Version
build-app	Configure and Build Robo 3T	2026-04-22T00:50:10.3916660Z 
build-app	Configure and Build Robo 3T	2026-04-22T00:50:10.3916837Z * Context: Robomongo::ExplorerReplicaSetTreeItem
build-app	Configure and Build Robo 3T	2026-04-22T00:50:10.3917231Z * Source: [Primary]
build-app	Configure and Build Robo 3T	2026-04-22T00:50:10.3917394Z 
build-app	Configure and Build Robo 3T	2026-04-22T00:50:10.3917569Z * Context: Robomongo::ExplorerReplicaSetTreeItem
build-app	Configure and Build Robo 3T	2026-04-22T00:50:10.3917982Z * Source: Show Log
build-app	Configure and Build Robo 3T	2026-04-22T00:50:10.3918135Z 
build-app	Configure and Build Robo 3T	2026-04-22T00:50:10.3918303Z * Context: Robomongo::ExplorerReplicaSetTreeItem
build-app	Configure and Build Robo 3T	2026-04-22T00:50:10.3918706Z * Source: Open Shell
build-app	Configure and Build Robo 3T	2026-04-22T00:50:10.3918882Z 
build-app	Configure and Build Robo 3T	2026-04-22T00:50:10.3919040Z * Context: Robomongo::ExplorerFunctionTreeItem
build-app	Configure and Build Robo 3T	2026-04-22T00:50:10.3919436Z * Source: Function
build-app	Configure and Build Robo 3T	2026-04-22T00:50:10.3919594Z 
build-app	Configure and Build Robo 3T	2026-04-22T00:50:10.3919915Z * Context: Robomongo::ExplorerReplicaSetTreeItem
build-app	Configure and Build Robo 3T	2026-04-22T00:50:10.3920343Z * Source: Server Status
build-app	Configure and Build Robo 3T	2026-04-22T00:50:10.3920540Z 
build-app	Configure and Build Robo 3T	2026-04-22T00:50:10.3920709Z * Context: Robomongo::ExplorerReplicaSetTreeItem
build-app	Configure and Build Robo 3T	2026-04-22T00:50:10.3921132Z * Source: Open Direct Connection
build-app	Configure and Build Robo 3T	2026-04-22T00:50:10.3921360Z 
build-app	Configure and Build Robo 3T	2026-04-22T00:50:10.3921496Z * Context: Robomongo::ExplorerUserTreeItem
build-app	Configure and Build Robo 3T	2026-04-22T00:50:10.3921862Z * Source: User
build-app	Configure and Build Robo 3T	2026-04-22T00:50:10.3922015Z 
build-app	Configure and Build Robo 3T	2026-04-22T00:50:10.3922167Z * Context: Robomongo::ExplorerUserTreeItem
build-app	Configure and Build Robo 3T	2026-04-22T00:50:10.3922545Z * Source: View User
build-app	Configure and Build Robo 3T	2026-04-22T00:50:10.3922715Z 
build-app	Configure and Build Robo 3T	2026-04-22T00:50:10.3922869Z * Context: Robomongo::ExplorerFunctionTreeItem
build-app	Configure and Build Robo 3T	2026-04-22T00:50:10.3923270Z * Source: Edit Function
build-app	Configure and Build Robo 3T	2026-04-22T00:50:10.3923446Z 
build-app	Configure and Build Robo 3T	2026-04-22T00:50:10.3923607Z * Context: Robomongo::ExplorerFunctionTreeItem
build-app	Configure and Build Robo 3T	2026-04-22T00:50:10.3924000Z * Source: Remove Function
build-app	Configure and Build Robo 3T	2026-04-22T00:50:10.3924208Z 
build-app	Configure and Build Robo 3T	2026-04-22T00:50:10.3924372Z * Context: Robomongo::ExplorerCollectionTreeItem
build-app	Configure and Build Robo 3T	2026-04-22T00:50:10.3924788Z * Source: collection
build-app	Configure and Build Robo 3T	2026-04-22T00:50:10.3924958Z 
build-app	Configure and Build Robo 3T	2026-04-22T00:50:10.3925124Z * Context: Robomongo::ExplorerCollectionTreeItem
build-app	Configure and Build Robo 3T	2026-04-22T00:50:10.3925517Z * Source: Drop
build-app	Configure and Build Robo 3T	2026-04-22T00:50:10.3925665Z 
build-app	Configure and Build Robo 3T	2026-04-22T00:50:10.3925811Z * Context: Robomongo::ExplorerServerTreeItem
build-app	Configure and Build Robo 3T	2026-04-22T00:50:10.3926222Z * Source: Cannot load list of databases.
build-app	Configure and Build Robo 3T	2026-04-22T00:50:10.3926504Z 
build-app	Configure and Build Robo 3T	2026-04-22T00:50:10.3926589Z Error:
build-app	Configure and Build Robo 3T	2026-04-22T00:50:10.3926721Z 
build-app	Configure and Build Robo 3T	2026-04-22T00:50:10.3926727Z 
build-app	Configure and Build Robo 3T	2026-04-22T00:50:10.3926895Z * Context: Robomongo::ExplorerReplicaSetTreeItem
build-app	Configure and Build Robo 3T	2026-04-22T00:50:10.3927296Z * Source:  [member of 
build-app	Configure and Build Robo 3T	2026-04-22T00:50:10.3927471Z 
build-app	Configure and Build Robo 3T	2026-04-22T00:50:10.3927639Z * Context: Robomongo::ExplorerCollectionTreeItem
build-app	Configure and Build Robo 3T	2026-04-22T00:50:10.3928041Z * Source: Error: %1
build-app	Configure and Build Robo 3T	2026-04-22T00:50:10.3928207Z 
build-app	Configure and Build Robo 3T	2026-04-22T00:50:10.3928376Z * Context: Robomongo::ExplorerCollectionTreeItem
build-app	Configure and Build Robo 3T	2026-04-22T00:50:10.3928794Z * Source: Failed to %1 index "%2"
build-app	Configure and Build Robo 3T	2026-04-22T00:50:10.3929022Z 
build-app	Configure and Build Robo 3T	2026-04-22T00:50:10.3929191Z * Context: Robomongo::ExplorerCollectionTreeItem
build-app	Configure and Build Robo 3T	2026-04-22T00:50:10.3929588Z * Source: Reason: 
build-app	Configure and Build Robo 3T	2026-04-22T00:50:10.3929745Z 
build-app	Configure and Build Robo 3T	2026-04-22T00:50:10.3929919Z * Context: Robomongo::ExplorerCollectionTreeItem
build-app	Configure and Build Robo 3T	2026-04-22T00:50:10.3930350Z * Source: Failed to drop index "%1"
build-app	Configure and Build Robo 3T	2026-04-22T00:50:10.3930601Z 
build-app	Configure and Build Robo 3T	2026-04-22T00:50:10.3930771Z * Context: Robomongo::ExplorerCollectionTreeItem
build-app	Configure and Build Robo 3T	2026-04-22T00:50:10.3931464Z * Source: add
build-app	Configure and Build Robo 3T	2026-04-22T00:50:10.3931612Z 
build-app	Configure and Build Robo 3T	2026-04-22T00:50:10.3931789Z * Context: Robomongo::ExplorerCollectionTreeItem
build-app	Configure and Build Robo 3T	2026-04-22T00:50:10.3932352Z * Source: Error
build-app	Configure and Build Robo 3T	2026-04-22T00:50:10.3932510Z 
build-app	Configure and Build Robo 3T	2026-04-22T00:50:10.3932673Z * Context: Robomongo::ExplorerCollectionTreeItem
build-app	Configure and Build Robo 3T	2026-04-22T00:50:10.3933084Z * Source: Operation failed
build-app	Configure and Build Robo 3T	2026-04-22T00:50:10.3933284Z 
build-app	Configure and Build Robo 3T	2026-04-22T00:50:10.3933457Z * Context: Robomongo::ExplorerCollectionTreeItem
build-app	Configure and Build Robo 3T	2026-04-22T00:50:10.3933848Z * Source: edit
build-app	Configure and Build Robo 3T	2026-04-22T00:50:10.3934000Z 
build-app	Configure and Build Robo 3T	2026-04-22T00:50:10.3934188Z * Context: Robomongo::ExplorerReplicaSetFolderItem
build-app	Configure and Build Robo 3T	2026-04-22T00:50:10.3934689Z * Source: Status of Replica Set
build-app	Configure and Build Robo 3T	2026-04-22T00:50:10.3934912Z 
build-app	Configure and Build Robo 3T	2026-04-22T00:50:10.3935092Z * Context: Robomongo::ExplorerReplicaSetFolderItem
build-app	Configure and Build Robo 3T	2026-04-22T00:50:10.3935523Z * Source: Replica Set ...
build-app	Configure and Build Robo 3T	2026-04-22T00:50:10.3935720Z 
build-app	Configure and Build Robo 3T	2026-04-22T00:50:10.3935883Z * Context: Robomongo::ExplorerCollectionTreeItem
build-app	Configure and Build Robo 3T	2026-04-22T00:50:10.3936316Z * Source: Cannot load list of indexes.
build-app	Configure and Build Robo 3T	2026-04-22T00:50:10.3936574Z 
build-app	Configure and Build Robo 3T	2026-04-22T00:50:10.3936657Z Error:
build-app	Configure and Build Robo 3T	2026-04-22T00:50:10.3936785Z 
build-app	Configure and Build Robo 3T	2026-04-22T00:50:10.3936798Z 
build-app	Configure and Build Robo 3T	2026-04-22T00:50:10.3936976Z * Context: Robomongo::ExplorerReplicaSetFolderItem
build-app	Configure and Build Robo 3T	2026-04-22T00:50:10.3937389Z * Source: Refresh
build-app	Configure and Build Robo 3T	2026-04-22T00:50:10.3937548Z 
build-app	Configure and Build Robo 3T	2026-04-22T00:50:10.3937725Z * Context: Robomongo::ExplorerCollectionTreeItem
build-app	Configure and Build Robo 3T	2026-04-22T00:50:10.3938134Z * Source: New Collection Name:
build-app	Configure and Build Robo 3T	2026-04-22T00:50:10.3938366Z 
build-app	Configure and Build Robo 3T	2026-04-22T00:50:10.3938533Z * Context: Robomongo::ExplorerCollectionTreeItem
build-app	Configure and Build Robo 3T	2026-04-22T00:50:10.3938927Z * Source: &Duplicate
build-app	Configure and Build Robo 3T	2026-04-22T00:50:10.3939239Z 
build-app	Configure and Build Robo 3T	2026-04-22T00:50:10.3939411Z * Context: Robomongo::ExplorerCollectionTreeItem
build-app	Configure and Build Robo 3T	2026-04-22T00:50:10.3939812Z * Source: &Rename
build-app	Configure and Build Robo 3T	2026-04-22T00:50:10.3939965Z 
build-app	Configure and Build Robo 3T	2026-04-22T00:50:10.3940136Z * Context: Robomongo::ExplorerCollectionTreeItem
build-app	Configure and Build Robo 3T	2026-04-22T00:50:10.3940548Z * Source: Rename Collection
build-app	Configure and Build Robo 3T	2026-04-22T00:50:10.3940751Z 
build-app	Configure and Build Robo 3T	2026-04-22T00:50:10.3940912Z * Context: Robomongo::ExplorerCollectionTreeItem
build-app	Configure and Build Robo 3T	2026-04-22T00:50:10.3941330Z * Source: Remove All Documents
build-app	Configure and Build Robo 3T	2026-04-22T00:50:10.3941541Z 
build-app	Configure and Build Robo 3T	2026-04-22T00:50:10.3941713Z * Context: Robomongo::ExplorerCollectionTreeItem
build-app	Configure and Build Robo 3T	2026-04-22T00:50:10.3942121Z * Source: Insert Document
build-app	Configure and Build Robo 3T	2026-04-22T00:50:10.3942326Z 
build-app	Configure and Build Robo 3T	2026-04-22T00:50:10.3942488Z * Context: Robomongo::ExplorerCollectionTreeItem
build-app	Configure and Build Robo 3T	2026-04-22T00:50:10.3942921Z * Source: Duplicate Collection
build-app	Configure and Build Robo 3T	2026-04-22T00:50:10.3943146Z 
build-app	Configure and Build Robo 3T	2026-04-22T00:50:10.3943316Z * Context: Robomongo::ExplorerCollectionTreeItem
build-app	Configure and Build Robo 3T	2026-04-22T00:50:10.3943802Z * Source: Remove all documents from <b>%1</b> collection?
build-app	Configure and Build Robo 3T	2026-04-22T00:50:10.3944163Z 
build-app	Configure and Build Robo 3T	2026-04-22T00:50:10.3944326Z * Context: Robomongo::ExplorerCollectionTreeItem
build-app	Configure and Build Robo 3T	2026-04-22T00:50:10.3944756Z * Source: Duplicate Collection...
build-app	Configure and Build Robo 3T	2026-04-22T00:50:10.3944992Z 
build-app	Configure and Build Robo 3T	2026-04-22T00:50:10.3945215Z Updating 'D:/b/src/robomongo/robomongo_zh_CN_explorer.qm'...
build-app	Configure and Build Robo 3T	2026-04-22T00:50:10.3945811Z     Generated 119 translation(s) (119 finished and 0 unfinished)
build-app	Configure and Build Robo 3T	2026-04-22T00:50:10.3947243Z [134/253] C:\Windows\system32\cmd.exe /C "cd /D D:\b\src\robomongo && "C:\Program Files\CMake\bin\cmake.exe" -E cmake_autorcc D:/b/src/robomongo/CMakeFiles/robomongo_autogen.dir/AutoRcc_robo_3YJK5W5UP7_Info.json Release"
build-app	Configure and Build Robo 3T	2026-04-22T00:50:10.3955672Z [135/253] C:\Windows\system32\cmd.exe /C "cd /D D:\b\src\robomongo && D:\a\robomongo\Qt\5.15.2\msvc2019_64\bin\lrelease.exe R:/src/robomongo/resources/translations/robomongo_zh_CN_gui.ts -qm D:/b/src/robomongo/robomongo_zh_CN_gui.qm"
build-app	Configure and Build Robo 3T	2026-04-22T00:50:10.3958140Z Warning: dropping duplicate messages in 'D:/b/src/robomongo/robomongo_zh_CN_gui.qm':
build-app	Configure and Build Robo 3T	2026-04-22T00:50:10.3958735Z 
build-app	Configure and Build Robo 3T	2026-04-22T00:50:10.3958943Z * Context: Robomongo::CreateCollectionDialog
build-app	Configure and Build Robo 3T	2026-04-22T00:50:10.3959369Z * Source: Error
build-app	Configure and Build Robo 3T	2026-04-22T00:50:10.3959535Z 
build-app	Configure and Build Robo 3T	2026-04-22T00:50:10.3959679Z * Context: Robomongo::PreferencesDialog
build-app	Configure and Build Robo 3T	2026-04-22T00:50:10.3960059Z * Source: Custom
build-app	Configure and Build Robo 3T	2026-04-22T00:50:10.3960224Z 
build-app	Configure and Build Robo 3T	2026-04-22T00:50:10.3960369Z * Context: Robomongo::PreferencesDialog
build-app	Configure and Build Robo 3T	2026-04-22T00:50:10.3960777Z * Source: Local Time
build-app	Configure and Build Robo 3T	2026-04-22T00:50:10.3960964Z 
build-app	Configure and Build Robo 3T	2026-04-22T00:50:10.3961111Z * Context: Robomongo::PreferencesDialog
build-app	Configure and Build Robo 3T	2026-04-22T00:50:10.3961698Z * Source: Tree
build-app	Configure and Build Robo 3T	2026-04-22T00:50:10.3961874Z 
build-app	Configure and Build Robo 3T	2026-04-22T00:50:10.3962023Z * Context: Robomongo::PreferencesDialog
build-app	Configure and Build Robo 3T	2026-04-22T00:50:10.3962403Z * Source: Table
build-app	Configure and Build Robo 3T	2026-04-22T00:50:10.3962548Z 
build-app	Configure and Build Robo 3T	2026-04-22T00:50:10.3962692Z * Context: Robomongo::PreferencesDialog
build-app	Configure and Build Robo 3T	2026-04-22T00:50:10.3963042Z * Source: Text
build-app	Configure and Build Robo 3T	2026-04-22T00:50:10.3963204Z 
build-app	Configure and Build Robo 3T	2026-04-22T00:50:10.3963340Z * Context: Robomongo::CopyCollection
build-app	Configure and Build Robo 3T	2026-04-22T00:50:10.3963728Z * Source: Select database:
build-app	Configure and Build Robo 3T	2026-04-22T00:50:10.3963954Z 
build-app	Configure and Build Robo 3T	2026-04-22T00:50:10.3964088Z * Context: Robomongo::CopyCollection
build-app	Configure and Build Robo 3T	2026-04-22T00:50:10.3964468Z * Source: Select server:
build-app	Configure and Build Robo 3T	2026-04-22T00:50:10.3964659Z 
build-app	Configure and Build Robo 3T	2026-04-22T00:50:10.3964794Z * Context: Robomongo::CopyCollection
build-app	Configure and Build Robo 3T	2026-04-22T00:50:10.3966696Z * Source: Copy <b>%1</b> collection to database on this or another server. You need to be already connected to destination server, in order to see this server in the list below. This operation will <i>not</i> overwrite existing documents with the same _id.
build-app	Configure and Build Robo 3T	2026-04-22T00:50:10.3968381Z 
build-app	Configure and Build Robo 3T	2026-04-22T00:50:10.3968563Z * Context: Robomongo::CopyCollection
build-app	Configure and Build Robo 3T	2026-04-22T00:50:10.3968949Z * Source: Copy Collection
build-app	Configure and Build Robo 3T	2026-04-22T00:50:10.3969165Z 
build-app	Configure and Build Robo 3T	2026-04-22T00:50:10.3969313Z * Context: Robomongo::CopyCollection
build-app	Configure and Build Robo 3T	2026-04-22T00:50:10.3969700Z * Source: Copy
build-app	Configure and Build Robo 3T	2026-04-22T00:50:10.3969866Z 
build-app	Configure and Build Robo 3T	2026-04-22T00:50:10.3970028Z * Context: Robomongo::CreateCollectionDialog
build-app	Configure and Build Robo 3T	2026-04-22T00:50:10.3970452Z * Source: Validation Level: 
build-app	Configure and Build Robo 3T	2026-04-22T00:50:10.3971325Z 
build-app	Configure and Build Robo 3T	2026-04-22T00:50:10.3971526Z * Context: Robomongo::CreateCollectionDialog
build-app	Configure and Build Robo 3T	2026-04-22T00:50:10.3971952Z * Source: Validation Action: 
build-app	Configure and Build Robo 3T	2026-04-22T00:50:10.3972187Z 
build-app	Configure and Build Robo 3T	2026-04-22T00:50:10.3972328Z * Context: Robomongo::CreateCollectionDialog
build-app	Configure and Build Robo 3T	2026-04-22T00:50:10.3972767Z * Source: No Padding
build-app	Configure and Build Robo 3T	2026-04-22T00:50:10.3972961Z 
build-app	Configure and Build Robo 3T	2026-04-22T00:50:10.3973139Z * Context: Robomongo::CreateCollectionDialog
build-app	Configure and Build Robo 3T	2026-04-22T00:50:10.3973733Z * Source: Enter the configuration for the storage engine: 
build-app	Configure and Build Robo 3T	2026-04-22T00:50:10.3974120Z 
build-app	Configure and Build Robo 3T	2026-04-22T00:50:10.3974282Z * Context: Robomongo::CreateCollectionDialog
build-app	Configure and Build Robo 3T	2026-04-22T00:50:10.3974680Z * Source: Auto index _id
build-app	Configure and Build Robo 3T	2026-04-22T00:50:10.3974883Z 
build-app	Configure and Build Robo 3T	2026-04-22T00:50:10.3975041Z * Context: Robomongo::CreateCollectionDialog
build-app	Configure and Build Robo 3T	2026-04-22T00:50:10.3975454Z * Source: Use power-of-2 sizes
build-app	Configure and Build Robo 3T	2026-04-22T00:50:10.3975700Z 
build-app	Configure and Build Robo 3T	2026-04-22T00:50:10.3975870Z * Context: Robomongo::CreateCollectionDialog
build-app	Configure and Build Robo 3T	2026-04-22T00:50:10.3976322Z * Source: Maximum size in bytes: 
build-app	Configure and Build Robo 3T	2026-04-22T00:50:10.3976598Z 
build-app	Configure and Build Robo 3T	2026-04-22T00:50:10.3976765Z * Context: Robomongo::CreateCollectionDialog
build-app	Configure and Build Robo 3T	2026-04-22T00:50:10.3977220Z * Source: Maximum number of documents: 
build-app	Configure and Build Robo 3T	2026-04-22T00:50:10.3977501Z 
build-app	Configure and Build Robo 3T	2026-04-22T00:50:10.3977680Z * Context: Robomongo::CreateCollectionDialog
build-app	Configure and Build Robo 3T	2026-04-22T00:50:10.3978207Z * Source: Maximum size is required for capped collections
build-app	Configure and Build Robo 3T	2026-04-22T00:50:10.3978603Z 
build-app	Configure and Build Robo 3T	2026-04-22T00:50:10.3978764Z * Context: Robomongo::CreateCollectionDialog
build-app	Configure and Build Robo 3T	2026-04-22T00:50:10.3979239Z * Source: Validation
build-app	Configure and Build Robo 3T	2026-04-22T00:50:10.3979425Z 
build-app	Configure and Build Robo 3T	2026-04-22T00:50:10.3979563Z * Context: Robomongo::CreateCollectionDialog
build-app	Configure and Build Robo 3T	2026-04-22T00:50:10.3979913Z * Source: JSON is valid!
build-app	Configure and Build Robo 3T	2026-04-22T00:50:10.3980116Z 
build-app	Configure and Build Robo 3T	2026-04-22T00:50:10.3980274Z * Context: Robomongo::CreateCollectionDialog
build-app	Configure and Build Robo 3T	2026-04-22T00:50:10.3980795Z * Source: Unable to parse JSON:<br /> <b>%1</b>, at (%2, %3).
build-app	Configure and Build Robo 3T	2026-04-22T00:50:10.3981187Z 
build-app	Configure and Build Robo 3T	2026-04-22T00:50:10.3981352Z * Context: Robomongo::CreateCollectionDialog
build-app	Configure and Build Robo 3T	2026-04-22T00:50:10.3981769Z * Source: Parsing error
build-app	Configure and Build Robo 3T	2026-04-22T00:50:10.3981997Z 
build-app	Configure and Build Robo 3T	2026-04-22T00:50:10.3982160Z * Context: Robomongo::CreateCollectionDialog
build-app	Configure and Build Robo 3T	2026-04-22T00:50:10.3982678Z * Source: Enter the validator document for this collection: 
build-app	Configure and Build Robo 3T	2026-04-22T00:50:10.3983052Z 
build-app	Configure and Build Robo 3T	2026-04-22T00:50:10.3983212Z * Context: Robomongo::CreateCollectionDialog
build-app	Configure and Build Robo 3T	2026-04-22T00:50:10.3983841Z * Source: Enter a default configuration for indexes when creating a collection: 
build-app	Configure and Build Robo 3T	2026-04-22T00:50:10.3984343Z 
build-app	Configure and Build Robo 3T	2026-04-22T00:50:10.3984528Z * Context: Robomongo::CreateCollectionDialog
build-app	Configure and Build Robo 3T	2026-04-22T00:50:10.3985204Z * Source: Create Collection
build-app	Configure and Build Robo 3T	2026-04-22T00:50:10.3985435Z 
build-app	Configure and Build Robo 3T	2026-04-22T00:50:10.3985586Z * Context: Robomongo::CreateCollectionDialog
build-app	Configure and Build Robo 3T	2026-04-22T00:50:10.3985941Z * Source: Collection Name:
build-app	Configure and Build Robo 3T	2026-04-22T00:50:10.3986119Z 
build-app	Configure and Build Robo 3T	2026-04-22T00:50:10.3986239Z * Context: Robomongo::ExportDialog
build-app	Configure and Build Robo 3T	2026-04-22T00:50:10.3986568Z * Source: Export Failed.
build-app	Configure and Build Robo 3T	2026-04-22T00:50:10.3986744Z 
build-app	Configure and Build Robo 3T	2026-04-22T00:50:10.3986751Z 
build-app	Configure and Build Robo 3T	2026-04-22T00:50:10.3986874Z * Context: Robomongo::ExportDialog
build-app	Configure and Build Robo 3T	2026-04-22T00:50:10.3987214Z * Source: Output:
build-app	Configure and Build Robo 3T	2026-04-22T00:50:10.3987383Z 
build-app	Configure and Build Robo 3T	2026-04-22T00:50:10.3987391Z 
build-app	Configure and Build Robo 3T	2026-04-22T00:50:10.3987523Z * Context: Robomongo::ExportDialog
build-app	Configure and Build Robo 3T	2026-04-22T00:50:10.3987882Z * Source: Select Directory
build-app	Configure and Build Robo 3T	2026-04-22T00:50:10.3988091Z 
build-app	Configure and Build Robo 3T	2026-04-22T00:50:10.3988216Z * Context: Robomongo::ExportDialog
build-app	Configure and Build Robo 3T	2026-04-22T00:50:10.3988586Z * Source: Export Successful: 
build-app	Configure and Build Robo 3T	2026-04-22T00:50:10.3988816Z 
build-app	Configure and Build Robo 3T	2026-04-22T00:50:10.3988823Z 
build-app	Configure and Build Robo 3T	2026-04-22T00:50:10.3988954Z * Context: Robomongo::AboutDialog
build-app	Configure and Build Robo 3T	2026-04-22T00:50:10.3993096Z * Source: <h3>%1 %2 (Build %3 - %4/%5)</h3>Shell-centric MongoDB management tool.<br/><a href=\"https://%6\">Submit</a> issues/proposals on GitHub.<br/><br/><a href=\"https://%7\">%7</a> <br/>Copyright 2014-%5 <a href= %8 >%9</a>. All rights reserved.<br/><br/>The program is provided AS IS with NO WARRANTY OF ANY KIND, INCLUDING THE WARRANTY OF DESIGN, MERCHANTABILITY AND FITNESS FOR A PARTICULAR PURPOSE.<br/><br><b>Dependencies: <br></b>Mongo-Shell %10<br>Qt %11<br>OpenSSL %12<br>libssh2 %13<br>QJson %14<br>QScintilla %15<br>Google Test %16<br>ESPRIMA %17<br><br><b>Credits: <br/></b>Some icons are designed by Freepik <a href=https://www.flaticon.com>www.flaticon.com</a><br/>
build-app	Configure and Build Robo 3T	2026-04-22T00:50:10.3996803Z 
build-app	Configure and Build Robo 3T	2026-04-22T00:50:10.3997001Z * Context: Robomongo::CreateCollectionDialog
build-app	Configure and Build Robo 3T	2026-04-22T00:50:10.3997399Z * Source: Advanced
build-app	Configure and Build Robo 3T	2026-04-22T00:50:10.3997570Z 
build-app	Configure and Build Robo 3T	2026-04-22T00:50:10.3997722Z * Context: Robomongo::CreateCollectionDialog
build-app	Configure and Build Robo 3T	2026-04-22T00:50:10.3998168Z * Source: Create capped collection
build-app	Configure and Build Robo 3T	2026-04-22T00:50:10.3998428Z 
build-app	Configure and Build Robo 3T	2026-04-22T00:50:10.3998577Z * Context: Robomongo::CreateCollectionDialog
build-app	Configure and Build Robo 3T	2026-04-22T00:50:10.3998947Z * Source: Validator
build-app	Configure and Build Robo 3T	2026-04-22T00:50:10.3999118Z 
build-app	Configure and Build Robo 3T	2026-04-22T00:50:10.3999273Z * Context: Robomongo::CreateCollectionDialog
build-app	Configure and Build Robo 3T	2026-04-22T00:50:10.3999684Z * Source: Index Option Defaults
build-app	Configure and Build Robo 3T	2026-04-22T00:50:10.3999918Z 
build-app	Configure and Build Robo 3T	2026-04-22T00:50:10.4000080Z * Context: Robomongo::CreateCollectionDialog
build-app	Configure and Build Robo 3T	2026-04-22T00:50:10.4000811Z * Source: Options
build-app	Configure and Build Robo 3T	2026-04-22T00:50:10.4001024Z 
build-app	Configure and Build Robo 3T	2026-04-22T00:50:10.4001207Z * Context: Robomongo::CreateCollectionDialog
build-app	Configure and Build Robo 3T	2026-04-22T00:50:10.4001616Z * Source: Storage Engine
build-app	Configure and Build Robo 3T	2026-04-22T00:50:10.4001825Z 
build-app	Configure and Build Robo 3T	2026-04-22T00:50:10.4001976Z * Context: Robomongo::CreateCollectionDialog
build-app	Configure and Build Robo 3T	2026-04-22T00:50:10.4002380Z * Source: C&reate
build-app	Configure and Build Robo 3T	2026-04-22T00:50:10.4002554Z 
build-app	Configure and Build Robo 3T	2026-04-22T00:50:10.4002723Z * Context: Robomongo::CreateCollectionDialog
build-app	Configure and Build Robo 3T	2026-04-22T00:50:10.4003130Z * Source: Validate JSON
build-app	Configure and Build Robo 3T	2026-04-22T00:50:10.4003316Z 
build-app	Configure and Build Robo 3T	2026-04-22T00:50:10.4003452Z * Context: Robomongo::AddEditIndexDialog
build-app	Configure and Build Robo 3T	2026-04-22T00:50:10.4004116Z * Source: Unique
build-app	Configure and Build Robo 3T	2026-04-22T00:50:10.4004301Z 
build-app	Configure and Build Robo 3T	2026-04-22T00:50:10.4004443Z * Context: Robomongo::AddEditIndexDialog
build-app	Configure and Build Robo 3T	2026-04-22T00:50:10.4004770Z * Source: Sparse
build-app	Configure and Build Robo 3T	2026-04-22T00:50:10.4004927Z 
build-app	Configure and Build Robo 3T	2026-04-22T00:50:10.4005080Z * Context: Robomongo::AddEditIndexDialog
build-app	Configure and Build Robo 3T	2026-04-22T00:50:10.4005454Z * Source: Advanced
build-app	Configure and Build Robo 3T	2026-04-22T00:50:10.4005622Z 
build-app	Configure and Build Robo 3T	2026-04-22T00:50:10.4005759Z * Context: Robomongo::AddEditIndexDialog
build-app	Configure and Build Robo 3T	2026-04-22T00:50:10.4006146Z * Source: Text Search
build-app	Configure and Build Robo 3T	2026-04-22T00:50:10.4006334Z 
build-app	Configure and Build Robo 3T	2026-04-22T00:50:10.4006483Z * Context: Robomongo::AddEditIndexDialog
build-app	Configure and Build Robo 3T	2026-04-22T00:50:10.4006852Z * Source: Basic
build-app	Configure and Build Robo 3T	2026-04-22T00:50:10.4007024Z 
build-app	Configure and Build Robo 3T	2026-04-22T00:50:10.4007166Z * Context: Robomongo::AddEditIndexDialog
build-app	Configure and Build Robo 3T	2026-04-22T00:50:10.4007562Z * Source: Please check json text.
build-app	Configure and Build Robo 3T	2026-04-22T00:50:10.4007808Z 
build-app	Configure and Build Robo 3T	2026-04-22T00:50:10.4007815Z 
build-app	Configure and Build Robo 3T	2026-04-22T00:50:10.4007966Z * Context: Robomongo::AddEditIndexDialog
build-app	Configure and Build Robo 3T	2026-04-22T00:50:10.4008488Z * Source: MongoDB does not support direct (one step) edit index. 
build-app	Configure and Build Robo 3T	2026-04-22T00:50:10.4012085Z To edit an existing index, the index must be dropped and recreated. This means if the recreate step fails, the index being edited might have already been dropped. In this case, Robo 3T will try to recover (recreate) the index being edited. Please consider backing up your index first. 
build-app	Configure and Build Robo 3T	2026-04-22T00:50:10.4013707Z 
build-app	Configure and Build Robo 3T	2026-04-22T00:50:10.4013840Z Are you sure you want to proceed?
build-app	Configure and Build Robo 3T	2026-04-22T00:50:10.4014085Z 
build-app	Configure and Build Robo 3T	2026-04-22T00:50:10.4014257Z * Context: Robomongo::AddEditIndexDialog
build-app	Configure and Build Robo 3T	2026-04-22T00:50:10.4014644Z * Source: Language override:
build-app	Configure and Build Robo 3T	2026-04-22T00:50:10.4014866Z 
build-app	Configure and Build Robo 3T	2026-04-22T00:50:10.4015003Z * Context: Robomongo::AddEditIndexDialog
build-app	Configure and Build Robo 3T	2026-04-22T00:50:10.4015377Z * Source: Text weights
build-app	Configure and Build Robo 3T	2026-04-22T00:50:10.4015558Z 
build-app	Configure and Build Robo 3T	2026-04-22T00:50:10.4015700Z * Context: Robomongo::AddEditIndexDialog
build-app	Configure and Build Robo 3T	2026-04-22T00:50:10.4016071Z * Source: Expire after
build-app	Configure and Build Robo 3T	2026-04-22T00:50:10.4016253Z 
build-app	Configure and Build Robo 3T	2026-04-22T00:50:10.4016383Z * Context: Robomongo::AddEditIndexDialog
build-app	Configure and Build Robo 3T	2026-04-22T00:50:10.4016748Z * Source: Default language:
build-app	Configure and Build Robo 3T	2026-04-22T00:50:10.4016950Z 
build-app	Configure and Build Robo 3T	2026-04-22T00:50:10.4017084Z * Context: Robomongo::AddEditIndexDialog
build-app	Configure and Build Robo 3T	2026-04-22T00:50:10.4017468Z * Source: Create index in background
build-app	Configure and Build Robo 3T	2026-04-22T00:50:10.4017727Z 
build-app	Configure and Build Robo 3T	2026-04-22T00:50:10.4017860Z * Context: Robomongo::AddEditIndexDialog
build-app	Configure and Build Robo 3T	2026-04-22T00:50:10.4018215Z * Source: seconds
build-app	Configure and Build Robo 3T	2026-04-22T00:50:10.4018373Z 
build-app	Configure and Build Robo 3T	2026-04-22T00:50:10.4018492Z * Context: Robomongo::MainWindow
build-app	Configure and Build Robo 3T	2026-04-22T00:50:10.4019059Z * Source: Open/Save Toolbar
build-app	Configure and Build Robo 3T	2026-04-22T00:50:10.4019270Z 
build-app	Configure and Build Robo 3T	2026-04-22T00:50:10.4019397Z * Context: Robomongo::MainWindow
build-app	Configure and Build Robo 3T	2026-04-22T00:50:10.4019728Z * Source: Execution Toolbar
build-app	Configure and Build Robo 3T	2026-04-22T00:50:10.4019941Z 
build-app	Configure and Build Robo 3T	2026-04-22T00:50:10.4020062Z * Context: Robomongo::MainWindow
build-app	Configure and Build Robo 3T	2026-04-22T00:50:10.4020412Z * Source: Change Shell Timeout...
build-app	Configure and Build Robo 3T	2026-04-22T00:50:10.4020642Z 
build-app	Configure and Build Robo 3T	2026-04-22T00:50:10.4020765Z * Context: Robomongo::MainWindow
build-app	Configure and Build Robo 3T	2026-04-22T00:50:10.4021097Z * Source: Connections Toolbar
build-app	Configure and Build Robo 3T	2026-04-22T00:50:10.4021335Z 
build-app	Configure and Build Robo 3T	2026-04-22T00:50:10.4021452Z * Context: Robomongo::MainWindow
build-app	Configure and Build Robo 3T	2026-04-22T00:50:10.4021833Z * Source: Automatically execute code in new tab
build-app	Configure and Build Robo 3T	2026-04-22T00:50:10.4022147Z 
build-app	Configure and Build Robo 3T	2026-04-22T00:50:10.4022264Z * Context: Robomongo::MainWindow
build-app	Configure and Build Robo 3T	2026-04-22T00:50:10.4022602Z * Source: Check For Updates
build-app	Configure and Build Robo 3T	2026-04-22T00:50:10.4022812Z 
build-app	Configure and Build Robo 3T	2026-04-22T00:50:10.4022939Z * Context: Robomongo::MainWindow
build-app	Configure and Build Robo 3T	2026-04-22T00:50:10.4023276Z * Source: Display Dates In...
build-app	Configure and Build Robo 3T	2026-04-22T00:50:10.4023494Z 
build-app	Configure and Build Robo 3T	2026-04-22T00:50:10.4023632Z * Context: Robomongo::DocumentTextEditor
build-app	Configure and Build Robo 3T	2026-04-22T00:50:10.4024001Z * Source: Edit Document
build-app	Configure and Build Robo 3T	2026-04-22T00:50:10.4024185Z 
build-app	Configure and Build Robo 3T	2026-04-22T00:50:10.4024309Z * Context: Robomongo::EulaDialog
build-app	Configure and Build Robo 3T	2026-04-22T00:50:10.4024626Z * Source: I don't agree
build-app	Configure and Build Robo 3T	2026-04-22T00:50:10.4024801Z 
build-app	Configure and Build Robo 3T	2026-04-22T00:50:10.4024939Z * Context: Robomongo::DocumentTextEditor
build-app	Configure and Build Robo 3T	2026-04-22T00:50:10.4025292Z * Source: Robo 3T
build-app	Configure and Build Robo 3T	2026-04-22T00:50:10.4025447Z 
build-app	Configure and Build Robo 3T	2026-04-22T00:50:10.4025570Z * Context: Robomongo::MainWindow
build-app	Configure and Build Robo 3T	2026-04-22T00:50:10.4025897Z * Source: Robo 3T - 
build-app	Configure and Build Robo 3T	2026-04-22T00:50:10.4026079Z 
build-app	Configure and Build Robo 3T	2026-04-22T00:50:10.4026196Z * Context: Robomongo::EulaDialog
build-app	Configure and Build Robo 3T	2026-04-22T00:50:10.4026509Z * Source: I agree
build-app	Configure and Build Robo 3T	2026-04-22T00:50:10.4026663Z 
build-app	Configure and Build Robo 3T	2026-04-22T00:50:10.4026831Z * Context: Robomongo::CollectionStatsTreeWidget
build-app	Configure and Build Robo 3T	2026-04-22T00:50:10.4027230Z * Source: Storage
build-app	Configure and Build Robo 3T	2026-04-22T00:50:10.4027385Z 
build-app	Configure and Build Robo 3T	2026-04-22T00:50:10.4027549Z * Context: Robomongo::CollectionStatsTreeWidget
build-app	Configure and Build Robo 3T	2026-04-22T00:50:10.4027938Z * Source: Index
build-app	Configure and Build Robo 3T	2026-04-22T00:50:10.4028099Z 
build-app	Configure and Build Robo 3T	2026-04-22T00:50:10.4028258Z * Context: Robomongo::CollectionStatsTreeWidget
build-app	Configure and Build Robo 3T	2026-04-22T00:50:10.4028646Z * Source: Count
build-app	Configure and Build Robo 3T	2026-04-22T00:50:10.4028794Z 
build-app	Configure and Build Robo 3T	2026-04-22T00:50:10.4028955Z * Context: Robomongo::CollectionStatsTreeWidget
build-app	Configure and Build Robo 3T	2026-04-22T00:50:10.4029344Z * Source: Size
build-app	Configure and Build Robo 3T	2026-04-22T00:50:10.4029743Z 
build-app	Configure and Build Robo 3T	2026-04-22T00:50:10.4029872Z * Context: Robomongo::LogWidget
build-app	Configure and Build Robo 3T	2026-04-22T00:50:10.4030197Z * Source: Clear All
build-app	Configure and Build Robo 3T	2026-04-22T00:50:10.4030363Z 
build-app	Configure and Build Robo 3T	2026-04-22T00:50:10.4030526Z * Context: Robomongo::CollectionStatsTreeWidget
build-app	Configure and Build Robo 3T	2026-04-22T00:50:10.4031104Z * Source: Name
build-app	Configure and Build Robo 3T	2026-04-22T00:50:10.4031258Z 
build-app	Configure and Build Robo 3T	2026-04-22T00:50:10.4031381Z * Context: Robomongo::MainWindow
build-app	Configure and Build Robo 3T	2026-04-22T00:50:10.4031714Z * Source: Toolbars
build-app	Configure and Build Robo 3T	2026-04-22T00:50:10.4031876Z 
build-app	Configure and Build Robo 3T	2026-04-22T00:50:10.4032007Z * Context: Robomongo::ConnectionsDialog
build-app	Configure and Build Robo 3T	2026-04-22T00:50:10.4033249Z * Source: <a style='color: %1' href='create'>Create</a>, <a style='color: %1' href='edit'>edit</a>, <a style='color: %1' href='remove'>remove</a>, <a style='color: %1' href='clone'>clone</a> or reorder connections via drag'n'drop.
build-app	Configure and Build Robo 3T	2026-04-22T00:50:10.4034383Z 
build-app	Configure and Build Robo 3T	2026-04-22T00:50:10.4034554Z * Context: Robomongo::CollectionStatsTreeWidget
build-app	Configure and Build Robo 3T	2026-04-22T00:50:10.4034969Z * Source: Average Object
build-app	Configure and Build Robo 3T	2026-04-22T00:50:10.4035160Z 
build-app	Configure and Build Robo 3T	2026-04-22T00:50:10.4035318Z * Context: Robomongo::CollectionStatsTreeWidget
build-app	Configure and Build Robo 3T	2026-04-22T00:50:10.4035716Z * Source: Padding
build-app	Configure and Build Robo 3T	2026-04-22T00:50:10.4035870Z 
build-app	Configure and Build Robo 3T	2026-04-22T00:50:10.4035999Z * Context: Robomongo::QueryWidget
build-app	Configure and Build Robo 3T	2026-04-22T00:50:10.4036318Z * Source: Error:
build-app	Configure and Build Robo 3T	2026-04-22T00:50:10.4036487Z 
build-app	Configure and Build Robo 3T	2026-04-22T00:50:10.4036494Z 
build-app	Configure and Build Robo 3T	2026-04-22T00:50:10.4036619Z * Context: Robomongo::ConnectionsDialog
build-app	Configure and Build Robo 3T	2026-04-22T00:50:10.4036976Z * Source: Copy of 
build-app	Configure and Build Robo 3T	2026-04-22T00:50:10.4037133Z 
build-app	Configure and Build Robo 3T	2026-04-22T00:50:10.4037263Z * Context: Robomongo::ConnectionsDialog
build-app	Configure and Build Robo 3T	2026-04-22T00:50:10.4037605Z * Source: record
build-app	Configure and Build Robo 3T	2026-04-22T00:50:10.4037767Z 
build-app	Configure and Build Robo 3T	2026-04-22T00:50:10.4037898Z * Context: Robomongo::ConnectionsDialog
build-app	Configure and Build Robo 3T	2026-04-22T00:50:10.4038517Z * Source: <span style='color: #777777;'>Connection settings have been imported (%1 %2)</span>
build-app	Configure and Build Robo 3T	2026-04-22T00:50:10.4039185Z 
build-app	Configure and Build Robo 3T	2026-04-22T00:50:10.4039326Z * Context: Robomongo::ConnectionsDialog
build-app	Configure and Build Robo 3T	2026-04-22T00:50:10.4039674Z * Source: , SSH
build-app	Configure and Build Robo 3T	2026-04-22T00:50:10.4039834Z 
build-app	Configure and Build Robo 3T	2026-04-22T00:50:10.4039963Z * Context: Robomongo::ConnectionsDialog
build-app	Configure and Build Robo 3T	2026-04-22T00:50:10.4040319Z * Source: records
build-app	Configure and Build Robo 3T	2026-04-22T00:50:10.4040472Z 
build-app	Configure and Build Robo 3T	2026-04-22T00:50:10.4040589Z * Context: Robomongo::QueryWidget
build-app	Configure and Build Robo 3T	2026-04-22T00:50:10.4040914Z * Source: 
build-app	Configure and Build Robo 3T	2026-04-22T00:50:10.4041058Z 
build-app	Configure and Build Robo 3T	2026-04-22T00:50:10.4041619Z Please increase the value of shell timeout using button below or from the main window menu "Options->Change Shell Timeout".
build-app	Configure and Build Robo 3T	2026-04-22T00:50:10.4042347Z 
build-app	Configure and Build Robo 3T	2026-04-22T00:50:10.4042476Z * Context: Robomongo::QueryWidget
build-app	Configure and Build Robo 3T	2026-04-22T00:50:10.4042857Z * Source: Failed to execute all of the script. 
build-app	Configure and Build Robo 3T	2026-04-22T00:50:10.4043164Z 
build-app	Configure and Build Robo 3T	2026-04-22T00:50:10.4043278Z * Context: Robomongo::QueryWidget
build-app	Configure and Build Robo 3T	2026-04-22T00:50:10.4043601Z * Source:  limit. 
build-app	Configure and Build Robo 3T	2026-04-22T00:50:10.4043763Z 
build-app	Configure and Build Robo 3T	2026-04-22T00:50:10.4043897Z * Context: Robomongo::PreferencesDialog
build-app	Configure and Build Robo 3T	2026-04-22T00:50:10.4044248Z * Source: UTC
build-app	Configure and Build Robo 3T	2026-04-22T00:50:10.4044397Z 
build-app	Configure and Build Robo 3T	2026-04-22T00:50:10.4044525Z * Context: Robomongo::ConnectionsDialog
build-app	Configure and Build Robo 3T	2026-04-22T00:50:10.4044880Z * Source: SSH
build-app	Configure and Build Robo 3T	2026-04-22T00:50:10.4045022Z 
build-app	Configure and Build Robo 3T	2026-04-22T00:50:10.4045152Z * Context: Robomongo::ConnectionsDialog
build-app	Configure and Build Robo 3T	2026-04-22T00:50:10.4045495Z * Source: , TLS
build-app	Configure and Build Robo 3T	2026-04-22T00:50:10.4045647Z 
build-app	Configure and Build Robo 3T	2026-04-22T00:50:10.4045781Z * Context: Robomongo::ConnectionsDialog
build-app	Configure and Build Robo 3T	2026-04-22T00:50:10.4046152Z * Source: Replica Set
build-app	Configure and Build Robo 3T	2026-04-22T00:50:10.4046340Z 
build-app	Configure and Build Robo 3T	2026-04-22T00:50:10.4046467Z * Context: Robomongo::ConnectionsDialog
build-app	Configure and Build Robo 3T	2026-04-22T00:50:10.4046817Z * Source: TLS
build-app	Configure and Build Robo 3T	2026-04-22T00:50:10.4046957Z 
build-app	Configure and Build Robo 3T	2026-04-22T00:50:10.4047091Z * Context: Robomongo::ConnectionsDialog
build-app	Configure and Build Robo 3T	2026-04-22T00:50:10.4047435Z * Source:  nodes
build-app	Configure and Build Robo 3T	2026-04-22T00:50:10.4047593Z 
build-app	Configure and Build Robo 3T	2026-04-22T00:50:10.4047723Z * Context: Robomongo::ConnectionsDialog
build-app	Configure and Build Robo 3T	2026-04-22T00:50:10.4048076Z * Source:  node
build-app	Configure and Build Robo 3T	2026-04-22T00:50:10.4048233Z 
build-app	Configure and Build Robo 3T	2026-04-22T00:50:10.4048362Z * Context: Robomongo::PreferencesDialog
build-app	Configure and Build Robo 3T	2026-04-22T00:50:10.4048739Z * Source: Preferences %1
build-app	Configure and Build Robo 3T	2026-04-22T00:50:10.4048936Z 
build-app	Configure and Build Robo 3T	2026-04-22T00:50:10.4049071Z * Context: Robomongo::PreferencesDialog
build-app	Configure and Build Robo 3T	2026-04-22T00:50:10.4049446Z * Source: Default display mode:
build-app	Configure and Build Robo 3T	2026-04-22T00:50:10.4049922Z 
build-app	Configure and Build Robo 3T	2026-04-22T00:50:10.4050050Z * Context: Robomongo::EulaDialog
build-app	Configure and Build Robo 3T	2026-04-22T00:50:10.4050367Z * Source: EULA
build-app	Configure and Build Robo 3T	2026-04-22T00:50:10.4050514Z 
build-app	Configure and Build Robo 3T	2026-04-22T00:50:10.4050652Z * Context: Robomongo::PreferencesDialog
build-app	Configure and Build Robo 3T	2026-04-22T00:50:10.4051163Z * Source: Styles:
build-app	Configure and Build Robo 3T	2026-04-22T00:50:10.4051324Z 
build-app	Configure and Build Robo 3T	2026-04-22T00:50:10.4051454Z * Context: Robomongo::PreferencesDialog
build-app	Configure and Build Robo 3T	2026-04-22T00:50:10.4051821Z * Source: Load .mongorc.js
build-app	Configure and Build Robo 3T	2026-04-22T00:50:10.4052018Z 
build-app	Configure and Build Robo 3T	2026-04-22T00:50:10.4052151Z * Context: Robomongo::PreferencesDialog
build-app	Configure and Build Robo 3T	2026-04-22T00:50:10.4052527Z * Source: Disable connection shortcuts
build-app	Configure and Build Robo 3T	2026-04-22T00:50:10.4052789Z 
build-app	Configure and Build Robo 3T	2026-04-22T00:50:10.4052918Z * Context: Robomongo::PreferencesDialog
build-app	Configure and Build Robo 3T	2026-04-22T00:50:10.4053293Z * Source: Display Dates in:
build-app	Configure and Build Robo 3T	2026-04-22T00:50:10.4053505Z 
build-app	Configure and Build Robo 3T	2026-04-22T00:50:10.4053646Z * Context: Robomongo::PreferencesDialog
build-app	Configure and Build Robo 3T	2026-04-22T00:50:10.4054022Z * Source: Legacy UUID Encoding:
build-app	Configure and Build Robo 3T	2026-04-22T00:50:10.4054239Z 
build-app	Configure and Build Robo 3T	2026-04-22T00:50:10.4054382Z * Context: Robomongo::AddEditIndexDialog
build-app	Configure and Build Robo 3T	2026-04-22T00:50:10.4054743Z * Source: Warning
build-app	Configure and Build Robo 3T	2026-04-22T00:50:10.4054894Z 
build-app	Configure and Build Robo 3T	2026-04-22T00:50:10.4055029Z * Context: Robomongo::AddEditIndexDialog
build-app	Configure and Build Robo 3T	2026-04-22T00:50:10.4056167Z * Source: Document that contains field and weight pairs. The weight is a number ranging from 1 to 99,999 and denotes the significance of the field relative to the other indexed fields. 
build-app	Configure and Build Robo 3T	2026-04-22T00:50:10.4057222Z 
build-app	Configure and Build Robo 3T	2026-04-22T00:50:10.4057366Z * Context: Robomongo::AddEditIndexDialog
build-app	Configure and Build Robo 3T	2026-04-22T00:50:10.4057732Z * Source: Invalid json
build-app	Configure and Build Robo 3T	2026-04-22T00:50:10.4057923Z 
build-app	Configure and Build Robo 3T	2026-04-22T00:50:10.4058061Z * Context: Robomongo::AddEditIndexDialog
build-app	Configure and Build Robo 3T	2026-04-22T00:50:10.4059084Z * Source: For a <i>text</i> index, the language that determines the list of stop words and the rules for the stemmer and tokenizer. The default value is <b>english</b>
build-app	Configure and Build Robo 3T	2026-04-22T00:50:10.4060220Z 
build-app	Configure and Build Robo 3T	2026-04-22T00:50:10.4060362Z * Context: Robomongo::AddEditIndexDialog
build-app	Configure and Build Robo 3T	2026-04-22T00:50:10.4061526Z * Source: For a <i>text</i> index, specify the name of the field in the document that contains, for that document, the language to override the default language. The default value is <b>language</b>
build-app	Configure and Build Robo 3T	2026-04-22T00:50:10.4062603Z 
build-app	Configure and Build Robo 3T	2026-04-22T00:50:10.4062735Z * Context: Robomongo::CreateUserDialog
build-app	Configure and Build Robo 3T	2026-04-22T00:50:10.4063114Z * Source: dbAdminAnyDatabase
build-app	Configure and Build Robo 3T	2026-04-22T00:50:10.4063327Z 
build-app	Configure and Build Robo 3T	2026-04-22T00:50:10.4063465Z * Context: Robomongo::AddEditIndexDialog
build-app	Configure and Build Robo 3T	2026-04-22T00:50:10.4063835Z * Source: Index Properties
build-app	Configure and Build Robo 3T	2026-04-22T00:50:10.4064043Z 
build-app	Configure and Build Robo 3T	2026-04-22T00:50:10.4064174Z * Context: Robomongo::CreateUserDialog
build-app	Configure and Build Robo 3T	2026-04-22T00:50:10.4064543Z * Source: readWriteAnyDatabase
build-app	Configure and Build Robo 3T	2026-04-22T00:50:10.4064770Z 
build-app	Configure and Build Robo 3T	2026-04-22T00:50:10.4064901Z * Context: Robomongo::CreateUserDialog
build-app	Configure and Build Robo 3T	2026-04-22T00:50:10.4065277Z * Source: userAdminAnyDatabase
build-app	Configure and Build Robo 3T	2026-04-22T00:50:10.4065504Z 
build-app	Configure and Build Robo 3T	2026-04-22T00:50:10.4065633Z * Context: Robomongo::CreateUserDialog
build-app	Configure and Build Robo 3T	2026-04-22T00:50:10.4066003Z * Source: clusterAdmin
build-app	Configure and Build Robo 3T	2026-04-22T00:50:10.4066190Z 
build-app	Configure and Build Robo 3T	2026-04-22T00:50:10.4066319Z * Context: Robomongo::CreateUserDialog
build-app	Configure and Build Robo 3T	2026-04-22T00:50:10.4066683Z * Source: readAnyDatabase
build-app	Configure and Build Robo 3T	2026-04-22T00:50:10.4066895Z 
build-app	Configure and Build Robo 3T	2026-04-22T00:50:10.4067023Z * Context: Robomongo::CreateUserDialog
build-app	Configure and Build Robo 3T	2026-04-22T00:50:10.4067367Z * Source: dbAdmin
build-app	Configure and Build Robo 3T	2026-04-22T00:50:10.4067535Z 
build-app	Configure and Build Robo 3T	2026-04-22T00:50:10.4067665Z * Context: Robomongo::CreateUserDialog
build-app	Configure and Build Robo 3T	2026-04-22T00:50:10.4068012Z * Source: userAdmin
build-app	Configure and Build Robo 3T	2026-04-22T00:50:10.4068174Z 
build-app	Configure and Build Robo 3T	2026-04-22T00:50:10.4068315Z * Context: Robomongo::AddEditIndexDialog
build-app	Configure and Build Robo 3T	2026-04-22T00:50:10.4069059Z * Source: Builds the index in the background so that building an index does not block other database activities.
build-app	Configure and Build Robo 3T	2026-04-22T00:50:10.4069997Z 
build-app	Configure and Build Robo 3T	2026-04-22T00:50:10.4070140Z * Context: Robomongo::AddEditIndexDialog
build-app	Configure and Build Robo 3T	2026-04-22T00:50:10.4070906Z * Source: Specifies a <i>time to live</i>, in seconds, to control how long MongoDB retains documents in this collection
build-app	Configure and Build Robo 3T	2026-04-22T00:50:10.4071553Z 
build-app	Configure and Build Robo 3T	2026-04-22T00:50:10.4071694Z * Context: Robomongo::AddEditIndexDialog
build-app	Configure and Build Robo 3T	2026-04-22T00:50:10.4072057Z * Source: Keys:   
build-app	Configure and Build Robo 3T	2026-04-22T00:50:10.4072222Z 
build-app	Configure and Build Robo 3T	2026-04-22T00:50:10.4072356Z * Context: Robomongo::AddEditIndexDialog
build-app	Configure and Build Robo 3T	2026-04-22T00:50:10.4073435Z * Source: If set, the index only references documents with the specified field. These indexes use less space but behave differently in some situations (particularly sorts).
build-app	Configure and Build Robo 3T	2026-04-22T00:50:10.4074598Z 
build-app	Configure and Build Robo 3T	2026-04-22T00:50:10.4074754Z * Context: Robomongo::AddEditIndexDialog
build-app	Configure and Build Robo 3T	2026-04-22T00:50:10.4075801Z * Source: If set, creates a unique index so that the collection will not accept insertion of documents where the index key or keys match an existing value in the index.
build-app	Configure and Build Robo 3T	2026-04-22T00:50:10.4076736Z 
build-app	Configure and Build Robo 3T	2026-04-22T00:50:10.4076871Z * Context: Robomongo::AddEditIndexDialog
build-app	Configure and Build Robo 3T	2026-04-22T00:50:10.4077256Z * Source: Name:   
build-app	Configure and Build Robo 3T	2026-04-22T00:50:10.4077411Z 
build-app	Configure and Build Robo 3T	2026-04-22T00:50:10.4077547Z * Context: Robomongo::AddEditIndexDialog
build-app	Configure and Build Robo 3T	2026-04-22T00:50:10.4078049Z * Source: Choose any name that will help you to identify this index.
build-app	Configure and Build Robo 3T	2026-04-22T00:50:10.4078460Z 
build-app	Configure and Build Robo 3T	2026-04-22T00:50:10.4078597Z * Context: Robomongo::AddEditIndexDialog
build-app	Configure and Build Robo 3T	2026-04-22T00:50:10.4079597Z * Source: Document that contains pairs with the name of the field or fields to index and order of the index. A 1 specifies ascending and a -1 specifies descending.
build-app	Configure and Build Robo 3T	2026-04-22T00:50:10.4080505Z 
build-app	Configure and Build Robo 3T	2026-04-22T00:50:10.4080675Z * Context: Robomongo::CreateCollectionDialog
build-app	Configure and Build Robo 3T	2026-04-22T00:50:10.4081359Z * Source: Option available for MMAPv1 storage engine only and database version 3.0 and higher.
build-app	Configure and Build Robo 3T	2026-04-22T00:50:10.4081930Z 
build-app	Configure and Build Robo 3T	2026-04-22T00:50:10.4082080Z * Context: Robomongo::CreateCollectionDialog
build-app	Configure and Build Robo 3T	2026-04-22T00:50:10.4082788Z * Source: Option available for MMAPv1 storage engine only and deprecated since database version 3.0
build-app	Configure and Build Robo 3T	2026-04-22T00:50:10.4083367Z 
build-app	Configure and Build Robo 3T	2026-04-22T00:50:10.4083679Z * Context: Robomongo::CreateCollectionDialog
build-app	Configure and Build Robo 3T	2026-04-22T00:50:10.4084388Z * Source: Option available for WiredTiger storage engine only and database version 3.0 and higher.
build-app	Configure and Build Robo 3T	2026-04-22T00:50:10.4084984Z 
build-app	Configure and Build Robo 3T	2026-04-22T00:50:10.4085133Z * Context: Robomongo::CreateCollectionDialog
build-app	Configure and Build Robo 3T	2026-04-22T00:50:10.4085646Z * Source: Option available for database version 3.2 and higher.
build-app	Configure and Build Robo 3T	2026-04-22T00:50:10.4086027Z 
build-app	Configure and Build Robo 3T	2026-04-22T00:50:10.4086154Z * Context: Robomongo::ExportDialog
build-app	Configure and Build Robo 3T	2026-04-22T00:50:10.4086606Z * Source: Error: "mongoexport" process failed. Error code: 
build-app	Configure and Build Robo 3T	2026-04-22T00:50:10.4086978Z 
build-app	Configure and Build Robo 3T	2026-04-22T00:50:10.4087105Z * Context: Robomongo::ExportDialog
build-app	Configure and Build Robo 3T	2026-04-22T00:50:10.4087427Z * Source: Details
build-app	Configure and Build Robo 3T	2026-04-22T00:50:10.4087587Z 
build-app	Configure and Build Robo 3T	2026-04-22T00:50:10.4087709Z * Context: Robomongo::ExportDialog
build-app	Configure and Build Robo 3T	2026-04-22T00:50:10.4088686Z * Source: Error: "mongoexport" process failed to start. Either the invoked program is missing, or you may have insufficient permissions to invoke the program.
build-app	Configure and Build Robo 3T	2026-04-22T00:50:10.4089597Z 
build-app	Configure and Build Robo 3T	2026-04-22T00:50:10.4089714Z * Context: Robomongo::ExportDialog
build-app	Configure and Build Robo 3T	2026-04-22T00:50:10.4090564Z * Source: Error: "mongoexport" process crashed some time after starting successfully..
build-app	Configure and Build Robo 3T	2026-04-22T00:50:10.4091084Z 
build-app	Configure and Build Robo 3T	2026-04-22T00:50:10.4091212Z * Context: Robomongo::CreateUserDialog
build-app	Configure and Build Robo 3T	2026-04-22T00:50:10.4091554Z * Source: read
build-app	Configure and Build Robo 3T	2026-04-22T00:50:10.4091702Z 
build-app	Configure and Build Robo 3T	2026-04-22T00:50:10.4091835Z * Context: Robomongo::CreateUserDialog
build-app	Configure and Build Robo 3T	2026-04-22T00:50:10.4092183Z * Source: readWrite
build-app	Configure and Build Robo 3T	2026-04-22T00:50:10.4092370Z 
build-app	Configure and Build Robo 3T	2026-04-22T00:50:10.4092493Z * Context: Robomongo::CreateUserDialog
build-app	Configure and Build Robo 3T	2026-04-22T00:50:10.4092847Z * Source: UserSource:
build-app	Configure and Build Robo 3T	2026-04-22T00:50:10.4093029Z 
build-app	Configure and Build Robo 3T	2026-04-22T00:50:10.4093166Z * Context: Robomongo::CreateUserDialog
build-app	Configure and Build Robo 3T	2026-04-22T00:50:10.4093510Z * Source: Read Only
build-app	Configure and Build Robo 3T	2026-04-22T00:50:10.4093681Z 
build-app	Configure and Build Robo 3T	2026-04-22T00:50:10.4093811Z * Context: Robomongo::CreateUserDialog
build-app	Configure and Build Robo 3T	2026-04-22T00:50:10.4094158Z * Source: Name:
build-app	Configure and Build Robo 3T	2026-04-22T00:50:10.4094315Z 
build-app	Configure and Build Robo 3T	2026-04-22T00:50:10.4094448Z * Context: Robomongo::CreateUserDialog
build-app	Configure and Build Robo 3T	2026-04-22T00:50:10.4094816Z * Source: Password:
build-app	Configure and Build Robo 3T	2026-04-22T00:50:10.4094987Z 
build-app	Configure and Build Robo 3T	2026-04-22T00:50:10.4095139Z * Context: Robomongo::CreateCollectionDialog
build-app	Configure and Build Robo 3T	2026-04-22T00:50:10.4095612Z * Source: Option deprecated since database version 3.2
build-app	Configure and Build Robo 3T	2026-04-22T00:50:10.4095938Z 
build-app	Configure and Build Robo 3T	2026-04-22T00:50:10.4096071Z * Context: Robomongo::CreateUserDialog
build-app	Configure and Build Robo 3T	2026-04-22T00:50:10.4096423Z * Source: Add User
build-app	Configure and Build Robo 3T	2026-04-22T00:50:10.4096585Z 
build-app	Configure and Build Robo 3T	2026-04-22T00:50:10.4096715Z * Context: Robomongo::ExportDialog
build-app	Configure and Build Robo 3T	2026-04-22T00:50:10.4097230Z * Source: Manual Export
build-app	Configure and Build Robo 3T	2026-04-22T00:50:10.4097431Z 
build-app	Configure and Build Robo 3T	2026-04-22T00:50:10.4097551Z * Context: Robomongo::ExportDialog
build-app	Configure and Build Robo 3T	2026-04-22T00:50:10.4097894Z * Source: Export Summary
build-app	Configure and Build Robo 3T	2026-04-22T00:50:10.4098088Z 
build-app	Configure and Build Robo 3T	2026-04-22T00:50:10.4098216Z * Context: Robomongo::ExportDialog
build-app	Configure and Build Robo 3T	2026-04-22T00:50:10.4098555Z * Source: Selected Server
build-app	Configure and Build Robo 3T	2026-04-22T00:50:10.4098760Z 
build-app	Configure and Build Robo 3T	2026-04-22T00:50:10.4098882Z * Context: Robomongo::ExportDialog
build-app	Configure and Build Robo 3T	2026-04-22T00:50:10.4099229Z * Source: Output Properties
build-app	Configure and Build Robo 3T	2026-04-22T00:50:10.4099447Z 
build-app	Configure and Build Robo 3T	2026-04-22T00:50:10.4099565Z * Context: Robomongo::ExportDialog
build-app	Configure and Build Robo 3T	2026-04-22T00:50:10.4099895Z * Source: E&xport
build-app	Configure and Build Robo 3T	2026-04-22T00:50:10.4100060Z 
build-app	Configure and Build Robo 3T	2026-04-22T00:50:10.4100181Z * Context: Robomongo::ExportDialog
build-app	Configure and Build Robo 3T	2026-04-22T00:50:10.4100526Z * Source: Selected Collection
build-app	Configure and Build Robo 3T	2026-04-22T00:50:10.4100743Z 
build-app	Configure and Build Robo 3T	2026-04-22T00:50:10.4100865Z * Context: Robomongo::ExportDialog
build-app	Configure and Build Robo 3T	2026-04-22T00:50:10.4101194Z * Source: Manual Mode
build-app	Configure and Build Robo 3T	2026-04-22T00:50:10.4101373Z 
build-app	Configure and Build Robo 3T	2026-04-22T00:50:10.4101498Z * Context: Robomongo::ExportDialog
build-app	Configure and Build Robo 3T	2026-04-22T00:50:10.4101828Z * Source: Auto Mode
build-app	Configure and Build Robo 3T	2026-04-22T00:50:10.4101992Z 
build-app	Configure and Build Robo 3T	2026-04-22T00:50:10.4102112Z * Context: Robomongo::ExportDialog
build-app	Configure and Build Robo 3T	2026-04-22T00:50:10.4102449Z * Source: Exported file: 
build-app	Configure and Build Robo 3T	2026-04-22T00:50:10.4102646Z 
build-app	Configure and Build Robo 3T	2026-04-22T00:50:10.4102782Z * Context: Robomongo::ExportDialog
build-app	Configure and Build Robo 3T	2026-04-22T00:50:10.4103139Z * Source: Number of records exported:
build-app	Configure and Build Robo 3T	2026-04-22T00:50:10.4103407Z 
build-app	Configure and Build Robo 3T	2026-04-22T00:50:10.4103522Z * Context: Robomongo::ExportDialog
build-app	Configure and Build Robo 3T	2026-04-22T00:50:10.4104073Z * Source: "Fields" option is required in CSV mode.
build-app	Configure and Build Robo 3T	2026-04-22T00:50:10.4104391Z 
build-app	Configure and Build Robo 3T	2026-04-22T00:50:10.4104513Z * Context: Robomongo::ExportDialog
build-app	Configure and Build Robo 3T	2026-04-22T00:50:10.4104862Z * Source: Exporting...
build-app	Configure and Build Robo 3T	2026-04-22T00:50:10.4105048Z 
build-app	Configure and Build Robo 3T	2026-04-22T00:50:10.4105168Z * Context: Robomongo::ExportDialog
build-app	Configure and Build Robo 3T	2026-04-22T00:50:10.4105499Z * Source: Error
build-app	Configure and Build Robo 3T	2026-04-22T00:50:10.4105651Z 
build-app	Configure and Build Robo 3T	2026-04-22T00:50:10.4105772Z * Context: Robomongo::ExportDialog
build-app	Configure and Build Robo 3T	2026-04-22T00:50:10.4106133Z * Source: Database: 
build-app	Configure and Build Robo 3T	2026-04-22T00:50:10.4106313Z 
build-app	Configure and Build Robo 3T	2026-04-22T00:50:10.4106448Z * Context: Robomongo::ExportDialog
build-app	Configure and Build Robo 3T	2026-04-22T00:50:10.4106779Z * Source: Collection: 
build-app	Configure and Build Robo 3T	2026-04-22T00:50:10.4106960Z 
build-app	Configure and Build Robo 3T	2026-04-22T00:50:10.4107076Z * Context: Robomongo::ExportDialog
build-app	Configure and Build Robo 3T	2026-04-22T00:50:10.4107423Z * Source: Collection Name:
build-app	Configure and Build Robo 3T	2026-04-22T00:50:10.4107618Z 
build-app	Configure and Build Robo 3T	2026-04-22T00:50:10.4107745Z * Context: Robomongo::ExportDialog
build-app	Configure and Build Robo 3T	2026-04-22T00:50:10.4108067Z * Source: Server: 
build-app	Configure and Build Robo 3T	2026-04-22T00:50:10.4108234Z 
build-app	Configure and Build Robo 3T	2026-04-22T00:50:10.4108356Z * Context: Robomongo::ExportDialog
build-app	Configure and Build Robo 3T	2026-04-22T00:50:10.4108820Z * Source: <a href='error' style='color: #777777;'>Hide details</a>
build-app	Configure and Build Robo 3T	2026-04-22T00:50:10.4109210Z 
build-app	Configure and Build Robo 3T	2026-04-22T00:50:10.4109332Z * Context: Robomongo::ExportDialog
build-app	Configure and Build Robo 3T	2026-04-22T00:50:10.4109678Z * Source: Database Name:
build-app	Configure and Build Robo 3T	2026-04-22T00:50:10.4109872Z 
build-app	Configure and Build Robo 3T	2026-04-22T00:50:10.4109998Z * Context: Robomongo::ExportDialog
build-app	Configure and Build Robo 3T	2026-04-22T00:50:10.4110620Z * Source: Export Collection
build-app	Configure and Build Robo 3T	2026-04-22T00:50:10.4110836Z 
build-app	Configure and Build Robo 3T	2026-04-22T00:50:10.4110959Z * Context: Robomongo::ExportDialog
build-app	Configure and Build Robo 3T	2026-04-22T00:50:10.4111410Z * Source: <a href='error' style='color: #777777;'>Show details</a>
build-app	Configure and Build Robo 3T	2026-04-22T00:50:10.4111780Z 
build-app	Configure and Build Robo 3T	2026-04-22T00:50:10.4111902Z * Context: Robomongo::ExportDialog
build-app	Configure and Build Robo 3T	2026-04-22T00:50:10.4112230Z * Source: Directory:
build-app	Configure and Build Robo 3T	2026-04-22T00:50:10.4112412Z 
build-app	Configure and Build Robo 3T	2026-04-22T00:50:10.4112536Z * Context: Robomongo::ExportDialog
build-app	Configure and Build Robo 3T	2026-04-22T00:50:10.4112878Z * Source: Command:
build-app	Configure and Build Robo 3T	2026-04-22T00:50:10.4113041Z 
build-app	Configure and Build Robo 3T	2026-04-22T00:50:10.4113169Z * Context: Robomongo::ExportDialog
build-app	Configure and Build Robo 3T	2026-04-22T00:50:10.4113507Z * Source: Query:
build-app	Configure and Build Robo 3T	2026-04-22T00:50:10.4113666Z 
build-app	Configure and Build Robo 3T	2026-04-22T00:50:10.4113786Z * Context: Robomongo::ExportDialog
build-app	Configure and Build Robo 3T	2026-04-22T00:50:10.4114131Z * Source: File Name:
build-app	Configure and Build Robo 3T	2026-04-22T00:50:10.4114302Z 
build-app	Configure and Build Robo 3T	2026-04-22T00:50:10.4114425Z * Context: Robomongo::ExportDialog
build-app	Configure and Build Robo 3T	2026-04-22T00:50:10.4114756Z * Source: Fields:
build-app	Configure and Build Robo 3T	2026-04-22T00:50:10.4114918Z 
build-app	Configure and Build Robo 3T	2026-04-22T00:50:10.4115051Z * Context: Robomongo::ExportDialog
build-app	Configure and Build Robo 3T	2026-04-22T00:50:10.4115380Z * Source: Format:
build-app	Configure and Build Robo 3T	2026-04-22T00:50:10.4115536Z 
build-app	Configure and Build Robo 3T	2026-04-22T00:50:10.4115660Z * Context: Robomongo::ExportDialog
build-app	Configure and Build Robo 3T	2026-04-22T00:50:10.4116157Z * Source: JSON
build-app	Configure and Build Robo 3T	2026-04-22T00:50:10.4116308Z 
build-app	Configure and Build Robo 3T	2026-04-22T00:50:10.4116444Z * Context: Robomongo::ExportDialog
build-app	Configure and Build Robo 3T	2026-04-22T00:50:10.4116776Z * Source: CSV
build-app	Configure and Build Robo 3T	2026-04-22T00:50:10.4116930Z 
build-app	Configure and Build Robo 3T	2026-04-22T00:50:10.4117093Z * Context: Robomongo::ConnectionDiagnosticDialog
build-app	Configure and Build Robo 3T	2026-04-22T00:50:10.4117552Z * Source: Failed to connect to <b>%1</b>%2
build-app	Configure and Build Robo 3T	2026-04-22T00:50:10.4117832Z 
build-app	Configure and Build Robo 3T	2026-04-22T00:50:10.4118005Z * Context: Robomongo::ConnectionDiagnosticDialog
build-app	Configure and Build Robo 3T	2026-04-22T00:50:10.4118483Z * Source: No chance to try connection to <b>%1</b>%2
build-app	Configure and Build Robo 3T	2026-04-22T00:50:10.4118806Z 
build-app	Configure and Build Robo 3T	2026-04-22T00:50:10.4118976Z * Context: Robomongo::ConnectionDiagnosticDialog
build-app	Configure and Build Robo 3T	2026-04-22T00:50:10.4119415Z * Source: Connecting to <b>%1</b>%2...
build-app	Configure and Build Robo 3T	2026-04-22T00:50:10.4119664Z 
build-app	Configure and Build Robo 3T	2026-04-22T00:50:10.4119829Z * Context: Robomongo::ConnectionDiagnosticDialog
build-app	Configure and Build Robo 3T	2026-04-22T00:50:10.4120256Z * Source: Connected to <b>%1</b>%2
build-app	Configure and Build Robo 3T	2026-04-22T00:50:10.4120493Z 
build-app	Configure and Build Robo 3T	2026-04-22T00:50:10.4120655Z * Context: Robomongo::ConnectionDiagnosticDialog
build-app	Configure and Build Robo 3T	2026-04-22T00:50:10.4121082Z * Source:  via SSH tunnel
build-app	Configure and Build Robo 3T	2026-04-22T00:50:10.4121279Z 
build-app	Configure and Build Robo 3T	2026-04-22T00:50:10.4121445Z * Context: Robomongo::ConnectionDiagnosticDialog
build-app	Configure and Build Robo 3T	2026-04-22T00:50:10.4121858Z * Source:  via TLS tunnel
build-app	Configure and Build Robo 3T	2026-04-22T00:50:10.4122049Z 
build-app	Configure and Build Robo 3T	2026-04-22T00:50:10.4122224Z * Context: Robomongo::ConnectionDiagnosticDialog
build-app	Configure and Build Robo 3T	2026-04-22T00:50:10.4122691Z * Source: Connected to SSH server at <b>%1:%2</b>
build-app	Configure and Build Robo 3T	2026-04-22T00:50:10.4123002Z 
build-app	Configure and Build Robo 3T	2026-04-22T00:50:10.4123313Z * Context: Robomongo::ConnectionDiagnosticDialog
build-app	Configure and Build Robo 3T	2026-04-22T00:50:10.4123826Z * Source: Unable to connect to SSH server at <b>%1:%2</b>
build-app	Configure and Build Robo 3T	2026-04-22T00:50:10.4124181Z 
build-app	Configure and Build Robo 3T	2026-04-22T00:50:10.4124353Z * Context: Robomongo::ConnectionDiagnosticDialog
build-app	Configure and Build Robo 3T	2026-04-22T00:50:10.4124780Z * Source: Failed to load list of databases
build-app	Configure and Build Robo 3T	2026-04-22T00:50:10.4125066Z 
build-app	Configure and Build Robo 3T	2026-04-22T00:50:10.4125232Z * Context: Robomongo::ConnectionDiagnosticDialog
build-app	Configure and Build Robo 3T	2026-04-22T00:50:10.4125688Z * Source: No chance to load list of databases
build-app	Configure and Build Robo 3T	2026-04-22T00:50:10.4125980Z 
build-app	Configure and Build Robo 3T	2026-04-22T00:50:10.4126151Z * Context: Robomongo::ConnectionDiagnosticDialog
build-app	Configure and Build Robo 3T	2026-04-22T00:50:10.4126583Z * Source: Loading list of databases...
build-app	Configure and Build Robo 3T	2026-04-22T00:50:10.4126847Z 
build-app	Configure and Build Robo 3T	2026-04-22T00:50:10.4127017Z * Context: Robomongo::ConnectionDiagnosticDialog
build-app	Configure and Build Robo 3T	2026-04-22T00:50:10.4127458Z * Source: Access to databases is available
build-app	Configure and Build Robo 3T	2026-04-22T00:50:10.4127741Z 
build-app	Configure and Build Robo 3T	2026-04-22T00:50:10.4127911Z * Context: Robomongo::ConnectionDiagnosticDialog
build-app	Configure and Build Robo 3T	2026-04-22T00:50:10.4128489Z * Source: Authorization failed on <b>%1</b> database as <b>%2</b>
build-app	Configure and Build Robo 3T	2026-04-22T00:50:10.4128906Z 
build-app	Configure and Build Robo 3T	2026-04-22T00:50:10.4129073Z * Context: Robomongo::ConnectionDiagnosticDialog
build-app	Configure and Build Robo 3T	2026-04-22T00:50:10.4129493Z * Source: No chance to authorize
build-app	Configure and Build Robo 3T	2026-04-22T00:50:10.4129726Z 
build-app	Configure and Build Robo 3T	2026-04-22T00:50:10.4129893Z * Context: Robomongo::ConnectionDiagnosticDialog
build-app	Configure and Build Robo 3T	2026-04-22T00:50:10.4130678Z * Source: Authorizing on <b>%1</b> database as <b>%2</b>...
build-app	Configure and Build Robo 3T	2026-04-22T00:50:10.4131038Z 
build-app	Configure and Build Robo 3T	2026-04-22T00:50:10.4131212Z * Context: Robomongo::ConnectionDiagnosticDialog
build-app	Configure and Build Robo 3T	2026-04-22T00:50:10.4131713Z * Source: Authorized on <b>%1</b> database as <b>%2</b>
build-app	Configure and Build Robo 3T	2026-04-22T00:50:10.4132050Z 
build-app	Configure and Build Robo 3T	2026-04-22T00:50:10.4132168Z * Context: Robomongo::FindFrame
build-app	Configure and Build Robo 3T	2026-04-22T00:50:10.4132482Z * Source: Next
build-app	Configure and Build Robo 3T	2026-04-22T00:50:10.4132629Z 
build-app	Configure and Build Robo 3T	2026-04-22T00:50:10.4132750Z * Context: Robomongo::FindFrame
build-app	Configure and Build Robo 3T	2026-04-22T00:50:10.4133116Z * Source: Previous
build-app	Configure and Build Robo 3T	2026-04-22T00:50:10.4133284Z 
build-app	Configure and Build Robo 3T	2026-04-22T00:50:10.4133410Z * Context: Robomongo::PagingWidget
build-app	Configure and Build Robo 3T	2026-04-22T00:50:10.4133750Z * Source: Skip
build-app	Configure and Build Robo 3T	2026-04-22T00:50:10.4133895Z 
build-app	Configure and Build Robo 3T	2026-04-22T00:50:10.4134015Z * Context: Robomongo::PagingWidget
build-app	Configure and Build Robo 3T	2026-04-22T00:50:10.4134449Z * Source: Batch Size (number of documents shown at once)
build-app	Configure and Build Robo 3T	2026-04-22T00:50:10.4134788Z 
build-app	Configure and Build Robo 3T	2026-04-22T00:50:10.4134915Z * Context: Robomongo::QueryWidget
build-app	Configure and Build Robo 3T	2026-04-22T00:50:10.4135254Z * Source: New Shell
build-app	Configure and Build Robo 3T	2026-04-22T00:50:10.4135416Z 
build-app	Configure and Build Robo 3T	2026-04-22T00:50:10.4135536Z * Context: Robomongo::QueryWidget
build-app	Configure and Build Robo 3T	2026-04-22T00:50:10.4136064Z * Source:   Script executed successfully, but there are no results to show.
build-app	Configure and Build Robo 3T	2026-04-22T00:50:10.4136680Z 
build-app	Configure and Build Robo 3T	2026-04-22T00:50:10.4136806Z * Context: Robomongo::QueryWidget
build-app	Configure and Build Robo 3T	2026-04-22T00:50:10.4137136Z * Source:  second)
build-app	Configure and Build Robo 3T	2026-04-22T00:50:10.4137302Z 
build-app	Configure and Build Robo 3T	2026-04-22T00:50:10.4137418Z * Context: Robomongo::QueryWidget
build-app	Configure and Build Robo 3T	2026-04-22T00:50:10.4137764Z * Source: Change Shell Timeout
build-app	Configure and Build Robo 3T	2026-04-22T00:50:10.4137987Z 
build-app	Configure and Build Robo 3T	2026-04-22T00:50:10.4138168Z * Context: Robomongo::ConnectionDiagnosticDialog
build-app	Configure and Build Robo 3T	2026-04-22T00:50:10.4138581Z * Source: Error details
build-app	Configure and Build Robo 3T	2026-04-22T00:50:10.4138782Z 
build-app	Configure and Build Robo 3T	2026-04-22T00:50:10.4138949Z * Context: Robomongo::ConnectionDiagnosticDialog
build-app	Configure and Build Robo 3T	2026-04-22T00:50:10.4139440Z * Source: Connecting to SSH server at <b>%1:%2</b>...
build-app	Configure and Build Robo 3T	2026-04-22T00:50:10.4139757Z 
build-app	Configure and Build Robo 3T	2026-04-22T00:50:10.4139931Z * Context: Robomongo::ConnectionDiagnosticDialog
build-app	Configure and Build Robo 3T	2026-04-22T00:50:10.4140328Z * Source: &Close
build-app	Configure and Build Robo 3T	2026-04-22T00:50:10.4140489Z 
build-app	Configure and Build Robo 3T	2026-04-22T00:50:10.4140652Z * Context: Robomongo::ConnectionDiagnosticDialog
build-app	Configure and Build Robo 3T	2026-04-22T00:50:10.4141206Z * Source: <a href='error' style='color: #777777;'>Show error details</a>
build-app	Configure and Build Robo 3T	2026-04-22T00:50:10.4141616Z 
build-app	Configure and Build Robo 3T	2026-04-22T00:50:10.4141732Z * Context: Robomongo::FindFrame
build-app	Configure and Build Robo 3T	2026-04-22T00:50:10.4142092Z * Source: The specified text was not found.
build-app	Configure and Build Robo 3T	2026-04-22T00:50:10.4142370Z 
build-app	Configure and Build Robo 3T	2026-04-22T00:50:10.4142542Z * Context: Robomongo::ConnectionDiagnosticDialog
build-app	Configure and Build Robo 3T	2026-04-22T00:50:10.4142947Z * Source: Diagnostic
build-app	Configure and Build Robo 3T	2026-04-22T00:50:10.4143122Z 
build-app	Configure and Build Robo 3T	2026-04-22T00:50:10.4143233Z * Context: Robomongo::FindFrame
build-app	Configure and Build Robo 3T	2026-04-22T00:50:10.4143544Z * Source: Match case
build-app	Configure and Build Robo 3T	2026-04-22T00:50:10.4143862Z 
build-app	Configure and Build Robo 3T	2026-04-22T00:50:10.4143990Z * Context: Robomongo::FindFrame
build-app	Configure and Build Robo 3T	2026-04-22T00:50:10.4144297Z * Source: Search
build-app	Configure and Build Robo 3T	2026-04-22T00:50:10.4144456Z 
build-app	Configure and Build Robo 3T	2026-04-22T00:50:10.4144579Z * Context: Robomongo::QueryWidget
build-app	Configure and Build Robo 3T	2026-04-22T00:50:10.4144966Z * Source: The script has reached shell timeout
build-app	Configure and Build Robo 3T	2026-04-22T00:50:10.4145264Z 
build-app	Configure and Build Robo 3T	2026-04-22T00:50:10.4145383Z * Context: Robomongo::QueryWidget
build-app	Configure and Build Robo 3T	2026-04-22T00:50:10.4145703Z * Source:  seconds)
build-app	Configure and Build Robo 3T	2026-04-22T00:50:10.4145873Z 
build-app	Configure and Build Robo 3T	2026-04-22T00:50:10.4145995Z * Context: Robomongo::QueryWidget
build-app	Configure and Build Robo 3T	2026-04-22T00:50:10.4146353Z * Source: Failed to execute script.
build-app	Configure and Build Robo 3T	2026-04-22T00:50:10.4146600Z 
build-app	Configure and Build Robo 3T	2026-04-22T00:50:10.4146607Z 
build-app	Configure and Build Robo 3T	2026-04-22T00:50:10.4146612Z 
build-app	Configure and Build Robo 3T	2026-04-22T00:50:10.4146730Z * Context: Robomongo::QueryWidget
build-app	Configure and Build Robo 3T	2026-04-22T00:50:10.4147232Z * Source: At least one of the scripts has reached shell timeout
build-app	Configure and Build Robo 3T	2026-04-22T00:50:10.4147614Z 
build-app	Configure and Build Robo 3T	2026-04-22T00:50:10.4147733Z * Context: Robomongo::QueryWidget
build-app	Configure and Build Robo 3T	2026-04-22T00:50:10.4148082Z * Source: Failed to load documents.
build-app	Configure and Build Robo 3T	2026-04-22T00:50:10.4148332Z 
build-app	Configure and Build Robo 3T	2026-04-22T00:50:10.4148417Z Error:
build-app	Configure and Build Robo 3T	2026-04-22T00:50:10.4148627Z %1
build-app	Configure and Build Robo 3T	2026-04-22T00:50:10.4148746Z 
build-app	Configure and Build Robo 3T	2026-04-22T00:50:10.4148872Z * Context: Robomongo::QueryWidget
build-app	Configure and Build Robo 3T	2026-04-22T00:50:10.4149196Z * Source: Error
build-app	Configure and Build Robo 3T	2026-04-22T00:50:10.4149349Z 
build-app	Configure and Build Robo 3T	2026-04-22T00:50:10.4149507Z * Context: Robomongo::OutputItemContentWidget
build-app	Configure and Build Robo 3T	2026-04-22T00:50:10.4149914Z * Source: Loading...
build-app	Configure and Build Robo 3T	2026-04-22T00:50:10.4150088Z 
build-app	Configure and Build Robo 3T	2026-04-22T00:50:10.4150232Z * Context: Robomongo::DocumentTextEditor
build-app	Configure and Build Robo 3T	2026-04-22T00:50:10.4150936Z * Source: Validate
build-app	Configure and Build Robo 3T	2026-04-22T00:50:10.4151113Z 
build-app	Configure and Build Robo 3T	2026-04-22T00:50:10.4151256Z * Context: Robomongo::DocumentTextEditor
build-app	Configure and Build Robo 3T	2026-04-22T00:50:10.4151666Z * Source: The document has been modified.
build-app	Configure and Build Robo 3T	2026-04-22T00:50:10.4152054Z Do you want to save your changes?
build-app	Configure and Build Robo 3T	2026-04-22T00:50:10.4152295Z 
build-app	Configure and Build Robo 3T	2026-04-22T00:50:10.4152442Z * Context: Robomongo::CreateDatabaseDialog
build-app	Configure and Build Robo 3T	2026-04-22T00:50:10.4152833Z * Source: Database Name:
build-app	Configure and Build Robo 3T	2026-04-22T00:50:10.4153027Z 
build-app	Configure and Build Robo 3T	2026-04-22T00:50:10.4153174Z * Context: Robomongo::CreateDatabaseDialog
build-app	Configure and Build Robo 3T	2026-04-22T00:50:10.4153555Z * Source: C&reate
build-app	Configure and Build Robo 3T	2026-04-22T00:50:10.4153718Z 
build-app	Configure and Build Robo 3T	2026-04-22T00:50:10.4153838Z * Context: Robomongo::AboutDialog
build-app	Configure and Build Robo 3T	2026-04-22T00:50:10.4154184Z * Source: License Agreement
build-app	Configure and Build Robo 3T	2026-04-22T00:50:10.4154394Z 
build-app	Configure and Build Robo 3T	2026-04-22T00:50:10.4154531Z * Context: Robomongo::CreateDatabaseDialog
build-app	Configure and Build Robo 3T	2026-04-22T00:50:10.4165946Z * Source: Create Database
build-app	Configure and Build Robo 3T	2026-04-22T00:50:10.4166176Z 
build-app	Configure and Build Robo 3T	2026-04-22T00:50:10.4166316Z * Context: Robomongo::AboutDialog
build-app	Configure and Build Robo 3T	2026-04-22T00:50:10.4166663Z * Source: About 
build-app	Configure and Build Robo 3T	2026-04-22T00:50:10.4167042Z 
build-app	Configure and Build Robo 3T	2026-04-22T00:50:10.4167177Z * Context: Robomongo::AboutDialog
build-app	Configure and Build Robo 3T	2026-04-22T00:50:10.4167512Z * Source: About
build-app	Configure and Build Robo 3T	2026-04-22T00:50:10.4167680Z 
build-app	Configure and Build Robo 3T	2026-04-22T00:50:10.4167824Z * Context: Robomongo::DocumentTextEditor
build-app	Configure and Build Robo 3T	2026-04-22T00:50:10.4168626Z * Source: Validation
build-app	Configure and Build Robo 3T	2026-04-22T00:50:10.4169317Z 
build-app	Configure and Build Robo 3T	2026-04-22T00:50:10.4169530Z * Context: Robomongo::DocumentTextEditor
build-app	Configure and Build Robo 3T	2026-04-22T00:50:10.4169959Z * Source: JSON is valid!
build-app	Configure and Build Robo 3T	2026-04-22T00:50:10.4170183Z 
build-app	Configure and Build Robo 3T	2026-04-22T00:50:10.4170346Z * Context: Robomongo::DocumentTextEditor
build-app	Configure and Build Robo 3T	2026-04-22T00:50:10.4170833Z * Source: Unable to parse JSON:<br /> <b>%1</b>, at (%2, %3).
build-app	Configure and Build Robo 3T	2026-04-22T00:50:10.4171524Z 
build-app	Configure and Build Robo 3T	2026-04-22T00:50:10.4171693Z * Context: Robomongo::DocumentTextEditor
build-app	Configure and Build Robo 3T	2026-04-22T00:50:10.4172111Z * Source: Parsing error
build-app	Configure and Build Robo 3T	2026-04-22T00:50:10.4172314Z 
build-app	Configure and Build Robo 3T	2026-04-22T00:50:10.4172463Z * Context: Robomongo::Notifier
build-app	Configure and Build Robo 3T	2026-04-22T00:50:10.4172810Z * Source: Copy Path
build-app	Configure and Build Robo 3T	2026-04-22T00:50:10.4172987Z 
build-app	Configure and Build Robo 3T	2026-04-22T00:50:10.4173112Z * Context: Robomongo::Notifier
build-app	Configure and Build Robo 3T	2026-04-22T00:50:10.4173527Z * Source: Copy Timestamp from ObjectId
build-app	Configure and Build Robo 3T	2026-04-22T00:50:10.4173907Z 
build-app	Configure and Build Robo 3T	2026-04-22T00:50:10.4174075Z * Context: Robomongo::Notifier
build-app	Configure and Build Robo 3T	2026-04-22T00:50:10.4174427Z * Source: Copy Value
build-app	Configure and Build Robo 3T	2026-04-22T00:50:10.4174617Z 
build-app	Configure and Build Robo 3T	2026-04-22T00:50:10.4174735Z * Context: Robomongo::Notifier
build-app	Configure and Build Robo 3T	2026-04-22T00:50:10.4175050Z * Source: Copy Name
build-app	Configure and Build Robo 3T	2026-04-22T00:50:10.4175215Z 
build-app	Configure and Build Robo 3T	2026-04-22T00:50:10.4175351Z * Context: Robomongo::Notifier
build-app	Configure and Build Robo 3T	2026-04-22T00:50:10.4175728Z * Source: View Document...
build-app	Configure and Build Robo 3T	2026-04-22T00:50:10.4176195Z 
build-app	Configure and Build Robo 3T	2026-04-22T00:50:10.4176326Z * Context: Robomongo::Notifier
build-app	Configure and Build Robo 3T	2026-04-22T00:50:10.4176694Z * Source: Insert Document...
build-app	Configure and Build Robo 3T	2026-04-22T00:50:10.4176923Z 
build-app	Configure and Build Robo 3T	2026-04-22T00:50:10.4177065Z * Context: Robomongo::Notifier
build-app	Configure and Build Robo 3T	2026-04-22T00:50:10.4177402Z * Source: Delete Documents...
build-app	Configure and Build Robo 3T	2026-04-22T00:50:10.4177620Z 
build-app	Configure and Build Robo 3T	2026-04-22T00:50:10.4177740Z * Context: Robomongo::Notifier
build-app	Configure and Build Robo 3T	2026-04-22T00:50:10.4178049Z * Source: Edit Document...
build-app	Configure and Build Robo 3T	2026-04-22T00:50:10.4178256Z 
build-app	Configure and Build Robo 3T	2026-04-22T00:50:10.4178385Z * Context: Robomongo::Notifier
build-app	Configure and Build Robo 3T	2026-04-22T00:50:10.4178792Z * Source: Do you want to delete %1 selected documents?
build-app	Configure and Build Robo 3T	2026-04-22T00:50:10.4179136Z 
build-app	Configure and Build Robo 3T	2026-04-22T00:50:10.4179265Z * Context: Robomongo::Notifier
build-app	Configure and Build Robo 3T	2026-04-22T00:50:10.4179598Z * Source: Error extracting ISODate()
build-app	Configure and Build Robo 3T	2026-04-22T00:50:10.4179875Z 
build-app	Configure and Build Robo 3T	2026-04-22T00:50:10.4179993Z * Context: Robomongo::Notifier
build-app	Configure and Build Robo 3T	2026-04-22T00:50:10.4180326Z * Source: Document
build-app	Configure and Build Robo 3T	2026-04-22T00:50:10.4180496Z 
build-app	Configure and Build Robo 3T	2026-04-22T00:50:10.4180621Z * Context: Robomongo::Notifier
build-app	Configure and Build Robo 3T	2026-04-22T00:50:10.4180975Z * Source: Database Error
build-app	Configure and Build Robo 3T	2026-04-22T00:50:10.4181189Z 
build-app	Configure and Build Robo 3T	2026-04-22T00:50:10.4181314Z * Context: Robomongo::Notifier
build-app	Configure and Build Robo 3T	2026-04-22T00:50:10.4181731Z * Source: Selected document doesn't have _id field. 
build-app	Configure and Build Robo 3T	2026-04-22T00:50:10.4182353Z Maybe this is a system document that should be managed in a special way?
build-app	Configure and Build Robo 3T	2026-04-22T00:50:10.4182812Z 
build-app	Configure and Build Robo 3T	2026-04-22T00:50:10.4182938Z * Context: Robomongo::Notifier
build-app	Configure and Build Robo 3T	2026-04-22T00:50:10.4183272Z * Source: Delete
build-app	Configure and Build Robo 3T	2026-04-22T00:50:10.4183464Z 
build-app	Configure and Build Robo 3T	2026-04-22T00:50:10.4183605Z * Context: Robomongo::Notifier
build-app	Configure and Build Robo 3T	2026-04-22T00:50:10.4183973Z * Source: Copy JSON
build-app	Configure and Build Robo 3T	2026-04-22T00:50:10.4184169Z 
build-app	Configure and Build Robo 3T	2026-04-22T00:50:10.4184301Z * Context: Robomongo::Notifier
build-app	Configure and Build Robo 3T	2026-04-22T00:50:10.4184639Z * Source: Cannot delete
build-app	Configure and Build Robo 3T	2026-04-22T00:50:10.4184829Z 
build-app	Configure and Build Robo 3T	2026-04-22T00:50:10.4184970Z * Context: Robomongo::ConnectionDialog
build-app	Configure and Build Robo 3T	2026-04-22T00:50:10.4185356Z * Source: TLS
build-app	Configure and Build Robo 3T	2026-04-22T00:50:10.4185537Z 
build-app	Configure and Build Robo 3T	2026-04-22T00:50:10.4185698Z * Context: Robomongo::ConnectionDialog
build-app	Configure and Build Robo 3T	2026-04-22T00:50:10.4186082Z * Source: Advanced
build-app	Configure and Build Robo 3T	2026-04-22T00:50:10.4186279Z 
build-app	Configure and Build Robo 3T	2026-04-22T00:50:10.4186442Z * Context: Robomongo::ConnectionDialog
build-app	Configure and Build Robo 3T	2026-04-22T00:50:10.4186847Z * Source: Authentication
build-app	Configure and Build Robo 3T	2026-04-22T00:50:10.4187077Z 
build-app	Configure and Build Robo 3T	2026-04-22T00:50:10.4187252Z * Context: Robomongo::ConnectionDialog
build-app	Configure and Build Robo 3T	2026-04-22T00:50:10.4187624Z * Source: SSH
build-app	Configure and Build Robo 3T	2026-04-22T00:50:10.4187786Z 
build-app	Configure and Build Robo 3T	2026-04-22T00:50:10.4187921Z * Context: Robomongo::ConnectionDialog
build-app	Configure and Build Robo 3T	2026-04-22T00:50:10.4188288Z * Source: &Test
build-app	Configure and Build Robo 3T	2026-04-22T00:50:10.4188700Z 
build-app	Configure and Build Robo 3T	2026-04-22T00:50:10.4188844Z * Context: Robomongo::ConnectionDialog
build-app	Configure and Build Robo 3T	2026-04-22T00:50:10.4189233Z * Source: Connection
build-app	Configure and Build Robo 3T	2026-04-22T00:50:10.4189424Z 
build-app	Configure and Build Robo 3T	2026-04-22T00:50:10.4189565Z * Context: Robomongo::Notifier
build-app	Configure and Build Robo 3T	2026-04-22T00:50:10.4189925Z * Source: Delete Document...
build-app	Configure and Build Robo 3T	2026-04-22T00:50:10.4190170Z 
build-app	Configure and Build Robo 3T	2026-04-22T00:50:10.4190311Z * Context: Robomongo::ConnectionsDialog
build-app	Configure and Build Robo 3T	2026-04-22T00:50:10.4190685Z * Source: &Clone...
build-app	Configure and Build Robo 3T	2026-04-22T00:50:10.4190845Z 
build-app	Configure and Build Robo 3T	2026-04-22T00:50:10.4190981Z * Context: Robomongo::ConnectionsDialog
build-app	Configure and Build Robo 3T	2026-04-22T00:50:10.4191680Z * Source: &Remove...
build-app	Configure and Build Robo 3T	2026-04-22T00:50:10.4191898Z 
build-app	Configure and Build Robo 3T	2026-04-22T00:50:10.4192050Z * Context: Robomongo::ConnectionsDialog
build-app	Configure and Build Robo 3T	2026-04-22T00:50:10.4192405Z * Source: &Add...
build-app	Configure and Build Robo 3T	2026-04-22T00:50:10.4192565Z 
build-app	Configure and Build Robo 3T	2026-04-22T00:50:10.4192699Z * Context: Robomongo::ConnectionsDialog
build-app	Configure and Build Robo 3T	2026-04-22T00:50:10.4193073Z * Source: &Edit...
build-app	Configure and Build Robo 3T	2026-04-22T00:50:10.4193247Z 
build-app	Configure and Build Robo 3T	2026-04-22T00:50:10.4193372Z * Context: Robomongo::MainWindow
build-app	Configure and Build Robo 3T	2026-04-22T00:50:10.4193735Z * Source: Language Changed
build-app	Configure and Build Robo 3T	2026-04-22T00:50:10.4193969Z 
build-app	Configure and Build Robo 3T	2026-04-22T00:50:10.4194110Z * Context: Robomongo::ConnectionsDialog
build-app	Configure and Build Robo 3T	2026-04-22T00:50:10.4194518Z * Source: MongoDB Connections
build-app	Configure and Build Robo 3T	2026-04-22T00:50:10.4194755Z 
build-app	Configure and Build Robo 3T	2026-04-22T00:50:10.4194902Z * Context: Robomongo::MainWindow
build-app	Configure and Build Robo 3T	2026-04-22T00:50:10.4195351Z * Source: Press to show/hide Database Explorer panel.
build-app	Configure and Build Robo 3T	2026-04-22T00:50:10.4195732Z 
build-app	Configure and Build Robo 3T	2026-04-22T00:50:10.4195873Z * Context: Robomongo::MainWindow
build-app	Configure and Build Robo 3T	2026-04-22T00:50:10.4196237Z * Source: &Logs
build-app	Configure and Build Robo 3T	2026-04-22T00:50:10.4196643Z 
build-app	Configure and Build Robo 3T	2026-04-22T00:50:10.4196807Z * Context: Robomongo::ConnectionsDialog
build-app	Configure and Build Robo 3T	2026-04-22T00:50:10.4197201Z * Source: Connections
build-app	Configure and Build Robo 3T	2026-04-22T00:50:10.4197397Z 
build-app	Configure and Build Robo 3T	2026-04-22T00:50:10.4197545Z * Context: Robomongo::ConnectionDialog
build-app	Configure and Build Robo 3T	2026-04-22T00:50:10.4197929Z * Source: Connection Settings
build-app	Configure and Build Robo 3T	2026-04-22T00:50:10.4198159Z 
build-app	Configure and Build Robo 3T	2026-04-22T00:50:10.4198307Z * Context: Robomongo::ConnectionsDialog
build-app	Configure and Build Robo 3T	2026-04-22T00:50:10.4198682Z * Source: C&onnect
build-app	Configure and Build Robo 3T	2026-04-22T00:50:10.4198870Z 
build-app	Configure and Build Robo 3T	2026-04-22T00:50:10.4199012Z * Context: Robomongo::ConnectionsDialog
build-app	Configure and Build Robo 3T	2026-04-22T00:50:10.4199527Z * Source: Are you sure you want to delete "%1" connection?
build-app	Configure and Build Robo 3T	2026-04-22T00:50:10.4199906Z 
build-app	Configure and Build Robo 3T	2026-04-22T00:50:10.4200056Z * Context: Robomongo::ConnectionsDialog
build-app	Configure and Build Robo 3T	2026-04-22T00:50:10.4200442Z * Source: Attributes
build-app	Configure and Build Robo 3T	2026-04-22T00:50:10.4200622Z 
build-app	Configure and Build Robo 3T	2026-04-22T00:50:10.4200769Z * Context: Robomongo::ConnectionsDialog
build-app	Configure and Build Robo 3T	2026-04-22T00:50:10.4201164Z * Source: Auth. Database / User
build-app	Configure and Build Robo 3T	2026-04-22T00:50:10.4201412Z 
build-app	Configure and Build Robo 3T	2026-04-22T00:50:10.4201547Z * Context: Robomongo::ConnectionsDialog
build-app	Configure and Build Robo 3T	2026-04-22T00:50:10.4201927Z * Source: Name
build-app	Configure and Build Robo 3T	2026-04-22T00:50:10.4202093Z 
build-app	Configure and Build Robo 3T	2026-04-22T00:50:10.4202229Z * Context: Robomongo::ConnectionsDialog
build-app	Configure and Build Robo 3T	2026-04-22T00:50:10.4202598Z * Source: Address
build-app	Configure and Build Robo 3T	2026-04-22T00:50:10.4202768Z 
build-app	Configure and Build Robo 3T	2026-04-22T00:50:10.4202891Z * Context: Robomongo::MainWindow
build-app	Configure and Build Robo 3T	2026-04-22T00:50:10.4203227Z * Source: Logs
build-app	Configure and Build Robo 3T	2026-04-22T00:50:10.4203381Z 
build-app	Configure and Build Robo 3T	2026-04-22T00:50:10.4203508Z * Context: Robomongo::MainWindow
build-app	Configure and Build Robo 3T	2026-04-22T00:50:10.4203842Z * Source: Exit
build-app	Configure and Build Robo 3T	2026-04-22T00:50:10.4203999Z 
build-app	Configure and Build Robo 3T	2026-04-22T00:50:10.4204116Z * Context: Robomongo::MainWindow
build-app	Configure and Build Robo 3T	2026-04-22T00:50:10.4204461Z * Source: Updates Toolbar
build-app	Configure and Build Robo 3T	2026-04-22T00:50:10.4204667Z 
build-app	Configure and Build Robo 3T	2026-04-22T00:50:10.4204794Z * Context: Robomongo::MainWindow
build-app	Configure and Build Robo 3T	2026-04-22T00:50:10.4205116Z * Source: Theme
build-app	Configure and Build Robo 3T	2026-04-22T00:50:10.4205282Z 
build-app	Configure and Build Robo 3T	2026-04-22T00:50:10.4205402Z * Context: Robomongo::MainWindow
build-app	Configure and Build Robo 3T	2026-04-22T00:50:10.4205749Z * Source: Duplicate Query in New Tab
build-app	Configure and Build Robo 3T	2026-04-22T00:50:10.4206003Z 
build-app	Configure and Build Robo 3T	2026-04-22T00:50:10.4206129Z * Context: Robomongo::MainWindow
build-app	Configure and Build Robo 3T	2026-04-22T00:50:10.4206481Z * Source: Open/Refresh Welcome Tab
build-app	Configure and Build Robo 3T	2026-04-22T00:50:10.4206734Z 
build-app	Configure and Build Robo 3T	2026-04-22T00:50:10.4206851Z * Context: Robomongo::MainWindow
build-app	Configure and Build Robo 3T	2026-04-22T00:50:10.4207198Z * Source: Select Previous Tab
build-app	Configure and Build Robo 3T	2026-04-22T00:50:10.4207422Z 
build-app	Configure and Build Robo 3T	2026-04-22T00:50:10.4207543Z * Context: Robomongo::MainWindow
build-app	Configure and Build Robo 3T	2026-04-22T00:50:10.4207901Z * Source: Re-execute Query in Current Tab
build-app	Configure and Build Robo 3T	2026-04-22T00:50:10.4208179Z 
build-app	Configure and Build Robo 3T	2026-04-22T00:50:10.4208306Z * Context: Robomongo::MainWindow
build-app	Configure and Build Robo 3T	2026-04-22T00:50:10.4208915Z * Source: Show Robo 3T
build-app	Configure and Build Robo 3T	2026-04-22T00:50:10.4209101Z 
build-app	Configure and Build Robo 3T	2026-04-22T00:50:10.4209224Z * Context: Robomongo::MainWindow
build-app	Configure and Build Robo 3T	2026-04-22T00:50:10.4209540Z * Source: &Explorer
build-app	Configure and Build Robo 3T	2026-04-22T00:50:10.4209703Z 
build-app	Configure and Build Robo 3T	2026-04-22T00:50:10.4209824Z * Context: Robomongo::MainWindow
build-app	Configure and Build Robo 3T	2026-04-22T00:50:10.4210191Z * Source: Cannot connect to the MongoDB at %1.
build-app	Configure and Build Robo 3T	2026-04-22T00:50:10.4210492Z 
build-app	Configure and Build Robo 3T	2026-04-22T00:50:10.4210606Z * Context: Robomongo::MainWindow
build-app	Configure and Build Robo 3T	2026-04-22T00:50:10.4210939Z * Source: Operation failed
build-app	Configure and Build Robo 3T	2026-04-22T00:50:10.4211153Z 
build-app	Configure and Build Robo 3T	2026-04-22T00:50:10.4211267Z * Context: Robomongo::MainWindow
build-app	Configure and Build Robo 3T	2026-04-22T00:50:10.4211587Z * Source: Error
build-app	Configure and Build Robo 3T	2026-04-22T00:50:10.4211750Z 
build-app	Configure and Build Robo 3T	2026-04-22T00:50:10.4211867Z * Context: Robomongo::MainWindow
build-app	Configure and Build Robo 3T	2026-04-22T00:50:10.4212360Z * Source: Refresh not working yet... : <br/>  <b>Ctrl+D</b> : push Button
build-app	Configure and Build Robo 3T	2026-04-22T00:50:10.4212799Z 
build-app	Configure and Build Robo 3T	2026-04-22T00:50:10.4212918Z * Context: Robomongo::MainWindow
build-app	Configure and Build Robo 3T	2026-04-22T00:50:10.4213257Z * Source: Connect to MongoDB
build-app	Configure and Build Robo 3T	2026-04-22T00:50:10.4213469Z 
build-app	Configure and Build Robo 3T	2026-04-22T00:50:10.4213598Z * Context: Robomongo::MainWindow
build-app	Configure and Build Robo 3T	2026-04-22T00:50:10.4213947Z * Source: Cannot connect to MongoDB (%1)
build-app	Configure and Build Robo 3T	2026-04-22T00:50:10.4214223Z 
build-app	Configure and Build Robo 3T	2026-04-22T00:50:10.4214341Z * Context: Robomongo::MainWindow
build-app	Configure and Build Robo 3T	2026-04-22T00:50:10.4214688Z * Source: Load .mongorc.js
build-app	Configure and Build Robo 3T	2026-04-22T00:50:10.4214898Z 
build-app	Configure and Build Robo 3T	2026-04-22T00:50:10.4215027Z * Context: Robomongo::MainWindow
build-app	Configure and Build Robo 3T	2026-04-22T00:50:10.4215384Z * Source: Auto Expand First Document
build-app	Configure and Build Robo 3T	2026-04-22T00:50:10.4215652Z 
build-app	Configure and Build Robo 3T	2026-04-22T00:50:10.4215908Z * Context: Robomongo::MainWindow
build-app	Configure and Build Robo 3T	2026-04-22T00:50:10.4216245Z * Source: None
build-app	Configure and Build Robo 3T	2026-04-22T00:50:10.4216684Z 
build-app	Configure and Build Robo 3T	2026-04-22T00:50:10.4216819Z * Context: Robomongo::MainWindow
build-app	Configure and Build Robo 3T	2026-04-22T00:50:10.4217189Z * Source: Autocompletion Mode
build-app	Configure and Build Robo 3T	2026-04-22T00:50:10.4217441Z 
build-app	Configure and Build Robo 3T	2026-04-22T00:50:10.4217566Z * Context: Robomongo::MainWindow
build-app	Configure and Build Robo 3T	2026-04-22T00:50:10.4217917Z * Source: All
build-app	Configure and Build Robo 3T	2026-04-22T00:50:10.4218072Z 
build-app	Configure and Build Robo 3T	2026-04-22T00:50:10.4218195Z * Context: Robomongo::MainWindow
build-app	Configure and Build Robo 3T	2026-04-22T00:50:10.4218576Z * Source: All (Except Collection Names)
build-app	Configure and Build Robo 3T	2026-04-22T00:50:10.4218873Z 
build-app	Configure and Build Robo 3T	2026-04-22T00:50:10.4219003Z * Context: Robomongo::MainWindow
build-app	Configure and Build Robo 3T	2026-04-22T00:50:10.4219364Z * Source: Use Python Encoding
build-app	Configure and Build Robo 3T	2026-04-22T00:50:10.4219608Z 
build-app	Configure and Build Robo 3T	2026-04-22T00:50:10.4219734Z * Context: Robomongo::MainWindow
build-app	Configure and Build Robo 3T	2026-04-22T00:50:10.4220102Z * Source: Legacy UUID Encoding
build-app	Configure and Build Robo 3T	2026-04-22T00:50:10.4220339Z 
build-app	Configure and Build Robo 3T	2026-04-22T00:50:10.4220469Z * Context: Robomongo::MainWindow
build-app	Configure and Build Robo 3T	2026-04-22T00:50:10.4220810Z * Source: &Minimize
build-app	Configure and Build Robo 3T	2026-04-22T00:50:10.4220996Z 
build-app	Configure and Build Robo 3T	2026-04-22T00:50:10.4221125Z * Context: Robomongo::MainWindow
build-app	Configure and Build Robo 3T	2026-04-22T00:50:10.4221483Z * Source: Select Next Tab
build-app	Configure and Build Robo 3T	2026-04-22T00:50:10.4221704Z 
build-app	Configure and Build Robo 3T	2026-04-22T00:50:10.4221828Z * Context: Robomongo::MainWindow
build-app	Configure and Build Robo 3T	2026-04-22T00:50:10.4222177Z * Source: Preferences
build-app	Configure and Build Robo 3T	2026-04-22T00:50:10.4222377Z 
build-app	Configure and Build Robo 3T	2026-04-22T00:50:10.4222501Z * Context: Robomongo::MainWindow
build-app	Configure and Build Robo 3T	2026-04-22T00:50:10.4222851Z * Source: &Full Screen
build-app	Configure and Build Robo 3T	2026-04-22T00:50:10.4223041Z 
build-app	Configure and Build Robo 3T	2026-04-22T00:50:10.4223168Z * Context: Robomongo::MainWindow
build-app	Configure and Build Robo 3T	2026-04-22T00:50:10.4223601Z * Source: Close button should minimize to system tray
build-app	Configure and Build Robo 3T	2026-04-22T00:50:10.4223956Z 
build-app	Configure and Build Robo 3T	2026-04-22T00:50:10.4224086Z * Context: Robomongo::MainWindow
build-app	Configure and Build Robo 3T	2026-04-22T00:50:10.4224434Z * Source: Minimize to Tray
build-app	Configure and Build Robo 3T	2026-04-22T00:50:10.4224656Z 
build-app	Configure and Build Robo 3T	2026-04-22T00:50:10.4224780Z * Context: Robomongo::MainWindow
build-app	Configure and Build Robo 3T	2026-04-22T00:50:10.4225156Z * Source: Show Line Numbers By Default
build-app	Configure and Build Robo 3T	2026-04-22T00:50:10.4225433Z 
build-app	Configure and Build Robo 3T	2026-04-22T00:50:10.4225561Z * Context: Robomongo::MainWindow
build-app	Configure and Build Robo 3T	2026-04-22T00:50:10.4225931Z * Source: Disable Connection Shortcuts
build-app	Configure and Build Robo 3T	2026-04-22T00:50:10.4226223Z 
build-app	Configure and Build Robo 3T	2026-04-22T00:50:10.4226348Z * Context: Robomongo::MainWindow
build-app	Configure and Build Robo 3T	2026-04-22T00:50:10.4227080Z * Source: Show current tab in table mode, and make this mode default for all subsequent queries <b>(F3)</b>
build-app	Configure and Build Robo 3T	2026-04-22T00:50:10.4227746Z 
build-app	Configure and Build Robo 3T	2026-04-22T00:50:10.4227873Z * Context: Robomongo::MainWindow
build-app	Configure and Build Robo 3T	2026-04-22T00:50:10.4228224Z * Source: &Custom Mode
build-app	Configure and Build Robo 3T	2026-04-22T00:50:10.4228421Z 
build-app	Configure and Build Robo 3T	2026-04-22T00:50:10.4228540Z * Context: Robomongo::MainWindow
build-app	Configure and Build Robo 3T	2026-04-22T00:50:10.4230864Z * Source: Show current tab in tree mode, and make this mode default for all subsequent queries <b>(F3)</b>
build-app	Configure and Build Robo 3T	2026-04-22T00:50:10.4231526Z 
build-app	Configure and Build Robo 3T	2026-04-22T00:50:10.4231667Z * Context: Robomongo::MainWindow
build-app	Configure and Build Robo 3T	2026-04-22T00:50:10.4232029Z * Source: T&able Mode
build-app	Configure and Build Robo 3T	2026-04-22T00:50:10.4232223Z 
build-app	Configure and Build Robo 3T	2026-04-22T00:50:10.4232354Z * Context: Robomongo::MainWindow
build-app	Configure and Build Robo 3T	2026-04-22T00:50:10.4233033Z * Source: Show current tab in text mode, and make this mode default for all subsequent queries <b>(F4)</b>
build-app	Configure and Build Robo 3T	2026-04-22T00:50:10.4233701Z 
build-app	Configure and Build Robo 3T	2026-04-22T00:50:10.4233855Z * Context: Robomongo::MainWindow
build-app	Configure and Build Robo 3T	2026-04-22T00:50:10.4234198Z * Source: &Tree Mode
build-app	Configure and Build Robo 3T	2026-04-22T00:50:10.4234379Z 
build-app	Configure and Build Robo 3T	2026-04-22T00:50:10.4234513Z * Context: Robomongo::MainWindow
build-app	Configure and Build Robo 3T	2026-04-22T00:50:10.4234957Z * Source: Toggle orientation of results view <b>(F10)</b>
build-app	Configure and Build Robo 3T	2026-04-22T00:50:10.4235335Z 
build-app	Configure and Build Robo 3T	2026-04-22T00:50:10.4235456Z * Context: Robomongo::MainWindow
build-app	Configure and Build Robo 3T	2026-04-22T00:50:10.4235792Z * Source: &Text Mode
build-app	Configure and Build Robo 3T	2026-04-22T00:50:10.4235965Z 
build-app	Configure and Build Robo 3T	2026-04-22T00:50:10.4236098Z * Context: Robomongo::MainWindow
build-app	Configure and Build Robo 3T	2026-04-22T00:50:10.4236431Z * Source: Use Java Encoding
build-app	Configure and Build Robo 3T	2026-04-22T00:50:10.4236975Z 
build-app	Configure and Build Robo 3T	2026-04-22T00:50:10.4237102Z * Context: Robomongo::MainWindow
build-app	Configure and Build Robo 3T	2026-04-22T00:50:10.4237454Z * Source: Use .NET Encoding
build-app	Configure and Build Robo 3T	2026-04-22T00:50:10.4237676Z 
build-app	Configure and Build Robo 3T	2026-04-22T00:50:10.4237813Z * Context: Robomongo::MainWindow
build-app	Configure and Build Robo 3T	2026-04-22T00:50:10.4238172Z * Source: Default View Mode
build-app	Configure and Build Robo 3T	2026-04-22T00:50:10.4238395Z 
build-app	Configure and Build Robo 3T	2026-04-22T00:50:10.4238526Z * Context: Robomongo::MainWindow
build-app	Configure and Build Robo 3T	2026-04-22T00:50:10.4239085Z * Source: Do not decode (show as is)
build-app	Configure and Build Robo 3T	2026-04-22T00:50:10.4239365Z 
build-app	Configure and Build Robo 3T	2026-04-22T00:50:10.4239505Z * Context: Robomongo::MainWindow
build-app	Configure and Build Robo 3T	2026-04-22T00:50:10.4240022Z * Source: Stop execution of currently running script. <b>(F6)</b>
build-app	Configure and Build Robo 3T	2026-04-22T00:50:10.4240430Z 
build-app	Configure and Build Robo 3T	2026-04-22T00:50:10.4240566Z * Context: Robomongo::MainWindow
build-app	Configure and Build Robo 3T	2026-04-22T00:50:10.4240900Z * Source: Refresh
build-app	Configure and Build Robo 3T	2026-04-22T00:50:10.4241075Z 
build-app	Configure and Build Robo 3T	2026-04-22T00:50:10.4241197Z * Context: Robomongo::MainWindow
build-app	Configure and Build Robo 3T	2026-04-22T00:50:10.4241981Z * Source: Show current tab in custom mode if possible, and make this mode default for all subsequent queries <b>(F2)</b>
build-app	Configure and Build Robo 3T	2026-04-22T00:50:10.4242711Z 
build-app	Configure and Build Robo 3T	2026-04-22T00:50:10.4242841Z * Context: Robomongo::MainWindow
build-app	Configure and Build Robo 3T	2026-04-22T00:50:10.4243777Z * Source: Execute query for current tab. If you have some selection in query text - only selection will be executed <b>(F5 </b> or <b>%1 + Enter)</b>
build-app	Configure and Build Robo 3T	2026-04-22T00:50:10.4244660Z 
build-app	Configure and Build Robo 3T	2026-04-22T00:50:10.4244790Z * Context: Robomongo::MainWindow
build-app	Configure and Build Robo 3T	2026-04-22T00:50:10.4245145Z * Source: Options
build-app	Configure and Build Robo 3T	2026-04-22T00:50:10.4245316Z 
build-app	Configure and Build Robo 3T	2026-04-22T00:50:10.4245444Z * Context: Robomongo::MainWindow
build-app	Configure and Build Robo 3T	2026-04-22T00:50:10.4245780Z * Source: Window
build-app	Configure and Build Robo 3T	2026-04-22T00:50:10.4245952Z 
build-app	Configure and Build Robo 3T	2026-04-22T00:50:10.4246077Z * Context: Robomongo::MainWindow
build-app	Configure and Build Robo 3T	2026-04-22T00:50:10.4246419Z * Source: File
build-app	Configure and Build Robo 3T	2026-04-22T00:50:10.4246577Z 
build-app	Configure and Build Robo 3T	2026-04-22T00:50:10.4246700Z * Context: Robomongo::MainWindow
build-app	Configure and Build Robo 3T	2026-04-22T00:50:10.4247043Z * Source: View
build-app	Configure and Build Robo 3T	2026-04-22T00:50:10.4247199Z 
build-app	Configure and Build Robo 3T	2026-04-22T00:50:10.4247326Z * Context: Robomongo::MainWindow
build-app	Configure and Build Robo 3T	2026-04-22T00:50:10.4247689Z * Source: &Manage Connections...
build-app	Configure and Build Robo 3T	2026-04-22T00:50:10.4247940Z 
build-app	Configure and Build Robo 3T	2026-04-22T00:50:10.4248058Z * Context: Robomongo::MainWindow
build-app	Configure and Build Robo 3T	2026-04-22T00:50:10.4248401Z * Source: &Exit
build-app	Configure and Build Robo 3T	2026-04-22T00:50:10.4248566Z 
build-app	Configure and Build Robo 3T	2026-04-22T00:50:10.4248690Z * Context: Robomongo::MainWindow
build-app	Configure and Build Robo 3T	2026-04-22T00:50:10.4249043Z * Source: &Connect...
build-app	Configure and Build Robo 3T	2026-04-22T00:50:10.4249266Z 
build-app	Configure and Build Robo 3T	2026-04-22T00:50:10.4249397Z * Context: Robomongo::MainWindow
build-app	Configure and Build Robo 3T	2026-04-22T00:50:10.4249772Z * Source: &About Robo 3T...
build-app	Configure and Build Robo 3T	2026-04-22T00:50:10.4250006Z 
build-app	Configure and Build Robo 3T	2026-04-22T00:50:10.4250132Z * Context: Robomongo::MainWindow
build-app	Configure and Build Robo 3T	2026-04-22T00:50:10.4250640Z * Source: Connect to local or remote MongoDB instance <b>(%1 + N)</b>
build-app	Configure and Build Robo 3T	2026-04-22T00:50:10.4251071Z 
build-app	Configure and Build Robo 3T	2026-04-22T00:50:10.4251191Z * Context: Robomongo::MainWindow
build-app	Configure and Build Robo 3T	2026-04-22T00:50:10.4251533Z * Source: &Rotate
build-app	Configure and Build Robo 3T	2026-04-22T00:50:10.4251703Z 
build-app	Configure and Build Robo 3T	2026-04-22T00:50:10.4251829Z * Context: Robomongo::MainWindow
build-app	Configure and Build Robo 3T	2026-04-22T00:50:10.4252376Z * Source: Save script of the currently opened shell to the file <b>(%1 + S)</b>
build-app	Configure and Build Robo 3T	2026-04-22T00:50:10.4253033Z 
build-app	Configure and Build Robo 3T	2026-04-22T00:50:10.4253169Z * Context: Robomongo::MainWindow
build-app	Configure and Build Robo 3T	2026-04-22T00:50:10.4253505Z * Source: Save &As...
build-app	Configure and Build Robo 3T	2026-04-22T00:50:10.4253699Z 
build-app	Configure and Build Robo 3T	2026-04-22T00:50:10.4253819Z * Context: Robomongo::MainWindow
build-app	Configure and Build Robo 3T	2026-04-22T00:50:10.4254365Z * Source: Load script from the file to the currently opened shell <b>(%1 + O)</b>
build-app	Configure and Build Robo 3T	2026-04-22T00:50:10.4254851Z 
build-app	Configure and Build Robo 3T	2026-04-22T00:50:10.4254971Z * Context: Robomongo::MainWindow
build-app	Configure and Build Robo 3T	2026-04-22T00:50:10.4255304Z * Source: &Save
build-app	Configure and Build Robo 3T	2026-04-22T00:50:10.4255477Z 
build-app	Configure and Build Robo 3T	2026-04-22T00:50:10.4255609Z * Context: Robomongo::MainWindow
build-app	Configure and Build Robo 3T	2026-04-22T00:50:10.4255950Z * Source: Help
build-app	Configure and Build Robo 3T	2026-04-22T00:50:10.4256119Z 
build-app	Configure and Build Robo 3T	2026-04-22T00:50:10.4256250Z * Context: Robomongo::MainWindow
build-app	Configure and Build Robo 3T	2026-04-22T00:50:10.4256564Z * Source: &Open...
build-app	Configure and Build Robo 3T	2026-04-22T00:50:10.4256742Z 
build-app	Configure and Build Robo 3T	2026-04-22T00:50:10.4257334Z Updating 'D:/b/src/robomongo/robomongo_zh_CN_gui.qm'...
build-app	Configure and Build Robo 3T	2026-04-22T00:50:10.4257984Z     Generated 429 translation(s) (429 finished and 0 unfinished)
build-app	Configure and Build Robo 3T	2026-04-22T00:50:10.4316606Z [136/253] C:\Windows\system32\cmd.exe /C "cd /D D:\b\src\robomongo && D:\a\robomongo\Qt\5.15.2\msvc2019_64\bin\rcc.exe --name translations --output D:/b/src/robomongo/qrc_translations.cpp D:/b/src/robomongo/translations.qrc"
build-app	Configure and Build Robo 3T	2026-04-22T00:50:10.4537761Z [137/253] C:\Windows\system32\cmd.exe /C "cd /D D:\b\src\robomongo && "C:\Program Files\CMake\bin\cmake.exe" -E cmake_autorcc D:/b/src/robomongo/CMakeFiles/robomongo_autogen.dir/AutoRcc_gui_YHP5W5E6RA_Info.json Release"
build-app	Configure and Build Robo 3T	2026-04-22T00:50:11.7193878Z [138/253] C:\PROGRA~1\MICROS~2\2022\ENTERP~1\VC\Tools\MSVC\1444~1.352\bin\Hostx64\x64\cl.exe  /nologo /TP -DBOOST_THREAD_DONT_PROVIDE_INTERRUPTIONS -DBOOST_THREAD_DONT_PROVIDE_VARIADIC_THREAD -DBOOST_THREAD_HAS_BUG -DBOOST_THREAD_NO_DEPRECATED -DBOOST_THREAD_VERSION=4 -DBUILDING_ROBO -DBUILD_NUMBER=\"ce9d9c43\" -DESPRIMA_VERSION=\"2.7.3\" -DGOOGLE_TEST_VERSION=\"1.8.1\" -DLIBSSH2_VERSION=\"1.9.0\" -DMONGO_CONFIG_HAVE_HEADER_UNISTD_H -DMongoDB_VERSION=\"v1.5.4\" -DOPENSSL_VERSION=\"1.1.1u\" -DPCRE_STATIC -DPROJECT_COMPANYNAME="\"3T Software Labs Ltd\"" -DPROJECT_COMPANYNAME_DOMAIN=\"https://studio3t.com/\" -DPROJECT_COPYRIGHT="\"Copyright (C) 2014-2017 3T Software Labs Ltd All Rights Reserved.\"" -DPROJECT_DOMAIN=\"www.robomongo.org\" -DPROJECT_GITHUB_FORK=\"www.github.com/Studio3T/robomongo\" -DPROJECT_GITHUB_ISSUES=\"www.github.com/Studio3T/robomongo/issues\" -DPROJECT_NAME="\"Robo 3T\"" -DPROJECT_NAME_LOWERCASE="\"robo 3t\"" -DPROJECT_NAME_TITLE="\"Robo 3T\"" -DPROJECT_QT_VERSION=\"5.15.2\" -DPROJECT_VERSION=\"1.5.4\" -DPROJECT_VERSION_SHORT=\"1.5\" -DQJSON_STATIC -DQJSON_VERSION=\"0.8.1\" -DQT_CORE_LIB -DQT_GUI_LIB -DQT_NETWORK_LIB -DQT_NO_DEBUG -DQT_PRINTSUPPORT_LIB -DQT_WIDGETS_LIB -DQT_XML_LIB -DSCINTILLA_QT -DSCI_LEXER -D_SILENCE_CXX17_ITERATOR_BASE_CLASS_DEPRECATION_WARNING -D_SILENCE_CXX17_OLD_ALLOCATOR_MEMBERS_DEPRECATION_WARNING -ID:\b\src\robomongo\robomongo_autogen\include -IR:\src -IR:\src\third-party\qjson-0.8.1\sources\src -IR:\src\third-party\qscintilla-2.8.4\sources\Qt4Qt5 -IR:\src\third-party\qscintilla-2.8.4\sources\include -IR:\src\third-party\qscintilla-2.8.4\sources\lexlib -IR:\src\third-party\qscintilla-2.8.4\sources\src -ID:\b\src -IR:\src\third-party\libssh2-1.9.0\sources\include -external:ID:\a\robomongo\Qt\5.15.2\msvc2019_64\include -external:ID:\a\robomongo\Qt\5.15.2\msvc2019_64\include\QtWidgets -external:ID:\a\robomongo\Qt\5.15.2\msvc2019_64\include\QtGui -external:ID:\a\robomongo\Qt\5.15.2\msvc2019_64\include\QtANGLE -external:ID:\a\robomongo\Qt\5.15.2\msvc2019_64\include\QtCore -external:ID:\a\robomongo\Qt\5.15.2\msvc2019_64\.\mkspecs\win32-msvc -external:ID:\a\robomongo\Qt\5.15.2\msvc2019_64\include\QtNetwork -external:ID:\a\robomongo\Qt\5.15.2\msvc2019_64\include\QtXml -external:ID:\a\robomongo\Qt\5.15.2\msvc2019_64\include\QtPrintSupport -external:IS:\src -external:IS:\src\third_party\abseil-cpp-master\abseil-cpp -external:IS:\src\third_party\boost-1.70.0 -external:IS:\src\third_party\fmt\dist\include -external:IS:\src\third_party\mozjs-60\include -external:IS:\src\third_party\mozjs-60\mongo_sources -external:IS:\src\third_party\pcre-8.42 -external:IS:\src\third_party\SafeInt -external:IS:\build\opt -external:IS:\src\third_party\mozjs-60\platform\x86_64\windows\include -external:I"C:\Program Files\OpenSSL\include" -external:W0 /DWIN32 /D_WINDOWS /W3 /GR /EHsc -D_UNICODE -DUNICODE -DWIN32 -D_WIN32 -D_CRT_SECURE_NO_WARNINGS -DBOOST_ALL_NO_LIB /wd4355 /wd4800 /wd4267 /wd4244 /wd4290 /wd4068 /wd4351 /MP /MD /O2 /Ob2 /DNDEBUG -std:c++17 /wd4477 /wd4291 /showIncludes /Fosrc\robomongo\CMakeFiles\robomongo.dir\core\utils\StdUtils.cpp.obj /Fdsrc\robomongo\CMakeFiles\robomongo.dir\ /FS -c R:\src\robomongo\core\utils\StdUtils.cpp
build-app	Configure and Build Robo 3T	2026-04-22T00:50:17.1471455Z [139/253] C:\PROGRA~1\MICROS~2\2022\ENTERP~1\VC\Tools\MSVC\1444~1.352\bin\Hostx64\x64\cl.exe  /nologo /TP -DBOOST_THREAD_DONT_PROVIDE_INTERRUPTIONS -DBOOST_THREAD_DONT_PROVIDE_VARIADIC_THREAD -DBOOST_THREAD_HAS_BUG -DBOOST_THREAD_NO_DEPRECATED -DBOOST_THREAD_VERSION=4 -DBUILDING_ROBO -DBUILD_NUMBER=\"ce9d9c43\" -DESPRIMA_VERSION=\"2.7.3\" -DGOOGLE_TEST_VERSION=\"1.8.1\" -DLIBSSH2_VERSION=\"1.9.0\" -DMONGO_CONFIG_HAVE_HEADER_UNISTD_H -DMongoDB_VERSION=\"v1.5.4\" -DOPENSSL_VERSION=\"1.1.1u\" -DPCRE_STATIC -DPROJECT_COMPANYNAME="\"3T Software Labs Ltd\"" -DPROJECT_COMPANYNAME_DOMAIN=\"https://studio3t.com/\" -DPROJECT_COPYRIGHT="\"Copyright (C) 2014-2017 3T Software Labs Ltd All Rights Reserved.\"" -DPROJECT_DOMAIN=\"www.robomongo.org\" -DPROJECT_GITHUB_FORK=\"www.github.com/Studio3T/robomongo\" -DPROJECT_GITHUB_ISSUES=\"www.github.com/Studio3T/robomongo/issues\" -DPROJECT_NAME="\"Robo 3T\"" -DPROJECT_NAME_LOWERCASE="\"robo 3t\"" -DPROJECT_NAME_TITLE="\"Robo 3T\"" -DPROJECT_QT_VERSION=\"5.15.2\" -DPROJECT_VERSION=\"1.5.4\" -DPROJECT_VERSION_SHORT=\"1.5\" -DQJSON_STATIC -DQJSON_VERSION=\"0.8.1\" -DQT_CORE_LIB -DQT_GUI_LIB -DQT_NETWORK_LIB -DQT_NO_DEBUG -DQT_PRINTSUPPORT_LIB -DQT_WIDGETS_LIB -DQT_XML_LIB -DSCINTILLA_QT -DSCI_LEXER -D_SILENCE_CXX17_ITERATOR_BASE_CLASS_DEPRECATION_WARNING -D_SILENCE_CXX17_OLD_ALLOCATOR_MEMBERS_DEPRECATION_WARNING -ID:\b\src\robomongo\robomongo_autogen\include -IR:\src -IR:\src\third-party\qjson-0.8.1\sources\src -IR:\src\third-party\qscintilla-2.8.4\sources\Qt4Qt5 -IR:\src\third-party\qscintilla-2.8.4\sources\include -IR:\src\third-party\qscintilla-2.8.4\sources\lexlib -IR:\src\third-party\qscintilla-2.8.4\sources\src -ID:\b\src -IR:\src\third-party\libssh2-1.9.0\sources\include -external:ID:\a\robomongo\Qt\5.15.2\msvc2019_64\include -external:ID:\a\robomongo\Qt\5.15.2\msvc2019_64\include\QtWidgets -external:ID:\a\robomongo\Qt\5.15.2\msvc2019_64\include\QtGui -external:ID:\a\robomongo\Qt\5.15.2\msvc2019_64\include\QtANGLE -external:ID:\a\robomongo\Qt\5.15.2\msvc2019_64\include\QtCore -external:ID:\a\robomongo\Qt\5.15.2\msvc2019_64\.\mkspecs\win32-msvc -external:ID:\a\robomongo\Qt\5.15.2\msvc2019_64\include\QtNetwork -external:ID:\a\robomongo\Qt\5.15.2\msvc2019_64\include\QtXml -external:ID:\a\robomongo\Qt\5.15.2\msvc2019_64\include\QtPrintSupport -external:IS:\src -external:IS:\src\third_party\abseil-cpp-master\abseil-cpp -external:IS:\src\third_party\boost-1.70.0 -external:IS:\src\third_party\fmt\dist\include -external:IS:\src\third_party\mozjs-60\include -external:IS:\src\third_party\mozjs-60\mongo_sources -external:IS:\src\third_party\pcre-8.42 -external:IS:\src\third_party\SafeInt -external:IS:\build\opt -external:IS:\src\third_party\mozjs-60\platform\x86_64\windows\include -external:I"C:\Program Files\OpenSSL\include" -external:W0 /DWIN32 /D_WINDOWS /W3 /GR /EHsc -D_UNICODE -DUNICODE -DWIN32 -D_WIN32 -D_CRT_SECURE_NO_WARNINGS -DBOOST_ALL_NO_LIB /wd4355 /wd4800 /wd4267 /wd4244 /wd4290 /wd4068 /wd4351 /MP /MD /O2 /Ob2 /DNDEBUG -std:c++17 /wd4477 /wd4291 /showIncludes /Fosrc\robomongo\CMakeFiles\robomongo.dir\core\utils\QtUtils.cpp.obj /Fdsrc\robomongo\CMakeFiles\robomongo.dir\ /FS -c R:\src\robomongo\core\utils\QtUtils.cpp
build-app	Configure and Build Robo 3T	2026-04-22T00:50:19.1930056Z [140/253] C:\PROGRA~1\MICROS~2\2022\ENTERP~1\VC\Tools\MSVC\1444~1.352\bin\Hostx64\x64\cl.exe  /nologo /TP -DBOOST_THREAD_DONT_PROVIDE_INTERRUPTIONS -DBOOST_THREAD_DONT_PROVIDE_VARIADIC_THREAD -DBOOST_THREAD_HAS_BUG -DBOOST_THREAD_NO_DEPRECATED -DBOOST_THREAD_VERSION=4 -DBUILDING_ROBO -DBUILD_NUMBER=\"ce9d9c43\" -DESPRIMA_VERSION=\"2.7.3\" -DGOOGLE_TEST_VERSION=\"1.8.1\" -DLIBSSH2_VERSION=\"1.9.0\" -DMONGO_CONFIG_HAVE_HEADER_UNISTD_H -DMongoDB_VERSION=\"v1.5.4\" -DOPENSSL_VERSION=\"1.1.1u\" -DPCRE_STATIC -DPROJECT_COMPANYNAME="\"3T Software Labs Ltd\"" -DPROJECT_COMPANYNAME_DOMAIN=\"https://studio3t.com/\" -DPROJECT_COPYRIGHT="\"Copyright (C) 2014-2017 3T Software Labs Ltd All Rights Reserved.\"" -DPROJECT_DOMAIN=\"www.robomongo.org\" -DPROJECT_GITHUB_FORK=\"www.github.com/Studio3T/robomongo\" -DPROJECT_GITHUB_ISSUES=\"www.github.com/Studio3T/robomongo/issues\" -DPROJECT_NAME="\"Robo 3T\"" -DPROJECT_NAME_LOWERCASE="\"robo 3t\"" -DPROJECT_NAME_TITLE="\"Robo 3T\"" -DPROJECT_QT_VERSION=\"5.15.2\" -DPROJECT_VERSION=\"1.5.4\" -DPROJECT_VERSION_SHORT=\"1.5\" -DQJSON_STATIC -DQJSON_VERSION=\"0.8.1\" -DQT_CORE_LIB -DQT_GUI_LIB -DQT_NETWORK_LIB -DQT_NO_DEBUG -DQT_PRINTSUPPORT_LIB -DQT_WIDGETS_LIB -DQT_XML_LIB -DSCINTILLA_QT -DSCI_LEXER -D_SILENCE_CXX17_ITERATOR_BASE_CLASS_DEPRECATION_WARNING -D_SILENCE_CXX17_OLD_ALLOCATOR_MEMBERS_DEPRECATION_WARNING -ID:\b\src\robomongo\robomongo_autogen\include -IR:\src -IR:\src\third-party\qjson-0.8.1\sources\src -IR:\src\third-party\qscintilla-2.8.4\sources\Qt4Qt5 -IR:\src\third-party\qscintilla-2.8.4\sources\include -IR:\src\third-party\qscintilla-2.8.4\sources\lexlib -IR:\src\third-party\qscintilla-2.8.4\sources\src -ID:\b\src -IR:\src\third-party\libssh2-1.9.0\sources\include -external:ID:\a\robomongo\Qt\5.15.2\msvc2019_64\include -external:ID:\a\robomongo\Qt\5.15.2\msvc2019_64\include\QtWidgets -external:ID:\a\robomongo\Qt\5.15.2\msvc2019_64\include\QtGui -external:ID:\a\robomongo\Qt\5.15.2\msvc2019_64\include\QtANGLE -external:ID:\a\robomongo\Qt\5.15.2\msvc2019_64\include\QtCore -external:ID:\a\robomongo\Qt\5.15.2\msvc2019_64\.\mkspecs\win32-msvc -external:ID:\a\robomongo\Qt\5.15.2\msvc2019_64\include\QtNetwork -external:ID:\a\robomongo\Qt\5.15.2\msvc2019_64\include\QtXml -external:ID:\a\robomongo\Qt\5.15.2\msvc2019_64\include\QtPrintSupport -external:IS:\src -external:IS:\src\third_party\abseil-cpp-master\abseil-cpp -external:IS:\src\third_party\boost-1.70.0 -external:IS:\src\third_party\fmt\dist\include -external:IS:\src\third_party\mozjs-60\include -external:IS:\src\third_party\mozjs-60\mongo_sources -external:IS:\src\third_party\pcre-8.42 -external:IS:\src\third_party\SafeInt -external:IS:\build\opt -external:IS:\src\third_party\mozjs-60\platform\x86_64\windows\include -external:I"C:\Program Files\OpenSSL\include" -external:W0 /DWIN32 /D_WINDOWS /W3 /GR /EHsc -D_UNICODE -DUNICODE -DWIN32 -D_WIN32 -D_CRT_SECURE_NO_WARNINGS -DBOOST_ALL_NO_LIB /wd4355 /wd4800 /wd4267 /wd4244 /wd4290 /wd4068 /wd4351 /MP /MD /O2 /Ob2 /DNDEBUG -std:c++17 /wd4477 /wd4291 /showIncludes /Fosrc\robomongo\CMakeFiles\robomongo.dir\core\HexUtils.cpp.obj /Fdsrc\robomongo\CMakeFiles\robomongo.dir\ /FS -c R:\src\robomongo\core\HexUtils.cpp
build-app	Configure and Build Robo 3T	2026-04-22T00:50:20.5450787Z [141/253] C:\PROGRA~1\MICROS~2\2022\ENTERP~1\VC\Tools\MSVC\1444~1.352\bin\Hostx64\x64\cl.exe  /nologo /TP -DBOOST_THREAD_DONT_PROVIDE_INTERRUPTIONS -DBOOST_THREAD_DONT_PROVIDE_VARIADIC_THREAD -DBOOST_THREAD_HAS_BUG -DBOOST_THREAD_NO_DEPRECATED -DBOOST_THREAD_VERSION=4 -DBUILDING_ROBO -DBUILD_NUMBER=\"ce9d9c43\" -DESPRIMA_VERSION=\"2.7.3\" -DGOOGLE_TEST_VERSION=\"1.8.1\" -DLIBSSH2_VERSION=\"1.9.0\" -DMONGO_CONFIG_HAVE_HEADER_UNISTD_H -DMongoDB_VERSION=\"v1.5.4\" -DOPENSSL_VERSION=\"1.1.1u\" -DPCRE_STATIC -DPROJECT_COMPANYNAME="\"3T Software Labs Ltd\"" -DPROJECT_COMPANYNAME_DOMAIN=\"https://studio3t.com/\" -DPROJECT_COPYRIGHT="\"Copyright (C) 2014-2017 3T Software Labs Ltd All Rights Reserved.\"" -DPROJECT_DOMAIN=\"www.robomongo.org\" -DPROJECT_GITHUB_FORK=\"www.github.com/Studio3T/robomongo\" -DPROJECT_GITHUB_ISSUES=\"www.github.com/Studio3T/robomongo/issues\" -DPROJECT_NAME="\"Robo 3T\"" -DPROJECT_NAME_LOWERCASE="\"robo 3t\"" -DPROJECT_NAME_TITLE="\"Robo 3T\"" -DPROJECT_QT_VERSION=\"5.15.2\" -DPROJECT_VERSION=\"1.5.4\" -DPROJECT_VERSION_SHORT=\"1.5\" -DQJSON_STATIC -DQJSON_VERSION=\"0.8.1\" -DQT_CORE_LIB -DQT_GUI_LIB -DQT_NETWORK_LIB -DQT_NO_DEBUG -DQT_PRINTSUPPORT_LIB -DQT_WIDGETS_LIB -DQT_XML_LIB -DSCINTILLA_QT -DSCI_LEXER -D_SILENCE_CXX17_ITERATOR_BASE_CLASS_DEPRECATION_WARNING -D_SILENCE_CXX17_OLD_ALLOCATOR_MEMBERS_DEPRECATION_WARNING -ID:\b\src\robomongo\robomongo_autogen\include -IR:\src -IR:\src\third-party\qjson-0.8.1\sources\src -IR:\src\third-party\qscintilla-2.8.4\sources\Qt4Qt5 -IR:\src\third-party\qscintilla-2.8.4\sources\include -IR:\src\third-party\qscintilla-2.8.4\sources\lexlib -IR:\src\third-party\qscintilla-2.8.4\sources\src -ID:\b\src -IR:\src\third-party\libssh2-1.9.0\sources\include -external:ID:\a\robomongo\Qt\5.15.2\msvc2019_64\include -external:ID:\a\robomongo\Qt\5.15.2\msvc2019_64\include\QtWidgets -external:ID:\a\robomongo\Qt\5.15.2\msvc2019_64\include\QtGui -external:ID:\a\robomongo\Qt\5.15.2\msvc2019_64\include\QtANGLE -external:ID:\a\robomongo\Qt\5.15.2\msvc2019_64\include\QtCore -external:ID:\a\robomongo\Qt\5.15.2\msvc2019_64\.\mkspecs\win32-msvc -external:ID:\a\robomongo\Qt\5.15.2\msvc2019_64\include\QtNetwork -external:ID:\a\robomongo\Qt\5.15.2\msvc2019_64\include\QtXml -external:ID:\a\robomongo\Qt\5.15.2\msvc2019_64\include\QtPrintSupport -external:IS:\src -external:IS:\src\third_party\abseil-cpp-master\abseil-cpp -external:IS:\src\third_party\boost-1.70.0 -external:IS:\src\third_party\fmt\dist\include -external:IS:\src\third_party\mozjs-60\include -external:IS:\src\third_party\mozjs-60\mongo_sources -external:IS:\src\third_party\pcre-8.42 -external:IS:\src\third_party\SafeInt -external:IS:\build\opt -external:IS:\src\third_party\mozjs-60\platform\x86_64\windows\include -external:I"C:\Program Files\OpenSSL\include" -external:W0 /DWIN32 /D_WINDOWS /W3 /GR /EHsc -D_UNICODE -DUNICODE -DWIN32 -D_WIN32 -D_CRT_SECURE_NO_WARNINGS -DBOOST_ALL_NO_LIB /wd4355 /wd4800 /wd4267 /wd4244 /wd4290 /wd4068 /wd4351 /MP /MD /O2 /Ob2 /DNDEBUG -std:c++17 /wd4477 /wd4291 /showIncludes /Fosrc\robomongo\CMakeFiles\robomongo.dir\robomongo_autogen\mocs_compilation.cpp.obj /Fdsrc\robomongo\CMakeFiles\robomongo.dir\ /FS -c D:\b\src\robomongo\robomongo_autogen\mocs_compilation.cpp
build-app	Configure and Build Robo 3T	2026-04-22T00:50:20.6195666Z FAILED: [code=2] src/robomongo/CMakeFiles/robomongo.dir/robomongo_autogen/mocs_compilation.cpp.obj 
build-app	Configure and Build Robo 3T	2026-04-22T00:50:20.6869187Z C:\PROGRA~1\MICROS~2\2022\ENTERP~1\VC\Tools\MSVC\1444~1.352\bin\Hostx64\x64\cl.exe  /nologo /TP -DBOOST_THREAD_DONT_PROVIDE_INTERRUPTIONS -DBOOST_THREAD_DONT_PROVIDE_VARIADIC_THREAD -DBOOST_THREAD_HAS_BUG -DBOOST_THREAD_NO_DEPRECATED -DBOOST_THREAD_VERSION=4 -DBUILDING_ROBO -DBUILD_NUMBER=\"ce9d9c43\" -DESPRIMA_VERSION=\"2.7.3\" -DGOOGLE_TEST_VERSION=\"1.8.1\" -DLIBSSH2_VERSION=\"1.9.0\" -DMONGO_CONFIG_HAVE_HEADER_UNISTD_H -DMongoDB_VERSION=\"v1.5.4\" -DOPENSSL_VERSION=\"1.1.1u\" -DPCRE_STATIC -DPROJECT_COMPANYNAME="\"3T Software Labs Ltd\"" -DPROJECT_COMPANYNAME_DOMAIN=\"https://studio3t.com/\" -DPROJECT_COPYRIGHT="\"Copyright (C) 2014-2017 3T Software Labs Ltd All Rights Reserved.\"" -DPROJECT_DOMAIN=\"www.robomongo.org\" -DPROJECT_GITHUB_FORK=\"www.github.com/Studio3T/robomongo\" -DPROJECT_GITHUB_ISSUES=\"www.github.com/Studio3T/robomongo/issues\" -DPROJECT_NAME="\"Robo 3T\"" -DPROJECT_NAME_LOWERCASE="\"robo 3t\"" -DPROJECT_NAME_TITLE="\"Robo 3T\"" -DPROJECT_QT_VERSION=\"5.15.2\" -DPROJECT_VERSION=\"1.5.4\" -DPROJECT_VERSION_SHORT=\"1.5\" -DQJSON_STATIC -DQJSON_VERSION=\"0.8.1\" -DQT_CORE_LIB -DQT_GUI_LIB -DQT_NETWORK_LIB -DQT_NO_DEBUG -DQT_PRINTSUPPORT_LIB -DQT_WIDGETS_LIB -DQT_XML_LIB -DSCINTILLA_QT -DSCI_LEXER -D_SILENCE_CXX17_ITERATOR_BASE_CLASS_DEPRECATION_WARNING -D_SILENCE_CXX17_OLD_ALLOCATOR_MEMBERS_DEPRECATION_WARNING -ID:\b\src\robomongo\robomongo_autogen\include -IR:\src -IR:\src\third-party\qjson-0.8.1\sources\src -IR:\src\third-party\qscintilla-2.8.4\sources\Qt4Qt5 -IR:\src\third-party\qscintilla-2.8.4\sources\include -IR:\src\third-party\qscintilla-2.8.4\sources\lexlib -IR:\src\third-party\qscintilla-2.8.4\sources\src -ID:\b\src -IR:\src\third-party\libssh2-1.9.0\sources\include -external:ID:\a\robomongo\Qt\5.15.2\msvc2019_64\include -external:ID:\a\robomongo\Qt\5.15.2\msvc2019_64\include\QtWidgets -external:ID:\a\robomongo\Qt\5.15.2\msvc2019_64\include\QtGui -external:ID:\a\robomongo\Qt\5.15.2\msvc2019_64\include\QtANGLE -external:ID:\a\robomongo\Qt\5.15.2\msvc2019_64\include\QtCore -external:ID:\a\robomongo\Qt\5.15.2\msvc2019_64\.\mkspecs\win32-msvc -external:ID:\a\robomongo\Qt\5.15.2\msvc2019_64\include\QtNetwork -external:ID:\a\robomongo\Qt\5.15.2\msvc2019_64\include\QtXml -external:ID:\a\robomongo\Qt\5.15.2\msvc2019_64\include\QtPrintSupport -external:IS:\src -external:IS:\src\third_party\abseil-cpp-master\abseil-cpp -external:IS:\src\third_party\boost-1.70.0 -external:IS:\src\third_party\fmt\dist\include -external:IS:\src\third_party\mozjs-60\include -external:IS:\src\third_party\mozjs-60\mongo_sources -external:IS:\src\third_party\pcre-8.42 -external:IS:\src\third_party\SafeInt -external:IS:\build\opt -external:IS:\src\third_party\mozjs-60\platform\x86_64\windows\include -external:I"C:\Program Files\OpenSSL\include" -external:W0 /DWIN32 /D_WINDOWS /W3 /GR /EHsc -D_UNICODE -DUNICODE -DWIN32 -D_WIN32 -D_CRT_SECURE_NO_WARNINGS -DBOOST_ALL_NO_LIB /wd4355 /wd4800 /wd4267 /wd4244 /wd4290 /wd4068 /wd4351 /MP /MD /O2 /Ob2 /DNDEBUG -std:c++17 /wd4477 /wd4291 /showIncludes /Fosrc\robomongo\CMakeFiles\robomongo.dir\robomongo_autogen\mocs_compilation.cpp.obj /Fdsrc\robomongo\CMakeFiles\robomongo.dir\ /FS -c D:\b\src\robomongo\robomongo_autogen\mocs_compilation.cpp
build-app	Configure and Build Robo 3T	2026-04-22T00:50:20.7664417Z R:/src/robomongo/gui/widgets/workarea/ScriptWidget.h(117): error C2535: 'int Robomongo::ScriptWidget::editorHeight(int) const': member function already defined or declared
build-app	Configure and Build Robo 3T	2026-04-22T00:50:20.8288894Z R:/src/robomongo/gui/widgets/workarea/ScriptWidget.h(94): note: see declaration of 'Robomongo::ScriptWidget::editorHeight'
build-app	Configure and Build Robo 3T	2026-04-22T00:50:22.1074745Z [142/253] C:\PROGRA~1\MICROS~2\2022\ENTERP~1\VC\Tools\MSVC\1444~1.352\bin\Hostx64\x64\cl.exe  /nologo /TP -DBOOST_THREAD_DONT_PROVIDE_INTERRUPTIONS -DBOOST_THREAD_DONT_PROVIDE_VARIADIC_THREAD -DBOOST_THREAD_HAS_BUG -DBOOST_THREAD_NO_DEPRECATED -DBOOST_THREAD_VERSION=4 -DBUILDING_ROBO -DBUILD_NUMBER=\"ce9d9c43\" -DESPRIMA_VERSION=\"2.7.3\" -DGOOGLE_TEST_VERSION=\"1.8.1\" -DLIBSSH2_VERSION=\"1.9.0\" -DMONGO_CONFIG_HAVE_HEADER_UNISTD_H -DMongoDB_VERSION=\"v1.5.4\" -DOPENSSL_VERSION=\"1.1.1u\" -DPCRE_STATIC -DPROJECT_COMPANYNAME="\"3T Software Labs Ltd\"" -DPROJECT_COMPANYNAME_DOMAIN=\"https://studio3t.com/\" -DPROJECT_COPYRIGHT="\"Copyright (C) 2014-2017 3T Software Labs Ltd All Rights Reserved.\"" -DPROJECT_DOMAIN=\"www.robomongo.org\" -DPROJECT_GITHUB_FORK=\"www.github.com/Studio3T/robomongo\" -DPROJECT_GITHUB_ISSUES=\"www.github.com/Studio3T/robomongo/issues\" -DPROJECT_NAME="\"Robo 3T\"" -DPROJECT_NAME_LOWERCASE="\"robo 3t\"" -DPROJECT_NAME_TITLE="\"Robo 3T\"" -DPROJECT_QT_VERSION=\"5.15.2\" -DPROJECT_VERSION=\"1.5.4\" -DPROJECT_VERSION_SHORT=\"1.5\" -DQJSON_STATIC -DQJSON_VERSION=\"0.8.1\" -DQT_CORE_LIB -DQT_GUI_LIB -DQT_NETWORK_LIB -DQT_NO_DEBUG -DQT_PRINTSUPPORT_LIB -DQT_WIDGETS_LIB -DQT_XML_LIB -DSCINTILLA_QT -DSCI_LEXER -D_SILENCE_CXX17_ITERATOR_BASE_CLASS_DEPRECATION_WARNING -D_SILENCE_CXX17_OLD_ALLOCATOR_MEMBERS_DEPRECATION_WARNING -ID:\b\src\robomongo\robomongo_autogen\include -IR:\src -IR:\src\third-party\qjson-0.8.1\sources\src -IR:\src\third-party\qscintilla-2.8.4\sources\Qt4Qt5 -IR:\src\third-party\qscintilla-2.8.4\sources\include -IR:\src\third-party\qscintilla-2.8.4\sources\lexlib -IR:\src\third-party\qscintilla-2.8.4\sources\src -ID:\b\src -IR:\src\third-party\libssh2-1.9.0\sources\include -external:ID:\a\robomongo\Qt\5.15.2\msvc2019_64\include -external:ID:\a\robomongo\Qt\5.15.2\msvc2019_64\include\QtWidgets -external:ID:\a\robomongo\Qt\5.15.2\msvc2019_64\include\QtGui -external:ID:\a\robomongo\Qt\5.15.2\msvc2019_64\include\QtANGLE -external:ID:\a\robomongo\Qt\5.15.2\msvc2019_64\include\QtCore -external:ID:\a\robomongo\Qt\5.15.2\msvc2019_64\.\mkspecs\win32-msvc -external:ID:\a\robomongo\Qt\5.15.2\msvc2019_64\include\QtNetwork -external:ID:\a\robomongo\Qt\5.15.2\msvc2019_64\include\QtXml -external:ID:\a\robomongo\Qt\5.15.2\msvc2019_64\include\QtPrintSupport -external:IS:\src -external:IS:\src\third_party\abseil-cpp-master\abseil-cpp -external:IS:\src\third_party\boost-1.70.0 -external:IS:\src\third_party\fmt\dist\include -external:IS:\src\third_party\mozjs-60\include -external:IS:\src\third_party\mozjs-60\mongo_sources -external:IS:\src\third_party\pcre-8.42 -external:IS:\src\third_party\SafeInt -external:IS:\build\opt -external:IS:\src\third_party\mozjs-60\platform\x86_64\windows\include -external:I"C:\Program Files\OpenSSL\include" -external:W0 /DWIN32 /D_WINDOWS /W3 /GR /EHsc -D_UNICODE -DUNICODE -DWIN32 -D_WIN32 -D_CRT_SECURE_NO_WARNINGS -DBOOST_ALL_NO_LIB /wd4355 /wd4800 /wd4267 /wd4244 /wd4290 /wd4068 /wd4351 /MP /MD /O2 /Ob2 /DNDEBUG -std:c++17 /wd4477 /wd4291 /showIncludes /Fosrc\robomongo\CMakeFiles\robomongo.dir\core\settings\CredentialSettings.cpp.obj /Fdsrc\robomongo\CMakeFiles\robomongo.dir\ /FS -c R:\src\robomongo\core\settings\CredentialSettings.cpp
build-app	Configure and Build Robo 3T	2026-04-22T00:50:22.6912928Z [143/253] C:\PROGRA~1\MICROS~2\2022\ENTERP~1\VC\Tools\MSVC\1444~1.352\bin\Hostx64\x64\cl.exe  /nologo /TP -DBOOST_THREAD_DONT_PROVIDE_INTERRUPTIONS -DBOOST_THREAD_DONT_PROVIDE_VARIADIC_THREAD -DBOOST_THREAD_HAS_BUG -DBOOST_THREAD_NO_DEPRECATED -DBOOST_THREAD_VERSION=4 -DBUILDING_ROBO -DBUILD_NUMBER=\"ce9d9c43\" -DESPRIMA_VERSION=\"2.7.3\" -DGOOGLE_TEST_VERSION=\"1.8.1\" -DLIBSSH2_VERSION=\"1.9.0\" -DMONGO_CONFIG_HAVE_HEADER_UNISTD_H -DMongoDB_VERSION=\"v1.5.4\" -DOPENSSL_VERSION=\"1.1.1u\" -DPCRE_STATIC -DPROJECT_COMPANYNAME="\"3T Software Labs Ltd\"" -DPROJECT_COMPANYNAME_DOMAIN=\"https://studio3t.com/\" -DPROJECT_COPYRIGHT="\"Copyright (C) 2014-2017 3T Software Labs Ltd All Rights Reserved.\"" -DPROJECT_DOMAIN=\"www.robomongo.org\" -DPROJECT_GITHUB_FORK=\"www.github.com/Studio3T/robomongo\" -DPROJECT_GITHUB_ISSUES=\"www.github.com/Studio3T/robomongo/issues\" -DPROJECT_NAME="\"Robo 3T\"" -DPROJECT_NAME_LOWERCASE="\"robo 3t\"" -DPROJECT_NAME_TITLE="\"Robo 3T\"" -DPROJECT_QT_VERSION=\"5.15.2\" -DPROJECT_VERSION=\"1.5.4\" -DPROJECT_VERSION_SHORT=\"1.5\" -DQJSON_STATIC -DQJSON_VERSION=\"0.8.1\" -DQT_CORE_LIB -DQT_GUI_LIB -DQT_NETWORK_LIB -DQT_NO_DEBUG -DQT_PRINTSUPPORT_LIB -DQT_WIDGETS_LIB -DQT_XML_LIB -DSCINTILLA_QT -DSCI_LEXER -D_SILENCE_CXX17_ITERATOR_BASE_CLASS_DEPRECATION_WARNING -D_SILENCE_CXX17_OLD_ALLOCATOR_MEMBERS_DEPRECATION_WARNING -ID:\b\src\robomongo\robomongo_autogen\include -IR:\src -IR:\src\third-party\qjson-0.8.1\sources\src -IR:\src\third-party\qscintilla-2.8.4\sources\Qt4Qt5 -IR:\src\third-party\qscintilla-2.8.4\sources\include -IR:\src\third-party\qscintilla-2.8.4\sources\lexlib -IR:\src\third-party\qscintilla-2.8.4\sources\src -ID:\b\src -IR:\src\third-party\libssh2-1.9.0\sources\include -external:ID:\a\robomongo\Qt\5.15.2\msvc2019_64\include -external:ID:\a\robomongo\Qt\5.15.2\msvc2019_64\include\QtWidgets -external:ID:\a\robomongo\Qt\5.15.2\msvc2019_64\include\QtGui -external:ID:\a\robomongo\Qt\5.15.2\msvc2019_64\include\QtANGLE -external:ID:\a\robomongo\Qt\5.15.2\msvc2019_64\include\QtCore -external:ID:\a\robomongo\Qt\5.15.2\msvc2019_64\.\mkspecs\win32-msvc -external:ID:\a\robomongo\Qt\5.15.2\msvc2019_64\include\QtNetwork -external:ID:\a\robomongo\Qt\5.15.2\msvc2019_64\include\QtXml -external:ID:\a\robomongo\Qt\5.15.2\msvc2019_64\include\QtPrintSupport -external:IS:\src -external:IS:\src\third_party\abseil-cpp-master\abseil-cpp -external:IS:\src\third_party\boost-1.70.0 -external:IS:\src\third_party\fmt\dist\include -external:IS:\src\third_party\mozjs-60\include -external:IS:\src\third_party\mozjs-60\mongo_sources -external:IS:\src\third_party\pcre-8.42 -external:IS:\src\third_party\SafeInt -external:IS:\build\opt -external:IS:\src\third_party\mozjs-60\platform\x86_64\windows\include -external:I"C:\Program Files\OpenSSL\include" -external:W0 /DWIN32 /D_WINDOWS /W3 /GR /EHsc -D_UNICODE -DUNICODE -DWIN32 -D_WIN32 -D_CRT_SECURE_NO_WARNINGS -DBOOST_ALL_NO_LIB /wd4355 /wd4800 /wd4267 /wd4244 /wd4290 /wd4068 /wd4351 /MP /MD /O2 /Ob2 /DNDEBUG -std:c++17 /wd4477 /wd4291 /showIncludes /Fosrc\robomongo\CMakeFiles\robomongo.dir\core\utils\Logger.cpp.obj /Fdsrc\robomongo\CMakeFiles\robomongo.dir\ /FS -c R:\src\robomongo\core\utils\Logger.cpp
build-app	Configure and Build Robo 3T	2026-04-22T00:50:23.0892534Z [144/253] C:\PROGRA~1\MICROS~2\2022\ENTERP~1\VC\Tools\MSVC\1444~1.352\bin\Hostx64\x64\cl.exe  /nologo /TP -DBOOST_THREAD_DONT_PROVIDE_INTERRUPTIONS -DBOOST_THREAD_DONT_PROVIDE_VARIADIC_THREAD -DBOOST_THREAD_HAS_BUG -DBOOST_THREAD_NO_DEPRECATED -DBOOST_THREAD_VERSION=4 -DBUILDING_ROBO -DBUILD_NUMBER=\"ce9d9c43\" -DESPRIMA_VERSION=\"2.7.3\" -DGOOGLE_TEST_VERSION=\"1.8.1\" -DLIBSSH2_VERSION=\"1.9.0\" -DMONGO_CONFIG_HAVE_HEADER_UNISTD_H -DMongoDB_VERSION=\"v1.5.4\" -DOPENSSL_VERSION=\"1.1.1u\" -DPCRE_STATIC -DPROJECT_COMPANYNAME="\"3T Software Labs Ltd\"" -DPROJECT_COMPANYNAME_DOMAIN=\"https://studio3t.com/\" -DPROJECT_COPYRIGHT="\"Copyright (C) 2014-2017 3T Software Labs Ltd All Rights Reserved.\"" -DPROJECT_DOMAIN=\"www.robomongo.org\" -DPROJECT_GITHUB_FORK=\"www.github.com/Studio3T/robomongo\" -DPROJECT_GITHUB_ISSUES=\"www.github.com/Studio3T/robomongo/issues\" -DPROJECT_NAME="\"Robo 3T\"" -DPROJECT_NAME_LOWERCASE="\"robo 3t\"" -DPROJECT_NAME_TITLE="\"Robo 3T\"" -DPROJECT_QT_VERSION=\"5.15.2\" -DPROJECT_VERSION=\"1.5.4\" -DPROJECT_VERSION_SHORT=\"1.5\" -DQJSON_STATIC -DQJSON_VERSION=\"0.8.1\" -DQT_CORE_LIB -DQT_GUI_LIB -DQT_NETWORK_LIB -DQT_NO_DEBUG -DQT_PRINTSUPPORT_LIB -DQT_WIDGETS_LIB -DQT_XML_LIB -DSCINTILLA_QT -DSCI_LEXER -D_SILENCE_CXX17_ITERATOR_BASE_CLASS_DEPRECATION_WARNING -D_SILENCE_CXX17_OLD_ALLOCATOR_MEMBERS_DEPRECATION_WARNING -ID:\b\src\robomongo\robomongo_autogen\include -IR:\src -IR:\src\third-party\qjson-0.8.1\sources\src -IR:\src\third-party\qscintilla-2.8.4\sources\Qt4Qt5 -IR:\src\third-party\qscintilla-2.8.4\sources\include -IR:\src\third-party\qscintilla-2.8.4\sources\lexlib -IR:\src\third-party\qscintilla-2.8.4\sources\src -ID:\b\src -IR:\src\third-party\libssh2-1.9.0\sources\include -external:ID:\a\robomongo\Qt\5.15.2\msvc2019_64\include -external:ID:\a\robomongo\Qt\5.15.2\msvc2019_64\include\QtWidgets -external:ID:\a\robomongo\Qt\5.15.2\msvc2019_64\include\QtGui -external:ID:\a\robomongo\Qt\5.15.2\msvc2019_64\include\QtANGLE -external:ID:\a\robomongo\Qt\5.15.2\msvc2019_64\include\QtCore -external:ID:\a\robomongo\Qt\5.15.2\msvc2019_64\.\mkspecs\win32-msvc -external:ID:\a\robomongo\Qt\5.15.2\msvc2019_64\include\QtNetwork -external:ID:\a\robomongo\Qt\5.15.2\msvc2019_64\include\QtXml -external:ID:\a\robomongo\Qt\5.15.2\msvc2019_64\include\QtPrintSupport -external:IS:\src -external:IS:\src\third_party\abseil-cpp-master\abseil-cpp -external:IS:\src\third_party\boost-1.70.0 -external:IS:\src\third_party\fmt\dist\include -external:IS:\src\third_party\mozjs-60\include -external:IS:\src\third_party\mozjs-60\mongo_sources -external:IS:\src\third_party\pcre-8.42 -external:IS:\src\third_party\SafeInt -external:IS:\build\opt -external:IS:\src\third_party\mozjs-60\platform\x86_64\windows\include -external:I"C:\Program Files\OpenSSL\include" -external:W0 /DWIN32 /D_WINDOWS /W3 /GR /EHsc -D_UNICODE -DUNICODE -DWIN32 -D_WIN32 -D_CRT_SECURE_NO_WARNINGS -DBOOST_ALL_NO_LIB /wd4355 /wd4800 /wd4267 /wd4244 /wd4290 /wd4068 /wd4351 /MP /MD /O2 /Ob2 /DNDEBUG -std:c++17 /wd4477 /wd4291 /showIncludes /Fosrc\robomongo\CMakeFiles\robomongo.dir\app\main.cpp.obj /Fdsrc\robomongo\CMakeFiles\robomongo.dir\ /FS -c R:\src\robomongo\app\main.cpp
build-app	Configure and Build Robo 3T	2026-04-22T00:50:25.6594173Z [145/253] C:\PROGRA~1\MICROS~2\2022\ENTERP~1\VC\Tools\MSVC\1444~1.352\bin\Hostx64\x64\cl.exe  /nologo /TP -DBOOST_THREAD_DONT_PROVIDE_INTERRUPTIONS -DBOOST_THREAD_DONT_PROVIDE_VARIADIC_THREAD -DBOOST_THREAD_HAS_BUG -DBOOST_THREAD_NO_DEPRECATED -DBOOST_THREAD_VERSION=4 -DBUILDING_ROBO -DBUILD_NUMBER=\"ce9d9c43\" -DESPRIMA_VERSION=\"2.7.3\" -DGOOGLE_TEST_VERSION=\"1.8.1\" -DLIBSSH2_VERSION=\"1.9.0\" -DMONGO_CONFIG_HAVE_HEADER_UNISTD_H -DMongoDB_VERSION=\"v1.5.4\" -DOPENSSL_VERSION=\"1.1.1u\" -DPCRE_STATIC -DPROJECT_COMPANYNAME="\"3T Software Labs Ltd\"" -DPROJECT_COMPANYNAME_DOMAIN=\"https://studio3t.com/\" -DPROJECT_COPYRIGHT="\"Copyright (C) 2014-2017 3T Software Labs Ltd All Rights Reserved.\"" -DPROJECT_DOMAIN=\"www.robomongo.org\" -DPROJECT_GITHUB_FORK=\"www.github.com/Studio3T/robomongo\" -DPROJECT_GITHUB_ISSUES=\"www.github.com/Studio3T/robomongo/issues\" -DPROJECT_NAME="\"Robo 3T\"" -DPROJECT_NAME_LOWERCASE="\"robo 3t\"" -DPROJECT_NAME_TITLE="\"Robo 3T\"" -DPROJECT_QT_VERSION=\"5.15.2\" -DPROJECT_VERSION=\"1.5.4\" -DPROJECT_VERSION_SHORT=\"1.5\" -DQJSON_STATIC -DQJSON_VERSION=\"0.8.1\" -DQT_CORE_LIB -DQT_GUI_LIB -DQT_NETWORK_LIB -DQT_NO_DEBUG -DQT_PRINTSUPPORT_LIB -DQT_WIDGETS_LIB -DQT_XML_LIB -DSCINTILLA_QT -DSCI_LEXER -D_SILENCE_CXX17_ITERATOR_BASE_CLASS_DEPRECATION_WARNING -D_SILENCE_CXX17_OLD_ALLOCATOR_MEMBERS_DEPRECATION_WARNING -ID:\b\src\robomongo\robomongo_autogen\include -IR:\src -IR:\src\third-party\qjson-0.8.1\sources\src -IR:\src\third-party\qscintilla-2.8.4\sources\Qt4Qt5 -IR:\src\third-party\qscintilla-2.8.4\sources\include -IR:\src\third-party\qscintilla-2.8.4\sources\lexlib -IR:\src\third-party\qscintilla-2.8.4\sources\src -ID:\b\src -IR:\src\third-party\libssh2-1.9.0\sources\include -external:ID:\a\robomongo\Qt\5.15.2\msvc2019_64\include -external:ID:\a\robomongo\Qt\5.15.2\msvc2019_64\include\QtWidgets -external:ID:\a\robomongo\Qt\5.15.2\msvc2019_64\include\QtGui -external:ID:\a\robomongo\Qt\5.15.2\msvc2019_64\include\QtANGLE -external:ID:\a\robomongo\Qt\5.15.2\msvc2019_64\include\QtCore -external:ID:\a\robomongo\Qt\5.15.2\msvc2019_64\.\mkspecs\win32-msvc -external:ID:\a\robomongo\Qt\5.15.2\msvc2019_64\include\QtNetwork -external:ID:\a\robomongo\Qt\5.15.2\msvc2019_64\include\QtXml -external:ID:\a\robomongo\Qt\5.15.2\msvc2019_64\include\QtPrintSupport -external:IS:\src -external:IS:\src\third_party\abseil-cpp-master\abseil-cpp -external:IS:\src\third_party\boost-1.70.0 -external:IS:\src\third_party\fmt\dist\include -external:IS:\src\third_party\mozjs-60\include -external:IS:\src\third_party\mozjs-60\mongo_sources -external:IS:\src\third_party\pcre-8.42 -external:IS:\src\third_party\SafeInt -external:IS:\build\opt -external:IS:\src\third_party\mozjs-60\platform\x86_64\windows\include -external:I"C:\Program Files\OpenSSL\include" -external:W0 /DWIN32 /D_WINDOWS /W3 /GR /EHsc -D_UNICODE -DUNICODE -DWIN32 -D_WIN32 -D_CRT_SECURE_NO_WARNINGS -DBOOST_ALL_NO_LIB /wd4355 /wd4800 /wd4267 /wd4244 /wd4290 /wd4068 /wd4351 /MP /MD /O2 /Ob2 /DNDEBUG -std:c++17 /wd4477 /wd4291 /showIncludes /Fosrc\robomongo\CMakeFiles\robomongo.dir\core\utils\BsonUtils.cpp.obj /Fdsrc\robomongo\CMakeFiles\robomongo.dir\ /FS -c R:\src\robomongo\core\utils\BsonUtils.cpp
build-app	Configure and Build Robo 3T	2026-04-22T00:50:27.3283136Z [146/253] C:\PROGRA~1\MICROS~2\2022\ENTERP~1\VC\Tools\MSVC\1444~1.352\bin\Hostx64\x64\cl.exe  /nologo /TP -DBOOST_THREAD_DONT_PROVIDE_INTERRUPTIONS -DBOOST_THREAD_DONT_PROVIDE_VARIADIC_THREAD -DBOOST_THREAD_HAS_BUG -DBOOST_THREAD_NO_DEPRECATED -DBOOST_THREAD_VERSION=4 -DBUILDING_ROBO -DBUILD_NUMBER=\"ce9d9c43\" -DESPRIMA_VERSION=\"2.7.3\" -DGOOGLE_TEST_VERSION=\"1.8.1\" -DLIBSSH2_VERSION=\"1.9.0\" -DMONGO_CONFIG_HAVE_HEADER_UNISTD_H -DMongoDB_VERSION=\"v1.5.4\" -DOPENSSL_VERSION=\"1.1.1u\" -DPCRE_STATIC -DPROJECT_COMPANYNAME="\"3T Software Labs Ltd\"" -DPROJECT_COMPANYNAME_DOMAIN=\"https://studio3t.com/\" -DPROJECT_COPYRIGHT="\"Copyright (C) 2014-2017 3T Software Labs Ltd All Rights Reserved.\"" -DPROJECT_DOMAIN=\"www.robomongo.org\" -DPROJECT_GITHUB_FORK=\"www.github.com/Studio3T/robomongo\" -DPROJECT_GITHUB_ISSUES=\"www.github.com/Studio3T/robomongo/issues\" -DPROJECT_NAME="\"Robo 3T\"" -DPROJECT_NAME_LOWERCASE="\"robo 3t\"" -DPROJECT_NAME_TITLE="\"Robo 3T\"" -DPROJECT_QT_VERSION=\"5.15.2\" -DPROJECT_VERSION=\"1.5.4\" -DPROJECT_VERSION_SHORT=\"1.5\" -DQJSON_STATIC -DQJSON_VERSION=\"0.8.1\" -DQT_CORE_LIB -DQT_GUI_LIB -DQT_NETWORK_LIB -DQT_NO_DEBUG -DQT_PRINTSUPPORT_LIB -DQT_WIDGETS_LIB -DQT_XML_LIB -DSCINTILLA_QT -DSCI_LEXER -D_SILENCE_CXX17_ITERATOR_BASE_CLASS_DEPRECATION_WARNING -D_SILENCE_CXX17_OLD_ALLOCATOR_MEMBERS_DEPRECATION_WARNING -ID:\b\src\robomongo\robomongo_autogen\include -IR:\src -IR:\src\third-party\qjson-0.8.1\sources\src -IR:\src\third-party\qscintilla-2.8.4\sources\Qt4Qt5 -IR:\src\third-party\qscintilla-2.8.4\sources\include -IR:\src\third-party\qscintilla-2.8.4\sources\lexlib -IR:\src\third-party\qscintilla-2.8.4\sources\src -ID:\b\src -IR:\src\third-party\libssh2-1.9.0\sources\include -external:ID:\a\robomongo\Qt\5.15.2\msvc2019_64\include -external:ID:\a\robomongo\Qt\5.15.2\msvc2019_64\include\QtWidgets -external:ID:\a\robomongo\Qt\5.15.2\msvc2019_64\include\QtGui -external:ID:\a\robomongo\Qt\5.15.2\msvc2019_64\include\QtANGLE -external:ID:\a\robomongo\Qt\5.15.2\msvc2019_64\include\QtCore -external:ID:\a\robomongo\Qt\5.15.2\msvc2019_64\.\mkspecs\win32-msvc -external:ID:\a\robomongo\Qt\5.15.2\msvc2019_64\include\QtNetwork -external:ID:\a\robomongo\Qt\5.15.2\msvc2019_64\include\QtXml -external:ID:\a\robomongo\Qt\5.15.2\msvc2019_64\include\QtPrintSupport -external:IS:\src -external:IS:\src\third_party\abseil-cpp-master\abseil-cpp -external:IS:\src\third_party\boost-1.70.0 -external:IS:\src\third_party\fmt\dist\include -external:IS:\src\third_party\mozjs-60\include -external:IS:\src\third_party\mozjs-60\mongo_sources -external:IS:\src\third_party\pcre-8.42 -external:IS:\src\third_party\SafeInt -external:IS:\build\opt -external:IS:\src\third_party\mozjs-60\platform\x86_64\windows\include -external:I"C:\Program Files\OpenSSL\include" -external:W0 /DWIN32 /D_WINDOWS /W3 /GR /EHsc -D_UNICODE -DUNICODE -DWIN32 -D_WIN32 -D_CRT_SECURE_NO_WARNINGS -DBOOST_ALL_NO_LIB /wd4355 /wd4800 /wd4267 /wd4244 /wd4290 /wd4068 /wd4351 /MP /MD /O2 /Ob2 /DNDEBUG -std:c++17 /wd4477 /wd4291 /showIncludes /Fosrc\robomongo\CMakeFiles\robomongo.dir\core\settings\ConnectionSettings.cpp.obj /Fdsrc\robomongo\CMakeFiles\robomongo.dir\ /FS -c R:\src\robomongo\core\settings\ConnectionSettings.cpp
build-app	Configure and Build Robo 3T	2026-04-22T00:50:27.3301909Z ninja: build stopped: subcommand failed.
build-app	Configure and Build Robo 3T	2026-04-22T00:50:27.3380306Z ##[error]Process completed with exit code 2.
build-app	Cleanup Virtual Drives	锘?026-04-22T00:50:27.3610596Z ##[group]Run subst S: /D 2>nul || echo S: not mapped
build-app	Cleanup Virtual Drives	2026-04-22T00:50:27.3611047Z [36;1msubst S: /D 2>nul || echo S: not mapped[0m
build-app	Cleanup Virtual Drives	2026-04-22T00:50:27.3611345Z [36;1msubst R: /D 2>nul || echo R: not mapped[0m
build-app	Cleanup Virtual Drives	2026-04-22T00:50:27.3611584Z [36;1mexit 0[0m
build-app	Cleanup Virtual Drives	2026-04-22T00:50:27.3637347Z shell: C:\Windows\system32\cmd.EXE /D /E:ON /V:OFF /S /C "CALL "{0}""
build-app	Cleanup Virtual Drives	2026-04-22T00:50:27.3637683Z env:
build-app	Cleanup Virtual Drives	2026-04-22T00:50:27.3637926Z   pythonLocation: C:\hostedtoolcache\windows\Python\3.10.11\x64
build-app	Cleanup Virtual Drives	2026-04-22T00:50:27.3638877Z   PKG_CONFIG_PATH: C:\hostedtoolcache\windows\Python\3.10.11\x64/lib/pkgconfig
build-app	Cleanup Virtual Drives	2026-04-22T00:50:27.3639331Z   Python_ROOT_DIR: C:\hostedtoolcache\windows\Python\3.10.11\x64
build-app	Cleanup Virtual Drives	2026-04-22T00:50:27.3639708Z   Python2_ROOT_DIR: C:\hostedtoolcache\windows\Python\3.10.11\x64
build-app	Cleanup Virtual Drives	2026-04-22T00:50:27.3640072Z   Python3_ROOT_DIR: C:\hostedtoolcache\windows\Python\3.10.11\x64
build-app	Cleanup Virtual Drives	2026-04-22T00:50:27.3640375Z   CommandPromptType: Native
build-app	Cleanup Virtual Drives	2026-04-22T00:50:27.3640700Z   DevEnvDir: C:\Program Files\Microsoft Visual Studio\2022\Enterprise\Common7\IDE\
build-app	Cleanup Virtual Drives	2026-04-22T00:50:27.3641215Z   ExtensionSdkDir: C:\Program Files (x86)\Microsoft SDKs\Windows Kits\10\ExtensionSDKs
build-app	Cleanup Virtual Drives	2026-04-22T00:50:27.3643533Z   EXTERNAL_INCLUDE: C:\Program Files\Microsoft Visual Studio\2022\Enterprise\VC\Tools\MSVC\14.44.35207\include;C:\Program Files\Microsoft Visual Studio\2022\Enterprise\VC\Tools\MSVC\14.44.35207\ATLMFC\include;C:\Program Files\Microsoft Visual Studio\2022\Enterprise\VC\Auxiliary\VS\include;C:\Program Files (x86)\Windows Kits\10\include\10.0.26100.0\ucrt;C:\Program Files (x86)\Windows Kits\10\\include\10.0.26100.0\\um;C:\Program Files (x86)\Windows Kits\10\\include\10.0.26100.0\\shared;C:\Program Files (x86)\Windows Kits\10\\include\10.0.26100.0\\winrt;C:\Program Files (x86)\Windows Kits\10\\include\10.0.26100.0\\cppwinrt;C:\Program Files (x86)\Windows Kits\NETFXSDK\4.8\include\um
build-app	Cleanup Virtual Drives	2026-04-22T00:50:27.3645720Z   Framework40Version: v4.0
build-app	Cleanup Virtual Drives	2026-04-22T00:50:27.3645963Z   FrameworkDir: C:\Windows\Microsoft.NET\Framework64\
build-app	Cleanup Virtual Drives	2026-04-22T00:50:27.3646283Z   FrameworkDir64: C:\Windows\Microsoft.NET\Framework64\
build-app	Cleanup Virtual Drives	2026-04-22T00:50:27.3646592Z   FrameworkVersion: v4.0.30319
build-app	Cleanup Virtual Drives	2026-04-22T00:50:27.3646797Z   FrameworkVersion64: v4.0.30319
build-app	Cleanup Virtual Drives	2026-04-22T00:50:27.3647292Z   FSHARPINSTALLDIR: C:\Program Files\Microsoft Visual Studio\2022\Enterprise\Common7\IDE\CommonExtensions\Microsoft\FSharp\Tools
build-app	Cleanup Virtual Drives	2026-04-22T00:50:27.3647858Z   HTMLHelpDir: C:\Program Files (x86)\HTML Help Workshop
build-app	Cleanup Virtual Drives	2026-04-22T00:50:27.3648308Z   IFCPATH: C:\Program Files\Microsoft Visual Studio\2022\Enterprise\VC\Tools\MSVC\14.44.35207\ifc\x64
build-app	Cleanup Virtual Drives	2026-04-22T00:50:27.3650626Z   INCLUDE: C:\Program Files\Microsoft Visual Studio\2022\Enterprise\VC\Tools\MSVC\14.44.35207\include;C:\Program Files\Microsoft Visual Studio\2022\Enterprise\VC\Tools\MSVC\14.44.35207\ATLMFC\include;C:\Program Files\Microsoft Visual Studio\2022\Enterprise\VC\Auxiliary\VS\include;C:\Program Files (x86)\Windows Kits\10\include\10.0.26100.0\ucrt;C:\Program Files (x86)\Windows Kits\10\\include\10.0.26100.0\\um;C:\Program Files (x86)\Windows Kits\10\\include\10.0.26100.0\\shared;C:\Program Files (x86)\Windows Kits\10\\include\10.0.26100.0\\winrt;C:\Program Files (x86)\Windows Kits\10\\include\10.0.26100.0\\cppwinrt;C:\Program Files (x86)\Windows Kits\NETFXSDK\4.8\include\um
build-app	Cleanup Virtual Drives	2026-04-22T00:50:27.3652766Z   is_x64_arch: true
build-app	Cleanup Virtual Drives	2026-04-22T00:50:27.3653943Z   LIB: C:\Program Files\Microsoft Visual Studio\2022\Enterprise\VC\Tools\MSVC\14.44.35207\ATLMFC\lib\x64;C:\Program Files\Microsoft Visual Studio\2022\Enterprise\VC\Tools\MSVC\14.44.35207\lib\x64;C:\Program Files (x86)\Windows Kits\NETFXSDK\4.8\lib\um\x64;C:\Program Files (x86)\Windows Kits\10\lib\10.0.26100.0\ucrt\x64;C:\Program Files (x86)\Windows Kits\10\\lib\10.0.26100.0\\um\x64
build-app	Cleanup Virtual Drives	2026-04-22T00:50:27.3657400Z   LIBPATH: C:\Program Files\Microsoft Visual Studio\2022\Enterprise\VC\Tools\MSVC\14.44.35207\ATLMFC\lib\x64;C:\Program Files\Microsoft Visual Studio\2022\Enterprise\VC\Tools\MSVC\14.44.35207\lib\x64;C:\Program Files\Microsoft Visual Studio\2022\Enterprise\VC\Tools\MSVC\14.44.35207\lib\x86\store\references;C:\Program Files (x86)\Windows Kits\10\UnionMetadata\10.0.26100.0;C:\Program Files (x86)\Windows Kits\10\References\10.0.26100.0;C:\Windows\Microsoft.NET\Framework64\v4.0.30319
build-app	Cleanup Virtual Drives	2026-04-22T00:50:27.3661691Z   NETFXSDKDir: C:\Program Files (x86)\Windows Kits\NETFXSDK\4.8\
build-app	Cleanup Virtual Drives	2026-04-22T00:50:27.3676874Z   Path: C:\Program Files\Microsoft Visual Studio\2022\Enterprise\VC\Tools\MSVC\14.44.35207\bin\HostX64\x64;C:\Program Files\Microsoft Visual Studio\2022\Enterprise\Common7\IDE\VC\VCPackages;C:\Program Files\Microsoft Visual Studio\2022\Enterprise\Common7\IDE\CommonExtensions\Microsoft\TestWindow;C:\Program Files\Microsoft Visual Studio\2022\Enterprise\Common7\IDE\CommonExtensions\Microsoft\TeamFoundation\Team Explorer;C:\Program Files\Microsoft Visual Studio\2022\Enterprise\MSBuild\Current\bin\Roslyn;C:\Program Files (x86)\Microsoft SDKs\Windows\v10.0A\bin\NETFX 4.8 Tools\x64\;C:\Program Files (x86)\HTML Help Workshop;C:\Program Files\Microsoft Visual Studio\2022\Enterprise\Common7\IDE\CommonExtensions\Microsoft\FSharp\Tools;C:\Program Files\Microsoft Visual Studio\2022\Enterprise\Team Tools\DiagnosticsHub\Collector;C:\Program Files\Microsoft Visual Studio\2022\Enterprise\Common7\IDE\Extensions\Microsoft\CodeCoverage.Console;C:\Program Files\Microsoft Visual Studio\2022\Enterprise\VC\Tools\Llvm\x64\bin;C:\Program Files (x86)\Windows Kits\10\bin\10.0.26100.0\\x64;C:\Program Files (x86)\Windows Kits\10\bin\\x64;C:\Program Files\Microsoft Visual Studio\2022\Enterprise\\MSBuild\Current\Bin\amd64;C:\Windows\Microsoft.NET\Framework64\v4.0.30319;C:\Program Files\Microsoft Visual Studio\2022\Enterprise\Common7\IDE\;C:\Program Files\Microsoft Visual Studio\2022\Enterprise\Common7\Tools\;C:\Users\runneradmin\AppData\Roaming\Python\Python310\Scripts;C:\hostedtoolcache\windows\Python\3.10.11\x64\Scripts;C:\hostedtoolcache\windows\Python\3.10.11\x64;C:\Program Files\MongoDB\Server\7.0\bin;C:\vcpkg;C:\tools\zstd;C:\hostedtoolcache\windows\stack\3.9.3\x64;C:\cabal\bin;C:\\ghcup\bin;C:\mingw64\bin;C:\Program Files\dotnet;C:\Program Files\MySQL\MySQL Server 8.0\bin;C:\Program Files\R\R-4.5.3\bin\x64;C:\SeleniumWebDrivers\GeckoDriver;C:\SeleniumWebDrivers\EdgeDriver\;C:\SeleniumWebDrivers\ChromeDriver;C:\Program Files (x86)\sbt\bin;C:\Program Files (x86)\GitHub CLI;C:\Program Files\Git\bin;C:\Program Files (x86)\pipx_bin;C:\npm\prefix;C:\hostedtoolcache\windows\go\1.24.13\x64\bin;C:\hostedtoolcache\windows\Python\3.12.10\x64\Scripts;C:\hostedtoolcache\windows\Python\3.12.10\x64;C:\hostedtoolcache\windows\Ruby\3.3.11\x64\bin;C:\Program Files\OpenSSL\bin;C:\tools\kotlinc\bin;C:\hostedtoolcache\windows\Java_Temurin-Hotspot_jdk\17.0.18-8\x64\bin;C:\Program Files\ImageMagick-7.1.2-Q16-HDRI;C:\Program Files\Microsoft SDKs\Azure\CLI2\wbin;C:\ProgramData\kind;C:\ProgramData\Chocolatey\bin;C:\Windows\system32;C:\Windows;C:\Windows\System32\Wbem;C:\Windows\System32\WindowsPowerShell\v1.0\;C:\Windows\System32\OpenSSH\;C:\Program Files\PowerShell\7\;C:\Program Files\Microsoft\Web Platform Installer\;C:\Program Files\Microsoft SQL Server\Client SDK\ODBC\170\Tools\Binn\;C:\Program Files\Microsoft SQL Server\150\Tools\Binn\;C:\Program Files\dotnet\;C:\Program Files (x86)\Windows Kits\10\Windows Performance Toolkit\;C:\Program Files (x86)\WiX Toolset v3.14\bin;C:\Program Files\Microsoft SQL Server\130\DTS\Binn\;C:\Program Files\Microsoft SQL Server\140\DTS\Binn\;C:\Program Files\Microsoft SQL Server\150\DTS\Binn\;C:\Program Files\Microsoft SQL Server\160\DTS\Binn\;C:\Program Files\Microsoft SQL Server\170\DTS\Binn\;C:\ProgramData\chocolatey\lib\pulumi\tools\Pulumi\bin;C:\Program Files\CMake\bin;C:\Strawberry\c\bin;C:\Strawberry\perl\site\bin;C:\Strawberry\perl\bin;C:\ProgramData\chocolatey\lib\maven\apache-maven-3.9.14\bin;C:\Program Files\Microsoft Service Fabric\bin\Fabric\Fabric.Code;C:\Program Files\Microsoft SDKs\Service Fabric\Tools\ServiceFabricLocalClusterManager;C:\Program Files\nodejs\;C:\Program Files\Git\cmd;C:\Program Files\Git\mingw64\bin;C:\Program Files\Git\usr\bin;C:\Program Files\GitHub CLI\;c:\tools\php;C:\Program Files\Amazon\AWSCLIV2\;C:\Program Files\Amazon\SessionManagerPlugin\bin\;C:\Program Files\Amazon\AWSSAMCLI\bin\;C:\Program Files\Microsoft SQL Server\130\Tools\Binn\;C:\Program Files\mongosh\;C:\Program Files\LLVM\bin;C:\Program Files (x86)\LLVM\bin;C:\Users\runneradmin\.dotnet\tools;C:\Users\runneradmin\.cargo\bin;C:\Users\runneradmin\AppData\Local\Microsoft\WindowsApps;C:\Program Files (x86)\Microsoft Visual Studio\Installer;C:\Program Files\Microsoft Visual Studio\2022\Enterprise\Common7\IDE\CommonExtensions\Microsoft\CMake\CMake\bin;C:\Program Files\Microsoft Visual Studio\2022\Enterprise\Common7\IDE\CommonExtensions\Microsoft\CMake\Ninja;C:\Program Files\Microsoft Visual Studio\2022\Enterprise\Common7\IDE\VC\Linux\bin\ConnectionManagerExe;C:\Program Files\Microsoft Visual Studio\2022\Enterprise\VC\vcpkg
build-app	Cleanup Virtual Drives	2026-04-22T00:50:27.3692673Z   Platform: x64
build-app	Cleanup Virtual Drives	2026-04-22T00:50:27.3692841Z   UCRTVersion: 10.0.26100.0
build-app	Cleanup Virtual Drives	2026-04-22T00:50:27.3693110Z   UniversalCRTSdkDir: C:\Program Files (x86)\Windows Kits\10\
build-app	Cleanup Virtual Drives	2026-04-22T00:50:27.3693570Z   VCIDEInstallDir: C:\Program Files\Microsoft Visual Studio\2022\Enterprise\Common7\IDE\VC\
build-app	Cleanup Virtual Drives	2026-04-22T00:50:27.3694061Z   VCINSTALLDIR: C:\Program Files\Microsoft Visual Studio\2022\Enterprise\VC\
build-app	Cleanup Virtual Drives	2026-04-22T00:50:27.3694506Z   VCPKG_ROOT: C:\Program Files\Microsoft Visual Studio\2022\Enterprise\VC\vcpkg
build-app	Cleanup Virtual Drives	2026-04-22T00:50:27.3695040Z   VCToolsInstallDir: C:\Program Files\Microsoft Visual Studio\2022\Enterprise\VC\Tools\MSVC\14.44.35207\
build-app	Cleanup Virtual Drives	2026-04-22T00:50:27.3695662Z   VCToolsRedistDir: C:\Program Files\Microsoft Visual Studio\2022\Enterprise\VC\Redist\MSVC\14.44.35112\
build-app	Cleanup Virtual Drives	2026-04-22T00:50:27.3696091Z   VCToolsVersion: 14.44.35207
build-app	Cleanup Virtual Drives	2026-04-22T00:50:27.3696649Z   VisualStudioVersion: 17.0
build-app	Cleanup Virtual Drives	2026-04-22T00:50:27.3697008Z   VS170COMNTOOLS: C:\Program Files\Microsoft Visual Studio\2022\Enterprise\Common7\Tools\
build-app	Cleanup Virtual Drives	2026-04-22T00:50:27.3697407Z   VSCMD_ARG_app_plat: Desktop
build-app	Cleanup Virtual Drives	2026-04-22T00:50:27.3697605Z   VSCMD_ARG_HOST_ARCH: x64
build-app	Cleanup Virtual Drives	2026-04-22T00:50:27.3697791Z   VSCMD_ARG_TGT_ARCH: x64
build-app	Cleanup Virtual Drives	2026-04-22T00:50:27.3697972Z   VSCMD_VER: 17.14.29
build-app	Cleanup Virtual Drives	2026-04-22T00:50:27.3698246Z   VSINSTALLDIR: C:\Program Files\Microsoft Visual Studio\2022\Enterprise\
build-app	Cleanup Virtual Drives	2026-04-22T00:50:27.3698697Z   VSSDK150INSTALL: C:\Program Files\Microsoft Visual Studio\2022\Enterprise\VSSDK
build-app	Cleanup Virtual Drives	2026-04-22T00:50:27.3699157Z   VSSDKINSTALL: C:\Program Files\Microsoft Visual Studio\2022\Enterprise\VSSDK
build-app	Cleanup Virtual Drives	2026-04-22T00:50:27.3699813Z   WindowsLibPath: C:\Program Files (x86)\Windows Kits\10\UnionMetadata\10.0.26100.0;C:\Program Files (x86)\Windows Kits\10\References\10.0.26100.0
build-app	Cleanup Virtual Drives	2026-04-22T00:50:27.3700432Z   WindowsSdkBinPath: C:\Program Files (x86)\Windows Kits\10\bin\
build-app	Cleanup Virtual Drives	2026-04-22T00:50:27.3700789Z   WindowsSdkDir: C:\Program Files (x86)\Windows Kits\10\
build-app	Cleanup Virtual Drives	2026-04-22T00:50:27.3701070Z   WindowsSDKLibVersion: 10.0.26100.0\
build-app	Cleanup Virtual Drives	2026-04-22T00:50:27.3701404Z   WindowsSdkVerBinPath: C:\Program Files (x86)\Windows Kits\10\bin\10.0.26100.0\
build-app	Cleanup Virtual Drives	2026-04-22T00:50:27.3701763Z   WindowsSDKVersion: 10.0.26100.0\
build-app	Cleanup Virtual Drives	2026-04-22T00:50:27.3702187Z   WindowsSDK_ExecutablePath_x64: C:\Program Files (x86)\Microsoft SDKs\Windows\v10.0A\bin\NETFX 4.8 Tools\x64\
build-app	Cleanup Virtual Drives	2026-04-22T00:50:27.3702828Z   WindowsSDK_ExecutablePath_x86: C:\Program Files (x86)\Microsoft SDKs\Windows\v10.0A\bin\NETFX 4.8 Tools\
build-app	Cleanup Virtual Drives	2026-04-22T00:50:27.3703251Z   __DOTNET_ADD_64BIT: 1
build-app	Cleanup Virtual Drives	2026-04-22T00:50:27.3703441Z   __DOTNET_PREFERRED_BITNESS: 64
build-app	Cleanup Virtual Drives	2026-04-22T00:50:27.3712554Z   __VSCMD_PREINIT_PATH: C:\Users\runneradmin\AppData\Roaming\Python\Python310\Scripts;C:\hostedtoolcache\windows\Python\3.10.11\x64\Scripts;C:\hostedtoolcache\windows\Python\3.10.11\x64;C:\Program Files\MongoDB\Server\7.0\bin;C:\vcpkg;C:\tools\zstd;C:\hostedtoolcache\windows\stack\3.9.3\x64;C:\cabal\bin;C:\\ghcup\bin;C:\mingw64\bin;C:\Program Files\dotnet;C:\Program Files\MySQL\MySQL Server 8.0\bin;C:\Program Files\R\R-4.5.3\bin\x64;C:\SeleniumWebDrivers\GeckoDriver;C:\SeleniumWebDrivers\EdgeDriver\;C:\SeleniumWebDrivers\ChromeDriver;C:\Program Files (x86)\sbt\bin;C:\Program Files (x86)\GitHub CLI;C:\Program Files\Git\bin;C:\Program Files (x86)\pipx_bin;C:\npm\prefix;C:\hostedtoolcache\windows\go\1.24.13\x64\bin;C:\hostedtoolcache\windows\Python\3.12.10\x64\Scripts;C:\hostedtoolcache\windows\Python\3.12.10\x64;C:\hostedtoolcache\windows\Ruby\3.3.11\x64\bin;C:\Program Files\OpenSSL\bin;C:\tools\kotlinc\bin;C:\hostedtoolcache\windows\Java_Temurin-Hotspot_jdk\17.0.18-8\x64\bin;C:\Program Files\ImageMagick-7.1.2-Q16-HDRI;C:\Program Files\Microsoft SDKs\Azure\CLI2\wbin;C:\ProgramData\kind;C:\ProgramData\Chocolatey\bin;C:\Windows\system32;C:\Windows;C:\Windows\System32\Wbem;C:\Windows\System32\WindowsPowerShell\v1.0\;C:\Windows\System32\OpenSSH\;C:\Program Files\PowerShell\7\;C:\Program Files\Microsoft\Web Platform Installer\;C:\Program Files\Microsoft SQL Server\Client SDK\ODBC\170\Tools\Binn\;C:\Program Files\Microsoft SQL Server\150\Tools\Binn\;C:\Program Files\dotnet\;C:\Program Files (x86)\Windows Kits\10\Windows Performance Toolkit\;C:\Program Files (x86)\WiX Toolset v3.14\bin;C:\Program Files\Microsoft SQL Server\130\DTS\Binn\;C:\Program Files\Microsoft SQL Server\140\DTS\Binn\;C:\Program Files\Microsoft SQL Server\150\DTS\Binn\;C:\Program Files\Microsoft SQL Server\160\DTS\Binn\;C:\Program Files\Microsoft SQL Server\170\DTS\Binn\;C:\ProgramData\chocolatey\lib\pulumi\tools\Pulumi\bin;C:\Program Files\CMake\bin;C:\Strawberry\c\bin;C:\Strawberry\perl\site\bin;C:\Strawberry\perl\bin;C:\ProgramData\chocolatey\lib\maven\apache-maven-3.9.14\bin;C:\Program Files\Microsoft Service Fabric\bin\Fabric\Fabric.Code;C:\Program Files\Microsoft SDKs\Service Fabric\Tools\ServiceFabricLocalClusterManager;C:\Program Files\nodejs\;C:\Program Files\Git\cmd;C:\Program Files\Git\mingw64\bin;C:\Program Files\Git\usr\bin;C:\Program Files\GitHub CLI\;c:\tools\php;C:\Program Files (x86)\sbt\bin;C:\Program Files\Amazon\AWSCLIV2\;C:\Program Files\Amazon\SessionManagerPlugin\bin\;C:\Program Files\Amazon\AWSSAMCLI\bin\;C:\Program Files\Microsoft SQL Server\130\Tools\Binn\;C:\Program Files\mongosh\;C:\Program Files\LLVM\bin;C:\Program Files (x86)\LLVM\bin;C:\Users\runneradmin\.dotnet\tools;C:\Users\runneradmin\.cargo\bin;C:\Users\runneradmin\AppData\Local\Microsoft\WindowsApps;C:\Program Files (x86)\Microsoft Visual Studio\Installer
build-app	Cleanup Virtual Drives	2026-04-22T00:50:27.3722336Z   Qt5_Dir: D:\a\robomongo\Qt\5.15.2\msvc2019_64
build-app	Cleanup Virtual Drives	2026-04-22T00:50:27.3722646Z   QT_PLUGIN_PATH: D:\a\robomongo\Qt\5.15.2\msvc2019_64\plugins
build-app	Cleanup Virtual Drives	2026-04-22T00:50:27.3722981Z   QML2_IMPORT_PATH: D:\a\robomongo\Qt\5.15.2\msvc2019_64\qml
build-app	Cleanup Virtual Drives	2026-04-22T00:50:27.3723271Z   OPENSSL_PATH: C:\Program Files\OpenSSL
build-app	Cleanup Virtual Drives	2026-04-22T00:50:27.3723497Z ##[endgroup]
build-app	Post Checkout Robo 3T	锘?026-04-22T00:50:27.4356031Z Post job cleanup.
build-app	Post Checkout Robo 3T	2026-04-22T00:50:27.8023237Z [command]"C:\Program Files\Git\bin\git.exe" version
build-app	Post Checkout Robo 3T	2026-04-22T00:50:27.8406838Z git version 2.53.0.windows.2
build-app	Post Checkout Robo 3T	2026-04-22T00:50:27.8496715Z Temporarily overriding HOME='D:\a\_temp\52bd8149-e2fc-4f3d-8306-0eada541def8' before making global git config changes
build-app	Post Checkout Robo 3T	2026-04-22T00:50:27.8497848Z Adding repository directory to the temporary git global config as a safe directory
build-app	Post Checkout Robo 3T	2026-04-22T00:50:27.8515604Z [command]"C:\Program Files\Git\bin\git.exe" config --global --add safe.directory D:\a\robomongo\robomongo
build-app	Post Checkout Robo 3T	2026-04-22T00:50:27.8912867Z [command]"C:\Program Files\Git\bin\git.exe" config --local --name-only --get-regexp core\.sshCommand
build-app	Post Checkout Robo 3T	2026-04-22T00:50:27.9260213Z [command]"C:\Program Files\Git\bin\git.exe" submodule foreach --recursive "sh -c \"git config --local --name-only --get-regexp 'core\.sshCommand' && git config --local --unset-all 'core.sshCommand' || :\""
build-app	Post Checkout Robo 3T	2026-04-22T00:50:28.6403439Z [command]"C:\Program Files\Git\bin\git.exe" config --local --name-only --get-regexp http\.https\:\/\/github\.com\/\.extraheader
build-app	Post Checkout Robo 3T	2026-04-22T00:50:28.6722092Z http.https://github.com/.extraheader
build-app	Post Checkout Robo 3T	2026-04-22T00:50:28.6775085Z [command]"C:\Program Files\Git\bin\git.exe" config --local --unset-all http.https://github.com/.extraheader
build-app	Post Checkout Robo 3T	2026-04-22T00:50:28.7130370Z [command]"C:\Program Files\Git\bin\git.exe" submodule foreach --recursive "sh -c \"git config --local --name-only --get-regexp 'http\.https\:\/\/github\.com\/\.extraheader' && git config --local --unset-all 'http.https://github.com/.extraheader' || :\""
build-app	Post Checkout Robo 3T	2026-04-22T00:50:29.3329679Z [command]"C:\Program Files\Git\bin\git.exe" config --local --name-only --get-regexp ^includeIf\.gitdir:
build-app	Post Checkout Robo 3T	2026-04-22T00:50:29.3691246Z [command]"C:\Program Files\Git\bin\git.exe" submodule foreach --recursive "git config --local --show-origin --name-only --get-regexp remote.origin.url"
build-app	Complete job	锘?026-04-22T00:50:30.0167806Z Cleaning up orphan processes
build-app	Complete job	2026-04-22T00:50:30.0513154Z Terminate orphan process: pid (2256) (vctip)
build-app	Complete job	2026-04-22T00:50:30.0676632Z Terminate orphan process: pid (1732) (mspdbsrv)
build-app	Complete job	2026-04-22T00:50:30.0836123Z ##[warning]Node.js 20 actions are deprecated. The following actions are running on Node.js 20 and may not work as expected: actions/cache@v4, actions/checkout@v4, actions/setup-python@v5, ilammy/msvc-dev-cmd@v1, jurplel/install-qt-action/action@v3. Actions will be forced to run with Node.js 24 by default starting June 2nd, 2026. Node.js 20 will be removed from the runner on September 16th, 2026. Please check if updated versions of these actions are available that support Node.js 24. To opt into Node.js 24 now, set the FORCE_JAVASCRIPT_ACTIONS_TO_NODE24=true environment variable on the runner or in your workflow file. Once Node.js 24 becomes the default, you can temporarily opt out by setting ACTIONS_ALLOW_USE_UNSECURE_NODE_VERSION=true. For more information see: https://github.blog/changelog/2025-09-19-deprecation-of-node-20-on-github-actions-runners/
